station_name,variable,percentile,time_period,path
arcata_eureka_airport_kacv,noaa_heat_index_derived,05ptile,mid-century,s3://cadcat/climate-profiles/standard-met-year/arcata_eureka_airport_kacv/noaa_heat_index_derived/05ptile/mid-century/stdyr_noaa_heat_index_derived_05ptile_arcata_eureka_airport_kacv_mid-century.csv
arcata_eureka_airport_kacv,noaa_heat_index_derived,05ptile,mid-late-century,s3://cadcat/climate-profiles/standard-met-year/arcata_eureka_airport_kacv/noaa_heat_index_derived/05ptile/mid-late-century/stdyr_noaa_heat_index_derived_05ptile_arcata_eureka_airport_kacv_mid-late-century.csv
arcata_eureka_airport_kacv,noaa_heat_index_derived,05ptile,near-future,s3://cadcat/climate-profiles/standard-met-year/arcata_eureka_airport_kacv/noaa_heat_index_derived/05ptile/near-future/stdyr_noaa_heat_index_derived_05ptile_arcata_eureka_airport_kacv_near-future.csv
arcata_eureka_airport_kacv,noaa_heat_index_derived,05ptile,present-day,s3://cadcat/climate-profiles/standard-met-year/arcata_eureka_airport_kacv/noaa_heat_index_derived/05ptile/present-day/stdyr_noaa_heat_index_derived_05ptile_arcata_eureka_airport_kacv_present-day.csv
arcata_eureka_airport_kacv,noaa_heat_index_derived,50ptile,mid-century,s3://cadcat/climate-profiles/standard-met-year/arcata_eureka_airport_kacv/noaa_heat_index_derived/50ptile/mid-century/stdyr_noaa_heat_index_derived_50ptile_arcata_eureka_airport_kacv_mid-century.csv
arcata_eureka_airport_kacv,noaa_heat_index_derived,50ptile,mid-late-century,s3://cadcat/climate-profiles/standard-met-year/arcata_eureka_airport_kacv/noaa_heat_index_derived/50ptile/mid-late-century/stdyr_noaa_heat_index_derived_50ptile_arcata_eureka_airport_kacv_mid-late-century.csv
arcata_eureka_airport_kacv,noaa_heat_index_derived,50ptile,near-future,s3://cadcat/climate-profiles/standard-met-year/arcata_eureka_airport_kacv/noaa_heat_index_derived/50ptile/near-future/stdyr_noaa_heat_index_derived_50ptile_arcata_eureka_airport_kacv_near-future.csv
arcata_eureka_airport_kacv,noaa_heat_index_derived,50ptile,present-day,s3://cadcat/climate-profiles/standard-met-year/arcata_eureka_airport_kacv/noaa_heat_index_derived/50ptile/present-day/stdyr_noaa_heat_index_derived_50ptile_arcata_eureka_airport_kacv_present-day.csv
arcata_eureka_airport_kacv,noaa_heat_index_derived,95ptile,mid-century,s3://cadcat/climate-profiles/standard-met-year/arcata_eureka_airport_kacv/noaa_heat_index_derived/95ptile/mid-century/stdyr_noaa_heat_index_derived_95ptile_arcata_eureka_airport_kacv_mid-century.csv
arcata_eureka_airport_kacv,noaa_heat_index_derived,95ptile,mid-late-century,s3://cadcat/climate-profiles/standard-met-year/arcata_eureka_airport_kacv/noaa_heat_index_derived/95ptile/mid-late-century/stdyr_noaa_heat_index_derived_95ptile_arcata_eureka_airport_kacv_mid-late-century.csv
arcata_eureka_airport_kacv,noaa_heat_index_derived,95ptile,near-future,s3://cadcat/climate-profiles/standard-met-year/arcata_eureka_airport_kacv/noaa_heat_index_derived/95ptile/near-future/stdyr_noaa_heat_index_derived_95ptile_arcata_eureka_airport_kacv_near-future.csv
arcata_eureka_airport_kacv,noaa_heat_index_derived,95ptile,present-day,s3://cadcat/climate-profiles/standard-met-year/arcata_eureka_airport_kacv/noaa_heat_index_derived/95ptile/present-day/stdyr_noaa_heat_index_derived_95ptile_arcata_eureka_airport_kacv_present-day.csv
arcata_eureka_airport_kacv,rh_derived,05ptile,mid-century,s3://cadcat/climate-profiles/standard-met-year/arcata_eureka_airport_kacv/rh_derived/05ptile/mid-century/stdyr_rh_derived_05ptile_arcata_eureka_airport_kacv_mid-century.csv
arcata_eureka_airport_kacv,rh_derived,05ptile,mid-late-century,s3://cadcat/climate-profiles/standard-met-year/arcata_eureka_airport_kacv/rh_derived/05ptile/mid-late-century/stdyr_rh_derived_05ptile_arcata_eureka_airport_kacv_mid-late-century.csv
arcata_eureka_airport_kacv,rh_derived,05ptile,near-future,s3://cadcat/climate-profiles/standard-met-year/arcata_eureka_airport_kacv/rh_derived/05ptile/near-future/stdyr_rh_derived_05ptile_arcata_eureka_airport_kacv_near-future.csv
arcata_eureka_airport_kacv,rh_derived,05ptile,present-day,s3://cadcat/climate-profiles/standard-met-year/arcata_eureka_airport_kacv/rh_derived/05ptile/present-day/stdyr_rh_derived_05ptile_arcata_eureka_airport_kacv_present-day.csv
arcata_eureka_airport_kacv,rh_derived,50ptile,mid-century,s3://cadcat/climate-profiles/standard-met-year/arcata_eureka_airport_kacv/rh_derived/50ptile/mid-century/stdyr_rh_derived_50ptile_arcata_eureka_airport_kacv_mid-century.csv
arcata_eureka_airport_kacv,rh_derived,50ptile,mid-late-century,s3://cadcat/climate-profiles/standard-met-year/arcata_eureka_airport_kacv/rh_derived/50ptile/mid-late-century/stdyr_rh_derived_50ptile_arcata_eureka_airport_kacv_mid-late-century.csv
arcata_eureka_airport_kacv,rh_derived,50ptile,near-future,s3://cadcat/climate-profiles/standard-met-year/arcata_eureka_airport_kacv/rh_derived/50ptile/near-future/stdyr_rh_derived_50ptile_arcata_eureka_airport_kacv_near-future.csv
arcata_eureka_airport_kacv,rh_derived,50ptile,present-day,s3://cadcat/climate-profiles/standard-met-year/arcata_eureka_airport_kacv/rh_derived/50ptile/present-day/stdyr_rh_derived_50ptile_arcata_eureka_airport_kacv_present-day.csv
arcata_eureka_airport_kacv,rh_derived,95ptile,mid-century,s3://cadcat/climate-profiles/standard-met-year/arcata_eureka_airport_kacv/rh_derived/95ptile/mid-century/stdyr_rh_derived_95ptile_arcata_eureka_airport_kacv_mid-century.csv
arcata_eureka_airport_kacv,rh_derived,95ptile,mid-late-century,s3://cadcat/climate-profiles/standard-met-year/arcata_eureka_airport_kacv/rh_derived/95ptile/mid-late-century/stdyr_rh_derived_95ptile_arcata_eureka_airport_kacv_mid-late-century.csv
arcata_eureka_airport_kacv,rh_derived,95ptile,near-future,s3://cadcat/climate-profiles/standard-met-year/arcata_eureka_airport_kacv/rh_derived/95ptile/near-future/stdyr_rh_derived_95ptile_arcata_eureka_airport_kacv_near-future.csv
arcata_eureka_airport_kacv,rh_derived,95ptile,present-day,s3://cadcat/climate-profiles/standard-met-year/arcata_eureka_airport_kacv/rh_derived/95ptile/present-day/stdyr_rh_derived_95ptile_arcata_eureka_airport_kacv_present-day.csv
arcata_eureka_airport_kacv,swdnb,05ptile,mid-century,s3://cadcat/climate-profiles/standard-met-year/arcata_eureka_airport_kacv/swdnb/05ptile/mid-century/stdyr_swdnb_05ptile_arcata_eureka_airport_kacv_mid-century.csv
arcata_eureka_airport_kacv,swdnb,05ptile,mid-late-century,s3://cadcat/climate-profiles/standard-met-year/arcata_eureka_airport_kacv/swdnb/05ptile/mid-late-century/stdyr_swdnb_05ptile_arcata_eureka_airport_kacv_mid-late-century.csv
arcata_eureka_airport_kacv,swdnb,05ptile,near-future,s3://cadcat/climate-profiles/standard-met-year/arcata_eureka_airport_kacv/swdnb/05ptile/near-future/stdyr_swdnb_05ptile_arcata_eureka_airport_kacv_near-future.csv
arcata_eureka_airport_kacv,swdnb,05ptile,present-day,s3://cadcat/climate-profiles/standard-met-year/arcata_eureka_airport_kacv/swdnb/05ptile/present-day/stdyr_swdnb_05ptile_arcata_eureka_airport_kacv_present-day.csv
arcata_eureka_airport_kacv,swdnb,50ptile,mid-century,s3://cadcat/climate-profiles/standard-met-year/arcata_eureka_airport_kacv/swdnb/50ptile/mid-century/stdyr_swdnb_50ptile_arcata_eureka_airport_kacv_mid-century.csv
arcata_eureka_airport_kacv,swdnb,50ptile,mid-late-century,s3://cadcat/climate-profiles/standard-met-year/arcata_eureka_airport_kacv/swdnb/50ptile/mid-late-century/stdyr_swdnb_50ptile_arcata_eureka_airport_kacv_mid-late-century.csv
arcata_eureka_airport_kacv,swdnb,50ptile,near-future,s3://cadcat/climate-profiles/standard-met-year/arcata_eureka_airport_kacv/swdnb/50ptile/near-future/stdyr_swdnb_50ptile_arcata_eureka_airport_kacv_near-future.csv
arcata_eureka_airport_kacv,swdnb,50ptile,present-day,s3://cadcat/climate-profiles/standard-met-year/arcata_eureka_airport_kacv/swdnb/50ptile/present-day/stdyr_swdnb_50ptile_arcata_eureka_airport_kacv_present-day.csv
arcata_eureka_airport_kacv,swdnb,95ptile,mid-century,s3://cadcat/climate-profiles/standard-met-year/arcata_eureka_airport_kacv/swdnb/95ptile/mid-century/stdyr_swdnb_95ptile_arcata_eureka_airport_kacv_mid-century.csv
arcata_eureka_airport_kacv,swdnb,95ptile,mid-late-century,s3://cadcat/climate-profiles/standard-met-year/arcata_eureka_airport_kacv/swdnb/95ptile/mid-late-century/stdyr_swdnb_95ptile_arcata_eureka_airport_kacv_mid-late-century.csv
arcata_eureka_airport_kacv,swdnb,95ptile,near-future,s3://cadcat/climate-profiles/standard-met-year/arcata_eureka_airport_kacv/swdnb/95ptile/near-future/stdyr_swdnb_95ptile_arcata_eureka_airport_kacv_near-future.csv
arcata_eureka_airport_kacv,swdnb,95ptile,present-day,s3://cadcat/climate-profiles/standard-met-year/arcata_eureka_airport_kacv/swdnb/95ptile/present-day/stdyr_swdnb_95ptile_arcata_eureka_airport_kacv_present-day.csv
arcata_eureka_airport_kacv,t2,05ptile,mid-century,s3://cadcat/climate-profiles/standard-met-year/arcata_eureka_airport_kacv/t2/05ptile/mid-century/stdyr_t2_05ptile_arcata_eureka_airport_kacv_mid-century.csv
arcata_eureka_airport_kacv,t2,05ptile,mid-late-century,s3://cadcat/climate-profiles/standard-met-year/arcata_eureka_airport_kacv/t2/05ptile/mid-late-century/stdyr_t2_05ptile_arcata_eureka_airport_kacv_mid-late-century.csv
arcata_eureka_airport_kacv,t2,05ptile,near-future,s3://cadcat/climate-profiles/standard-met-year/arcata_eureka_airport_kacv/t2/05ptile/near-future/stdyr_t2_05ptile_arcata_eureka_airport_kacv_near-future.csv
arcata_eureka_airport_kacv,t2,05ptile,present-day,s3://cadcat/climate-profiles/standard-met-year/arcata_eureka_airport_kacv/t2/05ptile/present-day/stdyr_t2_05ptile_arcata_eureka_airport_kacv_present-day.csv
arcata_eureka_airport_kacv,t2,50ptile,mid-century,s3://cadcat/climate-profiles/standard-met-year/arcata_eureka_airport_kacv/t2/50ptile/mid-century/stdyr_t2_50ptile_arcata_eureka_airport_kacv_mid-century.csv
arcata_eureka_airport_kacv,t2,50ptile,mid-late-century,s3://cadcat/climate-profiles/standard-met-year/arcata_eureka_airport_kacv/t2/50ptile/mid-late-century/stdyr_t2_50ptile_arcata_eureka_airport_kacv_mid-late-century.csv
arcata_eureka_airport_kacv,t2,50ptile,near-future,s3://cadcat/climate-profiles/standard-met-year/arcata_eureka_airport_kacv/t2/50ptile/near-future/stdyr_t2_50ptile_arcata_eureka_airport_kacv_near-future.csv
arcata_eureka_airport_kacv,t2,50ptile,present-day,s3://cadcat/climate-profiles/standard-met-year/arcata_eureka_airport_kacv/t2/50ptile/present-day/stdyr_t2_50ptile_arcata_eureka_airport_kacv_present-day.csv
arcata_eureka_airport_kacv,t2,95ptile,mid-century,s3://cadcat/climate-profiles/standard-met-year/arcata_eureka_airport_kacv/t2/95ptile/mid-century/stdyr_t2_95ptile_arcata_eureka_airport_kacv_mid-century.csv
arcata_eureka_airport_kacv,t2,95ptile,mid-late-century,s3://cadcat/climate-profiles/standard-met-year/arcata_eureka_airport_kacv/t2/95ptile/mid-late-century/stdyr_t2_95ptile_arcata_eureka_airport_kacv_mid-late-century.csv
arcata_eureka_airport_kacv,t2,95ptile,near-future,s3://cadcat/climate-profiles/standard-met-year/arcata_eureka_airport_kacv/t2/95ptile/near-future/stdyr_t2_95ptile_arcata_eureka_airport_kacv_near-future.csv
arcata_eureka_airport_kacv,t2,95ptile,present-day,s3://cadcat/climate-profiles/standard-met-year/arcata_eureka_airport_kacv/t2/95ptile/present-day/stdyr_t2_95ptile_arcata_eureka_airport_kacv_present-day.csv
arcata_eureka_airport_kacv,wind_speed_derived,05ptile,mid-century,s3://cadcat/climate-profiles/standard-met-year/arcata_eureka_airport_kacv/wind_speed_derived/05ptile/mid-century/stdyr_wind_speed_derived_05ptile_arcata_eureka_airport_kacv_mid-century.csv
arcata_eureka_airport_kacv,wind_speed_derived,05ptile,mid-late-century,s3://cadcat/climate-profiles/standard-met-year/arcata_eureka_airport_kacv/wind_speed_derived/05ptile/mid-late-century/stdyr_wind_speed_derived_05ptile_arcata_eureka_airport_kacv_mid-late-century.csv
arcata_eureka_airport_kacv,wind_speed_derived,05ptile,near-future,s3://cadcat/climate-profiles/standard-met-year/arcata_eureka_airport_kacv/wind_speed_derived/05ptile/near-future/stdyr_wind_speed_derived_05ptile_arcata_eureka_airport_kacv_near-future.csv
arcata_eureka_airport_kacv,wind_speed_derived,05ptile,present-day,s3://cadcat/climate-profiles/standard-met-year/arcata_eureka_airport_kacv/wind_speed_derived/05ptile/present-day/stdyr_wind_speed_derived_05ptile_arcata_eureka_airport_kacv_present-day.csv
arcata_eureka_airport_kacv,wind_speed_derived,50ptile,mid-century,s3://cadcat/climate-profiles/standard-met-year/arcata_eureka_airport_kacv/wind_speed_derived/50ptile/mid-century/stdyr_wind_speed_derived_50ptile_arcata_eureka_airport_kacv_mid-century.csv
arcata_eureka_airport_kacv,wind_speed_derived,50ptile,mid-late-century,s3://cadcat/climate-profiles/standard-met-year/arcata_eureka_airport_kacv/wind_speed_derived/50ptile/mid-late-century/stdyr_wind_speed_derived_50ptile_arcata_eureka_airport_kacv_mid-late-century.csv
arcata_eureka_airport_kacv,wind_speed_derived,50ptile,near-future,s3://cadcat/climate-profiles/standard-met-year/arcata_eureka_airport_kacv/wind_speed_derived/50ptile/near-future/stdyr_wind_speed_derived_50ptile_arcata_eureka_airport_kacv_near-future.csv
arcata_eureka_airport_kacv,wind_speed_derived,50ptile,present-day,s3://cadcat/climate-profiles/standard-met-year/arcata_eureka_airport_kacv/wind_speed_derived/50ptile/present-day/stdyr_wind_speed_derived_50ptile_arcata_eureka_airport_kacv_present-day.csv
arcata_eureka_airport_kacv,wind_speed_derived,95ptile,mid-century,s3://cadcat/climate-profiles/standard-met-year/arcata_eureka_airport_kacv/wind_speed_derived/95ptile/mid-century/stdyr_wind_speed_derived_95ptile_arcata_eureka_airport_kacv_mid-century.csv
arcata_eureka_airport_kacv,wind_speed_derived,95ptile,mid-late-century,s3://cadcat/climate-profiles/standard-met-year/arcata_eureka_airport_kacv/wind_speed_derived/95ptile/mid-late-century/stdyr_wind_speed_derived_95ptile_arcata_eureka_airport_kacv_mid-late-century.csv
arcata_eureka_airport_kacv,wind_speed_derived,95ptile,near-future,s3://cadcat/climate-profiles/standard-met-year/arcata_eureka_airport_kacv/wind_speed_derived/95ptile/near-future/stdyr_wind_speed_derived_95ptile_arcata_eureka_airport_kacv_near-future.csv
arcata_eureka_airport_kacv,wind_speed_derived,95ptile,present-day,s3://cadcat/climate-profiles/standard-met-year/arcata_eureka_airport_kacv/wind_speed_derived/95ptile/present-day/stdyr_wind_speed_derived_95ptile_arcata_eureka_airport_kacv_present-day.csv
bakersfield_meadows_field_kbfl,noaa_heat_index_derived,05ptile,mid-century,s3://cadcat/climate-profiles/standard-met-year/bakersfield_meadows_field_kbfl/noaa_heat_index_derived/05ptile/mid-century/stdyr_noaa_heat_index_derived_05ptile_bakersfield_meadows_field_kbfl_mid-century.csv
bakersfield_meadows_field_kbfl,noaa_heat_index_derived,05ptile,mid-late-century,s3://cadcat/climate-profiles/standard-met-year/bakersfield_meadows_field_kbfl/noaa_heat_index_derived/05ptile/mid-late-century/stdyr_noaa_heat_index_derived_05ptile_bakersfield_meadows_field_kbfl_mid-late-century.csv
bakersfield_meadows_field_kbfl,noaa_heat_index_derived,05ptile,near-future,s3://cadcat/climate-profiles/standard-met-year/bakersfield_meadows_field_kbfl/noaa_heat_index_derived/05ptile/near-future/stdyr_noaa_heat_index_derived_05ptile_bakersfield_meadows_field_kbfl_near-future.csv
bakersfield_meadows_field_kbfl,noaa_heat_index_derived,05ptile,present-day,s3://cadcat/climate-profiles/standard-met-year/bakersfield_meadows_field_kbfl/noaa_heat_index_derived/05ptile/present-day/stdyr_noaa_heat_index_derived_05ptile_bakersfield_meadows_field_kbfl_present-day.csv
bakersfield_meadows_field_kbfl,noaa_heat_index_derived,50ptile,mid-century,s3://cadcat/climate-profiles/standard-met-year/bakersfield_meadows_field_kbfl/noaa_heat_index_derived/50ptile/mid-century/stdyr_noaa_heat_index_derived_50ptile_bakersfield_meadows_field_kbfl_mid-century.csv
bakersfield_meadows_field_kbfl,noaa_heat_index_derived,50ptile,mid-late-century,s3://cadcat/climate-profiles/standard-met-year/bakersfield_meadows_field_kbfl/noaa_heat_index_derived/50ptile/mid-late-century/stdyr_noaa_heat_index_derived_50ptile_bakersfield_meadows_field_kbfl_mid-late-century.csv
bakersfield_meadows_field_kbfl,noaa_heat_index_derived,50ptile,near-future,s3://cadcat/climate-profiles/standard-met-year/bakersfield_meadows_field_kbfl/noaa_heat_index_derived/50ptile/near-future/stdyr_noaa_heat_index_derived_50ptile_bakersfield_meadows_field_kbfl_near-future.csv
bakersfield_meadows_field_kbfl,noaa_heat_index_derived,50ptile,present-day,s3://cadcat/climate-profiles/standard-met-year/bakersfield_meadows_field_kbfl/noaa_heat_index_derived/50ptile/present-day/stdyr_noaa_heat_index_derived_50ptile_bakersfield_meadows_field_kbfl_present-day.csv
bakersfield_meadows_field_kbfl,noaa_heat_index_derived,95ptile,mid-century,s3://cadcat/climate-profiles/standard-met-year/bakersfield_meadows_field_kbfl/noaa_heat_index_derived/95ptile/mid-century/stdyr_noaa_heat_index_derived_95ptile_bakersfield_meadows_field_kbfl_mid-century.csv
bakersfield_meadows_field_kbfl,noaa_heat_index_derived,95ptile,mid-late-century,s3://cadcat/climate-profiles/standard-met-year/bakersfield_meadows_field_kbfl/noaa_heat_index_derived/95ptile/mid-late-century/stdyr_noaa_heat_index_derived_95ptile_bakersfield_meadows_field_kbfl_mid-late-century.csv
bakersfield_meadows_field_kbfl,noaa_heat_index_derived,95ptile,near-future,s3://cadcat/climate-profiles/standard-met-year/bakersfield_meadows_field_kbfl/noaa_heat_index_derived/95ptile/near-future/stdyr_noaa_heat_index_derived_95ptile_bakersfield_meadows_field_kbfl_near-future.csv
bakersfield_meadows_field_kbfl,noaa_heat_index_derived,95ptile,present-day,s3://cadcat/climate-profiles/standard-met-year/bakersfield_meadows_field_kbfl/noaa_heat_index_derived/95ptile/present-day/stdyr_noaa_heat_index_derived_95ptile_bakersfield_meadows_field_kbfl_present-day.csv
bakersfield_meadows_field_kbfl,rh_derived,05ptile,mid-century,s3://cadcat/climate-profiles/standard-met-year/bakersfield_meadows_field_kbfl/rh_derived/05ptile/mid-century/stdyr_rh_derived_05ptile_bakersfield_meadows_field_kbfl_mid-century.csv
bakersfield_meadows_field_kbfl,rh_derived,05ptile,mid-late-century,s3://cadcat/climate-profiles/standard-met-year/bakersfield_meadows_field_kbfl/rh_derived/05ptile/mid-late-century/stdyr_rh_derived_05ptile_bakersfield_meadows_field_kbfl_mid-late-century.csv
bakersfield_meadows_field_kbfl,rh_derived,05ptile,near-future,s3://cadcat/climate-profiles/standard-met-year/bakersfield_meadows_field_kbfl/rh_derived/05ptile/near-future/stdyr_rh_derived_05ptile_bakersfield_meadows_field_kbfl_near-future.csv
bakersfield_meadows_field_kbfl,rh_derived,05ptile,present-day,s3://cadcat/climate-profiles/standard-met-year/bakersfield_meadows_field_kbfl/rh_derived/05ptile/present-day/stdyr_rh_derived_05ptile_bakersfield_meadows_field_kbfl_present-day.csv
bakersfield_meadows_field_kbfl,rh_derived,50ptile,mid-century,s3://cadcat/climate-profiles/standard-met-year/bakersfield_meadows_field_kbfl/rh_derived/50ptile/mid-century/stdyr_rh_derived_50ptile_bakersfield_meadows_field_kbfl_mid-century.csv
bakersfield_meadows_field_kbfl,rh_derived,50ptile,mid-late-century,s3://cadcat/climate-profiles/standard-met-year/bakersfield_meadows_field_kbfl/rh_derived/50ptile/mid-late-century/stdyr_rh_derived_50ptile_bakersfield_meadows_field_kbfl_mid-late-century.csv
bakersfield_meadows_field_kbfl,rh_derived,50ptile,near-future,s3://cadcat/climate-profiles/standard-met-year/bakersfield_meadows_field_kbfl/rh_derived/50ptile/near-future/stdyr_rh_derived_50ptile_bakersfield_meadows_field_kbfl_near-future.csv
bakersfield_meadows_field_kbfl,rh_derived,50ptile,present-day,s3://cadcat/climate-profiles/standard-met-year/bakersfield_meadows_field_kbfl/rh_derived/50ptile/present-day/stdyr_rh_derived_50ptile_bakersfield_meadows_field_kbfl_present-day.csv
bakersfield_meadows_field_kbfl,rh_derived,95ptile,mid-century,s3://cadcat/climate-profiles/standard-met-year/bakersfield_meadows_field_kbfl/rh_derived/95ptile/mid-century/stdyr_rh_derived_95ptile_bakersfield_meadows_field_kbfl_mid-century.csv
bakersfield_meadows_field_kbfl,rh_derived,95ptile,mid-late-century,s3://cadcat/climate-profiles/standard-met-year/bakersfield_meadows_field_kbfl/rh_derived/95ptile/mid-late-century/stdyr_rh_derived_95ptile_bakersfield_meadows_field_kbfl_mid-late-century.csv
bakersfield_meadows_field_kbfl,rh_derived,95ptile,near-future,s3://cadcat/climate-profiles/standard-met-year/bakersfield_meadows_field_kbfl/rh_derived/95ptile/near-future/stdyr_rh_derived_95ptile_bakersfield_meadows_field_kbfl_near-future.csv
bakersfield_meadows_field_kbfl,rh_derived,95ptile,present-day,s3://cadcat/climate-profiles/standard-met-year/bakersfield_meadows_field_kbfl/rh_derived/95ptile/present-day/stdyr_rh_derived_95ptile_bakersfield_meadows_field_kbfl_present-day.csv
bakersfield_meadows_field_kbfl,swdnb,05ptile,mid-century,s3://cadcat/climate-profiles/standard-met-year/bakersfield_meadows_field_kbfl/swdnb/05ptile/mid-century/stdyr_swdnb_05ptile_bakersfield_meadows_field_kbfl_mid-century.csv
bakersfield_meadows_field_kbfl,swdnb,05ptile,mid-late-century,s3://cadcat/climate-profiles/standard-met-year/bakersfield_meadows_field_kbfl/swdnb/05ptile/mid-late-century/stdyr_swdnb_05ptile_bakersfield_meadows_field_kbfl_mid-late-century.csv
bakersfield_meadows_field_kbfl,swdnb,05ptile,near-future,s3://cadcat/climate-profiles/standard-met-year/bakersfield_meadows_field_kbfl/swdnb/05ptile/near-future/stdyr_swdnb_05ptile_bakersfield_meadows_field_kbfl_near-future.csv
bakersfield_meadows_field_kbfl,swdnb,05ptile,present-day,s3://cadcat/climate-profiles/standard-met-year/bakersfield_meadows_field_kbfl/swdnb/05ptile/present-day/stdyr_swdnb_05ptile_bakersfield_meadows_field_kbfl_present-day.csv
bakersfield_meadows_field_kbfl,swdnb,50ptile,mid-century,s3://cadcat/climate-profiles/standard-met-year/bakersfield_meadows_field_kbfl/swdnb/50ptile/mid-century/stdyr_swdnb_50ptile_bakersfield_meadows_field_kbfl_mid-century.csv
bakersfield_meadows_field_kbfl,swdnb,50ptile,mid-late-century,s3://cadcat/climate-profiles/standard-met-year/bakersfield_meadows_field_kbfl/swdnb/50ptile/mid-late-century/stdyr_swdnb_50ptile_bakersfield_meadows_field_kbfl_mid-late-century.csv
bakersfield_meadows_field_kbfl,swdnb,50ptile,near-future,s3://cadcat/climate-profiles/standard-met-year/bakersfield_meadows_field_kbfl/swdnb/50ptile/near-future/stdyr_swdnb_50ptile_bakersfield_meadows_field_kbfl_near-future.csv
bakersfield_meadows_field_kbfl,swdnb,50ptile,present-day,s3://cadcat/climate-profiles/standard-met-year/bakersfield_meadows_field_kbfl/swdnb/50ptile/present-day/stdyr_swdnb_50ptile_bakersfield_meadows_field_kbfl_present-day.csv
bakersfield_meadows_field_kbfl,swdnb,95ptile,mid-century,s3://cadcat/climate-profiles/standard-met-year/bakersfield_meadows_field_kbfl/swdnb/95ptile/mid-century/stdyr_swdnb_95ptile_bakersfield_meadows_field_kbfl_mid-century.csv
bakersfield_meadows_field_kbfl,swdnb,95ptile,mid-late-century,s3://cadcat/climate-profiles/standard-met-year/bakersfield_meadows_field_kbfl/swdnb/95ptile/mid-late-century/stdyr_swdnb_95ptile_bakersfield_meadows_field_kbfl_mid-late-century.csv
bakersfield_meadows_field_kbfl,swdnb,95ptile,near-future,s3://cadcat/climate-profiles/standard-met-year/bakersfield_meadows_field_kbfl/swdnb/95ptile/near-future/stdyr_swdnb_95ptile_bakersfield_meadows_field_kbfl_near-future.csv
bakersfield_meadows_field_kbfl,swdnb,95ptile,present-day,s3://cadcat/climate-profiles/standard-met-year/bakersfield_meadows_field_kbfl/swdnb/95ptile/present-day/stdyr_swdnb_95ptile_bakersfield_meadows_field_kbfl_present-day.csv
bakersfield_meadows_field_kbfl,t2,05ptile,mid-century,s3://cadcat/climate-profiles/standard-met-year/bakersfield_meadows_field_kbfl/t2/05ptile/mid-century/stdyr_t2_05ptile_bakersfield_meadows_field_kbfl_mid-century.csv
bakersfield_meadows_field_kbfl,t2,05ptile,mid-late-century,s3://cadcat/climate-profiles/standard-met-year/bakersfield_meadows_field_kbfl/t2/05ptile/mid-late-century/stdyr_t2_05ptile_bakersfield_meadows_field_kbfl_mid-late-century.csv
bakersfield_meadows_field_kbfl,t2,05ptile,near-future,s3://cadcat/climate-profiles/standard-met-year/bakersfield_meadows_field_kbfl/t2/05ptile/near-future/stdyr_t2_05ptile_bakersfield_meadows_field_kbfl_near-future.csv
bakersfield_meadows_field_kbfl,t2,05ptile,present-day,s3://cadcat/climate-profiles/standard-met-year/bakersfield_meadows_field_kbfl/t2/05ptile/present-day/stdyr_t2_05ptile_bakersfield_meadows_field_kbfl_present-day.csv
bakersfield_meadows_field_kbfl,t2,50ptile,mid-century,s3://cadcat/climate-profiles/standard-met-year/bakersfield_meadows_field_kbfl/t2/50ptile/mid-century/stdyr_t2_50ptile_bakersfield_meadows_field_kbfl_mid-century.csv
bakersfield_meadows_field_kbfl,t2,50ptile,mid-late-century,s3://cadcat/climate-profiles/standard-met-year/bakersfield_meadows_field_kbfl/t2/50ptile/mid-late-century/stdyr_t2_50ptile_bakersfield_meadows_field_kbfl_mid-late-century.csv
bakersfield_meadows_field_kbfl,t2,50ptile,near-future,s3://cadcat/climate-profiles/standard-met-year/bakersfield_meadows_field_kbfl/t2/50ptile/near-future/stdyr_t2_50ptile_bakersfield_meadows_field_kbfl_near-future.csv
bakersfield_meadows_field_kbfl,t2,50ptile,present-day,s3://cadcat/climate-profiles/standard-met-year/bakersfield_meadows_field_kbfl/t2/50ptile/present-day/stdyr_t2_50ptile_bakersfield_meadows_field_kbfl_present-day.csv
bakersfield_meadows_field_kbfl,t2,95ptile,mid-century,s3://cadcat/climate-profiles/standard-met-year/bakersfield_meadows_field_kbfl/t2/95ptile/mid-century/stdyr_t2_95ptile_bakersfield_meadows_field_kbfl_mid-century.csv
bakersfield_meadows_field_kbfl,t2,95ptile,mid-late-century,s3://cadcat/climate-profiles/standard-met-year/bakersfield_meadows_field_kbfl/t2/95ptile/mid-late-century/stdyr_t2_95ptile_bakersfield_meadows_field_kbfl_mid-late-century.csv
bakersfield_meadows_field_kbfl,t2,95ptile,near-future,s3://cadcat/climate-profiles/standard-met-year/bakersfield_meadows_field_kbfl/t2/95ptile/near-future/stdyr_t2_95ptile_bakersfield_meadows_field_kbfl_near-future.csv
bakersfield_meadows_field_kbfl,t2,95ptile,present-day,s3://cadcat/climate-profiles/standard-met-year/bakersfield_meadows_field_kbfl/t2/95ptile/present-day/stdyr_t2_95ptile_bakersfield_meadows_field_kbfl_present-day.csv
bakersfield_meadows_field_kbfl,wind_speed_derived,05ptile,mid-century,s3://cadcat/climate-profiles/standard-met-year/bakersfield_meadows_field_kbfl/wind_speed_derived/05ptile/mid-century/stdyr_wind_speed_derived_05ptile_bakersfield_meadows_field_kbfl_mid-century.csv
bakersfield_meadows_field_kbfl,wind_speed_derived,05ptile,mid-late-century,s3://cadcat/climate-profiles/standard-met-year/bakersfield_meadows_field_kbfl/wind_speed_derived/05ptile/mid-late-century/stdyr_wind_speed_derived_05ptile_bakersfield_meadows_field_kbfl_mid-late-century.csv
bakersfield_meadows_field_kbfl,wind_speed_derived,05ptile,near-future,s3://cadcat/climate-profiles/standard-met-year/bakersfield_meadows_field_kbfl/wind_speed_derived/05ptile/near-future/stdyr_wind_speed_derived_05ptile_bakersfield_meadows_field_kbfl_near-future.csv
bakersfield_meadows_field_kbfl,wind_speed_derived,05ptile,present-day,s3://cadcat/climate-profiles/standard-met-year/bakersfield_meadows_field_kbfl/wind_speed_derived/05ptile/present-day/stdyr_wind_speed_derived_05ptile_bakersfield_meadows_field_kbfl_present-day.csv
bakersfield_meadows_field_kbfl,wind_speed_derived,50ptile,mid-century,s3://cadcat/climate-profiles/standard-met-year/bakersfield_meadows_field_kbfl/wind_speed_derived/50ptile/mid-century/stdyr_wind_speed_derived_50ptile_bakersfield_meadows_field_kbfl_mid-century.csv
bakersfield_meadows_field_kbfl,wind_speed_derived,50ptile,mid-late-century,s3://cadcat/climate-profiles/standard-met-year/bakersfield_meadows_field_kbfl/wind_speed_derived/50ptile/mid-late-century/stdyr_wind_speed_derived_50ptile_bakersfield_meadows_field_kbfl_mid-late-century.csv
bakersfield_meadows_field_kbfl,wind_speed_derived,50ptile,near-future,s3://cadcat/climate-profiles/standard-met-year/bakersfield_meadows_field_kbfl/wind_speed_derived/50ptile/near-future/stdyr_wind_speed_derived_50ptile_bakersfield_meadows_field_kbfl_near-future.csv
bakersfield_meadows_field_kbfl,wind_speed_derived,50ptile,present-day,s3://cadcat/climate-profiles/standard-met-year/bakersfield_meadows_field_kbfl/wind_speed_derived/50ptile/present-day/stdyr_wind_speed_derived_50ptile_bakersfield_meadows_field_kbfl_present-day.csv
bakersfield_meadows_field_kbfl,wind_speed_derived,95ptile,mid-century,s3://cadcat/climate-profiles/standard-met-year/bakersfield_meadows_field_kbfl/wind_speed_derived/95ptile/mid-century/stdyr_wind_speed_derived_95ptile_bakersfield_meadows_field_kbfl_mid-century.csv
bakersfield_meadows_field_kbfl,wind_speed_derived,95ptile,mid-late-century,s3://cadcat/climate-profiles/standard-met-year/bakersfield_meadows_field_kbfl/wind_speed_derived/95ptile/mid-late-century/stdyr_wind_speed_derived_95ptile_bakersfield_meadows_field_kbfl_mid-late-century.csv
bakersfield_meadows_field_kbfl,wind_speed_derived,95ptile,near-future,s3://cadcat/climate-profiles/standard-met-year/bakersfield_meadows_field_kbfl/wind_speed_derived/95ptile/near-future/stdyr_wind_speed_derived_95ptile_bakersfield_meadows_field_kbfl_near-future.csv
bakersfield_meadows_field_kbfl,wind_speed_derived,95ptile,present-day,s3://cadcat/climate-profiles/standard-met-year/bakersfield_meadows_field_kbfl/wind_speed_derived/95ptile/present-day/stdyr_wind_speed_derived_95ptile_bakersfield_meadows_field_kbfl_present-day.csv
blythe_asos_kblh,noaa_heat_index_derived,05ptile,mid-century,s3://cadcat/climate-profiles/standard-met-year/blythe_asos_kblh/noaa_heat_index_derived/05ptile/mid-century/stdyr_noaa_heat_index_derived_05ptile_blythe_asos_kblh_mid-century.csv
blythe_asos_kblh,noaa_heat_index_derived,05ptile,mid-late-century,s3://cadcat/climate-profiles/standard-met-year/blythe_asos_kblh/noaa_heat_index_derived/05ptile/mid-late-century/stdyr_noaa_heat_index_derived_05ptile_blythe_asos_kblh_mid-late-century.csv
blythe_asos_kblh,noaa_heat_index_derived,05ptile,near-future,s3://cadcat/climate-profiles/standard-met-year/blythe_asos_kblh/noaa_heat_index_derived/05ptile/near-future/stdyr_noaa_heat_index_derived_05ptile_blythe_asos_kblh_near-future.csv
blythe_asos_kblh,noaa_heat_index_derived,05ptile,present-day,s3://cadcat/climate-profiles/standard-met-year/blythe_asos_kblh/noaa_heat_index_derived/05ptile/present-day/stdyr_noaa_heat_index_derived_05ptile_blythe_asos_kblh_present-day.csv
blythe_asos_kblh,noaa_heat_index_derived,50ptile,mid-century,s3://cadcat/climate-profiles/standard-met-year/blythe_asos_kblh/noaa_heat_index_derived/50ptile/mid-century/stdyr_noaa_heat_index_derived_50ptile_blythe_asos_kblh_mid-century.csv
blythe_asos_kblh,noaa_heat_index_derived,50ptile,mid-late-century,s3://cadcat/climate-profiles/standard-met-year/blythe_asos_kblh/noaa_heat_index_derived/50ptile/mid-late-century/stdyr_noaa_heat_index_derived_50ptile_blythe_asos_kblh_mid-late-century.csv
blythe_asos_kblh,noaa_heat_index_derived,50ptile,near-future,s3://cadcat/climate-profiles/standard-met-year/blythe_asos_kblh/noaa_heat_index_derived/50ptile/near-future/stdyr_noaa_heat_index_derived_50ptile_blythe_asos_kblh_near-future.csv
blythe_asos_kblh,noaa_heat_index_derived,50ptile,present-day,s3://cadcat/climate-profiles/standard-met-year/blythe_asos_kblh/noaa_heat_index_derived/50ptile/present-day/stdyr_noaa_heat_index_derived_50ptile_blythe_asos_kblh_present-day.csv
blythe_asos_kblh,noaa_heat_index_derived,95ptile,mid-century,s3://cadcat/climate-profiles/standard-met-year/blythe_asos_kblh/noaa_heat_index_derived/95ptile/mid-century/stdyr_noaa_heat_index_derived_95ptile_blythe_asos_kblh_mid-century.csv
blythe_asos_kblh,noaa_heat_index_derived,95ptile,mid-late-century,s3://cadcat/climate-profiles/standard-met-year/blythe_asos_kblh/noaa_heat_index_derived/95ptile/mid-late-century/stdyr_noaa_heat_index_derived_95ptile_blythe_asos_kblh_mid-late-century.csv
blythe_asos_kblh,noaa_heat_index_derived,95ptile,near-future,s3://cadcat/climate-profiles/standard-met-year/blythe_asos_kblh/noaa_heat_index_derived/95ptile/near-future/stdyr_noaa_heat_index_derived_95ptile_blythe_asos_kblh_near-future.csv
blythe_asos_kblh,noaa_heat_index_derived,95ptile,present-day,s3://cadcat/climate-profiles/standard-met-year/blythe_asos_kblh/noaa_heat_index_derived/95ptile/present-day/stdyr_noaa_heat_index_derived_95ptile_blythe_asos_kblh_present-day.csv
blythe_asos_kblh,rh_derived,05ptile,mid-century,s3://cadcat/climate-profiles/standard-met-year/blythe_asos_kblh/rh_derived/05ptile/mid-century/stdyr_rh_derived_05ptile_blythe_asos_kblh_mid-century.csv
blythe_asos_kblh,rh_derived,05ptile,mid-late-century,s3://cadcat/climate-profiles/standard-met-year/blythe_asos_kblh/rh_derived/05ptile/mid-late-century/stdyr_rh_derived_05ptile_blythe_asos_kblh_mid-late-century.csv
blythe_asos_kblh,rh_derived,05ptile,near-future,s3://cadcat/climate-profiles/standard-met-year/blythe_asos_kblh/rh_derived/05ptile/near-future/stdyr_rh_derived_05ptile_blythe_asos_kblh_near-future.csv
blythe_asos_kblh,rh_derived,05ptile,present-day,s3://cadcat/climate-profiles/standard-met-year/blythe_asos_kblh/rh_derived/05ptile/present-day/stdyr_rh_derived_05ptile_blythe_asos_kblh_present-day.csv
blythe_asos_kblh,rh_derived,50ptile,mid-century,s3://cadcat/climate-profiles/standard-met-year/blythe_asos_kblh/rh_derived/50ptile/mid-century/stdyr_rh_derived_50ptile_blythe_asos_kblh_mid-century.csv
blythe_asos_kblh,rh_derived,50ptile,mid-late-century,s3://cadcat/climate-profiles/standard-met-year/blythe_asos_kblh/rh_derived/50ptile/mid-late-century/stdyr_rh_derived_50ptile_blythe_asos_kblh_mid-late-century.csv
blythe_asos_kblh,rh_derived,50ptile,near-future,s3://cadcat/climate-profiles/standard-met-year/blythe_asos_kblh/rh_derived/50ptile/near-future/stdyr_rh_derived_50ptile_blythe_asos_kblh_near-future.csv
blythe_asos_kblh,rh_derived,50ptile,present-day,s3://cadcat/climate-profiles/standard-met-year/blythe_asos_kblh/rh_derived/50ptile/present-day/stdyr_rh_derived_50ptile_blythe_asos_kblh_present-day.csv
blythe_asos_kblh,rh_derived,95ptile,mid-century,s3://cadcat/climate-profiles/standard-met-year/blythe_asos_kblh/rh_derived/95ptile/mid-century/stdyr_rh_derived_95ptile_blythe_asos_kblh_mid-century.csv
blythe_asos_kblh,rh_derived,95ptile,mid-late-century,s3://cadcat/climate-profiles/standard-met-year/blythe_asos_kblh/rh_derived/95ptile/mid-late-century/stdyr_rh_derived_95ptile_blythe_asos_kblh_mid-late-century.csv
blythe_asos_kblh,rh_derived,95ptile,near-future,s3://cadcat/climate-profiles/standard-met-year/blythe_asos_kblh/rh_derived/95ptile/near-future/stdyr_rh_derived_95ptile_blythe_asos_kblh_near-future.csv
blythe_asos_kblh,rh_derived,95ptile,present-day,s3://cadcat/climate-profiles/standard-met-year/blythe_asos_kblh/rh_derived/95ptile/present-day/stdyr_rh_derived_95ptile_blythe_asos_kblh_present-day.csv
blythe_asos_kblh,swdnb,05ptile,mid-century,s3://cadcat/climate-profiles/standard-met-year/blythe_asos_kblh/swdnb/05ptile/mid-century/stdyr_swdnb_05ptile_blythe_asos_kblh_mid-century.csv
blythe_asos_kblh,swdnb,05ptile,mid-late-century,s3://cadcat/climate-profiles/standard-met-year/blythe_asos_kblh/swdnb/05ptile/mid-late-century/stdyr_swdnb_05ptile_blythe_asos_kblh_mid-late-century.csv
blythe_asos_kblh,swdnb,05ptile,near-future,s3://cadcat/climate-profiles/standard-met-year/blythe_asos_kblh/swdnb/05ptile/near-future/stdyr_swdnb_05ptile_blythe_asos_kblh_near-future.csv
blythe_asos_kblh,swdnb,05ptile,present-day,s3://cadcat/climate-profiles/standard-met-year/blythe_asos_kblh/swdnb/05ptile/present-day/stdyr_swdnb_05ptile_blythe_asos_kblh_present-day.csv
blythe_asos_kblh,swdnb,50ptile,mid-century,s3://cadcat/climate-profiles/standard-met-year/blythe_asos_kblh/swdnb/50ptile/mid-century/stdyr_swdnb_50ptile_blythe_asos_kblh_mid-century.csv
blythe_asos_kblh,swdnb,50ptile,mid-late-century,s3://cadcat/climate-profiles/standard-met-year/blythe_asos_kblh/swdnb/50ptile/mid-late-century/stdyr_swdnb_50ptile_blythe_asos_kblh_mid-late-century.csv
blythe_asos_kblh,swdnb,50ptile,near-future,s3://cadcat/climate-profiles/standard-met-year/blythe_asos_kblh/swdnb/50ptile/near-future/stdyr_swdnb_50ptile_blythe_asos_kblh_near-future.csv
blythe_asos_kblh,swdnb,50ptile,present-day,s3://cadcat/climate-profiles/standard-met-year/blythe_asos_kblh/swdnb/50ptile/present-day/stdyr_swdnb_50ptile_blythe_asos_kblh_present-day.csv
blythe_asos_kblh,swdnb,95ptile,mid-century,s3://cadcat/climate-profiles/standard-met-year/blythe_asos_kblh/swdnb/95ptile/mid-century/stdyr_swdnb_95ptile_blythe_asos_kblh_mid-century.csv
blythe_asos_kblh,swdnb,95ptile,mid-late-century,s3://cadcat/climate-profiles/standard-met-year/blythe_asos_kblh/swdnb/95ptile/mid-late-century/stdyr_swdnb_95ptile_blythe_asos_kblh_mid-late-century.csv
blythe_asos_kblh,swdnb,95ptile,near-future,s3://cadcat/climate-profiles/standard-met-year/blythe_asos_kblh/swdnb/95ptile/near-future/stdyr_swdnb_95ptile_blythe_asos_kblh_near-future.csv
blythe_asos_kblh,swdnb,95ptile,present-day,s3://cadcat/climate-profiles/standard-met-year/blythe_asos_kblh/swdnb/95ptile/present-day/stdyr_swdnb_95ptile_blythe_asos_kblh_present-day.csv
blythe_asos_kblh,t2,05ptile,mid-century,s3://cadcat/climate-profiles/standard-met-year/blythe_asos_kblh/t2/05ptile/mid-century/stdyr_t2_05ptile_blythe_asos_kblh_mid-century.csv
blythe_asos_kblh,t2,05ptile,mid-late-century,s3://cadcat/climate-profiles/standard-met-year/blythe_asos_kblh/t2/05ptile/mid-late-century/stdyr_t2_05ptile_blythe_asos_kblh_mid-late-century.csv
blythe_asos_kblh,t2,05ptile,near-future,s3://cadcat/climate-profiles/standard-met-year/blythe_asos_kblh/t2/05ptile/near-future/stdyr_t2_05ptile_blythe_asos_kblh_near-future.csv
blythe_asos_kblh,t2,05ptile,present-day,s3://cadcat/climate-profiles/standard-met-year/blythe_asos_kblh/t2/05ptile/present-day/stdyr_t2_05ptile_blythe_asos_kblh_present-day.csv
blythe_asos_kblh,t2,50ptile,mid-century,s3://cadcat/climate-profiles/standard-met-year/blythe_asos_kblh/t2/50ptile/mid-century/stdyr_t2_50ptile_blythe_asos_kblh_mid-century.csv
blythe_asos_kblh,t2,50ptile,mid-late-century,s3://cadcat/climate-profiles/standard-met-year/blythe_asos_kblh/t2/50ptile/mid-late-century/stdyr_t2_50ptile_blythe_asos_kblh_mid-late-century.csv
blythe_asos_kblh,t2,50ptile,near-future,s3://cadcat/climate-profiles/standard-met-year/blythe_asos_kblh/t2/50ptile/near-future/stdyr_t2_50ptile_blythe_asos_kblh_near-future.csv
blythe_asos_kblh,t2,50ptile,present-day,s3://cadcat/climate-profiles/standard-met-year/blythe_asos_kblh/t2/50ptile/present-day/stdyr_t2_50ptile_blythe_asos_kblh_present-day.csv
blythe_asos_kblh,t2,95ptile,mid-century,s3://cadcat/climate-profiles/standard-met-year/blythe_asos_kblh/t2/95ptile/mid-century/stdyr_t2_95ptile_blythe_asos_kblh_mid-century.csv
blythe_asos_kblh,t2,95ptile,mid-late-century,s3://cadcat/climate-profiles/standard-met-year/blythe_asos_kblh/t2/95ptile/mid-late-century/stdyr_t2_95ptile_blythe_asos_kblh_mid-late-century.csv
blythe_asos_kblh,t2,95ptile,near-future,s3://cadcat/climate-profiles/standard-met-year/blythe_asos_kblh/t2/95ptile/near-future/stdyr_t2_95ptile_blythe_asos_kblh_near-future.csv
blythe_asos_kblh,t2,95ptile,present-day,s3://cadcat/climate-profiles/standard-met-year/blythe_asos_kblh/t2/95ptile/present-day/stdyr_t2_95ptile_blythe_asos_kblh_present-day.csv
blythe_asos_kblh,wind_speed_derived,05ptile,mid-century,s3://cadcat/climate-profiles/standard-met-year/blythe_asos_kblh/wind_speed_derived/05ptile/mid-century/stdyr_wind_speed_derived_05ptile_blythe_asos_kblh_mid-century.csv
blythe_asos_kblh,wind_speed_derived,05ptile,mid-late-century,s3://cadcat/climate-profiles/standard-met-year/blythe_asos_kblh/wind_speed_derived/05ptile/mid-late-century/stdyr_wind_speed_derived_05ptile_blythe_asos_kblh_mid-late-century.csv
blythe_asos_kblh,wind_speed_derived,05ptile,near-future,s3://cadcat/climate-profiles/standard-met-year/blythe_asos_kblh/wind_speed_derived/05ptile/near-future/stdyr_wind_speed_derived_05ptile_blythe_asos_kblh_near-future.csv
blythe_asos_kblh,wind_speed_derived,05ptile,present-day,s3://cadcat/climate-profiles/standard-met-year/blythe_asos_kblh/wind_speed_derived/05ptile/present-day/stdyr_wind_speed_derived_05ptile_blythe_asos_kblh_present-day.csv
blythe_asos_kblh,wind_speed_derived,50ptile,mid-century,s3://cadcat/climate-profiles/standard-met-year/blythe_asos_kblh/wind_speed_derived/50ptile/mid-century/stdyr_wind_speed_derived_50ptile_blythe_asos_kblh_mid-century.csv
blythe_asos_kblh,wind_speed_derived,50ptile,mid-late-century,s3://cadcat/climate-profiles/standard-met-year/blythe_asos_kblh/wind_speed_derived/50ptile/mid-late-century/stdyr_wind_speed_derived_50ptile_blythe_asos_kblh_mid-late-century.csv
blythe_asos_kblh,wind_speed_derived,50ptile,near-future,s3://cadcat/climate-profiles/standard-met-year/blythe_asos_kblh/wind_speed_derived/50ptile/near-future/stdyr_wind_speed_derived_50ptile_blythe_asos_kblh_near-future.csv
blythe_asos_kblh,wind_speed_derived,50ptile,present-day,s3://cadcat/climate-profiles/standard-met-year/blythe_asos_kblh/wind_speed_derived/50ptile/present-day/stdyr_wind_speed_derived_50ptile_blythe_asos_kblh_present-day.csv
blythe_asos_kblh,wind_speed_derived,95ptile,mid-century,s3://cadcat/climate-profiles/standard-met-year/blythe_asos_kblh/wind_speed_derived/95ptile/mid-century/stdyr_wind_speed_derived_95ptile_blythe_asos_kblh_mid-century.csv
blythe_asos_kblh,wind_speed_derived,95ptile,mid-late-century,s3://cadcat/climate-profiles/standard-met-year/blythe_asos_kblh/wind_speed_derived/95ptile/mid-late-century/stdyr_wind_speed_derived_95ptile_blythe_asos_kblh_mid-late-century.csv
blythe_asos_kblh,wind_speed_derived,95ptile,near-future,s3://cadcat/climate-profiles/standard-met-year/blythe_asos_kblh/wind_speed_derived/95ptile/near-future/stdyr_wind_speed_derived_95ptile_blythe_asos_kblh_near-future.csv
blythe_asos_kblh,wind_speed_derived,95ptile,present-day,s3://cadcat/climate-profiles/standard-met-year/blythe_asos_kblh/wind_speed_derived/95ptile/present-day/stdyr_wind_speed_derived_95ptile_blythe_asos_kblh_present-day.csv
burbank-glendale-pasadena_airport_kbur,noaa_heat_index_derived,05ptile,mid-century,s3://cadcat/climate-profiles/standard-met-year/burbank-glendale-pasadena_airport_kbur/noaa_heat_index_derived/05ptile/mid-century/stdyr_noaa_heat_index_derived_05ptile_burbank-glendale-pasadena_airport_kbur_mid-century.csv
burbank-glendale-pasadena_airport_kbur,noaa_heat_index_derived,05ptile,mid-late-century,s3://cadcat/climate-profiles/standard-met-year/burbank-glendale-pasadena_airport_kbur/noaa_heat_index_derived/05ptile/mid-late-century/stdyr_noaa_heat_index_derived_05ptile_burbank-glendale-pasadena_airport_kbur_mid-late-century.csv
burbank-glendale-pasadena_airport_kbur,noaa_heat_index_derived,05ptile,near-future,s3://cadcat/climate-profiles/standard-met-year/burbank-glendale-pasadena_airport_kbur/noaa_heat_index_derived/05ptile/near-future/stdyr_noaa_heat_index_derived_05ptile_burbank-glendale-pasadena_airport_kbur_near-future.csv
burbank-glendale-pasadena_airport_kbur,noaa_heat_index_derived,05ptile,present-day,s3://cadcat/climate-profiles/standard-met-year/burbank-glendale-pasadena_airport_kbur/noaa_heat_index_derived/05ptile/present-day/stdyr_noaa_heat_index_derived_05ptile_burbank-glendale-pasadena_airport_kbur_present-day.csv
burbank-glendale-pasadena_airport_kbur,noaa_heat_index_derived,50ptile,mid-century,s3://cadcat/climate-profiles/standard-met-year/burbank-glendale-pasadena_airport_kbur/noaa_heat_index_derived/50ptile/mid-century/stdyr_noaa_heat_index_derived_50ptile_burbank-glendale-pasadena_airport_kbur_mid-century.csv
burbank-glendale-pasadena_airport_kbur,noaa_heat_index_derived,50ptile,mid-late-century,s3://cadcat/climate-profiles/standard-met-year/burbank-glendale-pasadena_airport_kbur/noaa_heat_index_derived/50ptile/mid-late-century/stdyr_noaa_heat_index_derived_50ptile_burbank-glendale-pasadena_airport_kbur_mid-late-century.csv
burbank-glendale-pasadena_airport_kbur,noaa_heat_index_derived,50ptile,near-future,s3://cadcat/climate-profiles/standard-met-year/burbank-glendale-pasadena_airport_kbur/noaa_heat_index_derived/50ptile/near-future/stdyr_noaa_heat_index_derived_50ptile_burbank-glendale-pasadena_airport_kbur_near-future.csv
burbank-glendale-pasadena_airport_kbur,noaa_heat_index_derived,50ptile,present-day,s3://cadcat/climate-profiles/standard-met-year/burbank-glendale-pasadena_airport_kbur/noaa_heat_index_derived/50ptile/present-day/stdyr_noaa_heat_index_derived_50ptile_burbank-glendale-pasadena_airport_kbur_present-day.csv
burbank-glendale-pasadena_airport_kbur,noaa_heat_index_derived,95ptile,mid-century,s3://cadcat/climate-profiles/standard-met-year/burbank-glendale-pasadena_airport_kbur/noaa_heat_index_derived/95ptile/mid-century/stdyr_noaa_heat_index_derived_95ptile_burbank-glendale-pasadena_airport_kbur_mid-century.csv
burbank-glendale-pasadena_airport_kbur,noaa_heat_index_derived,95ptile,mid-late-century,s3://cadcat/climate-profiles/standard-met-year/burbank-glendale-pasadena_airport_kbur/noaa_heat_index_derived/95ptile/mid-late-century/stdyr_noaa_heat_index_derived_95ptile_burbank-glendale-pasadena_airport_kbur_mid-late-century.csv
burbank-glendale-pasadena_airport_kbur,noaa_heat_index_derived,95ptile,near-future,s3://cadcat/climate-profiles/standard-met-year/burbank-glendale-pasadena_airport_kbur/noaa_heat_index_derived/95ptile/near-future/stdyr_noaa_heat_index_derived_95ptile_burbank-glendale-pasadena_airport_kbur_near-future.csv
burbank-glendale-pasadena_airport_kbur,noaa_heat_index_derived,95ptile,present-day,s3://cadcat/climate-profiles/standard-met-year/burbank-glendale-pasadena_airport_kbur/noaa_heat_index_derived/95ptile/present-day/stdyr_noaa_heat_index_derived_95ptile_burbank-glendale-pasadena_airport_kbur_present-day.csv
burbank-glendale-pasadena_airport_kbur,rh_derived,05ptile,mid-century,s3://cadcat/climate-profiles/standard-met-year/burbank-glendale-pasadena_airport_kbur/rh_derived/05ptile/mid-century/stdyr_rh_derived_05ptile_burbank-glendale-pasadena_airport_kbur_mid-century.csv
burbank-glendale-pasadena_airport_kbur,rh_derived,05ptile,mid-late-century,s3://cadcat/climate-profiles/standard-met-year/burbank-glendale-pasadena_airport_kbur/rh_derived/05ptile/mid-late-century/stdyr_rh_derived_05ptile_burbank-glendale-pasadena_airport_kbur_mid-late-century.csv
burbank-glendale-pasadena_airport_kbur,rh_derived,05ptile,near-future,s3://cadcat/climate-profiles/standard-met-year/burbank-glendale-pasadena_airport_kbur/rh_derived/05ptile/near-future/stdyr_rh_derived_05ptile_burbank-glendale-pasadena_airport_kbur_near-future.csv
burbank-glendale-pasadena_airport_kbur,rh_derived,05ptile,present-day,s3://cadcat/climate-profiles/standard-met-year/burbank-glendale-pasadena_airport_kbur/rh_derived/05ptile/present-day/stdyr_rh_derived_05ptile_burbank-glendale-pasadena_airport_kbur_present-day.csv
burbank-glendale-pasadena_airport_kbur,rh_derived,50ptile,mid-century,s3://cadcat/climate-profiles/standard-met-year/burbank-glendale-pasadena_airport_kbur/rh_derived/50ptile/mid-century/stdyr_rh_derived_50ptile_burbank-glendale-pasadena_airport_kbur_mid-century.csv
burbank-glendale-pasadena_airport_kbur,rh_derived,50ptile,mid-late-century,s3://cadcat/climate-profiles/standard-met-year/burbank-glendale-pasadena_airport_kbur/rh_derived/50ptile/mid-late-century/stdyr_rh_derived_50ptile_burbank-glendale-pasadena_airport_kbur_mid-late-century.csv
burbank-glendale-pasadena_airport_kbur,rh_derived,50ptile,near-future,s3://cadcat/climate-profiles/standard-met-year/burbank-glendale-pasadena_airport_kbur/rh_derived/50ptile/near-future/stdyr_rh_derived_50ptile_burbank-glendale-pasadena_airport_kbur_near-future.csv
burbank-glendale-pasadena_airport_kbur,rh_derived,50ptile,present-day,s3://cadcat/climate-profiles/standard-met-year/burbank-glendale-pasadena_airport_kbur/rh_derived/50ptile/present-day/stdyr_rh_derived_50ptile_burbank-glendale-pasadena_airport_kbur_present-day.csv
burbank-glendale-pasadena_airport_kbur,rh_derived,95ptile,mid-century,s3://cadcat/climate-profiles/standard-met-year/burbank-glendale-pasadena_airport_kbur/rh_derived/95ptile/mid-century/stdyr_rh_derived_95ptile_burbank-glendale-pasadena_airport_kbur_mid-century.csv
burbank-glendale-pasadena_airport_kbur,rh_derived,95ptile,mid-late-century,s3://cadcat/climate-profiles/standard-met-year/burbank-glendale-pasadena_airport_kbur/rh_derived/95ptile/mid-late-century/stdyr_rh_derived_95ptile_burbank-glendale-pasadena_airport_kbur_mid-late-century.csv
burbank-glendale-pasadena_airport_kbur,rh_derived,95ptile,near-future,s3://cadcat/climate-profiles/standard-met-year/burbank-glendale-pasadena_airport_kbur/rh_derived/95ptile/near-future/stdyr_rh_derived_95ptile_burbank-glendale-pasadena_airport_kbur_near-future.csv
burbank-glendale-pasadena_airport_kbur,rh_derived,95ptile,present-day,s3://cadcat/climate-profiles/standard-met-year/burbank-glendale-pasadena_airport_kbur/rh_derived/95ptile/present-day/stdyr_rh_derived_95ptile_burbank-glendale-pasadena_airport_kbur_present-day.csv
burbank-glendale-pasadena_airport_kbur,swdnb,05ptile,mid-century,s3://cadcat/climate-profiles/standard-met-year/burbank-glendale-pasadena_airport_kbur/swdnb/05ptile/mid-century/stdyr_swdnb_05ptile_burbank-glendale-pasadena_airport_kbur_mid-century.csv
burbank-glendale-pasadena_airport_kbur,swdnb,05ptile,mid-late-century,s3://cadcat/climate-profiles/standard-met-year/burbank-glendale-pasadena_airport_kbur/swdnb/05ptile/mid-late-century/stdyr_swdnb_05ptile_burbank-glendale-pasadena_airport_kbur_mid-late-century.csv
burbank-glendale-pasadena_airport_kbur,swdnb,05ptile,near-future,s3://cadcat/climate-profiles/standard-met-year/burbank-glendale-pasadena_airport_kbur/swdnb/05ptile/near-future/stdyr_swdnb_05ptile_burbank-glendale-pasadena_airport_kbur_near-future.csv
burbank-glendale-pasadena_airport_kbur,swdnb,05ptile,present-day,s3://cadcat/climate-profiles/standard-met-year/burbank-glendale-pasadena_airport_kbur/swdnb/05ptile/present-day/stdyr_swdnb_05ptile_burbank-glendale-pasadena_airport_kbur_present-day.csv
burbank-glendale-pasadena_airport_kbur,swdnb,50ptile,mid-century,s3://cadcat/climate-profiles/standard-met-year/burbank-glendale-pasadena_airport_kbur/swdnb/50ptile/mid-century/stdyr_swdnb_50ptile_burbank-glendale-pasadena_airport_kbur_mid-century.csv
burbank-glendale-pasadena_airport_kbur,swdnb,50ptile,mid-late-century,s3://cadcat/climate-profiles/standard-met-year/burbank-glendale-pasadena_airport_kbur/swdnb/50ptile/mid-late-century/stdyr_swdnb_50ptile_burbank-glendale-pasadena_airport_kbur_mid-late-century.csv
burbank-glendale-pasadena_airport_kbur,swdnb,50ptile,near-future,s3://cadcat/climate-profiles/standard-met-year/burbank-glendale-pasadena_airport_kbur/swdnb/50ptile/near-future/stdyr_swdnb_50ptile_burbank-glendale-pasadena_airport_kbur_near-future.csv
burbank-glendale-pasadena_airport_kbur,swdnb,50ptile,present-day,s3://cadcat/climate-profiles/standard-met-year/burbank-glendale-pasadena_airport_kbur/swdnb/50ptile/present-day/stdyr_swdnb_50ptile_burbank-glendale-pasadena_airport_kbur_present-day.csv
burbank-glendale-pasadena_airport_kbur,swdnb,95ptile,mid-century,s3://cadcat/climate-profiles/standard-met-year/burbank-glendale-pasadena_airport_kbur/swdnb/95ptile/mid-century/stdyr_swdnb_95ptile_burbank-glendale-pasadena_airport_kbur_mid-century.csv
burbank-glendale-pasadena_airport_kbur,swdnb,95ptile,mid-late-century,s3://cadcat/climate-profiles/standard-met-year/burbank-glendale-pasadena_airport_kbur/swdnb/95ptile/mid-late-century/stdyr_swdnb_95ptile_burbank-glendale-pasadena_airport_kbur_mid-late-century.csv
burbank-glendale-pasadena_airport_kbur,swdnb,95ptile,near-future,s3://cadcat/climate-profiles/standard-met-year/burbank-glendale-pasadena_airport_kbur/swdnb/95ptile/near-future/stdyr_swdnb_95ptile_burbank-glendale-pasadena_airport_kbur_near-future.csv
burbank-glendale-pasadena_airport_kbur,swdnb,95ptile,present-day,s3://cadcat/climate-profiles/standard-met-year/burbank-glendale-pasadena_airport_kbur/swdnb/95ptile/present-day/stdyr_swdnb_95ptile_burbank-glendale-pasadena_airport_kbur_present-day.csv
burbank-glendale-pasadena_airport_kbur,t2,05ptile,mid-century,s3://cadcat/climate-profiles/standard-met-year/burbank-glendale-pasadena_airport_kbur/t2/05ptile/mid-century/stdyr_t2_05ptile_burbank-glendale-pasadena_airport_kbur_mid-century.csv
burbank-glendale-pasadena_airport_kbur,t2,05ptile,mid-late-century,s3://cadcat/climate-profiles/standard-met-year/burbank-glendale-pasadena_airport_kbur/t2/05ptile/mid-late-century/stdyr_t2_05ptile_burbank-glendale-pasadena_airport_kbur_mid-late-century.csv
burbank-glendale-pasadena_airport_kbur,t2,05ptile,near-future,s3://cadcat/climate-profiles/standard-met-year/burbank-glendale-pasadena_airport_kbur/t2/05ptile/near-future/stdyr_t2_05ptile_burbank-glendale-pasadena_airport_kbur_near-future.csv
burbank-glendale-pasadena_airport_kbur,t2,05ptile,present-day,s3://cadcat/climate-profiles/standard-met-year/burbank-glendale-pasadena_airport_kbur/t2/05ptile/present-day/stdyr_t2_05ptile_burbank-glendale-pasadena_airport_kbur_present-day.csv
burbank-glendale-pasadena_airport_kbur,t2,50ptile,mid-century,s3://cadcat/climate-profiles/standard-met-year/burbank-glendale-pasadena_airport_kbur/t2/50ptile/mid-century/stdyr_t2_50ptile_burbank-glendale-pasadena_airport_kbur_mid-century.csv
burbank-glendale-pasadena_airport_kbur,t2,50ptile,mid-late-century,s3://cadcat/climate-profiles/standard-met-year/burbank-glendale-pasadena_airport_kbur/t2/50ptile/mid-late-century/stdyr_t2_50ptile_burbank-glendale-pasadena_airport_kbur_mid-late-century.csv
burbank-glendale-pasadena_airport_kbur,t2,50ptile,near-future,s3://cadcat/climate-profiles/standard-met-year/burbank-glendale-pasadena_airport_kbur/t2/50ptile/near-future/stdyr_t2_50ptile_burbank-glendale-pasadena_airport_kbur_near-future.csv
burbank-glendale-pasadena_airport_kbur,t2,50ptile,present-day,s3://cadcat/climate-profiles/standard-met-year/burbank-glendale-pasadena_airport_kbur/t2/50ptile/present-day/stdyr_t2_50ptile_burbank-glendale-pasadena_airport_kbur_present-day.csv
burbank-glendale-pasadena_airport_kbur,t2,95ptile,mid-century,s3://cadcat/climate-profiles/standard-met-year/burbank-glendale-pasadena_airport_kbur/t2/95ptile/mid-century/stdyr_t2_95ptile_burbank-glendale-pasadena_airport_kbur_mid-century.csv
burbank-glendale-pasadena_airport_kbur,t2,95ptile,mid-late-century,s3://cadcat/climate-profiles/standard-met-year/burbank-glendale-pasadena_airport_kbur/t2/95ptile/mid-late-century/stdyr_t2_95ptile_burbank-glendale-pasadena_airport_kbur_mid-late-century.csv
burbank-glendale-pasadena_airport_kbur,t2,95ptile,near-future,s3://cadcat/climate-profiles/standard-met-year/burbank-glendale-pasadena_airport_kbur/t2/95ptile/near-future/stdyr_t2_95ptile_burbank-glendale-pasadena_airport_kbur_near-future.csv
burbank-glendale-pasadena_airport_kbur,t2,95ptile,present-day,s3://cadcat/climate-profiles/standard-met-year/burbank-glendale-pasadena_airport_kbur/t2/95ptile/present-day/stdyr_t2_95ptile_burbank-glendale-pasadena_airport_kbur_present-day.csv
burbank-glendale-pasadena_airport_kbur,wind_speed_derived,05ptile,mid-century,s3://cadcat/climate-profiles/standard-met-year/burbank-glendale-pasadena_airport_kbur/wind_speed_derived/05ptile/mid-century/stdyr_wind_speed_derived_05ptile_burbank-glendale-pasadena_airport_kbur_mid-century.csv
burbank-glendale-pasadena_airport_kbur,wind_speed_derived,05ptile,mid-late-century,s3://cadcat/climate-profiles/standard-met-year/burbank-glendale-pasadena_airport_kbur/wind_speed_derived/05ptile/mid-late-century/stdyr_wind_speed_derived_05ptile_burbank-glendale-pasadena_airport_kbur_mid-late-century.csv
burbank-glendale-pasadena_airport_kbur,wind_speed_derived,05ptile,near-future,s3://cadcat/climate-profiles/standard-met-year/burbank-glendale-pasadena_airport_kbur/wind_speed_derived/05ptile/near-future/stdyr_wind_speed_derived_05ptile_burbank-glendale-pasadena_airport_kbur_near-future.csv
burbank-glendale-pasadena_airport_kbur,wind_speed_derived,05ptile,present-day,s3://cadcat/climate-profiles/standard-met-year/burbank-glendale-pasadena_airport_kbur/wind_speed_derived/05ptile/present-day/stdyr_wind_speed_derived_05ptile_burbank-glendale-pasadena_airport_kbur_present-day.csv
burbank-glendale-pasadena_airport_kbur,wind_speed_derived,50ptile,mid-century,s3://cadcat/climate-profiles/standard-met-year/burbank-glendale-pasadena_airport_kbur/wind_speed_derived/50ptile/mid-century/stdyr_wind_speed_derived_50ptile_burbank-glendale-pasadena_airport_kbur_mid-century.csv
burbank-glendale-pasadena_airport_kbur,wind_speed_derived,50ptile,mid-late-century,s3://cadcat/climate-profiles/standard-met-year/burbank-glendale-pasadena_airport_kbur/wind_speed_derived/50ptile/mid-late-century/stdyr_wind_speed_derived_50ptile_burbank-glendale-pasadena_airport_kbur_mid-late-century.csv
burbank-glendale-pasadena_airport_kbur,wind_speed_derived,50ptile,near-future,s3://cadcat/climate-profiles/standard-met-year/burbank-glendale-pasadena_airport_kbur/wind_speed_derived/50ptile/near-future/stdyr_wind_speed_derived_50ptile_burbank-glendale-pasadena_airport_kbur_near-future.csv
burbank-glendale-pasadena_airport_kbur,wind_speed_derived,50ptile,present-day,s3://cadcat/climate-profiles/standard-met-year/burbank-glendale-pasadena_airport_kbur/wind_speed_derived/50ptile/present-day/stdyr_wind_speed_derived_50ptile_burbank-glendale-pasadena_airport_kbur_present-day.csv
burbank-glendale-pasadena_airport_kbur,wind_speed_derived,95ptile,mid-century,s3://cadcat/climate-profiles/standard-met-year/burbank-glendale-pasadena_airport_kbur/wind_speed_derived/95ptile/mid-century/stdyr_wind_speed_derived_95ptile_burbank-glendale-pasadena_airport_kbur_mid-century.csv
burbank-glendale-pasadena_airport_kbur,wind_speed_derived,95ptile,mid-late-century,s3://cadcat/climate-profiles/standard-met-year/burbank-glendale-pasadena_airport_kbur/wind_speed_derived/95ptile/mid-late-century/stdyr_wind_speed_derived_95ptile_burbank-glendale-pasadena_airport_kbur_mid-late-century.csv
burbank-glendale-pasadena_airport_kbur,wind_speed_derived,95ptile,near-future,s3://cadcat/climate-profiles/standard-met-year/burbank-glendale-pasadena_airport_kbur/wind_speed_derived/95ptile/near-future/stdyr_wind_speed_derived_95ptile_burbank-glendale-pasadena_airport_kbur_near-future.csv
burbank-glendale-pasadena_airport_kbur,wind_speed_derived,95ptile,present-day,s3://cadcat/climate-profiles/standard-met-year/burbank-glendale-pasadena_airport_kbur/wind_speed_derived/95ptile/present-day/stdyr_wind_speed_derived_95ptile_burbank-glendale-pasadena_airport_kbur_present-day.csv
desert_resorts_regional_airport_ktrm,noaa_heat_index_derived,05ptile,mid-century,s3://cadcat/climate-profiles/standard-met-year/desert_resorts_regional_airport_ktrm/noaa_heat_index_derived/05ptile/mid-century/stdyr_noaa_heat_index_derived_05ptile_desert_resorts_regional_airport_ktrm_mid-century.csv
desert_resorts_regional_airport_ktrm,noaa_heat_index_derived,05ptile,mid-late-century,s3://cadcat/climate-profiles/standard-met-year/desert_resorts_regional_airport_ktrm/noaa_heat_index_derived/05ptile/mid-late-century/stdyr_noaa_heat_index_derived_05ptile_desert_resorts_regional_airport_ktrm_mid-late-century.csv
desert_resorts_regional_airport_ktrm,noaa_heat_index_derived,05ptile,near-future,s3://cadcat/climate-profiles/standard-met-year/desert_resorts_regional_airport_ktrm/noaa_heat_index_derived/05ptile/near-future/stdyr_noaa_heat_index_derived_05ptile_desert_resorts_regional_airport_ktrm_near-future.csv
desert_resorts_regional_airport_ktrm,noaa_heat_index_derived,05ptile,present-day,s3://cadcat/climate-profiles/standard-met-year/desert_resorts_regional_airport_ktrm/noaa_heat_index_derived/05ptile/present-day/stdyr_noaa_heat_index_derived_05ptile_desert_resorts_regional_airport_ktrm_present-day.csv
desert_resorts_regional_airport_ktrm,noaa_heat_index_derived,50ptile,mid-century,s3://cadcat/climate-profiles/standard-met-year/desert_resorts_regional_airport_ktrm/noaa_heat_index_derived/50ptile/mid-century/stdyr_noaa_heat_index_derived_50ptile_desert_resorts_regional_airport_ktrm_mid-century.csv
desert_resorts_regional_airport_ktrm,noaa_heat_index_derived,50ptile,mid-late-century,s3://cadcat/climate-profiles/standard-met-year/desert_resorts_regional_airport_ktrm/noaa_heat_index_derived/50ptile/mid-late-century/stdyr_noaa_heat_index_derived_50ptile_desert_resorts_regional_airport_ktrm_mid-late-century.csv
desert_resorts_regional_airport_ktrm,noaa_heat_index_derived,50ptile,near-future,s3://cadcat/climate-profiles/standard-met-year/desert_resorts_regional_airport_ktrm/noaa_heat_index_derived/50ptile/near-future/stdyr_noaa_heat_index_derived_50ptile_desert_resorts_regional_airport_ktrm_near-future.csv
desert_resorts_regional_airport_ktrm,noaa_heat_index_derived,50ptile,present-day,s3://cadcat/climate-profiles/standard-met-year/desert_resorts_regional_airport_ktrm/noaa_heat_index_derived/50ptile/present-day/stdyr_noaa_heat_index_derived_50ptile_desert_resorts_regional_airport_ktrm_present-day.csv
desert_resorts_regional_airport_ktrm,noaa_heat_index_derived,95ptile,mid-century,s3://cadcat/climate-profiles/standard-met-year/desert_resorts_regional_airport_ktrm/noaa_heat_index_derived/95ptile/mid-century/stdyr_noaa_heat_index_derived_95ptile_desert_resorts_regional_airport_ktrm_mid-century.csv
desert_resorts_regional_airport_ktrm,noaa_heat_index_derived,95ptile,mid-late-century,s3://cadcat/climate-profiles/standard-met-year/desert_resorts_regional_airport_ktrm/noaa_heat_index_derived/95ptile/mid-late-century/stdyr_noaa_heat_index_derived_95ptile_desert_resorts_regional_airport_ktrm_mid-late-century.csv
desert_resorts_regional_airport_ktrm,noaa_heat_index_derived,95ptile,near-future,s3://cadcat/climate-profiles/standard-met-year/desert_resorts_regional_airport_ktrm/noaa_heat_index_derived/95ptile/near-future/stdyr_noaa_heat_index_derived_95ptile_desert_resorts_regional_airport_ktrm_near-future.csv
desert_resorts_regional_airport_ktrm,noaa_heat_index_derived,95ptile,present-day,s3://cadcat/climate-profiles/standard-met-year/desert_resorts_regional_airport_ktrm/noaa_heat_index_derived/95ptile/present-day/stdyr_noaa_heat_index_derived_95ptile_desert_resorts_regional_airport_ktrm_present-day.csv
desert_resorts_regional_airport_ktrm,rh_derived,05ptile,mid-century,s3://cadcat/climate-profiles/standard-met-year/desert_resorts_regional_airport_ktrm/rh_derived/05ptile/mid-century/stdyr_rh_derived_05ptile_desert_resorts_regional_airport_ktrm_mid-century.csv
desert_resorts_regional_airport_ktrm,rh_derived,05ptile,mid-late-century,s3://cadcat/climate-profiles/standard-met-year/desert_resorts_regional_airport_ktrm/rh_derived/05ptile/mid-late-century/stdyr_rh_derived_05ptile_desert_resorts_regional_airport_ktrm_mid-late-century.csv
desert_resorts_regional_airport_ktrm,rh_derived,05ptile,near-future,s3://cadcat/climate-profiles/standard-met-year/desert_resorts_regional_airport_ktrm/rh_derived/05ptile/near-future/stdyr_rh_derived_05ptile_desert_resorts_regional_airport_ktrm_near-future.csv
desert_resorts_regional_airport_ktrm,rh_derived,05ptile,present-day,s3://cadcat/climate-profiles/standard-met-year/desert_resorts_regional_airport_ktrm/rh_derived/05ptile/present-day/stdyr_rh_derived_05ptile_desert_resorts_regional_airport_ktrm_present-day.csv
desert_resorts_regional_airport_ktrm,rh_derived,50ptile,mid-century,s3://cadcat/climate-profiles/standard-met-year/desert_resorts_regional_airport_ktrm/rh_derived/50ptile/mid-century/stdyr_rh_derived_50ptile_desert_resorts_regional_airport_ktrm_mid-century.csv
desert_resorts_regional_airport_ktrm,rh_derived,50ptile,mid-late-century,s3://cadcat/climate-profiles/standard-met-year/desert_resorts_regional_airport_ktrm/rh_derived/50ptile/mid-late-century/stdyr_rh_derived_50ptile_desert_resorts_regional_airport_ktrm_mid-late-century.csv
desert_resorts_regional_airport_ktrm,rh_derived,50ptile,near-future,s3://cadcat/climate-profiles/standard-met-year/desert_resorts_regional_airport_ktrm/rh_derived/50ptile/near-future/stdyr_rh_derived_50ptile_desert_resorts_regional_airport_ktrm_near-future.csv
desert_resorts_regional_airport_ktrm,rh_derived,50ptile,present-day,s3://cadcat/climate-profiles/standard-met-year/desert_resorts_regional_airport_ktrm/rh_derived/50ptile/present-day/stdyr_rh_derived_50ptile_desert_resorts_regional_airport_ktrm_present-day.csv
desert_resorts_regional_airport_ktrm,rh_derived,95ptile,mid-century,s3://cadcat/climate-profiles/standard-met-year/desert_resorts_regional_airport_ktrm/rh_derived/95ptile/mid-century/stdyr_rh_derived_95ptile_desert_resorts_regional_airport_ktrm_mid-century.csv
desert_resorts_regional_airport_ktrm,rh_derived,95ptile,mid-late-century,s3://cadcat/climate-profiles/standard-met-year/desert_resorts_regional_airport_ktrm/rh_derived/95ptile/mid-late-century/stdyr_rh_derived_95ptile_desert_resorts_regional_airport_ktrm_mid-late-century.csv
desert_resorts_regional_airport_ktrm,rh_derived,95ptile,near-future,s3://cadcat/climate-profiles/standard-met-year/desert_resorts_regional_airport_ktrm/rh_derived/95ptile/near-future/stdyr_rh_derived_95ptile_desert_resorts_regional_airport_ktrm_near-future.csv
desert_resorts_regional_airport_ktrm,rh_derived,95ptile,present-day,s3://cadcat/climate-profiles/standard-met-year/desert_resorts_regional_airport_ktrm/rh_derived/95ptile/present-day/stdyr_rh_derived_95ptile_desert_resorts_regional_airport_ktrm_present-day.csv
desert_resorts_regional_airport_ktrm,swdnb,05ptile,mid-century,s3://cadcat/climate-profiles/standard-met-year/desert_resorts_regional_airport_ktrm/swdnb/05ptile/mid-century/stdyr_swdnb_05ptile_desert_resorts_regional_airport_ktrm_mid-century.csv
desert_resorts_regional_airport_ktrm,swdnb,05ptile,mid-late-century,s3://cadcat/climate-profiles/standard-met-year/desert_resorts_regional_airport_ktrm/swdnb/05ptile/mid-late-century/stdyr_swdnb_05ptile_desert_resorts_regional_airport_ktrm_mid-late-century.csv
desert_resorts_regional_airport_ktrm,swdnb,05ptile,near-future,s3://cadcat/climate-profiles/standard-met-year/desert_resorts_regional_airport_ktrm/swdnb/05ptile/near-future/stdyr_swdnb_05ptile_desert_resorts_regional_airport_ktrm_near-future.csv
desert_resorts_regional_airport_ktrm,swdnb,05ptile,present-day,s3://cadcat/climate-profiles/standard-met-year/desert_resorts_regional_airport_ktrm/swdnb/05ptile/present-day/stdyr_swdnb_05ptile_desert_resorts_regional_airport_ktrm_present-day.csv
desert_resorts_regional_airport_ktrm,swdnb,50ptile,mid-century,s3://cadcat/climate-profiles/standard-met-year/desert_resorts_regional_airport_ktrm/swdnb/50ptile/mid-century/stdyr_swdnb_50ptile_desert_resorts_regional_airport_ktrm_mid-century.csv
desert_resorts_regional_airport_ktrm,swdnb,50ptile,mid-late-century,s3://cadcat/climate-profiles/standard-met-year/desert_resorts_regional_airport_ktrm/swdnb/50ptile/mid-late-century/stdyr_swdnb_50ptile_desert_resorts_regional_airport_ktrm_mid-late-century.csv
desert_resorts_regional_airport_ktrm,swdnb,50ptile,near-future,s3://cadcat/climate-profiles/standard-met-year/desert_resorts_regional_airport_ktrm/swdnb/50ptile/near-future/stdyr_swdnb_50ptile_desert_resorts_regional_airport_ktrm_near-future.csv
desert_resorts_regional_airport_ktrm,swdnb,50ptile,present-day,s3://cadcat/climate-profiles/standard-met-year/desert_resorts_regional_airport_ktrm/swdnb/50ptile/present-day/stdyr_swdnb_50ptile_desert_resorts_regional_airport_ktrm_present-day.csv
desert_resorts_regional_airport_ktrm,swdnb,95ptile,mid-century,s3://cadcat/climate-profiles/standard-met-year/desert_resorts_regional_airport_ktrm/swdnb/95ptile/mid-century/stdyr_swdnb_95ptile_desert_resorts_regional_airport_ktrm_mid-century.csv
desert_resorts_regional_airport_ktrm,swdnb,95ptile,mid-late-century,s3://cadcat/climate-profiles/standard-met-year/desert_resorts_regional_airport_ktrm/swdnb/95ptile/mid-late-century/stdyr_swdnb_95ptile_desert_resorts_regional_airport_ktrm_mid-late-century.csv
desert_resorts_regional_airport_ktrm,swdnb,95ptile,near-future,s3://cadcat/climate-profiles/standard-met-year/desert_resorts_regional_airport_ktrm/swdnb/95ptile/near-future/stdyr_swdnb_95ptile_desert_resorts_regional_airport_ktrm_near-future.csv
desert_resorts_regional_airport_ktrm,swdnb,95ptile,present-day,s3://cadcat/climate-profiles/standard-met-year/desert_resorts_regional_airport_ktrm/swdnb/95ptile/present-day/stdyr_swdnb_95ptile_desert_resorts_regional_airport_ktrm_present-day.csv
desert_resorts_regional_airport_ktrm,t2,05ptile,mid-century,s3://cadcat/climate-profiles/standard-met-year/desert_resorts_regional_airport_ktrm/t2/05ptile/mid-century/stdyr_t2_05ptile_desert_resorts_regional_airport_ktrm_mid-century.csv
desert_resorts_regional_airport_ktrm,t2,05ptile,mid-late-century,s3://cadcat/climate-profiles/standard-met-year/desert_resorts_regional_airport_ktrm/t2/05ptile/mid-late-century/stdyr_t2_05ptile_desert_resorts_regional_airport_ktrm_mid-late-century.csv
desert_resorts_regional_airport_ktrm,t2,05ptile,near-future,s3://cadcat/climate-profiles/standard-met-year/desert_resorts_regional_airport_ktrm/t2/05ptile/near-future/stdyr_t2_05ptile_desert_resorts_regional_airport_ktrm_near-future.csv
desert_resorts_regional_airport_ktrm,t2,05ptile,present-day,s3://cadcat/climate-profiles/standard-met-year/desert_resorts_regional_airport_ktrm/t2/05ptile/present-day/stdyr_t2_05ptile_desert_resorts_regional_airport_ktrm_present-day.csv
desert_resorts_regional_airport_ktrm,t2,50ptile,mid-century,s3://cadcat/climate-profiles/standard-met-year/desert_resorts_regional_airport_ktrm/t2/50ptile/mid-century/stdyr_t2_50ptile_desert_resorts_regional_airport_ktrm_mid-century.csv
desert_resorts_regional_airport_ktrm,t2,50ptile,mid-late-century,s3://cadcat/climate-profiles/standard-met-year/desert_resorts_regional_airport_ktrm/t2/50ptile/mid-late-century/stdyr_t2_50ptile_desert_resorts_regional_airport_ktrm_mid-late-century.csv
desert_resorts_regional_airport_ktrm,t2,50ptile,near-future,s3://cadcat/climate-profiles/standard-met-year/desert_resorts_regional_airport_ktrm/t2/50ptile/near-future/stdyr_t2_50ptile_desert_resorts_regional_airport_ktrm_near-future.csv
desert_resorts_regional_airport_ktrm,t2,50ptile,present-day,s3://cadcat/climate-profiles/standard-met-year/desert_resorts_regional_airport_ktrm/t2/50ptile/present-day/stdyr_t2_50ptile_desert_resorts_regional_airport_ktrm_present-day.csv
desert_resorts_regional_airport_ktrm,t2,95ptile,mid-century,s3://cadcat/climate-profiles/standard-met-year/desert_resorts_regional_airport_ktrm/t2/95ptile/mid-century/stdyr_t2_95ptile_desert_resorts_regional_airport_ktrm_mid-century.csv
desert_resorts_regional_airport_ktrm,t2,95ptile,mid-late-century,s3://cadcat/climate-profiles/standard-met-year/desert_resorts_regional_airport_ktrm/t2/95ptile/mid-late-century/stdyr_t2_95ptile_desert_resorts_regional_airport_ktrm_mid-late-century.csv
desert_resorts_regional_airport_ktrm,t2,95ptile,near-future,s3://cadcat/climate-profiles/standard-met-year/desert_resorts_regional_airport_ktrm/t2/95ptile/near-future/stdyr_t2_95ptile_desert_resorts_regional_airport_ktrm_near-future.csv
desert_resorts_regional_airport_ktrm,t2,95ptile,present-day,s3://cadcat/climate-profiles/standard-met-year/desert_resorts_regional_airport_ktrm/t2/95ptile/present-day/stdyr_t2_95ptile_desert_resorts_regional_airport_ktrm_present-day.csv
desert_resorts_regional_airport_ktrm,wind_speed_derived,05ptile,mid-century,s3://cadcat/climate-profiles/standard-met-year/desert_resorts_regional_airport_ktrm/wind_speed_derived/05ptile/mid-century/stdyr_wind_speed_derived_05ptile_desert_resorts_regional_airport_ktrm_mid-century.csv
desert_resorts_regional_airport_ktrm,wind_speed_derived,05ptile,mid-late-century,s3://cadcat/climate-profiles/standard-met-year/desert_resorts_regional_airport_ktrm/wind_speed_derived/05ptile/mid-late-century/stdyr_wind_speed_derived_05ptile_desert_resorts_regional_airport_ktrm_mid-late-century.csv
desert_resorts_regional_airport_ktrm,wind_speed_derived,05ptile,near-future,s3://cadcat/climate-profiles/standard-met-year/desert_resorts_regional_airport_ktrm/wind_speed_derived/05ptile/near-future/stdyr_wind_speed_derived_05ptile_desert_resorts_regional_airport_ktrm_near-future.csv
desert_resorts_regional_airport_ktrm,wind_speed_derived,05ptile,present-day,s3://cadcat/climate-profiles/standard-met-year/desert_resorts_regional_airport_ktrm/wind_speed_derived/05ptile/present-day/stdyr_wind_speed_derived_05ptile_desert_resorts_regional_airport_ktrm_present-day.csv
desert_resorts_regional_airport_ktrm,wind_speed_derived,50ptile,mid-century,s3://cadcat/climate-profiles/standard-met-year/desert_resorts_regional_airport_ktrm/wind_speed_derived/50ptile/mid-century/stdyr_wind_speed_derived_50ptile_desert_resorts_regional_airport_ktrm_mid-century.csv
desert_resorts_regional_airport_ktrm,wind_speed_derived,50ptile,mid-late-century,s3://cadcat/climate-profiles/standard-met-year/desert_resorts_regional_airport_ktrm/wind_speed_derived/50ptile/mid-late-century/stdyr_wind_speed_derived_50ptile_desert_resorts_regional_airport_ktrm_mid-late-century.csv
desert_resorts_regional_airport_ktrm,wind_speed_derived,50ptile,near-future,s3://cadcat/climate-profiles/standard-met-year/desert_resorts_regional_airport_ktrm/wind_speed_derived/50ptile/near-future/stdyr_wind_speed_derived_50ptile_desert_resorts_regional_airport_ktrm_near-future.csv
desert_resorts_regional_airport_ktrm,wind_speed_derived,50ptile,present-day,s3://cadcat/climate-profiles/standard-met-year/desert_resorts_regional_airport_ktrm/wind_speed_derived/50ptile/present-day/stdyr_wind_speed_derived_50ptile_desert_resorts_regional_airport_ktrm_present-day.csv
desert_resorts_regional_airport_ktrm,wind_speed_derived,95ptile,mid-century,s3://cadcat/climate-profiles/standard-met-year/desert_resorts_regional_airport_ktrm/wind_speed_derived/95ptile/mid-century/stdyr_wind_speed_derived_95ptile_desert_resorts_regional_airport_ktrm_mid-century.csv
desert_resorts_regional_airport_ktrm,wind_speed_derived,95ptile,mid-late-century,s3://cadcat/climate-profiles/standard-met-year/desert_resorts_regional_airport_ktrm/wind_speed_derived/95ptile/mid-late-century/stdyr_wind_speed_derived_95ptile_desert_resorts_regional_airport_ktrm_mid-late-century.csv
desert_resorts_regional_airport_ktrm,wind_speed_derived,95ptile,near-future,s3://cadcat/climate-profiles/standard-met-year/desert_resorts_regional_airport_ktrm/wind_speed_derived/95ptile/near-future/stdyr_wind_speed_derived_95ptile_desert_resorts_regional_airport_ktrm_near-future.csv
desert_resorts_regional_airport_ktrm,wind_speed_derived,95ptile,present-day,s3://cadcat/climate-profiles/standard-met-year/desert_resorts_regional_airport_ktrm/wind_speed_derived/95ptile/present-day/stdyr_wind_speed_derived_95ptile_desert_resorts_regional_airport_ktrm_present-day.csv
downtown_los_angeles_usc_campus_kcqt,noaa_heat_index_derived,05ptile,mid-century,s3://cadcat/climate-profiles/standard-met-year/downtown_los_angeles_usc_campus_kcqt/noaa_heat_index_derived/05ptile/mid-century/stdyr_noaa_heat_index_derived_05ptile_downtown_los_angeles_usc_campus_kcqt_mid-century.csv
downtown_los_angeles_usc_campus_kcqt,noaa_heat_index_derived,05ptile,mid-late-century,s3://cadcat/climate-profiles/standard-met-year/downtown_los_angeles_usc_campus_kcqt/noaa_heat_index_derived/05ptile/mid-late-century/stdyr_noaa_heat_index_derived_05ptile_downtown_los_angeles_usc_campus_kcqt_mid-late-century.csv
downtown_los_angeles_usc_campus_kcqt,noaa_heat_index_derived,05ptile,near-future,s3://cadcat/climate-profiles/standard-met-year/downtown_los_angeles_usc_campus_kcqt/noaa_heat_index_derived/05ptile/near-future/stdyr_noaa_heat_index_derived_05ptile_downtown_los_angeles_usc_campus_kcqt_near-future.csv
downtown_los_angeles_usc_campus_kcqt,noaa_heat_index_derived,05ptile,present-day,s3://cadcat/climate-profiles/standard-met-year/downtown_los_angeles_usc_campus_kcqt/noaa_heat_index_derived/05ptile/present-day/stdyr_noaa_heat_index_derived_05ptile_downtown_los_angeles_usc_campus_kcqt_present-day.csv
downtown_los_angeles_usc_campus_kcqt,noaa_heat_index_derived,50ptile,mid-century,s3://cadcat/climate-profiles/standard-met-year/downtown_los_angeles_usc_campus_kcqt/noaa_heat_index_derived/50ptile/mid-century/stdyr_noaa_heat_index_derived_50ptile_downtown_los_angeles_usc_campus_kcqt_mid-century.csv
downtown_los_angeles_usc_campus_kcqt,noaa_heat_index_derived,50ptile,mid-late-century,s3://cadcat/climate-profiles/standard-met-year/downtown_los_angeles_usc_campus_kcqt/noaa_heat_index_derived/50ptile/mid-late-century/stdyr_noaa_heat_index_derived_50ptile_downtown_los_angeles_usc_campus_kcqt_mid-late-century.csv
downtown_los_angeles_usc_campus_kcqt,noaa_heat_index_derived,50ptile,near-future,s3://cadcat/climate-profiles/standard-met-year/downtown_los_angeles_usc_campus_kcqt/noaa_heat_index_derived/50ptile/near-future/stdyr_noaa_heat_index_derived_50ptile_downtown_los_angeles_usc_campus_kcqt_near-future.csv
downtown_los_angeles_usc_campus_kcqt,noaa_heat_index_derived,50ptile,present-day,s3://cadcat/climate-profiles/standard-met-year/downtown_los_angeles_usc_campus_kcqt/noaa_heat_index_derived/50ptile/present-day/stdyr_noaa_heat_index_derived_50ptile_downtown_los_angeles_usc_campus_kcqt_present-day.csv
downtown_los_angeles_usc_campus_kcqt,noaa_heat_index_derived,95ptile,mid-century,s3://cadcat/climate-profiles/standard-met-year/downtown_los_angeles_usc_campus_kcqt/noaa_heat_index_derived/95ptile/mid-century/stdyr_noaa_heat_index_derived_95ptile_downtown_los_angeles_usc_campus_kcqt_mid-century.csv
downtown_los_angeles_usc_campus_kcqt,noaa_heat_index_derived,95ptile,mid-late-century,s3://cadcat/climate-profiles/standard-met-year/downtown_los_angeles_usc_campus_kcqt/noaa_heat_index_derived/95ptile/mid-late-century/stdyr_noaa_heat_index_derived_95ptile_downtown_los_angeles_usc_campus_kcqt_mid-late-century.csv
downtown_los_angeles_usc_campus_kcqt,noaa_heat_index_derived,95ptile,near-future,s3://cadcat/climate-profiles/standard-met-year/downtown_los_angeles_usc_campus_kcqt/noaa_heat_index_derived/95ptile/near-future/stdyr_noaa_heat_index_derived_95ptile_downtown_los_angeles_usc_campus_kcqt_near-future.csv
downtown_los_angeles_usc_campus_kcqt,noaa_heat_index_derived,95ptile,present-day,s3://cadcat/climate-profiles/standard-met-year/downtown_los_angeles_usc_campus_kcqt/noaa_heat_index_derived/95ptile/present-day/stdyr_noaa_heat_index_derived_95ptile_downtown_los_angeles_usc_campus_kcqt_present-day.csv
downtown_los_angeles_usc_campus_kcqt,rh_derived,05ptile,mid-century,s3://cadcat/climate-profiles/standard-met-year/downtown_los_angeles_usc_campus_kcqt/rh_derived/05ptile/mid-century/stdyr_rh_derived_05ptile_downtown_los_angeles_usc_campus_kcqt_mid-century.csv
downtown_los_angeles_usc_campus_kcqt,rh_derived,05ptile,mid-late-century,s3://cadcat/climate-profiles/standard-met-year/downtown_los_angeles_usc_campus_kcqt/rh_derived/05ptile/mid-late-century/stdyr_rh_derived_05ptile_downtown_los_angeles_usc_campus_kcqt_mid-late-century.csv
downtown_los_angeles_usc_campus_kcqt,rh_derived,05ptile,near-future,s3://cadcat/climate-profiles/standard-met-year/downtown_los_angeles_usc_campus_kcqt/rh_derived/05ptile/near-future/stdyr_rh_derived_05ptile_downtown_los_angeles_usc_campus_kcqt_near-future.csv
downtown_los_angeles_usc_campus_kcqt,rh_derived,05ptile,present-day,s3://cadcat/climate-profiles/standard-met-year/downtown_los_angeles_usc_campus_kcqt/rh_derived/05ptile/present-day/stdyr_rh_derived_05ptile_downtown_los_angeles_usc_campus_kcqt_present-day.csv
downtown_los_angeles_usc_campus_kcqt,rh_derived,50ptile,mid-century,s3://cadcat/climate-profiles/standard-met-year/downtown_los_angeles_usc_campus_kcqt/rh_derived/50ptile/mid-century/stdyr_rh_derived_50ptile_downtown_los_angeles_usc_campus_kcqt_mid-century.csv
downtown_los_angeles_usc_campus_kcqt,rh_derived,50ptile,mid-late-century,s3://cadcat/climate-profiles/standard-met-year/downtown_los_angeles_usc_campus_kcqt/rh_derived/50ptile/mid-late-century/stdyr_rh_derived_50ptile_downtown_los_angeles_usc_campus_kcqt_mid-late-century.csv
downtown_los_angeles_usc_campus_kcqt,rh_derived,50ptile,near-future,s3://cadcat/climate-profiles/standard-met-year/downtown_los_angeles_usc_campus_kcqt/rh_derived/50ptile/near-future/stdyr_rh_derived_50ptile_downtown_los_angeles_usc_campus_kcqt_near-future.csv
downtown_los_angeles_usc_campus_kcqt,rh_derived,50ptile,present-day,s3://cadcat/climate-profiles/standard-met-year/downtown_los_angeles_usc_campus_kcqt/rh_derived/50ptile/present-day/stdyr_rh_derived_50ptile_downtown_los_angeles_usc_campus_kcqt_present-day.csv
downtown_los_angeles_usc_campus_kcqt,rh_derived,95ptile,mid-century,s3://cadcat/climate-profiles/standard-met-year/downtown_los_angeles_usc_campus_kcqt/rh_derived/95ptile/mid-century/stdyr_rh_derived_95ptile_downtown_los_angeles_usc_campus_kcqt_mid-century.csv
downtown_los_angeles_usc_campus_kcqt,rh_derived,95ptile,mid-late-century,s3://cadcat/climate-profiles/standard-met-year/downtown_los_angeles_usc_campus_kcqt/rh_derived/95ptile/mid-late-century/stdyr_rh_derived_95ptile_downtown_los_angeles_usc_campus_kcqt_mid-late-century.csv
downtown_los_angeles_usc_campus_kcqt,rh_derived,95ptile,near-future,s3://cadcat/climate-profiles/standard-met-year/downtown_los_angeles_usc_campus_kcqt/rh_derived/95ptile/near-future/stdyr_rh_derived_95ptile_downtown_los_angeles_usc_campus_kcqt_near-future.csv
downtown_los_angeles_usc_campus_kcqt,rh_derived,95ptile,present-day,s3://cadcat/climate-profiles/standard-met-year/downtown_los_angeles_usc_campus_kcqt/rh_derived/95ptile/present-day/stdyr_rh_derived_95ptile_downtown_los_angeles_usc_campus_kcqt_present-day.csv
downtown_los_angeles_usc_campus_kcqt,swdnb,05ptile,mid-century,s3://cadcat/climate-profiles/standard-met-year/downtown_los_angeles_usc_campus_kcqt/swdnb/05ptile/mid-century/stdyr_swdnb_05ptile_downtown_los_angeles_usc_campus_kcqt_mid-century.csv
downtown_los_angeles_usc_campus_kcqt,swdnb,05ptile,mid-late-century,s3://cadcat/climate-profiles/standard-met-year/downtown_los_angeles_usc_campus_kcqt/swdnb/05ptile/mid-late-century/stdyr_swdnb_05ptile_downtown_los_angeles_usc_campus_kcqt_mid-late-century.csv
downtown_los_angeles_usc_campus_kcqt,swdnb,05ptile,near-future,s3://cadcat/climate-profiles/standard-met-year/downtown_los_angeles_usc_campus_kcqt/swdnb/05ptile/near-future/stdyr_swdnb_05ptile_downtown_los_angeles_usc_campus_kcqt_near-future.csv
downtown_los_angeles_usc_campus_kcqt,swdnb,05ptile,present-day,s3://cadcat/climate-profiles/standard-met-year/downtown_los_angeles_usc_campus_kcqt/swdnb/05ptile/present-day/stdyr_swdnb_05ptile_downtown_los_angeles_usc_campus_kcqt_present-day.csv
downtown_los_angeles_usc_campus_kcqt,swdnb,50ptile,mid-century,s3://cadcat/climate-profiles/standard-met-year/downtown_los_angeles_usc_campus_kcqt/swdnb/50ptile/mid-century/stdyr_swdnb_50ptile_downtown_los_angeles_usc_campus_kcqt_mid-century.csv
downtown_los_angeles_usc_campus_kcqt,swdnb,50ptile,mid-late-century,s3://cadcat/climate-profiles/standard-met-year/downtown_los_angeles_usc_campus_kcqt/swdnb/50ptile/mid-late-century/stdyr_swdnb_50ptile_downtown_los_angeles_usc_campus_kcqt_mid-late-century.csv
downtown_los_angeles_usc_campus_kcqt,swdnb,50ptile,near-future,s3://cadcat/climate-profiles/standard-met-year/downtown_los_angeles_usc_campus_kcqt/swdnb/50ptile/near-future/stdyr_swdnb_50ptile_downtown_los_angeles_usc_campus_kcqt_near-future.csv
downtown_los_angeles_usc_campus_kcqt,swdnb,50ptile,present-day,s3://cadcat/climate-profiles/standard-met-year/downtown_los_angeles_usc_campus_kcqt/swdnb/50ptile/present-day/stdyr_swdnb_50ptile_downtown_los_angeles_usc_campus_kcqt_present-day.csv
downtown_los_angeles_usc_campus_kcqt,swdnb,95ptile,mid-century,s3://cadcat/climate-profiles/standard-met-year/downtown_los_angeles_usc_campus_kcqt/swdnb/95ptile/mid-century/stdyr_swdnb_95ptile_downtown_los_angeles_usc_campus_kcqt_mid-century.csv
downtown_los_angeles_usc_campus_kcqt,swdnb,95ptile,mid-late-century,s3://cadcat/climate-profiles/standard-met-year/downtown_los_angeles_usc_campus_kcqt/swdnb/95ptile/mid-late-century/stdyr_swdnb_95ptile_downtown_los_angeles_usc_campus_kcqt_mid-late-century.csv
downtown_los_angeles_usc_campus_kcqt,swdnb,95ptile,near-future,s3://cadcat/climate-profiles/standard-met-year/downtown_los_angeles_usc_campus_kcqt/swdnb/95ptile/near-future/stdyr_swdnb_95ptile_downtown_los_angeles_usc_campus_kcqt_near-future.csv
downtown_los_angeles_usc_campus_kcqt,swdnb,95ptile,present-day,s3://cadcat/climate-profiles/standard-met-year/downtown_los_angeles_usc_campus_kcqt/swdnb/95ptile/present-day/stdyr_swdnb_95ptile_downtown_los_angeles_usc_campus_kcqt_present-day.csv
downtown_los_angeles_usc_campus_kcqt,t2,05ptile,mid-century,s3://cadcat/climate-profiles/standard-met-year/downtown_los_angeles_usc_campus_kcqt/t2/05ptile/mid-century/stdyr_t2_05ptile_downtown_los_angeles_usc_campus_kcqt_mid-century.csv
downtown_los_angeles_usc_campus_kcqt,t2,05ptile,mid-late-century,s3://cadcat/climate-profiles/standard-met-year/downtown_los_angeles_usc_campus_kcqt/t2/05ptile/mid-late-century/stdyr_t2_05ptile_downtown_los_angeles_usc_campus_kcqt_mid-late-century.csv
downtown_los_angeles_usc_campus_kcqt,t2,05ptile,near-future,s3://cadcat/climate-profiles/standard-met-year/downtown_los_angeles_usc_campus_kcqt/t2/05ptile/near-future/stdyr_t2_05ptile_downtown_los_angeles_usc_campus_kcqt_near-future.csv
downtown_los_angeles_usc_campus_kcqt,t2,05ptile,present-day,s3://cadcat/climate-profiles/standard-met-year/downtown_los_angeles_usc_campus_kcqt/t2/05ptile/present-day/stdyr_t2_05ptile_downtown_los_angeles_usc_campus_kcqt_present-day.csv
downtown_los_angeles_usc_campus_kcqt,t2,50ptile,mid-century,s3://cadcat/climate-profiles/standard-met-year/downtown_los_angeles_usc_campus_kcqt/t2/50ptile/mid-century/stdyr_t2_50ptile_downtown_los_angeles_usc_campus_kcqt_mid-century.csv
downtown_los_angeles_usc_campus_kcqt,t2,50ptile,mid-late-century,s3://cadcat/climate-profiles/standard-met-year/downtown_los_angeles_usc_campus_kcqt/t2/50ptile/mid-late-century/stdyr_t2_50ptile_downtown_los_angeles_usc_campus_kcqt_mid-late-century.csv
downtown_los_angeles_usc_campus_kcqt,t2,50ptile,near-future,s3://cadcat/climate-profiles/standard-met-year/downtown_los_angeles_usc_campus_kcqt/t2/50ptile/near-future/stdyr_t2_50ptile_downtown_los_angeles_usc_campus_kcqt_near-future.csv
downtown_los_angeles_usc_campus_kcqt,t2,50ptile,present-day,s3://cadcat/climate-profiles/standard-met-year/downtown_los_angeles_usc_campus_kcqt/t2/50ptile/present-day/stdyr_t2_50ptile_downtown_los_angeles_usc_campus_kcqt_present-day.csv
downtown_los_angeles_usc_campus_kcqt,t2,95ptile,mid-century,s3://cadcat/climate-profiles/standard-met-year/downtown_los_angeles_usc_campus_kcqt/t2/95ptile/mid-century/stdyr_t2_95ptile_downtown_los_angeles_usc_campus_kcqt_mid-century.csv
downtown_los_angeles_usc_campus_kcqt,t2,95ptile,mid-late-century,s3://cadcat/climate-profiles/standard-met-year/downtown_los_angeles_usc_campus_kcqt/t2/95ptile/mid-late-century/stdyr_t2_95ptile_downtown_los_angeles_usc_campus_kcqt_mid-late-century.csv
downtown_los_angeles_usc_campus_kcqt,t2,95ptile,near-future,s3://cadcat/climate-profiles/standard-met-year/downtown_los_angeles_usc_campus_kcqt/t2/95ptile/near-future/stdyr_t2_95ptile_downtown_los_angeles_usc_campus_kcqt_near-future.csv
downtown_los_angeles_usc_campus_kcqt,t2,95ptile,present-day,s3://cadcat/climate-profiles/standard-met-year/downtown_los_angeles_usc_campus_kcqt/t2/95ptile/present-day/stdyr_t2_95ptile_downtown_los_angeles_usc_campus_kcqt_present-day.csv
downtown_los_angeles_usc_campus_kcqt,wind_speed_derived,05ptile,mid-century,s3://cadcat/climate-profiles/standard-met-year/downtown_los_angeles_usc_campus_kcqt/wind_speed_derived/05ptile/mid-century/stdyr_wind_speed_derived_05ptile_downtown_los_angeles_usc_campus_kcqt_mid-century.csv
downtown_los_angeles_usc_campus_kcqt,wind_speed_derived,05ptile,mid-late-century,s3://cadcat/climate-profiles/standard-met-year/downtown_los_angeles_usc_campus_kcqt/wind_speed_derived/05ptile/mid-late-century/stdyr_wind_speed_derived_05ptile_downtown_los_angeles_usc_campus_kcqt_mid-late-century.csv
downtown_los_angeles_usc_campus_kcqt,wind_speed_derived,05ptile,near-future,s3://cadcat/climate-profiles/standard-met-year/downtown_los_angeles_usc_campus_kcqt/wind_speed_derived/05ptile/near-future/stdyr_wind_speed_derived_05ptile_downtown_los_angeles_usc_campus_kcqt_near-future.csv
downtown_los_angeles_usc_campus_kcqt,wind_speed_derived,05ptile,present-day,s3://cadcat/climate-profiles/standard-met-year/downtown_los_angeles_usc_campus_kcqt/wind_speed_derived/05ptile/present-day/stdyr_wind_speed_derived_05ptile_downtown_los_angeles_usc_campus_kcqt_present-day.csv
downtown_los_angeles_usc_campus_kcqt,wind_speed_derived,50ptile,mid-century,s3://cadcat/climate-profiles/standard-met-year/downtown_los_angeles_usc_campus_kcqt/wind_speed_derived/50ptile/mid-century/stdyr_wind_speed_derived_50ptile_downtown_los_angeles_usc_campus_kcqt_mid-century.csv
downtown_los_angeles_usc_campus_kcqt,wind_speed_derived,50ptile,mid-late-century,s3://cadcat/climate-profiles/standard-met-year/downtown_los_angeles_usc_campus_kcqt/wind_speed_derived/50ptile/mid-late-century/stdyr_wind_speed_derived_50ptile_downtown_los_angeles_usc_campus_kcqt_mid-late-century.csv
downtown_los_angeles_usc_campus_kcqt,wind_speed_derived,50ptile,near-future,s3://cadcat/climate-profiles/standard-met-year/downtown_los_angeles_usc_campus_kcqt/wind_speed_derived/50ptile/near-future/stdyr_wind_speed_derived_50ptile_downtown_los_angeles_usc_campus_kcqt_near-future.csv
downtown_los_angeles_usc_campus_kcqt,wind_speed_derived,50ptile,present-day,s3://cadcat/climate-profiles/standard-met-year/downtown_los_angeles_usc_campus_kcqt/wind_speed_derived/50ptile/present-day/stdyr_wind_speed_derived_50ptile_downtown_los_angeles_usc_campus_kcqt_present-day.csv
downtown_los_angeles_usc_campus_kcqt,wind_speed_derived,95ptile,mid-century,s3://cadcat/climate-profiles/standard-met-year/downtown_los_angeles_usc_campus_kcqt/wind_speed_derived/95ptile/mid-century/stdyr_wind_speed_derived_95ptile_downtown_los_angeles_usc_campus_kcqt_mid-century.csv
downtown_los_angeles_usc_campus_kcqt,wind_speed_derived,95ptile,mid-late-century,s3://cadcat/climate-profiles/standard-met-year/downtown_los_angeles_usc_campus_kcqt/wind_speed_derived/95ptile/mid-late-century/stdyr_wind_speed_derived_95ptile_downtown_los_angeles_usc_campus_kcqt_mid-late-century.csv
downtown_los_angeles_usc_campus_kcqt,wind_speed_derived,95ptile,near-future,s3://cadcat/climate-profiles/standard-met-year/downtown_los_angeles_usc_campus_kcqt/wind_speed_derived/95ptile/near-future/stdyr_wind_speed_derived_95ptile_downtown_los_angeles_usc_campus_kcqt_near-future.csv
downtown_los_angeles_usc_campus_kcqt,wind_speed_derived,95ptile,present-day,s3://cadcat/climate-profiles/standard-met-year/downtown_los_angeles_usc_campus_kcqt/wind_speed_derived/95ptile/present-day/stdyr_wind_speed_derived_95ptile_downtown_los_angeles_usc_campus_kcqt_present-day.csv
fresno_yosemite_international_airport_kfat,noaa_heat_index_derived,05ptile,mid-century,s3://cadcat/climate-profiles/standard-met-year/fresno_yosemite_international_airport_kfat/noaa_heat_index_derived/05ptile/mid-century/stdyr_noaa_heat_index_derived_05ptile_fresno_yosemite_international_airport_kfat_mid-century.csv
fresno_yosemite_international_airport_kfat,noaa_heat_index_derived,05ptile,mid-late-century,s3://cadcat/climate-profiles/standard-met-year/fresno_yosemite_international_airport_kfat/noaa_heat_index_derived/05ptile/mid-late-century/stdyr_noaa_heat_index_derived_05ptile_fresno_yosemite_international_airport_kfat_mid-late-century.csv
fresno_yosemite_international_airport_kfat,noaa_heat_index_derived,05ptile,near-future,s3://cadcat/climate-profiles/standard-met-year/fresno_yosemite_international_airport_kfat/noaa_heat_index_derived/05ptile/near-future/stdyr_noaa_heat_index_derived_05ptile_fresno_yosemite_international_airport_kfat_near-future.csv
fresno_yosemite_international_airport_kfat,noaa_heat_index_derived,05ptile,present-day,s3://cadcat/climate-profiles/standard-met-year/fresno_yosemite_international_airport_kfat/noaa_heat_index_derived/05ptile/present-day/stdyr_noaa_heat_index_derived_05ptile_fresno_yosemite_international_airport_kfat_present-day.csv
fresno_yosemite_international_airport_kfat,noaa_heat_index_derived,50ptile,mid-century,s3://cadcat/climate-profiles/standard-met-year/fresno_yosemite_international_airport_kfat/noaa_heat_index_derived/50ptile/mid-century/stdyr_noaa_heat_index_derived_50ptile_fresno_yosemite_international_airport_kfat_mid-century.csv
fresno_yosemite_international_airport_kfat,noaa_heat_index_derived,50ptile,mid-late-century,s3://cadcat/climate-profiles/standard-met-year/fresno_yosemite_international_airport_kfat/noaa_heat_index_derived/50ptile/mid-late-century/stdyr_noaa_heat_index_derived_50ptile_fresno_yosemite_international_airport_kfat_mid-late-century.csv
fresno_yosemite_international_airport_kfat,noaa_heat_index_derived,50ptile,near-future,s3://cadcat/climate-profiles/standard-met-year/fresno_yosemite_international_airport_kfat/noaa_heat_index_derived/50ptile/near-future/stdyr_noaa_heat_index_derived_50ptile_fresno_yosemite_international_airport_kfat_near-future.csv
fresno_yosemite_international_airport_kfat,noaa_heat_index_derived,50ptile,present-day,s3://cadcat/climate-profiles/standard-met-year/fresno_yosemite_international_airport_kfat/noaa_heat_index_derived/50ptile/present-day/stdyr_noaa_heat_index_derived_50ptile_fresno_yosemite_international_airport_kfat_present-day.csv
fresno_yosemite_international_airport_kfat,noaa_heat_index_derived,95ptile,mid-century,s3://cadcat/climate-profiles/standard-met-year/fresno_yosemite_international_airport_kfat/noaa_heat_index_derived/95ptile/mid-century/stdyr_noaa_heat_index_derived_95ptile_fresno_yosemite_international_airport_kfat_mid-century.csv
fresno_yosemite_international_airport_kfat,noaa_heat_index_derived,95ptile,mid-late-century,s3://cadcat/climate-profiles/standard-met-year/fresno_yosemite_international_airport_kfat/noaa_heat_index_derived/95ptile/mid-late-century/stdyr_noaa_heat_index_derived_95ptile_fresno_yosemite_international_airport_kfat_mid-late-century.csv
fresno_yosemite_international_airport_kfat,noaa_heat_index_derived,95ptile,near-future,s3://cadcat/climate-profiles/standard-met-year/fresno_yosemite_international_airport_kfat/noaa_heat_index_derived/95ptile/near-future/stdyr_noaa_heat_index_derived_95ptile_fresno_yosemite_international_airport_kfat_near-future.csv
fresno_yosemite_international_airport_kfat,noaa_heat_index_derived,95ptile,present-day,s3://cadcat/climate-profiles/standard-met-year/fresno_yosemite_international_airport_kfat/noaa_heat_index_derived/95ptile/present-day/stdyr_noaa_heat_index_derived_95ptile_fresno_yosemite_international_airport_kfat_present-day.csv
fresno_yosemite_international_airport_kfat,rh_derived,05ptile,mid-century,s3://cadcat/climate-profiles/standard-met-year/fresno_yosemite_international_airport_kfat/rh_derived/05ptile/mid-century/stdyr_rh_derived_05ptile_fresno_yosemite_international_airport_kfat_mid-century.csv
fresno_yosemite_international_airport_kfat,rh_derived,05ptile,mid-late-century,s3://cadcat/climate-profiles/standard-met-year/fresno_yosemite_international_airport_kfat/rh_derived/05ptile/mid-late-century/stdyr_rh_derived_05ptile_fresno_yosemite_international_airport_kfat_mid-late-century.csv
fresno_yosemite_international_airport_kfat,rh_derived,05ptile,near-future,s3://cadcat/climate-profiles/standard-met-year/fresno_yosemite_international_airport_kfat/rh_derived/05ptile/near-future/stdyr_rh_derived_05ptile_fresno_yosemite_international_airport_kfat_near-future.csv
fresno_yosemite_international_airport_kfat,rh_derived,05ptile,present-day,s3://cadcat/climate-profiles/standard-met-year/fresno_yosemite_international_airport_kfat/rh_derived/05ptile/present-day/stdyr_rh_derived_05ptile_fresno_yosemite_international_airport_kfat_present-day.csv
fresno_yosemite_international_airport_kfat,rh_derived,50ptile,mid-century,s3://cadcat/climate-profiles/standard-met-year/fresno_yosemite_international_airport_kfat/rh_derived/50ptile/mid-century/stdyr_rh_derived_50ptile_fresno_yosemite_international_airport_kfat_mid-century.csv
fresno_yosemite_international_airport_kfat,rh_derived,50ptile,mid-late-century,s3://cadcat/climate-profiles/standard-met-year/fresno_yosemite_international_airport_kfat/rh_derived/50ptile/mid-late-century/stdyr_rh_derived_50ptile_fresno_yosemite_international_airport_kfat_mid-late-century.csv
fresno_yosemite_international_airport_kfat,rh_derived,50ptile,near-future,s3://cadcat/climate-profiles/standard-met-year/fresno_yosemite_international_airport_kfat/rh_derived/50ptile/near-future/stdyr_rh_derived_50ptile_fresno_yosemite_international_airport_kfat_near-future.csv
fresno_yosemite_international_airport_kfat,rh_derived,50ptile,present-day,s3://cadcat/climate-profiles/standard-met-year/fresno_yosemite_international_airport_kfat/rh_derived/50ptile/present-day/stdyr_rh_derived_50ptile_fresno_yosemite_international_airport_kfat_present-day.csv
fresno_yosemite_international_airport_kfat,rh_derived,95ptile,mid-century,s3://cadcat/climate-profiles/standard-met-year/fresno_yosemite_international_airport_kfat/rh_derived/95ptile/mid-century/stdyr_rh_derived_95ptile_fresno_yosemite_international_airport_kfat_mid-century.csv
fresno_yosemite_international_airport_kfat,rh_derived,95ptile,mid-late-century,s3://cadcat/climate-profiles/standard-met-year/fresno_yosemite_international_airport_kfat/rh_derived/95ptile/mid-late-century/stdyr_rh_derived_95ptile_fresno_yosemite_international_airport_kfat_mid-late-century.csv
fresno_yosemite_international_airport_kfat,rh_derived,95ptile,near-future,s3://cadcat/climate-profiles/standard-met-year/fresno_yosemite_international_airport_kfat/rh_derived/95ptile/near-future/stdyr_rh_derived_95ptile_fresno_yosemite_international_airport_kfat_near-future.csv
fresno_yosemite_international_airport_kfat,rh_derived,95ptile,present-day,s3://cadcat/climate-profiles/standard-met-year/fresno_yosemite_international_airport_kfat/rh_derived/95ptile/present-day/stdyr_rh_derived_95ptile_fresno_yosemite_international_airport_kfat_present-day.csv
fresno_yosemite_international_airport_kfat,swdnb,05ptile,mid-century,s3://cadcat/climate-profiles/standard-met-year/fresno_yosemite_international_airport_kfat/swdnb/05ptile/mid-century/stdyr_swdnb_05ptile_fresno_yosemite_international_airport_kfat_mid-century.csv
fresno_yosemite_international_airport_kfat,swdnb,05ptile,mid-late-century,s3://cadcat/climate-profiles/standard-met-year/fresno_yosemite_international_airport_kfat/swdnb/05ptile/mid-late-century/stdyr_swdnb_05ptile_fresno_yosemite_international_airport_kfat_mid-late-century.csv
fresno_yosemite_international_airport_kfat,swdnb,05ptile,near-future,s3://cadcat/climate-profiles/standard-met-year/fresno_yosemite_international_airport_kfat/swdnb/05ptile/near-future/stdyr_swdnb_05ptile_fresno_yosemite_international_airport_kfat_near-future.csv
fresno_yosemite_international_airport_kfat,swdnb,05ptile,present-day,s3://cadcat/climate-profiles/standard-met-year/fresno_yosemite_international_airport_kfat/swdnb/05ptile/present-day/stdyr_swdnb_05ptile_fresno_yosemite_international_airport_kfat_present-day.csv
fresno_yosemite_international_airport_kfat,swdnb,50ptile,mid-century,s3://cadcat/climate-profiles/standard-met-year/fresno_yosemite_international_airport_kfat/swdnb/50ptile/mid-century/stdyr_swdnb_50ptile_fresno_yosemite_international_airport_kfat_mid-century.csv
fresno_yosemite_international_airport_kfat,swdnb,50ptile,mid-late-century,s3://cadcat/climate-profiles/standard-met-year/fresno_yosemite_international_airport_kfat/swdnb/50ptile/mid-late-century/stdyr_swdnb_50ptile_fresno_yosemite_international_airport_kfat_mid-late-century.csv
fresno_yosemite_international_airport_kfat,swdnb,50ptile,near-future,s3://cadcat/climate-profiles/standard-met-year/fresno_yosemite_international_airport_kfat/swdnb/50ptile/near-future/stdyr_swdnb_50ptile_fresno_yosemite_international_airport_kfat_near-future.csv
fresno_yosemite_international_airport_kfat,swdnb,50ptile,present-day,s3://cadcat/climate-profiles/standard-met-year/fresno_yosemite_international_airport_kfat/swdnb/50ptile/present-day/stdyr_swdnb_50ptile_fresno_yosemite_international_airport_kfat_present-day.csv
fresno_yosemite_international_airport_kfat,swdnb,95ptile,mid-century,s3://cadcat/climate-profiles/standard-met-year/fresno_yosemite_international_airport_kfat/swdnb/95ptile/mid-century/stdyr_swdnb_95ptile_fresno_yosemite_international_airport_kfat_mid-century.csv
fresno_yosemite_international_airport_kfat,swdnb,95ptile,mid-late-century,s3://cadcat/climate-profiles/standard-met-year/fresno_yosemite_international_airport_kfat/swdnb/95ptile/mid-late-century/stdyr_swdnb_95ptile_fresno_yosemite_international_airport_kfat_mid-late-century.csv
fresno_yosemite_international_airport_kfat,swdnb,95ptile,near-future,s3://cadcat/climate-profiles/standard-met-year/fresno_yosemite_international_airport_kfat/swdnb/95ptile/near-future/stdyr_swdnb_95ptile_fresno_yosemite_international_airport_kfat_near-future.csv
fresno_yosemite_international_airport_kfat,swdnb,95ptile,present-day,s3://cadcat/climate-profiles/standard-met-year/fresno_yosemite_international_airport_kfat/swdnb/95ptile/present-day/stdyr_swdnb_95ptile_fresno_yosemite_international_airport_kfat_present-day.csv
fresno_yosemite_international_airport_kfat,t2,05ptile,mid-century,s3://cadcat/climate-profiles/standard-met-year/fresno_yosemite_international_airport_kfat/t2/05ptile/mid-century/stdyr_t2_05ptile_fresno_yosemite_international_airport_kfat_mid-century.csv
fresno_yosemite_international_airport_kfat,t2,05ptile,mid-late-century,s3://cadcat/climate-profiles/standard-met-year/fresno_yosemite_international_airport_kfat/t2/05ptile/mid-late-century/stdyr_t2_05ptile_fresno_yosemite_international_airport_kfat_mid-late-century.csv
fresno_yosemite_international_airport_kfat,t2,05ptile,near-future,s3://cadcat/climate-profiles/standard-met-year/fresno_yosemite_international_airport_kfat/t2/05ptile/near-future/stdyr_t2_05ptile_fresno_yosemite_international_airport_kfat_near-future.csv
fresno_yosemite_international_airport_kfat,t2,05ptile,present-day,s3://cadcat/climate-profiles/standard-met-year/fresno_yosemite_international_airport_kfat/t2/05ptile/present-day/stdyr_t2_05ptile_fresno_yosemite_international_airport_kfat_present-day.csv
fresno_yosemite_international_airport_kfat,t2,50ptile,mid-century,s3://cadcat/climate-profiles/standard-met-year/fresno_yosemite_international_airport_kfat/t2/50ptile/mid-century/stdyr_t2_50ptile_fresno_yosemite_international_airport_kfat_mid-century.csv
fresno_yosemite_international_airport_kfat,t2,50ptile,mid-late-century,s3://cadcat/climate-profiles/standard-met-year/fresno_yosemite_international_airport_kfat/t2/50ptile/mid-late-century/stdyr_t2_50ptile_fresno_yosemite_international_airport_kfat_mid-late-century.csv
fresno_yosemite_international_airport_kfat,t2,50ptile,near-future,s3://cadcat/climate-profiles/standard-met-year/fresno_yosemite_international_airport_kfat/t2/50ptile/near-future/stdyr_t2_50ptile_fresno_yosemite_international_airport_kfat_near-future.csv
fresno_yosemite_international_airport_kfat,t2,50ptile,present-day,s3://cadcat/climate-profiles/standard-met-year/fresno_yosemite_international_airport_kfat/t2/50ptile/present-day/stdyr_t2_50ptile_fresno_yosemite_international_airport_kfat_present-day.csv
fresno_yosemite_international_airport_kfat,t2,95ptile,mid-century,s3://cadcat/climate-profiles/standard-met-year/fresno_yosemite_international_airport_kfat/t2/95ptile/mid-century/stdyr_t2_95ptile_fresno_yosemite_international_airport_kfat_mid-century.csv
fresno_yosemite_international_airport_kfat,t2,95ptile,mid-late-century,s3://cadcat/climate-profiles/standard-met-year/fresno_yosemite_international_airport_kfat/t2/95ptile/mid-late-century/stdyr_t2_95ptile_fresno_yosemite_international_airport_kfat_mid-late-century.csv
fresno_yosemite_international_airport_kfat,t2,95ptile,near-future,s3://cadcat/climate-profiles/standard-met-year/fresno_yosemite_international_airport_kfat/t2/95ptile/near-future/stdyr_t2_95ptile_fresno_yosemite_international_airport_kfat_near-future.csv
fresno_yosemite_international_airport_kfat,t2,95ptile,present-day,s3://cadcat/climate-profiles/standard-met-year/fresno_yosemite_international_airport_kfat/t2/95ptile/present-day/stdyr_t2_95ptile_fresno_yosemite_international_airport_kfat_present-day.csv
fresno_yosemite_international_airport_kfat,wind_speed_derived,05ptile,mid-century,s3://cadcat/climate-profiles/standard-met-year/fresno_yosemite_international_airport_kfat/wind_speed_derived/05ptile/mid-century/stdyr_wind_speed_derived_05ptile_fresno_yosemite_international_airport_kfat_mid-century.csv
fresno_yosemite_international_airport_kfat,wind_speed_derived,05ptile,mid-late-century,s3://cadcat/climate-profiles/standard-met-year/fresno_yosemite_international_airport_kfat/wind_speed_derived/05ptile/mid-late-century/stdyr_wind_speed_derived_05ptile_fresno_yosemite_international_airport_kfat_mid-late-century.csv
fresno_yosemite_international_airport_kfat,wind_speed_derived,05ptile,near-future,s3://cadcat/climate-profiles/standard-met-year/fresno_yosemite_international_airport_kfat/wind_speed_derived/05ptile/near-future/stdyr_wind_speed_derived_05ptile_fresno_yosemite_international_airport_kfat_near-future.csv
fresno_yosemite_international_airport_kfat,wind_speed_derived,05ptile,present-day,s3://cadcat/climate-profiles/standard-met-year/fresno_yosemite_international_airport_kfat/wind_speed_derived/05ptile/present-day/stdyr_wind_speed_derived_05ptile_fresno_yosemite_international_airport_kfat_present-day.csv
fresno_yosemite_international_airport_kfat,wind_speed_derived,50ptile,mid-century,s3://cadcat/climate-profiles/standard-met-year/fresno_yosemite_international_airport_kfat/wind_speed_derived/50ptile/mid-century/stdyr_wind_speed_derived_50ptile_fresno_yosemite_international_airport_kfat_mid-century.csv
fresno_yosemite_international_airport_kfat,wind_speed_derived,50ptile,mid-late-century,s3://cadcat/climate-profiles/standard-met-year/fresno_yosemite_international_airport_kfat/wind_speed_derived/50ptile/mid-late-century/stdyr_wind_speed_derived_50ptile_fresno_yosemite_international_airport_kfat_mid-late-century.csv
fresno_yosemite_international_airport_kfat,wind_speed_derived,50ptile,near-future,s3://cadcat/climate-profiles/standard-met-year/fresno_yosemite_international_airport_kfat/wind_speed_derived/50ptile/near-future/stdyr_wind_speed_derived_50ptile_fresno_yosemite_international_airport_kfat_near-future.csv
fresno_yosemite_international_airport_kfat,wind_speed_derived,50ptile,present-day,s3://cadcat/climate-profiles/standard-met-year/fresno_yosemite_international_airport_kfat/wind_speed_derived/50ptile/present-day/stdyr_wind_speed_derived_50ptile_fresno_yosemite_international_airport_kfat_present-day.csv
fresno_yosemite_international_airport_kfat,wind_speed_derived,95ptile,mid-century,s3://cadcat/climate-profiles/standard-met-year/fresno_yosemite_international_airport_kfat/wind_speed_derived/95ptile/mid-century/stdyr_wind_speed_derived_95ptile_fresno_yosemite_international_airport_kfat_mid-century.csv
fresno_yosemite_international_airport_kfat,wind_speed_derived,95ptile,mid-late-century,s3://cadcat/climate-profiles/standard-met-year/fresno_yosemite_international_airport_kfat/wind_speed_derived/95ptile/mid-late-century/stdyr_wind_speed_derived_95ptile_fresno_yosemite_international_airport_kfat_mid-late-century.csv
fresno_yosemite_international_airport_kfat,wind_speed_derived,95ptile,near-future,s3://cadcat/climate-profiles/standard-met-year/fresno_yosemite_international_airport_kfat/wind_speed_derived/95ptile/near-future/stdyr_wind_speed_derived_95ptile_fresno_yosemite_international_airport_kfat_near-future.csv
fresno_yosemite_international_airport_kfat,wind_speed_derived,95ptile,present-day,s3://cadcat/climate-profiles/standard-met-year/fresno_yosemite_international_airport_kfat/wind_speed_derived/95ptile/present-day/stdyr_wind_speed_derived_95ptile_fresno_yosemite_international_airport_kfat_present-day.csv
gillespie_field_airport_ksee,noaa_heat_index_derived,05ptile,mid-century,s3://cadcat/climate-profiles/standard-met-year/gillespie_field_airport_ksee/noaa_heat_index_derived/05ptile/mid-century/stdyr_noaa_heat_index_derived_05ptile_gillespie_field_airport_ksee_mid-century.csv
gillespie_field_airport_ksee,noaa_heat_index_derived,05ptile,mid-late-century,s3://cadcat/climate-profiles/standard-met-year/gillespie_field_airport_ksee/noaa_heat_index_derived/05ptile/mid-late-century/stdyr_noaa_heat_index_derived_05ptile_gillespie_field_airport_ksee_mid-late-century.csv
gillespie_field_airport_ksee,noaa_heat_index_derived,05ptile,near-future,s3://cadcat/climate-profiles/standard-met-year/gillespie_field_airport_ksee/noaa_heat_index_derived/05ptile/near-future/stdyr_noaa_heat_index_derived_05ptile_gillespie_field_airport_ksee_near-future.csv
gillespie_field_airport_ksee,noaa_heat_index_derived,05ptile,present-day,s3://cadcat/climate-profiles/standard-met-year/gillespie_field_airport_ksee/noaa_heat_index_derived/05ptile/present-day/stdyr_noaa_heat_index_derived_05ptile_gillespie_field_airport_ksee_present-day.csv
gillespie_field_airport_ksee,noaa_heat_index_derived,50ptile,mid-century,s3://cadcat/climate-profiles/standard-met-year/gillespie_field_airport_ksee/noaa_heat_index_derived/50ptile/mid-century/stdyr_noaa_heat_index_derived_50ptile_gillespie_field_airport_ksee_mid-century.csv
gillespie_field_airport_ksee,noaa_heat_index_derived,50ptile,mid-late-century,s3://cadcat/climate-profiles/standard-met-year/gillespie_field_airport_ksee/noaa_heat_index_derived/50ptile/mid-late-century/stdyr_noaa_heat_index_derived_50ptile_gillespie_field_airport_ksee_mid-late-century.csv
gillespie_field_airport_ksee,noaa_heat_index_derived,50ptile,near-future,s3://cadcat/climate-profiles/standard-met-year/gillespie_field_airport_ksee/noaa_heat_index_derived/50ptile/near-future/stdyr_noaa_heat_index_derived_50ptile_gillespie_field_airport_ksee_near-future.csv
gillespie_field_airport_ksee,noaa_heat_index_derived,50ptile,present-day,s3://cadcat/climate-profiles/standard-met-year/gillespie_field_airport_ksee/noaa_heat_index_derived/50ptile/present-day/stdyr_noaa_heat_index_derived_50ptile_gillespie_field_airport_ksee_present-day.csv
gillespie_field_airport_ksee,noaa_heat_index_derived,95ptile,mid-century,s3://cadcat/climate-profiles/standard-met-year/gillespie_field_airport_ksee/noaa_heat_index_derived/95ptile/mid-century/stdyr_noaa_heat_index_derived_95ptile_gillespie_field_airport_ksee_mid-century.csv
gillespie_field_airport_ksee,noaa_heat_index_derived,95ptile,mid-late-century,s3://cadcat/climate-profiles/standard-met-year/gillespie_field_airport_ksee/noaa_heat_index_derived/95ptile/mid-late-century/stdyr_noaa_heat_index_derived_95ptile_gillespie_field_airport_ksee_mid-late-century.csv
gillespie_field_airport_ksee,noaa_heat_index_derived,95ptile,near-future,s3://cadcat/climate-profiles/standard-met-year/gillespie_field_airport_ksee/noaa_heat_index_derived/95ptile/near-future/stdyr_noaa_heat_index_derived_95ptile_gillespie_field_airport_ksee_near-future.csv
gillespie_field_airport_ksee,noaa_heat_index_derived,95ptile,present-day,s3://cadcat/climate-profiles/standard-met-year/gillespie_field_airport_ksee/noaa_heat_index_derived/95ptile/present-day/stdyr_noaa_heat_index_derived_95ptile_gillespie_field_airport_ksee_present-day.csv
gillespie_field_airport_ksee,rh_derived,05ptile,mid-century,s3://cadcat/climate-profiles/standard-met-year/gillespie_field_airport_ksee/rh_derived/05ptile/mid-century/stdyr_rh_derived_05ptile_gillespie_field_airport_ksee_mid-century.csv
gillespie_field_airport_ksee,rh_derived,05ptile,mid-late-century,s3://cadcat/climate-profiles/standard-met-year/gillespie_field_airport_ksee/rh_derived/05ptile/mid-late-century/stdyr_rh_derived_05ptile_gillespie_field_airport_ksee_mid-late-century.csv
gillespie_field_airport_ksee,rh_derived,05ptile,near-future,s3://cadcat/climate-profiles/standard-met-year/gillespie_field_airport_ksee/rh_derived/05ptile/near-future/stdyr_rh_derived_05ptile_gillespie_field_airport_ksee_near-future.csv
gillespie_field_airport_ksee,rh_derived,05ptile,present-day,s3://cadcat/climate-profiles/standard-met-year/gillespie_field_airport_ksee/rh_derived/05ptile/present-day/stdyr_rh_derived_05ptile_gillespie_field_airport_ksee_present-day.csv
gillespie_field_airport_ksee,rh_derived,50ptile,mid-century,s3://cadcat/climate-profiles/standard-met-year/gillespie_field_airport_ksee/rh_derived/50ptile/mid-century/stdyr_rh_derived_50ptile_gillespie_field_airport_ksee_mid-century.csv
gillespie_field_airport_ksee,rh_derived,50ptile,mid-late-century,s3://cadcat/climate-profiles/standard-met-year/gillespie_field_airport_ksee/rh_derived/50ptile/mid-late-century/stdyr_rh_derived_50ptile_gillespie_field_airport_ksee_mid-late-century.csv
gillespie_field_airport_ksee,rh_derived,50ptile,near-future,s3://cadcat/climate-profiles/standard-met-year/gillespie_field_airport_ksee/rh_derived/50ptile/near-future/stdyr_rh_derived_50ptile_gillespie_field_airport_ksee_near-future.csv
gillespie_field_airport_ksee,rh_derived,50ptile,present-day,s3://cadcat/climate-profiles/standard-met-year/gillespie_field_airport_ksee/rh_derived/50ptile/present-day/stdyr_rh_derived_50ptile_gillespie_field_airport_ksee_present-day.csv
gillespie_field_airport_ksee,rh_derived,95ptile,mid-century,s3://cadcat/climate-profiles/standard-met-year/gillespie_field_airport_ksee/rh_derived/95ptile/mid-century/stdyr_rh_derived_95ptile_gillespie_field_airport_ksee_mid-century.csv
gillespie_field_airport_ksee,rh_derived,95ptile,mid-late-century,s3://cadcat/climate-profiles/standard-met-year/gillespie_field_airport_ksee/rh_derived/95ptile/mid-late-century/stdyr_rh_derived_95ptile_gillespie_field_airport_ksee_mid-late-century.csv
gillespie_field_airport_ksee,rh_derived,95ptile,near-future,s3://cadcat/climate-profiles/standard-met-year/gillespie_field_airport_ksee/rh_derived/95ptile/near-future/stdyr_rh_derived_95ptile_gillespie_field_airport_ksee_near-future.csv
gillespie_field_airport_ksee,rh_derived,95ptile,present-day,s3://cadcat/climate-profiles/standard-met-year/gillespie_field_airport_ksee/rh_derived/95ptile/present-day/stdyr_rh_derived_95ptile_gillespie_field_airport_ksee_present-day.csv
gillespie_field_airport_ksee,swdnb,05ptile,mid-century,s3://cadcat/climate-profiles/standard-met-year/gillespie_field_airport_ksee/swdnb/05ptile/mid-century/stdyr_swdnb_05ptile_gillespie_field_airport_ksee_mid-century.csv
gillespie_field_airport_ksee,swdnb,05ptile,mid-late-century,s3://cadcat/climate-profiles/standard-met-year/gillespie_field_airport_ksee/swdnb/05ptile/mid-late-century/stdyr_swdnb_05ptile_gillespie_field_airport_ksee_mid-late-century.csv
gillespie_field_airport_ksee,swdnb,05ptile,near-future,s3://cadcat/climate-profiles/standard-met-year/gillespie_field_airport_ksee/swdnb/05ptile/near-future/stdyr_swdnb_05ptile_gillespie_field_airport_ksee_near-future.csv
gillespie_field_airport_ksee,swdnb,05ptile,present-day,s3://cadcat/climate-profiles/standard-met-year/gillespie_field_airport_ksee/swdnb/05ptile/present-day/stdyr_swdnb_05ptile_gillespie_field_airport_ksee_present-day.csv
gillespie_field_airport_ksee,swdnb,50ptile,mid-century,s3://cadcat/climate-profiles/standard-met-year/gillespie_field_airport_ksee/swdnb/50ptile/mid-century/stdyr_swdnb_50ptile_gillespie_field_airport_ksee_mid-century.csv
gillespie_field_airport_ksee,swdnb,50ptile,mid-late-century,s3://cadcat/climate-profiles/standard-met-year/gillespie_field_airport_ksee/swdnb/50ptile/mid-late-century/stdyr_swdnb_50ptile_gillespie_field_airport_ksee_mid-late-century.csv
gillespie_field_airport_ksee,swdnb,50ptile,near-future,s3://cadcat/climate-profiles/standard-met-year/gillespie_field_airport_ksee/swdnb/50ptile/near-future/stdyr_swdnb_50ptile_gillespie_field_airport_ksee_near-future.csv
gillespie_field_airport_ksee,swdnb,50ptile,present-day,s3://cadcat/climate-profiles/standard-met-year/gillespie_field_airport_ksee/swdnb/50ptile/present-day/stdyr_swdnb_50ptile_gillespie_field_airport_ksee_present-day.csv
gillespie_field_airport_ksee,swdnb,95ptile,mid-century,s3://cadcat/climate-profiles/standard-met-year/gillespie_field_airport_ksee/swdnb/95ptile/mid-century/stdyr_swdnb_95ptile_gillespie_field_airport_ksee_mid-century.csv
gillespie_field_airport_ksee,swdnb,95ptile,mid-late-century,s3://cadcat/climate-profiles/standard-met-year/gillespie_field_airport_ksee/swdnb/95ptile/mid-late-century/stdyr_swdnb_95ptile_gillespie_field_airport_ksee_mid-late-century.csv
gillespie_field_airport_ksee,swdnb,95ptile,near-future,s3://cadcat/climate-profiles/standard-met-year/gillespie_field_airport_ksee/swdnb/95ptile/near-future/stdyr_swdnb_95ptile_gillespie_field_airport_ksee_near-future.csv
gillespie_field_airport_ksee,swdnb,95ptile,present-day,s3://cadcat/climate-profiles/standard-met-year/gillespie_field_airport_ksee/swdnb/95ptile/present-day/stdyr_swdnb_95ptile_gillespie_field_airport_ksee_present-day.csv
gillespie_field_airport_ksee,t2,05ptile,mid-century,s3://cadcat/climate-profiles/standard-met-year/gillespie_field_airport_ksee/t2/05ptile/mid-century/stdyr_t2_05ptile_gillespie_field_airport_ksee_mid-century.csv
gillespie_field_airport_ksee,t2,05ptile,mid-late-century,s3://cadcat/climate-profiles/standard-met-year/gillespie_field_airport_ksee/t2/05ptile/mid-late-century/stdyr_t2_05ptile_gillespie_field_airport_ksee_mid-late-century.csv
gillespie_field_airport_ksee,t2,05ptile,near-future,s3://cadcat/climate-profiles/standard-met-year/gillespie_field_airport_ksee/t2/05ptile/near-future/stdyr_t2_05ptile_gillespie_field_airport_ksee_near-future.csv
gillespie_field_airport_ksee,t2,05ptile,present-day,s3://cadcat/climate-profiles/standard-met-year/gillespie_field_airport_ksee/t2/05ptile/present-day/stdyr_t2_05ptile_gillespie_field_airport_ksee_present-day.csv
gillespie_field_airport_ksee,t2,50ptile,mid-century,s3://cadcat/climate-profiles/standard-met-year/gillespie_field_airport_ksee/t2/50ptile/mid-century/stdyr_t2_50ptile_gillespie_field_airport_ksee_mid-century.csv
gillespie_field_airport_ksee,t2,50ptile,mid-late-century,s3://cadcat/climate-profiles/standard-met-year/gillespie_field_airport_ksee/t2/50ptile/mid-late-century/stdyr_t2_50ptile_gillespie_field_airport_ksee_mid-late-century.csv
gillespie_field_airport_ksee,t2,50ptile,near-future,s3://cadcat/climate-profiles/standard-met-year/gillespie_field_airport_ksee/t2/50ptile/near-future/stdyr_t2_50ptile_gillespie_field_airport_ksee_near-future.csv
gillespie_field_airport_ksee,t2,50ptile,present-day,s3://cadcat/climate-profiles/standard-met-year/gillespie_field_airport_ksee/t2/50ptile/present-day/stdyr_t2_50ptile_gillespie_field_airport_ksee_present-day.csv
gillespie_field_airport_ksee,t2,95ptile,mid-century,s3://cadcat/climate-profiles/standard-met-year/gillespie_field_airport_ksee/t2/95ptile/mid-century/stdyr_t2_95ptile_gillespie_field_airport_ksee_mid-century.csv
gillespie_field_airport_ksee,t2,95ptile,mid-late-century,s3://cadcat/climate-profiles/standard-met-year/gillespie_field_airport_ksee/t2/95ptile/mid-late-century/stdyr_t2_95ptile_gillespie_field_airport_ksee_mid-late-century.csv
gillespie_field_airport_ksee,t2,95ptile,near-future,s3://cadcat/climate-profiles/standard-met-year/gillespie_field_airport_ksee/t2/95ptile/near-future/stdyr_t2_95ptile_gillespie_field_airport_ksee_near-future.csv
gillespie_field_airport_ksee,t2,95ptile,present-day,s3://cadcat/climate-profiles/standard-met-year/gillespie_field_airport_ksee/t2/95ptile/present-day/stdyr_t2_95ptile_gillespie_field_airport_ksee_present-day.csv
gillespie_field_airport_ksee,wind_speed_derived,05ptile,mid-century,s3://cadcat/climate-profiles/standard-met-year/gillespie_field_airport_ksee/wind_speed_derived/05ptile/mid-century/stdyr_wind_speed_derived_05ptile_gillespie_field_airport_ksee_mid-century.csv
gillespie_field_airport_ksee,wind_speed_derived,05ptile,mid-late-century,s3://cadcat/climate-profiles/standard-met-year/gillespie_field_airport_ksee/wind_speed_derived/05ptile/mid-late-century/stdyr_wind_speed_derived_05ptile_gillespie_field_airport_ksee_mid-late-century.csv
gillespie_field_airport_ksee,wind_speed_derived,05ptile,near-future,s3://cadcat/climate-profiles/standard-met-year/gillespie_field_airport_ksee/wind_speed_derived/05ptile/near-future/stdyr_wind_speed_derived_05ptile_gillespie_field_airport_ksee_near-future.csv
gillespie_field_airport_ksee,wind_speed_derived,05ptile,present-day,s3://cadcat/climate-profiles/standard-met-year/gillespie_field_airport_ksee/wind_speed_derived/05ptile/present-day/stdyr_wind_speed_derived_05ptile_gillespie_field_airport_ksee_present-day.csv
gillespie_field_airport_ksee,wind_speed_derived,50ptile,mid-century,s3://cadcat/climate-profiles/standard-met-year/gillespie_field_airport_ksee/wind_speed_derived/50ptile/mid-century/stdyr_wind_speed_derived_50ptile_gillespie_field_airport_ksee_mid-century.csv
gillespie_field_airport_ksee,wind_speed_derived,50ptile,mid-late-century,s3://cadcat/climate-profiles/standard-met-year/gillespie_field_airport_ksee/wind_speed_derived/50ptile/mid-late-century/stdyr_wind_speed_derived_50ptile_gillespie_field_airport_ksee_mid-late-century.csv
gillespie_field_airport_ksee,wind_speed_derived,50ptile,near-future,s3://cadcat/climate-profiles/standard-met-year/gillespie_field_airport_ksee/wind_speed_derived/50ptile/near-future/stdyr_wind_speed_derived_50ptile_gillespie_field_airport_ksee_near-future.csv
gillespie_field_airport_ksee,wind_speed_derived,50ptile,present-day,s3://cadcat/climate-profiles/standard-met-year/gillespie_field_airport_ksee/wind_speed_derived/50ptile/present-day/stdyr_wind_speed_derived_50ptile_gillespie_field_airport_ksee_present-day.csv
gillespie_field_airport_ksee,wind_speed_derived,95ptile,mid-century,s3://cadcat/climate-profiles/standard-met-year/gillespie_field_airport_ksee/wind_speed_derived/95ptile/mid-century/stdyr_wind_speed_derived_95ptile_gillespie_field_airport_ksee_mid-century.csv
gillespie_field_airport_ksee,wind_speed_derived,95ptile,mid-late-century,s3://cadcat/climate-profiles/standard-met-year/gillespie_field_airport_ksee/wind_speed_derived/95ptile/mid-late-century/stdyr_wind_speed_derived_95ptile_gillespie_field_airport_ksee_mid-late-century.csv
gillespie_field_airport_ksee,wind_speed_derived,95ptile,near-future,s3://cadcat/climate-profiles/standard-met-year/gillespie_field_airport_ksee/wind_speed_derived/95ptile/near-future/stdyr_wind_speed_derived_95ptile_gillespie_field_airport_ksee_near-future.csv
gillespie_field_airport_ksee,wind_speed_derived,95ptile,present-day,s3://cadcat/climate-profiles/standard-met-year/gillespie_field_airport_ksee/wind_speed_derived/95ptile/present-day/stdyr_wind_speed_derived_95ptile_gillespie_field_airport_ksee_present-day.csv
imperial_county_airport_kipl,noaa_heat_index_derived,05ptile,mid-century,s3://cadcat/climate-profiles/standard-met-year/imperial_county_airport_kipl/noaa_heat_index_derived/05ptile/mid-century/stdyr_noaa_heat_index_derived_05ptile_imperial_county_airport_kipl_mid-century.csv
imperial_county_airport_kipl,noaa_heat_index_derived,05ptile,mid-late-century,s3://cadcat/climate-profiles/standard-met-year/imperial_county_airport_kipl/noaa_heat_index_derived/05ptile/mid-late-century/stdyr_noaa_heat_index_derived_05ptile_imperial_county_airport_kipl_mid-late-century.csv
imperial_county_airport_kipl,noaa_heat_index_derived,05ptile,near-future,s3://cadcat/climate-profiles/standard-met-year/imperial_county_airport_kipl/noaa_heat_index_derived/05ptile/near-future/stdyr_noaa_heat_index_derived_05ptile_imperial_county_airport_kipl_near-future.csv
imperial_county_airport_kipl,noaa_heat_index_derived,05ptile,present-day,s3://cadcat/climate-profiles/standard-met-year/imperial_county_airport_kipl/noaa_heat_index_derived/05ptile/present-day/stdyr_noaa_heat_index_derived_05ptile_imperial_county_airport_kipl_present-day.csv
imperial_county_airport_kipl,noaa_heat_index_derived,50ptile,mid-century,s3://cadcat/climate-profiles/standard-met-year/imperial_county_airport_kipl/noaa_heat_index_derived/50ptile/mid-century/stdyr_noaa_heat_index_derived_50ptile_imperial_county_airport_kipl_mid-century.csv
imperial_county_airport_kipl,noaa_heat_index_derived,50ptile,mid-late-century,s3://cadcat/climate-profiles/standard-met-year/imperial_county_airport_kipl/noaa_heat_index_derived/50ptile/mid-late-century/stdyr_noaa_heat_index_derived_50ptile_imperial_county_airport_kipl_mid-late-century.csv
imperial_county_airport_kipl,noaa_heat_index_derived,50ptile,near-future,s3://cadcat/climate-profiles/standard-met-year/imperial_county_airport_kipl/noaa_heat_index_derived/50ptile/near-future/stdyr_noaa_heat_index_derived_50ptile_imperial_county_airport_kipl_near-future.csv
imperial_county_airport_kipl,noaa_heat_index_derived,50ptile,present-day,s3://cadcat/climate-profiles/standard-met-year/imperial_county_airport_kipl/noaa_heat_index_derived/50ptile/present-day/stdyr_noaa_heat_index_derived_50ptile_imperial_county_airport_kipl_present-day.csv
imperial_county_airport_kipl,noaa_heat_index_derived,95ptile,mid-century,s3://cadcat/climate-profiles/standard-met-year/imperial_county_airport_kipl/noaa_heat_index_derived/95ptile/mid-century/stdyr_noaa_heat_index_derived_95ptile_imperial_county_airport_kipl_mid-century.csv
imperial_county_airport_kipl,noaa_heat_index_derived,95ptile,mid-late-century,s3://cadcat/climate-profiles/standard-met-year/imperial_county_airport_kipl/noaa_heat_index_derived/95ptile/mid-late-century/stdyr_noaa_heat_index_derived_95ptile_imperial_county_airport_kipl_mid-late-century.csv
imperial_county_airport_kipl,noaa_heat_index_derived,95ptile,near-future,s3://cadcat/climate-profiles/standard-met-year/imperial_county_airport_kipl/noaa_heat_index_derived/95ptile/near-future/stdyr_noaa_heat_index_derived_95ptile_imperial_county_airport_kipl_near-future.csv
imperial_county_airport_kipl,noaa_heat_index_derived,95ptile,present-day,s3://cadcat/climate-profiles/standard-met-year/imperial_county_airport_kipl/noaa_heat_index_derived/95ptile/present-day/stdyr_noaa_heat_index_derived_95ptile_imperial_county_airport_kipl_present-day.csv
imperial_county_airport_kipl,rh_derived,05ptile,mid-century,s3://cadcat/climate-profiles/standard-met-year/imperial_county_airport_kipl/rh_derived/05ptile/mid-century/stdyr_rh_derived_05ptile_imperial_county_airport_kipl_mid-century.csv
imperial_county_airport_kipl,rh_derived,05ptile,mid-late-century,s3://cadcat/climate-profiles/standard-met-year/imperial_county_airport_kipl/rh_derived/05ptile/mid-late-century/stdyr_rh_derived_05ptile_imperial_county_airport_kipl_mid-late-century.csv
imperial_county_airport_kipl,rh_derived,05ptile,near-future,s3://cadcat/climate-profiles/standard-met-year/imperial_county_airport_kipl/rh_derived/05ptile/near-future/stdyr_rh_derived_05ptile_imperial_county_airport_kipl_near-future.csv
imperial_county_airport_kipl,rh_derived,05ptile,present-day,s3://cadcat/climate-profiles/standard-met-year/imperial_county_airport_kipl/rh_derived/05ptile/present-day/stdyr_rh_derived_05ptile_imperial_county_airport_kipl_present-day.csv
imperial_county_airport_kipl,rh_derived,50ptile,mid-century,s3://cadcat/climate-profiles/standard-met-year/imperial_county_airport_kipl/rh_derived/50ptile/mid-century/stdyr_rh_derived_50ptile_imperial_county_airport_kipl_mid-century.csv
imperial_county_airport_kipl,rh_derived,50ptile,mid-late-century,s3://cadcat/climate-profiles/standard-met-year/imperial_county_airport_kipl/rh_derived/50ptile/mid-late-century/stdyr_rh_derived_50ptile_imperial_county_airport_kipl_mid-late-century.csv
imperial_county_airport_kipl,rh_derived,50ptile,near-future,s3://cadcat/climate-profiles/standard-met-year/imperial_county_airport_kipl/rh_derived/50ptile/near-future/stdyr_rh_derived_50ptile_imperial_county_airport_kipl_near-future.csv
imperial_county_airport_kipl,rh_derived,50ptile,present-day,s3://cadcat/climate-profiles/standard-met-year/imperial_county_airport_kipl/rh_derived/50ptile/present-day/stdyr_rh_derived_50ptile_imperial_county_airport_kipl_present-day.csv
imperial_county_airport_kipl,rh_derived,95ptile,mid-century,s3://cadcat/climate-profiles/standard-met-year/imperial_county_airport_kipl/rh_derived/95ptile/mid-century/stdyr_rh_derived_95ptile_imperial_county_airport_kipl_mid-century.csv
imperial_county_airport_kipl,rh_derived,95ptile,mid-late-century,s3://cadcat/climate-profiles/standard-met-year/imperial_county_airport_kipl/rh_derived/95ptile/mid-late-century/stdyr_rh_derived_95ptile_imperial_county_airport_kipl_mid-late-century.csv
imperial_county_airport_kipl,rh_derived,95ptile,near-future,s3://cadcat/climate-profiles/standard-met-year/imperial_county_airport_kipl/rh_derived/95ptile/near-future/stdyr_rh_derived_95ptile_imperial_county_airport_kipl_near-future.csv
imperial_county_airport_kipl,rh_derived,95ptile,present-day,s3://cadcat/climate-profiles/standard-met-year/imperial_county_airport_kipl/rh_derived/95ptile/present-day/stdyr_rh_derived_95ptile_imperial_county_airport_kipl_present-day.csv
imperial_county_airport_kipl,swdnb,05ptile,mid-century,s3://cadcat/climate-profiles/standard-met-year/imperial_county_airport_kipl/swdnb/05ptile/mid-century/stdyr_swdnb_05ptile_imperial_county_airport_kipl_mid-century.csv
imperial_county_airport_kipl,swdnb,05ptile,mid-late-century,s3://cadcat/climate-profiles/standard-met-year/imperial_county_airport_kipl/swdnb/05ptile/mid-late-century/stdyr_swdnb_05ptile_imperial_county_airport_kipl_mid-late-century.csv
imperial_county_airport_kipl,swdnb,05ptile,near-future,s3://cadcat/climate-profiles/standard-met-year/imperial_county_airport_kipl/swdnb/05ptile/near-future/stdyr_swdnb_05ptile_imperial_county_airport_kipl_near-future.csv
imperial_county_airport_kipl,swdnb,05ptile,present-day,s3://cadcat/climate-profiles/standard-met-year/imperial_county_airport_kipl/swdnb/05ptile/present-day/stdyr_swdnb_05ptile_imperial_county_airport_kipl_present-day.csv
imperial_county_airport_kipl,swdnb,50ptile,mid-century,s3://cadcat/climate-profiles/standard-met-year/imperial_county_airport_kipl/swdnb/50ptile/mid-century/stdyr_swdnb_50ptile_imperial_county_airport_kipl_mid-century.csv
imperial_county_airport_kipl,swdnb,50ptile,mid-late-century,s3://cadcat/climate-profiles/standard-met-year/imperial_county_airport_kipl/swdnb/50ptile/mid-late-century/stdyr_swdnb_50ptile_imperial_county_airport_kipl_mid-late-century.csv
imperial_county_airport_kipl,swdnb,50ptile,near-future,s3://cadcat/climate-profiles/standard-met-year/imperial_county_airport_kipl/swdnb/50ptile/near-future/stdyr_swdnb_50ptile_imperial_county_airport_kipl_near-future.csv
imperial_county_airport_kipl,swdnb,50ptile,present-day,s3://cadcat/climate-profiles/standard-met-year/imperial_county_airport_kipl/swdnb/50ptile/present-day/stdyr_swdnb_50ptile_imperial_county_airport_kipl_present-day.csv
imperial_county_airport_kipl,swdnb,95ptile,mid-century,s3://cadcat/climate-profiles/standard-met-year/imperial_county_airport_kipl/swdnb/95ptile/mid-century/stdyr_swdnb_95ptile_imperial_county_airport_kipl_mid-century.csv
imperial_county_airport_kipl,swdnb,95ptile,mid-late-century,s3://cadcat/climate-profiles/standard-met-year/imperial_county_airport_kipl/swdnb/95ptile/mid-late-century/stdyr_swdnb_95ptile_imperial_county_airport_kipl_mid-late-century.csv
imperial_county_airport_kipl,swdnb,95ptile,near-future,s3://cadcat/climate-profiles/standard-met-year/imperial_county_airport_kipl/swdnb/95ptile/near-future/stdyr_swdnb_95ptile_imperial_county_airport_kipl_near-future.csv
imperial_county_airport_kipl,swdnb,95ptile,present-day,s3://cadcat/climate-profiles/standard-met-year/imperial_county_airport_kipl/swdnb/95ptile/present-day/stdyr_swdnb_95ptile_imperial_county_airport_kipl_present-day.csv
imperial_county_airport_kipl,t2,05ptile,mid-century,s3://cadcat/climate-profiles/standard-met-year/imperial_county_airport_kipl/t2/05ptile/mid-century/stdyr_t2_05ptile_imperial_county_airport_kipl_mid-century.csv
imperial_county_airport_kipl,t2,05ptile,mid-late-century,s3://cadcat/climate-profiles/standard-met-year/imperial_county_airport_kipl/t2/05ptile/mid-late-century/stdyr_t2_05ptile_imperial_county_airport_kipl_mid-late-century.csv
imperial_county_airport_kipl,t2,05ptile,near-future,s3://cadcat/climate-profiles/standard-met-year/imperial_county_airport_kipl/t2/05ptile/near-future/stdyr_t2_05ptile_imperial_county_airport_kipl_near-future.csv
imperial_county_airport_kipl,t2,05ptile,present-day,s3://cadcat/climate-profiles/standard-met-year/imperial_county_airport_kipl/t2/05ptile/present-day/stdyr_t2_05ptile_imperial_county_airport_kipl_present-day.csv
imperial_county_airport_kipl,t2,50ptile,mid-century,s3://cadcat/climate-profiles/standard-met-year/imperial_county_airport_kipl/t2/50ptile/mid-century/stdyr_t2_50ptile_imperial_county_airport_kipl_mid-century.csv
imperial_county_airport_kipl,t2,50ptile,mid-late-century,s3://cadcat/climate-profiles/standard-met-year/imperial_county_airport_kipl/t2/50ptile/mid-late-century/stdyr_t2_50ptile_imperial_county_airport_kipl_mid-late-century.csv
imperial_county_airport_kipl,t2,50ptile,near-future,s3://cadcat/climate-profiles/standard-met-year/imperial_county_airport_kipl/t2/50ptile/near-future/stdyr_t2_50ptile_imperial_county_airport_kipl_near-future.csv
imperial_county_airport_kipl,t2,50ptile,present-day,s3://cadcat/climate-profiles/standard-met-year/imperial_county_airport_kipl/t2/50ptile/present-day/stdyr_t2_50ptile_imperial_county_airport_kipl_present-day.csv
imperial_county_airport_kipl,t2,95ptile,mid-century,s3://cadcat/climate-profiles/standard-met-year/imperial_county_airport_kipl/t2/95ptile/mid-century/stdyr_t2_95ptile_imperial_county_airport_kipl_mid-century.csv
imperial_county_airport_kipl,t2,95ptile,mid-late-century,s3://cadcat/climate-profiles/standard-met-year/imperial_county_airport_kipl/t2/95ptile/mid-late-century/stdyr_t2_95ptile_imperial_county_airport_kipl_mid-late-century.csv
imperial_county_airport_kipl,t2,95ptile,near-future,s3://cadcat/climate-profiles/standard-met-year/imperial_county_airport_kipl/t2/95ptile/near-future/stdyr_t2_95ptile_imperial_county_airport_kipl_near-future.csv
imperial_county_airport_kipl,t2,95ptile,present-day,s3://cadcat/climate-profiles/standard-met-year/imperial_county_airport_kipl/t2/95ptile/present-day/stdyr_t2_95ptile_imperial_county_airport_kipl_present-day.csv
imperial_county_airport_kipl,wind_speed_derived,05ptile,mid-century,s3://cadcat/climate-profiles/standard-met-year/imperial_county_airport_kipl/wind_speed_derived/05ptile/mid-century/stdyr_wind_speed_derived_05ptile_imperial_county_airport_kipl_mid-century.csv
imperial_county_airport_kipl,wind_speed_derived,05ptile,mid-late-century,s3://cadcat/climate-profiles/standard-met-year/imperial_county_airport_kipl/wind_speed_derived/05ptile/mid-late-century/stdyr_wind_speed_derived_05ptile_imperial_county_airport_kipl_mid-late-century.csv
imperial_county_airport_kipl,wind_speed_derived,05ptile,near-future,s3://cadcat/climate-profiles/standard-met-year/imperial_county_airport_kipl/wind_speed_derived/05ptile/near-future/stdyr_wind_speed_derived_05ptile_imperial_county_airport_kipl_near-future.csv
imperial_county_airport_kipl,wind_speed_derived,05ptile,present-day,s3://cadcat/climate-profiles/standard-met-year/imperial_county_airport_kipl/wind_speed_derived/05ptile/present-day/stdyr_wind_speed_derived_05ptile_imperial_county_airport_kipl_present-day.csv
imperial_county_airport_kipl,wind_speed_derived,50ptile,mid-century,s3://cadcat/climate-profiles/standard-met-year/imperial_county_airport_kipl/wind_speed_derived/50ptile/mid-century/stdyr_wind_speed_derived_50ptile_imperial_county_airport_kipl_mid-century.csv
imperial_county_airport_kipl,wind_speed_derived,50ptile,mid-late-century,s3://cadcat/climate-profiles/standard-met-year/imperial_county_airport_kipl/wind_speed_derived/50ptile/mid-late-century/stdyr_wind_speed_derived_50ptile_imperial_county_airport_kipl_mid-late-century.csv
imperial_county_airport_kipl,wind_speed_derived,50ptile,near-future,s3://cadcat/climate-profiles/standard-met-year/imperial_county_airport_kipl/wind_speed_derived/50ptile/near-future/stdyr_wind_speed_derived_50ptile_imperial_county_airport_kipl_near-future.csv
imperial_county_airport_kipl,wind_speed_derived,50ptile,present-day,s3://cadcat/climate-profiles/standard-met-year/imperial_county_airport_kipl/wind_speed_derived/50ptile/present-day/stdyr_wind_speed_derived_50ptile_imperial_county_airport_kipl_present-day.csv
imperial_county_airport_kipl,wind_speed_derived,95ptile,mid-century,s3://cadcat/climate-profiles/standard-met-year/imperial_county_airport_kipl/wind_speed_derived/95ptile/mid-century/stdyr_wind_speed_derived_95ptile_imperial_county_airport_kipl_mid-century.csv
imperial_county_airport_kipl,wind_speed_derived,95ptile,mid-late-century,s3://cadcat/climate-profiles/standard-met-year/imperial_county_airport_kipl/wind_speed_derived/95ptile/mid-late-century/stdyr_wind_speed_derived_95ptile_imperial_county_airport_kipl_mid-late-century.csv
imperial_county_airport_kipl,wind_speed_derived,95ptile,near-future,s3://cadcat/climate-profiles/standard-met-year/imperial_county_airport_kipl/wind_speed_derived/95ptile/near-future/stdyr_wind_speed_derived_95ptile_imperial_county_airport_kipl_near-future.csv
imperial_county_airport_kipl,wind_speed_derived,95ptile,present-day,s3://cadcat/climate-profiles/standard-met-year/imperial_county_airport_kipl/wind_speed_derived/95ptile/present-day/stdyr_wind_speed_derived_95ptile_imperial_county_airport_kipl_present-day.csv
lancaster_william_j_fox_field_kwjf,noaa_heat_index_derived,05ptile,mid-century,s3://cadcat/climate-profiles/standard-met-year/lancaster_william_j_fox_field_kwjf/noaa_heat_index_derived/05ptile/mid-century/stdyr_noaa_heat_index_derived_05ptile_lancaster_william_j_fox_field_kwjf_mid-century.csv
lancaster_william_j_fox_field_kwjf,noaa_heat_index_derived,05ptile,mid-late-century,s3://cadcat/climate-profiles/standard-met-year/lancaster_william_j_fox_field_kwjf/noaa_heat_index_derived/05ptile/mid-late-century/stdyr_noaa_heat_index_derived_05ptile_lancaster_william_j_fox_field_kwjf_mid-late-century.csv
lancaster_william_j_fox_field_kwjf,noaa_heat_index_derived,05ptile,near-future,s3://cadcat/climate-profiles/standard-met-year/lancaster_william_j_fox_field_kwjf/noaa_heat_index_derived/05ptile/near-future/stdyr_noaa_heat_index_derived_05ptile_lancaster_william_j_fox_field_kwjf_near-future.csv
lancaster_william_j_fox_field_kwjf,noaa_heat_index_derived,05ptile,present-day,s3://cadcat/climate-profiles/standard-met-year/lancaster_william_j_fox_field_kwjf/noaa_heat_index_derived/05ptile/present-day/stdyr_noaa_heat_index_derived_05ptile_lancaster_william_j_fox_field_kwjf_present-day.csv
lancaster_william_j_fox_field_kwjf,noaa_heat_index_derived,50ptile,mid-century,s3://cadcat/climate-profiles/standard-met-year/lancaster_william_j_fox_field_kwjf/noaa_heat_index_derived/50ptile/mid-century/stdyr_noaa_heat_index_derived_50ptile_lancaster_william_j_fox_field_kwjf_mid-century.csv
lancaster_william_j_fox_field_kwjf,noaa_heat_index_derived,50ptile,mid-late-century,s3://cadcat/climate-profiles/standard-met-year/lancaster_william_j_fox_field_kwjf/noaa_heat_index_derived/50ptile/mid-late-century/stdyr_noaa_heat_index_derived_50ptile_lancaster_william_j_fox_field_kwjf_mid-late-century.csv
lancaster_william_j_fox_field_kwjf,noaa_heat_index_derived,50ptile,near-future,s3://cadcat/climate-profiles/standard-met-year/lancaster_william_j_fox_field_kwjf/noaa_heat_index_derived/50ptile/near-future/stdyr_noaa_heat_index_derived_50ptile_lancaster_william_j_fox_field_kwjf_near-future.csv
lancaster_william_j_fox_field_kwjf,noaa_heat_index_derived,50ptile,present-day,s3://cadcat/climate-profiles/standard-met-year/lancaster_william_j_fox_field_kwjf/noaa_heat_index_derived/50ptile/present-day/stdyr_noaa_heat_index_derived_50ptile_lancaster_william_j_fox_field_kwjf_present-day.csv
lancaster_william_j_fox_field_kwjf,noaa_heat_index_derived,95ptile,mid-century,s3://cadcat/climate-profiles/standard-met-year/lancaster_william_j_fox_field_kwjf/noaa_heat_index_derived/95ptile/mid-century/stdyr_noaa_heat_index_derived_95ptile_lancaster_william_j_fox_field_kwjf_mid-century.csv
lancaster_william_j_fox_field_kwjf,noaa_heat_index_derived,95ptile,mid-late-century,s3://cadcat/climate-profiles/standard-met-year/lancaster_william_j_fox_field_kwjf/noaa_heat_index_derived/95ptile/mid-late-century/stdyr_noaa_heat_index_derived_95ptile_lancaster_william_j_fox_field_kwjf_mid-late-century.csv
lancaster_william_j_fox_field_kwjf,noaa_heat_index_derived,95ptile,near-future,s3://cadcat/climate-profiles/standard-met-year/lancaster_william_j_fox_field_kwjf/noaa_heat_index_derived/95ptile/near-future/stdyr_noaa_heat_index_derived_95ptile_lancaster_william_j_fox_field_kwjf_near-future.csv
lancaster_william_j_fox_field_kwjf,noaa_heat_index_derived,95ptile,present-day,s3://cadcat/climate-profiles/standard-met-year/lancaster_william_j_fox_field_kwjf/noaa_heat_index_derived/95ptile/present-day/stdyr_noaa_heat_index_derived_95ptile_lancaster_william_j_fox_field_kwjf_present-day.csv
lancaster_william_j_fox_field_kwjf,rh_derived,05ptile,mid-century,s3://cadcat/climate-profiles/standard-met-year/lancaster_william_j_fox_field_kwjf/rh_derived/05ptile/mid-century/stdyr_rh_derived_05ptile_lancaster_william_j_fox_field_kwjf_mid-century.csv
lancaster_william_j_fox_field_kwjf,rh_derived,05ptile,mid-late-century,s3://cadcat/climate-profiles/standard-met-year/lancaster_william_j_fox_field_kwjf/rh_derived/05ptile/mid-late-century/stdyr_rh_derived_05ptile_lancaster_william_j_fox_field_kwjf_mid-late-century.csv
lancaster_william_j_fox_field_kwjf,rh_derived,05ptile,near-future,s3://cadcat/climate-profiles/standard-met-year/lancaster_william_j_fox_field_kwjf/rh_derived/05ptile/near-future/stdyr_rh_derived_05ptile_lancaster_william_j_fox_field_kwjf_near-future.csv
lancaster_william_j_fox_field_kwjf,rh_derived,05ptile,present-day,s3://cadcat/climate-profiles/standard-met-year/lancaster_william_j_fox_field_kwjf/rh_derived/05ptile/present-day/stdyr_rh_derived_05ptile_lancaster_william_j_fox_field_kwjf_present-day.csv
lancaster_william_j_fox_field_kwjf,rh_derived,50ptile,mid-century,s3://cadcat/climate-profiles/standard-met-year/lancaster_william_j_fox_field_kwjf/rh_derived/50ptile/mid-century/stdyr_rh_derived_50ptile_lancaster_william_j_fox_field_kwjf_mid-century.csv
lancaster_william_j_fox_field_kwjf,rh_derived,50ptile,mid-late-century,s3://cadcat/climate-profiles/standard-met-year/lancaster_william_j_fox_field_kwjf/rh_derived/50ptile/mid-late-century/stdyr_rh_derived_50ptile_lancaster_william_j_fox_field_kwjf_mid-late-century.csv
lancaster_william_j_fox_field_kwjf,rh_derived,50ptile,near-future,s3://cadcat/climate-profiles/standard-met-year/lancaster_william_j_fox_field_kwjf/rh_derived/50ptile/near-future/stdyr_rh_derived_50ptile_lancaster_william_j_fox_field_kwjf_near-future.csv
lancaster_william_j_fox_field_kwjf,rh_derived,50ptile,present-day,s3://cadcat/climate-profiles/standard-met-year/lancaster_william_j_fox_field_kwjf/rh_derived/50ptile/present-day/stdyr_rh_derived_50ptile_lancaster_william_j_fox_field_kwjf_present-day.csv
lancaster_william_j_fox_field_kwjf,rh_derived,95ptile,mid-century,s3://cadcat/climate-profiles/standard-met-year/lancaster_william_j_fox_field_kwjf/rh_derived/95ptile/mid-century/stdyr_rh_derived_95ptile_lancaster_william_j_fox_field_kwjf_mid-century.csv
lancaster_william_j_fox_field_kwjf,rh_derived,95ptile,mid-late-century,s3://cadcat/climate-profiles/standard-met-year/lancaster_william_j_fox_field_kwjf/rh_derived/95ptile/mid-late-century/stdyr_rh_derived_95ptile_lancaster_william_j_fox_field_kwjf_mid-late-century.csv
lancaster_william_j_fox_field_kwjf,rh_derived,95ptile,near-future,s3://cadcat/climate-profiles/standard-met-year/lancaster_william_j_fox_field_kwjf/rh_derived/95ptile/near-future/stdyr_rh_derived_95ptile_lancaster_william_j_fox_field_kwjf_near-future.csv
lancaster_william_j_fox_field_kwjf,rh_derived,95ptile,present-day,s3://cadcat/climate-profiles/standard-met-year/lancaster_william_j_fox_field_kwjf/rh_derived/95ptile/present-day/stdyr_rh_derived_95ptile_lancaster_william_j_fox_field_kwjf_present-day.csv
lancaster_william_j_fox_field_kwjf,swdnb,05ptile,mid-century,s3://cadcat/climate-profiles/standard-met-year/lancaster_william_j_fox_field_kwjf/swdnb/05ptile/mid-century/stdyr_swdnb_05ptile_lancaster_william_j_fox_field_kwjf_mid-century.csv
lancaster_william_j_fox_field_kwjf,swdnb,05ptile,mid-late-century,s3://cadcat/climate-profiles/standard-met-year/lancaster_william_j_fox_field_kwjf/swdnb/05ptile/mid-late-century/stdyr_swdnb_05ptile_lancaster_william_j_fox_field_kwjf_mid-late-century.csv
lancaster_william_j_fox_field_kwjf,swdnb,05ptile,near-future,s3://cadcat/climate-profiles/standard-met-year/lancaster_william_j_fox_field_kwjf/swdnb/05ptile/near-future/stdyr_swdnb_05ptile_lancaster_william_j_fox_field_kwjf_near-future.csv
lancaster_william_j_fox_field_kwjf,swdnb,05ptile,present-day,s3://cadcat/climate-profiles/standard-met-year/lancaster_william_j_fox_field_kwjf/swdnb/05ptile/present-day/stdyr_swdnb_05ptile_lancaster_william_j_fox_field_kwjf_present-day.csv
lancaster_william_j_fox_field_kwjf,swdnb,50ptile,mid-century,s3://cadcat/climate-profiles/standard-met-year/lancaster_william_j_fox_field_kwjf/swdnb/50ptile/mid-century/stdyr_swdnb_50ptile_lancaster_william_j_fox_field_kwjf_mid-century.csv
lancaster_william_j_fox_field_kwjf,swdnb,50ptile,mid-late-century,s3://cadcat/climate-profiles/standard-met-year/lancaster_william_j_fox_field_kwjf/swdnb/50ptile/mid-late-century/stdyr_swdnb_50ptile_lancaster_william_j_fox_field_kwjf_mid-late-century.csv
lancaster_william_j_fox_field_kwjf,swdnb,50ptile,near-future,s3://cadcat/climate-profiles/standard-met-year/lancaster_william_j_fox_field_kwjf/swdnb/50ptile/near-future/stdyr_swdnb_50ptile_lancaster_william_j_fox_field_kwjf_near-future.csv
lancaster_william_j_fox_field_kwjf,swdnb,50ptile,present-day,s3://cadcat/climate-profiles/standard-met-year/lancaster_william_j_fox_field_kwjf/swdnb/50ptile/present-day/stdyr_swdnb_50ptile_lancaster_william_j_fox_field_kwjf_present-day.csv
lancaster_william_j_fox_field_kwjf,swdnb,95ptile,mid-century,s3://cadcat/climate-profiles/standard-met-year/lancaster_william_j_fox_field_kwjf/swdnb/95ptile/mid-century/stdyr_swdnb_95ptile_lancaster_william_j_fox_field_kwjf_mid-century.csv
lancaster_william_j_fox_field_kwjf,swdnb,95ptile,mid-late-century,s3://cadcat/climate-profiles/standard-met-year/lancaster_william_j_fox_field_kwjf/swdnb/95ptile/mid-late-century/stdyr_swdnb_95ptile_lancaster_william_j_fox_field_kwjf_mid-late-century.csv
lancaster_william_j_fox_field_kwjf,swdnb,95ptile,near-future,s3://cadcat/climate-profiles/standard-met-year/lancaster_william_j_fox_field_kwjf/swdnb/95ptile/near-future/stdyr_swdnb_95ptile_lancaster_william_j_fox_field_kwjf_near-future.csv
lancaster_william_j_fox_field_kwjf,swdnb,95ptile,present-day,s3://cadcat/climate-profiles/standard-met-year/lancaster_william_j_fox_field_kwjf/swdnb/95ptile/present-day/stdyr_swdnb_95ptile_lancaster_william_j_fox_field_kwjf_present-day.csv
lancaster_william_j_fox_field_kwjf,t2,05ptile,mid-century,s3://cadcat/climate-profiles/standard-met-year/lancaster_william_j_fox_field_kwjf/t2/05ptile/mid-century/stdyr_t2_05ptile_lancaster_william_j_fox_field_kwjf_mid-century.csv
lancaster_william_j_fox_field_kwjf,t2,05ptile,mid-late-century,s3://cadcat/climate-profiles/standard-met-year/lancaster_william_j_fox_field_kwjf/t2/05ptile/mid-late-century/stdyr_t2_05ptile_lancaster_william_j_fox_field_kwjf_mid-late-century.csv
lancaster_william_j_fox_field_kwjf,t2,05ptile,near-future,s3://cadcat/climate-profiles/standard-met-year/lancaster_william_j_fox_field_kwjf/t2/05ptile/near-future/stdyr_t2_05ptile_lancaster_william_j_fox_field_kwjf_near-future.csv
lancaster_william_j_fox_field_kwjf,t2,05ptile,present-day,s3://cadcat/climate-profiles/standard-met-year/lancaster_william_j_fox_field_kwjf/t2/05ptile/present-day/stdyr_t2_05ptile_lancaster_william_j_fox_field_kwjf_present-day.csv
lancaster_william_j_fox_field_kwjf,t2,50ptile,mid-century,s3://cadcat/climate-profiles/standard-met-year/lancaster_william_j_fox_field_kwjf/t2/50ptile/mid-century/stdyr_t2_50ptile_lancaster_william_j_fox_field_kwjf_mid-century.csv
lancaster_william_j_fox_field_kwjf,t2,50ptile,mid-late-century,s3://cadcat/climate-profiles/standard-met-year/lancaster_william_j_fox_field_kwjf/t2/50ptile/mid-late-century/stdyr_t2_50ptile_lancaster_william_j_fox_field_kwjf_mid-late-century.csv
lancaster_william_j_fox_field_kwjf,t2,50ptile,near-future,s3://cadcat/climate-profiles/standard-met-year/lancaster_william_j_fox_field_kwjf/t2/50ptile/near-future/stdyr_t2_50ptile_lancaster_william_j_fox_field_kwjf_near-future.csv
lancaster_william_j_fox_field_kwjf,t2,50ptile,present-day,s3://cadcat/climate-profiles/standard-met-year/lancaster_william_j_fox_field_kwjf/t2/50ptile/present-day/stdyr_t2_50ptile_lancaster_william_j_fox_field_kwjf_present-day.csv
lancaster_william_j_fox_field_kwjf,t2,95ptile,mid-century,s3://cadcat/climate-profiles/standard-met-year/lancaster_william_j_fox_field_kwjf/t2/95ptile/mid-century/stdyr_t2_95ptile_lancaster_william_j_fox_field_kwjf_mid-century.csv
lancaster_william_j_fox_field_kwjf,t2,95ptile,mid-late-century,s3://cadcat/climate-profiles/standard-met-year/lancaster_william_j_fox_field_kwjf/t2/95ptile/mid-late-century/stdyr_t2_95ptile_lancaster_william_j_fox_field_kwjf_mid-late-century.csv
lancaster_william_j_fox_field_kwjf,t2,95ptile,near-future,s3://cadcat/climate-profiles/standard-met-year/lancaster_william_j_fox_field_kwjf/t2/95ptile/near-future/stdyr_t2_95ptile_lancaster_william_j_fox_field_kwjf_near-future.csv
lancaster_william_j_fox_field_kwjf,t2,95ptile,present-day,s3://cadcat/climate-profiles/standard-met-year/lancaster_william_j_fox_field_kwjf/t2/95ptile/present-day/stdyr_t2_95ptile_lancaster_william_j_fox_field_kwjf_present-day.csv
lancaster_william_j_fox_field_kwjf,wind_speed_derived,05ptile,mid-century,s3://cadcat/climate-profiles/standard-met-year/lancaster_william_j_fox_field_kwjf/wind_speed_derived/05ptile/mid-century/stdyr_wind_speed_derived_05ptile_lancaster_william_j_fox_field_kwjf_mid-century.csv
lancaster_william_j_fox_field_kwjf,wind_speed_derived,05ptile,mid-late-century,s3://cadcat/climate-profiles/standard-met-year/lancaster_william_j_fox_field_kwjf/wind_speed_derived/05ptile/mid-late-century/stdyr_wind_speed_derived_05ptile_lancaster_william_j_fox_field_kwjf_mid-late-century.csv
lancaster_william_j_fox_field_kwjf,wind_speed_derived,05ptile,near-future,s3://cadcat/climate-profiles/standard-met-year/lancaster_william_j_fox_field_kwjf/wind_speed_derived/05ptile/near-future/stdyr_wind_speed_derived_05ptile_lancaster_william_j_fox_field_kwjf_near-future.csv
lancaster_william_j_fox_field_kwjf,wind_speed_derived,05ptile,present-day,s3://cadcat/climate-profiles/standard-met-year/lancaster_william_j_fox_field_kwjf/wind_speed_derived/05ptile/present-day/stdyr_wind_speed_derived_05ptile_lancaster_william_j_fox_field_kwjf_present-day.csv
lancaster_william_j_fox_field_kwjf,wind_speed_derived,50ptile,mid-century,s3://cadcat/climate-profiles/standard-met-year/lancaster_william_j_fox_field_kwjf/wind_speed_derived/50ptile/mid-century/stdyr_wind_speed_derived_50ptile_lancaster_william_j_fox_field_kwjf_mid-century.csv
lancaster_william_j_fox_field_kwjf,wind_speed_derived,50ptile,mid-late-century,s3://cadcat/climate-profiles/standard-met-year/lancaster_william_j_fox_field_kwjf/wind_speed_derived/50ptile/mid-late-century/stdyr_wind_speed_derived_50ptile_lancaster_william_j_fox_field_kwjf_mid-late-century.csv
lancaster_william_j_fox_field_kwjf,wind_speed_derived,50ptile,near-future,s3://cadcat/climate-profiles/standard-met-year/lancaster_william_j_fox_field_kwjf/wind_speed_derived/50ptile/near-future/stdyr_wind_speed_derived_50ptile_lancaster_william_j_fox_field_kwjf_near-future.csv
lancaster_william_j_fox_field_kwjf,wind_speed_derived,50ptile,present-day,s3://cadcat/climate-profiles/standard-met-year/lancaster_william_j_fox_field_kwjf/wind_speed_derived/50ptile/present-day/stdyr_wind_speed_derived_50ptile_lancaster_william_j_fox_field_kwjf_present-day.csv
lancaster_william_j_fox_field_kwjf,wind_speed_derived,95ptile,mid-century,s3://cadcat/climate-profiles/standard-met-year/lancaster_william_j_fox_field_kwjf/wind_speed_derived/95ptile/mid-century/stdyr_wind_speed_derived_95ptile_lancaster_william_j_fox_field_kwjf_mid-century.csv
lancaster_william_j_fox_field_kwjf,wind_speed_derived,95ptile,mid-late-century,s3://cadcat/climate-profiles/standard-met-year/lancaster_william_j_fox_field_kwjf/wind_speed_derived/95ptile/mid-late-century/stdyr_wind_speed_derived_95ptile_lancaster_william_j_fox_field_kwjf_mid-late-century.csv
lancaster_william_j_fox_field_kwjf,wind_speed_derived,95ptile,near-future,s3://cadcat/climate-profiles/standard-met-year/lancaster_william_j_fox_field_kwjf/wind_speed_derived/95ptile/near-future/stdyr_wind_speed_derived_95ptile_lancaster_william_j_fox_field_kwjf_near-future.csv
lancaster_william_j_fox_field_kwjf,wind_speed_derived,95ptile,present-day,s3://cadcat/climate-profiles/standard-met-year/lancaster_william_j_fox_field_kwjf/wind_speed_derived/95ptile/present-day/stdyr_wind_speed_derived_95ptile_lancaster_william_j_fox_field_kwjf_present-day.csv
long_beach_daugherty_field_klgb,noaa_heat_index_derived,05ptile,mid-century,s3://cadcat/climate-profiles/standard-met-year/long_beach_daugherty_field_klgb/noaa_heat_index_derived/05ptile/mid-century/stdyr_noaa_heat_index_derived_05ptile_long_beach_daugherty_field_klgb_mid-century.csv
long_beach_daugherty_field_klgb,noaa_heat_index_derived,05ptile,mid-late-century,s3://cadcat/climate-profiles/standard-met-year/long_beach_daugherty_field_klgb/noaa_heat_index_derived/05ptile/mid-late-century/stdyr_noaa_heat_index_derived_05ptile_long_beach_daugherty_field_klgb_mid-late-century.csv
long_beach_daugherty_field_klgb,noaa_heat_index_derived,05ptile,near-future,s3://cadcat/climate-profiles/standard-met-year/long_beach_daugherty_field_klgb/noaa_heat_index_derived/05ptile/near-future/stdyr_noaa_heat_index_derived_05ptile_long_beach_daugherty_field_klgb_near-future.csv
long_beach_daugherty_field_klgb,noaa_heat_index_derived,05ptile,present-day,s3://cadcat/climate-profiles/standard-met-year/long_beach_daugherty_field_klgb/noaa_heat_index_derived/05ptile/present-day/stdyr_noaa_heat_index_derived_05ptile_long_beach_daugherty_field_klgb_present-day.csv
long_beach_daugherty_field_klgb,noaa_heat_index_derived,50ptile,mid-century,s3://cadcat/climate-profiles/standard-met-year/long_beach_daugherty_field_klgb/noaa_heat_index_derived/50ptile/mid-century/stdyr_noaa_heat_index_derived_50ptile_long_beach_daugherty_field_klgb_mid-century.csv
long_beach_daugherty_field_klgb,noaa_heat_index_derived,50ptile,mid-late-century,s3://cadcat/climate-profiles/standard-met-year/long_beach_daugherty_field_klgb/noaa_heat_index_derived/50ptile/mid-late-century/stdyr_noaa_heat_index_derived_50ptile_long_beach_daugherty_field_klgb_mid-late-century.csv
long_beach_daugherty_field_klgb,noaa_heat_index_derived,50ptile,near-future,s3://cadcat/climate-profiles/standard-met-year/long_beach_daugherty_field_klgb/noaa_heat_index_derived/50ptile/near-future/stdyr_noaa_heat_index_derived_50ptile_long_beach_daugherty_field_klgb_near-future.csv
long_beach_daugherty_field_klgb,noaa_heat_index_derived,50ptile,present-day,s3://cadcat/climate-profiles/standard-met-year/long_beach_daugherty_field_klgb/noaa_heat_index_derived/50ptile/present-day/stdyr_noaa_heat_index_derived_50ptile_long_beach_daugherty_field_klgb_present-day.csv
long_beach_daugherty_field_klgb,noaa_heat_index_derived,95ptile,mid-century,s3://cadcat/climate-profiles/standard-met-year/long_beach_daugherty_field_klgb/noaa_heat_index_derived/95ptile/mid-century/stdyr_noaa_heat_index_derived_95ptile_long_beach_daugherty_field_klgb_mid-century.csv
long_beach_daugherty_field_klgb,noaa_heat_index_derived,95ptile,mid-late-century,s3://cadcat/climate-profiles/standard-met-year/long_beach_daugherty_field_klgb/noaa_heat_index_derived/95ptile/mid-late-century/stdyr_noaa_heat_index_derived_95ptile_long_beach_daugherty_field_klgb_mid-late-century.csv
long_beach_daugherty_field_klgb,noaa_heat_index_derived,95ptile,near-future,s3://cadcat/climate-profiles/standard-met-year/long_beach_daugherty_field_klgb/noaa_heat_index_derived/95ptile/near-future/stdyr_noaa_heat_index_derived_95ptile_long_beach_daugherty_field_klgb_near-future.csv
long_beach_daugherty_field_klgb,noaa_heat_index_derived,95ptile,present-day,s3://cadcat/climate-profiles/standard-met-year/long_beach_daugherty_field_klgb/noaa_heat_index_derived/95ptile/present-day/stdyr_noaa_heat_index_derived_95ptile_long_beach_daugherty_field_klgb_present-day.csv
long_beach_daugherty_field_klgb,rh_derived,05ptile,mid-century,s3://cadcat/climate-profiles/standard-met-year/long_beach_daugherty_field_klgb/rh_derived/05ptile/mid-century/stdyr_rh_derived_05ptile_long_beach_daugherty_field_klgb_mid-century.csv
long_beach_daugherty_field_klgb,rh_derived,05ptile,mid-late-century,s3://cadcat/climate-profiles/standard-met-year/long_beach_daugherty_field_klgb/rh_derived/05ptile/mid-late-century/stdyr_rh_derived_05ptile_long_beach_daugherty_field_klgb_mid-late-century.csv
long_beach_daugherty_field_klgb,rh_derived,05ptile,near-future,s3://cadcat/climate-profiles/standard-met-year/long_beach_daugherty_field_klgb/rh_derived/05ptile/near-future/stdyr_rh_derived_05ptile_long_beach_daugherty_field_klgb_near-future.csv
long_beach_daugherty_field_klgb,rh_derived,05ptile,present-day,s3://cadcat/climate-profiles/standard-met-year/long_beach_daugherty_field_klgb/rh_derived/05ptile/present-day/stdyr_rh_derived_05ptile_long_beach_daugherty_field_klgb_present-day.csv
long_beach_daugherty_field_klgb,rh_derived,50ptile,mid-century,s3://cadcat/climate-profiles/standard-met-year/long_beach_daugherty_field_klgb/rh_derived/50ptile/mid-century/stdyr_rh_derived_50ptile_long_beach_daugherty_field_klgb_mid-century.csv
long_beach_daugherty_field_klgb,rh_derived,50ptile,mid-late-century,s3://cadcat/climate-profiles/standard-met-year/long_beach_daugherty_field_klgb/rh_derived/50ptile/mid-late-century/stdyr_rh_derived_50ptile_long_beach_daugherty_field_klgb_mid-late-century.csv
long_beach_daugherty_field_klgb,rh_derived,50ptile,near-future,s3://cadcat/climate-profiles/standard-met-year/long_beach_daugherty_field_klgb/rh_derived/50ptile/near-future/stdyr_rh_derived_50ptile_long_beach_daugherty_field_klgb_near-future.csv
long_beach_daugherty_field_klgb,rh_derived,50ptile,present-day,s3://cadcat/climate-profiles/standard-met-year/long_beach_daugherty_field_klgb/rh_derived/50ptile/present-day/stdyr_rh_derived_50ptile_long_beach_daugherty_field_klgb_present-day.csv
long_beach_daugherty_field_klgb,rh_derived,95ptile,mid-century,s3://cadcat/climate-profiles/standard-met-year/long_beach_daugherty_field_klgb/rh_derived/95ptile/mid-century/stdyr_rh_derived_95ptile_long_beach_daugherty_field_klgb_mid-century.csv
long_beach_daugherty_field_klgb,rh_derived,95ptile,mid-late-century,s3://cadcat/climate-profiles/standard-met-year/long_beach_daugherty_field_klgb/rh_derived/95ptile/mid-late-century/stdyr_rh_derived_95ptile_long_beach_daugherty_field_klgb_mid-late-century.csv
long_beach_daugherty_field_klgb,rh_derived,95ptile,near-future,s3://cadcat/climate-profiles/standard-met-year/long_beach_daugherty_field_klgb/rh_derived/95ptile/near-future/stdyr_rh_derived_95ptile_long_beach_daugherty_field_klgb_near-future.csv
long_beach_daugherty_field_klgb,rh_derived,95ptile,present-day,s3://cadcat/climate-profiles/standard-met-year/long_beach_daugherty_field_klgb/rh_derived/95ptile/present-day/stdyr_rh_derived_95ptile_long_beach_daugherty_field_klgb_present-day.csv
long_beach_daugherty_field_klgb,swdnb,05ptile,mid-century,s3://cadcat/climate-profiles/standard-met-year/long_beach_daugherty_field_klgb/swdnb/05ptile/mid-century/stdyr_swdnb_05ptile_long_beach_daugherty_field_klgb_mid-century.csv
long_beach_daugherty_field_klgb,swdnb,05ptile,mid-late-century,s3://cadcat/climate-profiles/standard-met-year/long_beach_daugherty_field_klgb/swdnb/05ptile/mid-late-century/stdyr_swdnb_05ptile_long_beach_daugherty_field_klgb_mid-late-century.csv
long_beach_daugherty_field_klgb,swdnb,05ptile,near-future,s3://cadcat/climate-profiles/standard-met-year/long_beach_daugherty_field_klgb/swdnb/05ptile/near-future/stdyr_swdnb_05ptile_long_beach_daugherty_field_klgb_near-future.csv
long_beach_daugherty_field_klgb,swdnb,05ptile,present-day,s3://cadcat/climate-profiles/standard-met-year/long_beach_daugherty_field_klgb/swdnb/05ptile/present-day/stdyr_swdnb_05ptile_long_beach_daugherty_field_klgb_present-day.csv
long_beach_daugherty_field_klgb,swdnb,50ptile,mid-century,s3://cadcat/climate-profiles/standard-met-year/long_beach_daugherty_field_klgb/swdnb/50ptile/mid-century/stdyr_swdnb_50ptile_long_beach_daugherty_field_klgb_mid-century.csv
long_beach_daugherty_field_klgb,swdnb,50ptile,mid-late-century,s3://cadcat/climate-profiles/standard-met-year/long_beach_daugherty_field_klgb/swdnb/50ptile/mid-late-century/stdyr_swdnb_50ptile_long_beach_daugherty_field_klgb_mid-late-century.csv
long_beach_daugherty_field_klgb,swdnb,50ptile,near-future,s3://cadcat/climate-profiles/standard-met-year/long_beach_daugherty_field_klgb/swdnb/50ptile/near-future/stdyr_swdnb_50ptile_long_beach_daugherty_field_klgb_near-future.csv
long_beach_daugherty_field_klgb,swdnb,50ptile,present-day,s3://cadcat/climate-profiles/standard-met-year/long_beach_daugherty_field_klgb/swdnb/50ptile/present-day/stdyr_swdnb_50ptile_long_beach_daugherty_field_klgb_present-day.csv
long_beach_daugherty_field_klgb,swdnb,95ptile,mid-century,s3://cadcat/climate-profiles/standard-met-year/long_beach_daugherty_field_klgb/swdnb/95ptile/mid-century/stdyr_swdnb_95ptile_long_beach_daugherty_field_klgb_mid-century.csv
long_beach_daugherty_field_klgb,swdnb,95ptile,mid-late-century,s3://cadcat/climate-profiles/standard-met-year/long_beach_daugherty_field_klgb/swdnb/95ptile/mid-late-century/stdyr_swdnb_95ptile_long_beach_daugherty_field_klgb_mid-late-century.csv
long_beach_daugherty_field_klgb,swdnb,95ptile,near-future,s3://cadcat/climate-profiles/standard-met-year/long_beach_daugherty_field_klgb/swdnb/95ptile/near-future/stdyr_swdnb_95ptile_long_beach_daugherty_field_klgb_near-future.csv
long_beach_daugherty_field_klgb,swdnb,95ptile,present-day,s3://cadcat/climate-profiles/standard-met-year/long_beach_daugherty_field_klgb/swdnb/95ptile/present-day/stdyr_swdnb_95ptile_long_beach_daugherty_field_klgb_present-day.csv
long_beach_daugherty_field_klgb,t2,05ptile,mid-century,s3://cadcat/climate-profiles/standard-met-year/long_beach_daugherty_field_klgb/t2/05ptile/mid-century/stdyr_t2_05ptile_long_beach_daugherty_field_klgb_mid-century.csv
long_beach_daugherty_field_klgb,t2,05ptile,mid-late-century,s3://cadcat/climate-profiles/standard-met-year/long_beach_daugherty_field_klgb/t2/05ptile/mid-late-century/stdyr_t2_05ptile_long_beach_daugherty_field_klgb_mid-late-century.csv
long_beach_daugherty_field_klgb,t2,05ptile,near-future,s3://cadcat/climate-profiles/standard-met-year/long_beach_daugherty_field_klgb/t2/05ptile/near-future/stdyr_t2_05ptile_long_beach_daugherty_field_klgb_near-future.csv
long_beach_daugherty_field_klgb,t2,05ptile,present-day,s3://cadcat/climate-profiles/standard-met-year/long_beach_daugherty_field_klgb/t2/05ptile/present-day/stdyr_t2_05ptile_long_beach_daugherty_field_klgb_present-day.csv
long_beach_daugherty_field_klgb,t2,50ptile,mid-century,s3://cadcat/climate-profiles/standard-met-year/long_beach_daugherty_field_klgb/t2/50ptile/mid-century/stdyr_t2_50ptile_long_beach_daugherty_field_klgb_mid-century.csv
long_beach_daugherty_field_klgb,t2,50ptile,mid-late-century,s3://cadcat/climate-profiles/standard-met-year/long_beach_daugherty_field_klgb/t2/50ptile/mid-late-century/stdyr_t2_50ptile_long_beach_daugherty_field_klgb_mid-late-century.csv
long_beach_daugherty_field_klgb,t2,50ptile,near-future,s3://cadcat/climate-profiles/standard-met-year/long_beach_daugherty_field_klgb/t2/50ptile/near-future/stdyr_t2_50ptile_long_beach_daugherty_field_klgb_near-future.csv
long_beach_daugherty_field_klgb,t2,50ptile,present-day,s3://cadcat/climate-profiles/standard-met-year/long_beach_daugherty_field_klgb/t2/50ptile/present-day/stdyr_t2_50ptile_long_beach_daugherty_field_klgb_present-day.csv
long_beach_daugherty_field_klgb,t2,95ptile,mid-century,s3://cadcat/climate-profiles/standard-met-year/long_beach_daugherty_field_klgb/t2/95ptile/mid-century/stdyr_t2_95ptile_long_beach_daugherty_field_klgb_mid-century.csv
long_beach_daugherty_field_klgb,t2,95ptile,mid-late-century,s3://cadcat/climate-profiles/standard-met-year/long_beach_daugherty_field_klgb/t2/95ptile/mid-late-century/stdyr_t2_95ptile_long_beach_daugherty_field_klgb_mid-late-century.csv
long_beach_daugherty_field_klgb,t2,95ptile,near-future,s3://cadcat/climate-profiles/standard-met-year/long_beach_daugherty_field_klgb/t2/95ptile/near-future/stdyr_t2_95ptile_long_beach_daugherty_field_klgb_near-future.csv
long_beach_daugherty_field_klgb,t2,95ptile,present-day,s3://cadcat/climate-profiles/standard-met-year/long_beach_daugherty_field_klgb/t2/95ptile/present-day/stdyr_t2_95ptile_long_beach_daugherty_field_klgb_present-day.csv
long_beach_daugherty_field_klgb,wind_speed_derived,05ptile,mid-century,s3://cadcat/climate-profiles/standard-met-year/long_beach_daugherty_field_klgb/wind_speed_derived/05ptile/mid-century/stdyr_wind_speed_derived_05ptile_long_beach_daugherty_field_klgb_mid-century.csv
long_beach_daugherty_field_klgb,wind_speed_derived,05ptile,mid-late-century,s3://cadcat/climate-profiles/standard-met-year/long_beach_daugherty_field_klgb/wind_speed_derived/05ptile/mid-late-century/stdyr_wind_speed_derived_05ptile_long_beach_daugherty_field_klgb_mid-late-century.csv
long_beach_daugherty_field_klgb,wind_speed_derived,05ptile,near-future,s3://cadcat/climate-profiles/standard-met-year/long_beach_daugherty_field_klgb/wind_speed_derived/05ptile/near-future/stdyr_wind_speed_derived_05ptile_long_beach_daugherty_field_klgb_near-future.csv
long_beach_daugherty_field_klgb,wind_speed_derived,05ptile,present-day,s3://cadcat/climate-profiles/standard-met-year/long_beach_daugherty_field_klgb/wind_speed_derived/05ptile/present-day/stdyr_wind_speed_derived_05ptile_long_beach_daugherty_field_klgb_present-day.csv
long_beach_daugherty_field_klgb,wind_speed_derived,50ptile,mid-century,s3://cadcat/climate-profiles/standard-met-year/long_beach_daugherty_field_klgb/wind_speed_derived/50ptile/mid-century/stdyr_wind_speed_derived_50ptile_long_beach_daugherty_field_klgb_mid-century.csv
long_beach_daugherty_field_klgb,wind_speed_derived,50ptile,mid-late-century,s3://cadcat/climate-profiles/standard-met-year/long_beach_daugherty_field_klgb/wind_speed_derived/50ptile/mid-late-century/stdyr_wind_speed_derived_50ptile_long_beach_daugherty_field_klgb_mid-late-century.csv
long_beach_daugherty_field_klgb,wind_speed_derived,50ptile,near-future,s3://cadcat/climate-profiles/standard-met-year/long_beach_daugherty_field_klgb/wind_speed_derived/50ptile/near-future/stdyr_wind_speed_derived_50ptile_long_beach_daugherty_field_klgb_near-future.csv
long_beach_daugherty_field_klgb,wind_speed_derived,50ptile,present-day,s3://cadcat/climate-profiles/standard-met-year/long_beach_daugherty_field_klgb/wind_speed_derived/50ptile/present-day/stdyr_wind_speed_derived_50ptile_long_beach_daugherty_field_klgb_present-day.csv
long_beach_daugherty_field_klgb,wind_speed_derived,95ptile,mid-century,s3://cadcat/climate-profiles/standard-met-year/long_beach_daugherty_field_klgb/wind_speed_derived/95ptile/mid-century/stdyr_wind_speed_derived_95ptile_long_beach_daugherty_field_klgb_mid-century.csv
long_beach_daugherty_field_klgb,wind_speed_derived,95ptile,mid-late-century,s3://cadcat/climate-profiles/standard-met-year/long_beach_daugherty_field_klgb/wind_speed_derived/95ptile/mid-late-century/stdyr_wind_speed_derived_95ptile_long_beach_daugherty_field_klgb_mid-late-century.csv
long_beach_daugherty_field_klgb,wind_speed_derived,95ptile,near-future,s3://cadcat/climate-profiles/standard-met-year/long_beach_daugherty_field_klgb/wind_speed_derived/95ptile/near-future/stdyr_wind_speed_derived_95ptile_long_beach_daugherty_field_klgb_near-future.csv
long_beach_daugherty_field_klgb,wind_speed_derived,95ptile,present-day,s3://cadcat/climate-profiles/standard-met-year/long_beach_daugherty_field_klgb/wind_speed_derived/95ptile/present-day/stdyr_wind_speed_derived_95ptile_long_beach_daugherty_field_klgb_present-day.csv
los_angeles_international_airport_klax,noaa_heat_index_derived,05ptile,mid-century,s3://cadcat/climate-profiles/standard-met-year/los_angeles_international_airport_klax/noaa_heat_index_derived/05ptile/mid-century/stdyr_noaa_heat_index_derived_05ptile_los_angeles_international_airport_klax_mid-century.csv
los_angeles_international_airport_klax,noaa_heat_index_derived,05ptile,mid-late-century,s3://cadcat/climate-profiles/standard-met-year/los_angeles_international_airport_klax/noaa_heat_index_derived/05ptile/mid-late-century/stdyr_noaa_heat_index_derived_05ptile_los_angeles_international_airport_klax_mid-late-century.csv
los_angeles_international_airport_klax,noaa_heat_index_derived,05ptile,near-future,s3://cadcat/climate-profiles/standard-met-year/los_angeles_international_airport_klax/noaa_heat_index_derived/05ptile/near-future/stdyr_noaa_heat_index_derived_05ptile_los_angeles_international_airport_klax_near-future.csv
los_angeles_international_airport_klax,noaa_heat_index_derived,05ptile,present-day,s3://cadcat/climate-profiles/standard-met-year/los_angeles_international_airport_klax/noaa_heat_index_derived/05ptile/present-day/stdyr_noaa_heat_index_derived_05ptile_los_angeles_international_airport_klax_present-day.csv
los_angeles_international_airport_klax,noaa_heat_index_derived,50ptile,mid-century,s3://cadcat/climate-profiles/standard-met-year/los_angeles_international_airport_klax/noaa_heat_index_derived/50ptile/mid-century/stdyr_noaa_heat_index_derived_50ptile_los_angeles_international_airport_klax_mid-century.csv
los_angeles_international_airport_klax,noaa_heat_index_derived,50ptile,mid-late-century,s3://cadcat/climate-profiles/standard-met-year/los_angeles_international_airport_klax/noaa_heat_index_derived/50ptile/mid-late-century/stdyr_noaa_heat_index_derived_50ptile_los_angeles_international_airport_klax_mid-late-century.csv
los_angeles_international_airport_klax,noaa_heat_index_derived,50ptile,near-future,s3://cadcat/climate-profiles/standard-met-year/los_angeles_international_airport_klax/noaa_heat_index_derived/50ptile/near-future/stdyr_noaa_heat_index_derived_50ptile_los_angeles_international_airport_klax_near-future.csv
los_angeles_international_airport_klax,noaa_heat_index_derived,50ptile,present-day,s3://cadcat/climate-profiles/standard-met-year/los_angeles_international_airport_klax/noaa_heat_index_derived/50ptile/present-day/stdyr_noaa_heat_index_derived_50ptile_los_angeles_international_airport_klax_present-day.csv
los_angeles_international_airport_klax,noaa_heat_index_derived,95ptile,mid-century,s3://cadcat/climate-profiles/standard-met-year/los_angeles_international_airport_klax/noaa_heat_index_derived/95ptile/mid-century/stdyr_noaa_heat_index_derived_95ptile_los_angeles_international_airport_klax_mid-century.csv
los_angeles_international_airport_klax,noaa_heat_index_derived,95ptile,mid-late-century,s3://cadcat/climate-profiles/standard-met-year/los_angeles_international_airport_klax/noaa_heat_index_derived/95ptile/mid-late-century/stdyr_noaa_heat_index_derived_95ptile_los_angeles_international_airport_klax_mid-late-century.csv
los_angeles_international_airport_klax,noaa_heat_index_derived,95ptile,near-future,s3://cadcat/climate-profiles/standard-met-year/los_angeles_international_airport_klax/noaa_heat_index_derived/95ptile/near-future/stdyr_noaa_heat_index_derived_95ptile_los_angeles_international_airport_klax_near-future.csv
los_angeles_international_airport_klax,noaa_heat_index_derived,95ptile,present-day,s3://cadcat/climate-profiles/standard-met-year/los_angeles_international_airport_klax/noaa_heat_index_derived/95ptile/present-day/stdyr_noaa_heat_index_derived_95ptile_los_angeles_international_airport_klax_present-day.csv
los_angeles_international_airport_klax,rh_derived,05ptile,mid-century,s3://cadcat/climate-profiles/standard-met-year/los_angeles_international_airport_klax/rh_derived/05ptile/mid-century/stdyr_rh_derived_05ptile_los_angeles_international_airport_klax_mid-century.csv
los_angeles_international_airport_klax,rh_derived,05ptile,mid-late-century,s3://cadcat/climate-profiles/standard-met-year/los_angeles_international_airport_klax/rh_derived/05ptile/mid-late-century/stdyr_rh_derived_05ptile_los_angeles_international_airport_klax_mid-late-century.csv
los_angeles_international_airport_klax,rh_derived,05ptile,near-future,s3://cadcat/climate-profiles/standard-met-year/los_angeles_international_airport_klax/rh_derived/05ptile/near-future/stdyr_rh_derived_05ptile_los_angeles_international_airport_klax_near-future.csv
los_angeles_international_airport_klax,rh_derived,05ptile,present-day,s3://cadcat/climate-profiles/standard-met-year/los_angeles_international_airport_klax/rh_derived/05ptile/present-day/stdyr_rh_derived_05ptile_los_angeles_international_airport_klax_present-day.csv
los_angeles_international_airport_klax,rh_derived,50ptile,mid-century,s3://cadcat/climate-profiles/standard-met-year/los_angeles_international_airport_klax/rh_derived/50ptile/mid-century/stdyr_rh_derived_50ptile_los_angeles_international_airport_klax_mid-century.csv
los_angeles_international_airport_klax,rh_derived,50ptile,mid-late-century,s3://cadcat/climate-profiles/standard-met-year/los_angeles_international_airport_klax/rh_derived/50ptile/mid-late-century/stdyr_rh_derived_50ptile_los_angeles_international_airport_klax_mid-late-century.csv
los_angeles_international_airport_klax,rh_derived,50ptile,near-future,s3://cadcat/climate-profiles/standard-met-year/los_angeles_international_airport_klax/rh_derived/50ptile/near-future/stdyr_rh_derived_50ptile_los_angeles_international_airport_klax_near-future.csv
los_angeles_international_airport_klax,rh_derived,50ptile,present-day,s3://cadcat/climate-profiles/standard-met-year/los_angeles_international_airport_klax/rh_derived/50ptile/present-day/stdyr_rh_derived_50ptile_los_angeles_international_airport_klax_present-day.csv
los_angeles_international_airport_klax,rh_derived,95ptile,mid-century,s3://cadcat/climate-profiles/standard-met-year/los_angeles_international_airport_klax/rh_derived/95ptile/mid-century/stdyr_rh_derived_95ptile_los_angeles_international_airport_klax_mid-century.csv
los_angeles_international_airport_klax,rh_derived,95ptile,mid-late-century,s3://cadcat/climate-profiles/standard-met-year/los_angeles_international_airport_klax/rh_derived/95ptile/mid-late-century/stdyr_rh_derived_95ptile_los_angeles_international_airport_klax_mid-late-century.csv
los_angeles_international_airport_klax,rh_derived,95ptile,near-future,s3://cadcat/climate-profiles/standard-met-year/los_angeles_international_airport_klax/rh_derived/95ptile/near-future/stdyr_rh_derived_95ptile_los_angeles_international_airport_klax_near-future.csv
los_angeles_international_airport_klax,rh_derived,95ptile,present-day,s3://cadcat/climate-profiles/standard-met-year/los_angeles_international_airport_klax/rh_derived/95ptile/present-day/stdyr_rh_derived_95ptile_los_angeles_international_airport_klax_present-day.csv
los_angeles_international_airport_klax,swdnb,05ptile,mid-century,s3://cadcat/climate-profiles/standard-met-year/los_angeles_international_airport_klax/swdnb/05ptile/mid-century/stdyr_swdnb_05ptile_los_angeles_international_airport_klax_mid-century.csv
los_angeles_international_airport_klax,swdnb,05ptile,mid-late-century,s3://cadcat/climate-profiles/standard-met-year/los_angeles_international_airport_klax/swdnb/05ptile/mid-late-century/stdyr_swdnb_05ptile_los_angeles_international_airport_klax_mid-late-century.csv
los_angeles_international_airport_klax,swdnb,05ptile,near-future,s3://cadcat/climate-profiles/standard-met-year/los_angeles_international_airport_klax/swdnb/05ptile/near-future/stdyr_swdnb_05ptile_los_angeles_international_airport_klax_near-future.csv
los_angeles_international_airport_klax,swdnb,05ptile,present-day,s3://cadcat/climate-profiles/standard-met-year/los_angeles_international_airport_klax/swdnb/05ptile/present-day/stdyr_swdnb_05ptile_los_angeles_international_airport_klax_present-day.csv
los_angeles_international_airport_klax,swdnb,50ptile,mid-century,s3://cadcat/climate-profiles/standard-met-year/los_angeles_international_airport_klax/swdnb/50ptile/mid-century/stdyr_swdnb_50ptile_los_angeles_international_airport_klax_mid-century.csv
los_angeles_international_airport_klax,swdnb,50ptile,mid-late-century,s3://cadcat/climate-profiles/standard-met-year/los_angeles_international_airport_klax/swdnb/50ptile/mid-late-century/stdyr_swdnb_50ptile_los_angeles_international_airport_klax_mid-late-century.csv
los_angeles_international_airport_klax,swdnb,50ptile,near-future,s3://cadcat/climate-profiles/standard-met-year/los_angeles_international_airport_klax/swdnb/50ptile/near-future/stdyr_swdnb_50ptile_los_angeles_international_airport_klax_near-future.csv
los_angeles_international_airport_klax,swdnb,50ptile,present-day,s3://cadcat/climate-profiles/standard-met-year/los_angeles_international_airport_klax/swdnb/50ptile/present-day/stdyr_swdnb_50ptile_los_angeles_international_airport_klax_present-day.csv
los_angeles_international_airport_klax,swdnb,95ptile,mid-century,s3://cadcat/climate-profiles/standard-met-year/los_angeles_international_airport_klax/swdnb/95ptile/mid-century/stdyr_swdnb_95ptile_los_angeles_international_airport_klax_mid-century.csv
los_angeles_international_airport_klax,swdnb,95ptile,mid-late-century,s3://cadcat/climate-profiles/standard-met-year/los_angeles_international_airport_klax/swdnb/95ptile/mid-late-century/stdyr_swdnb_95ptile_los_angeles_international_airport_klax_mid-late-century.csv
los_angeles_international_airport_klax,swdnb,95ptile,near-future,s3://cadcat/climate-profiles/standard-met-year/los_angeles_international_airport_klax/swdnb/95ptile/near-future/stdyr_swdnb_95ptile_los_angeles_international_airport_klax_near-future.csv
los_angeles_international_airport_klax,swdnb,95ptile,present-day,s3://cadcat/climate-profiles/standard-met-year/los_angeles_international_airport_klax/swdnb/95ptile/present-day/stdyr_swdnb_95ptile_los_angeles_international_airport_klax_present-day.csv
los_angeles_international_airport_klax,t2,05ptile,mid-century,s3://cadcat/climate-profiles/standard-met-year/los_angeles_international_airport_klax/t2/05ptile/mid-century/stdyr_t2_05ptile_los_angeles_international_airport_klax_mid-century.csv
los_angeles_international_airport_klax,t2,05ptile,mid-late-century,s3://cadcat/climate-profiles/standard-met-year/los_angeles_international_airport_klax/t2/05ptile/mid-late-century/stdyr_t2_05ptile_los_angeles_international_airport_klax_mid-late-century.csv
los_angeles_international_airport_klax,t2,05ptile,near-future,s3://cadcat/climate-profiles/standard-met-year/los_angeles_international_airport_klax/t2/05ptile/near-future/stdyr_t2_05ptile_los_angeles_international_airport_klax_near-future.csv
los_angeles_international_airport_klax,t2,05ptile,present-day,s3://cadcat/climate-profiles/standard-met-year/los_angeles_international_airport_klax/t2/05ptile/present-day/stdyr_t2_05ptile_los_angeles_international_airport_klax_present-day.csv
los_angeles_international_airport_klax,t2,50ptile,mid-century,s3://cadcat/climate-profiles/standard-met-year/los_angeles_international_airport_klax/t2/50ptile/mid-century/stdyr_t2_50ptile_los_angeles_international_airport_klax_mid-century.csv
los_angeles_international_airport_klax,t2,50ptile,mid-late-century,s3://cadcat/climate-profiles/standard-met-year/los_angeles_international_airport_klax/t2/50ptile/mid-late-century/stdyr_t2_50ptile_los_angeles_international_airport_klax_mid-late-century.csv
los_angeles_international_airport_klax,t2,50ptile,near-future,s3://cadcat/climate-profiles/standard-met-year/los_angeles_international_airport_klax/t2/50ptile/near-future/stdyr_t2_50ptile_los_angeles_international_airport_klax_near-future.csv
los_angeles_international_airport_klax,t2,50ptile,present-day,s3://cadcat/climate-profiles/standard-met-year/los_angeles_international_airport_klax/t2/50ptile/present-day/stdyr_t2_50ptile_los_angeles_international_airport_klax_present-day.csv
los_angeles_international_airport_klax,t2,95ptile,mid-century,s3://cadcat/climate-profiles/standard-met-year/los_angeles_international_airport_klax/t2/95ptile/mid-century/stdyr_t2_95ptile_los_angeles_international_airport_klax_mid-century.csv
los_angeles_international_airport_klax,t2,95ptile,mid-late-century,s3://cadcat/climate-profiles/standard-met-year/los_angeles_international_airport_klax/t2/95ptile/mid-late-century/stdyr_t2_95ptile_los_angeles_international_airport_klax_mid-late-century.csv
los_angeles_international_airport_klax,t2,95ptile,near-future,s3://cadcat/climate-profiles/standard-met-year/los_angeles_international_airport_klax/t2/95ptile/near-future/stdyr_t2_95ptile_los_angeles_international_airport_klax_near-future.csv
los_angeles_international_airport_klax,t2,95ptile,present-day,s3://cadcat/climate-profiles/standard-met-year/los_angeles_international_airport_klax/t2/95ptile/present-day/stdyr_t2_95ptile_los_angeles_international_airport_klax_present-day.csv
los_angeles_international_airport_klax,wind_speed_derived,05ptile,mid-century,s3://cadcat/climate-profiles/standard-met-year/los_angeles_international_airport_klax/wind_speed_derived/05ptile/mid-century/stdyr_wind_speed_derived_05ptile_los_angeles_international_airport_klax_mid-century.csv
los_angeles_international_airport_klax,wind_speed_derived,05ptile,mid-late-century,s3://cadcat/climate-profiles/standard-met-year/los_angeles_international_airport_klax/wind_speed_derived/05ptile/mid-late-century/stdyr_wind_speed_derived_05ptile_los_angeles_international_airport_klax_mid-late-century.csv
los_angeles_international_airport_klax,wind_speed_derived,05ptile,near-future,s3://cadcat/climate-profiles/standard-met-year/los_angeles_international_airport_klax/wind_speed_derived/05ptile/near-future/stdyr_wind_speed_derived_05ptile_los_angeles_international_airport_klax_near-future.csv
los_angeles_international_airport_klax,wind_speed_derived,05ptile,present-day,s3://cadcat/climate-profiles/standard-met-year/los_angeles_international_airport_klax/wind_speed_derived/05ptile/present-day/stdyr_wind_speed_derived_05ptile_los_angeles_international_airport_klax_present-day.csv
los_angeles_international_airport_klax,wind_speed_derived,50ptile,mid-century,s3://cadcat/climate-profiles/standard-met-year/los_angeles_international_airport_klax/wind_speed_derived/50ptile/mid-century/stdyr_wind_speed_derived_50ptile_los_angeles_international_airport_klax_mid-century.csv
los_angeles_international_airport_klax,wind_speed_derived,50ptile,mid-late-century,s3://cadcat/climate-profiles/standard-met-year/los_angeles_international_airport_klax/wind_speed_derived/50ptile/mid-late-century/stdyr_wind_speed_derived_50ptile_los_angeles_international_airport_klax_mid-late-century.csv
los_angeles_international_airport_klax,wind_speed_derived,50ptile,near-future,s3://cadcat/climate-profiles/standard-met-year/los_angeles_international_airport_klax/wind_speed_derived/50ptile/near-future/stdyr_wind_speed_derived_50ptile_los_angeles_international_airport_klax_near-future.csv
los_angeles_international_airport_klax,wind_speed_derived,50ptile,present-day,s3://cadcat/climate-profiles/standard-met-year/los_angeles_international_airport_klax/wind_speed_derived/50ptile/present-day/stdyr_wind_speed_derived_50ptile_los_angeles_international_airport_klax_present-day.csv
los_angeles_international_airport_klax,wind_speed_derived,95ptile,mid-century,s3://cadcat/climate-profiles/standard-met-year/los_angeles_international_airport_klax/wind_speed_derived/95ptile/mid-century/stdyr_wind_speed_derived_95ptile_los_angeles_international_airport_klax_mid-century.csv
los_angeles_international_airport_klax,wind_speed_derived,95ptile,mid-late-century,s3://cadcat/climate-profiles/standard-met-year/los_angeles_international_airport_klax/wind_speed_derived/95ptile/mid-late-century/stdyr_wind_speed_derived_95ptile_los_angeles_international_airport_klax_mid-late-century.csv
los_angeles_international_airport_klax,wind_speed_derived,95ptile,near-future,s3://cadcat/climate-profiles/standard-met-year/los_angeles_international_airport_klax/wind_speed_derived/95ptile/near-future/stdyr_wind_speed_derived_95ptile_los_angeles_international_airport_klax_near-future.csv
los_angeles_international_airport_klax,wind_speed_derived,95ptile,present-day,s3://cadcat/climate-profiles/standard-met-year/los_angeles_international_airport_klax/wind_speed_derived/95ptile/present-day/stdyr_wind_speed_derived_95ptile_los_angeles_international_airport_klax_present-day.csv
mccarran_international_airport_klas,noaa_heat_index_derived,05ptile,mid-century,s3://cadcat/climate-profiles/standard-met-year/mccarran_international_airport_klas/noaa_heat_index_derived/05ptile/mid-century/stdyr_noaa_heat_index_derived_05ptile_mccarran_international_airport_klas_mid-century.csv
mccarran_international_airport_klas,noaa_heat_index_derived,05ptile,mid-late-century,s3://cadcat/climate-profiles/standard-met-year/mccarran_international_airport_klas/noaa_heat_index_derived/05ptile/mid-late-century/stdyr_noaa_heat_index_derived_05ptile_mccarran_international_airport_klas_mid-late-century.csv
mccarran_international_airport_klas,noaa_heat_index_derived,05ptile,near-future,s3://cadcat/climate-profiles/standard-met-year/mccarran_international_airport_klas/noaa_heat_index_derived/05ptile/near-future/stdyr_noaa_heat_index_derived_05ptile_mccarran_international_airport_klas_near-future.csv
mccarran_international_airport_klas,noaa_heat_index_derived,05ptile,present-day,s3://cadcat/climate-profiles/standard-met-year/mccarran_international_airport_klas/noaa_heat_index_derived/05ptile/present-day/stdyr_noaa_heat_index_derived_05ptile_mccarran_international_airport_klas_present-day.csv
mccarran_international_airport_klas,noaa_heat_index_derived,50ptile,mid-century,s3://cadcat/climate-profiles/standard-met-year/mccarran_international_airport_klas/noaa_heat_index_derived/50ptile/mid-century/stdyr_noaa_heat_index_derived_50ptile_mccarran_international_airport_klas_mid-century.csv
mccarran_international_airport_klas,noaa_heat_index_derived,50ptile,mid-late-century,s3://cadcat/climate-profiles/standard-met-year/mccarran_international_airport_klas/noaa_heat_index_derived/50ptile/mid-late-century/stdyr_noaa_heat_index_derived_50ptile_mccarran_international_airport_klas_mid-late-century.csv
mccarran_international_airport_klas,noaa_heat_index_derived,50ptile,near-future,s3://cadcat/climate-profiles/standard-met-year/mccarran_international_airport_klas/noaa_heat_index_derived/50ptile/near-future/stdyr_noaa_heat_index_derived_50ptile_mccarran_international_airport_klas_near-future.csv
mccarran_international_airport_klas,noaa_heat_index_derived,50ptile,present-day,s3://cadcat/climate-profiles/standard-met-year/mccarran_international_airport_klas/noaa_heat_index_derived/50ptile/present-day/stdyr_noaa_heat_index_derived_50ptile_mccarran_international_airport_klas_present-day.csv
mccarran_international_airport_klas,noaa_heat_index_derived,95ptile,mid-century,s3://cadcat/climate-profiles/standard-met-year/mccarran_international_airport_klas/noaa_heat_index_derived/95ptile/mid-century/stdyr_noaa_heat_index_derived_95ptile_mccarran_international_airport_klas_mid-century.csv
mccarran_international_airport_klas,noaa_heat_index_derived,95ptile,mid-late-century,s3://cadcat/climate-profiles/standard-met-year/mccarran_international_airport_klas/noaa_heat_index_derived/95ptile/mid-late-century/stdyr_noaa_heat_index_derived_95ptile_mccarran_international_airport_klas_mid-late-century.csv
mccarran_international_airport_klas,noaa_heat_index_derived,95ptile,near-future,s3://cadcat/climate-profiles/standard-met-year/mccarran_international_airport_klas/noaa_heat_index_derived/95ptile/near-future/stdyr_noaa_heat_index_derived_95ptile_mccarran_international_airport_klas_near-future.csv
mccarran_international_airport_klas,noaa_heat_index_derived,95ptile,present-day,s3://cadcat/climate-profiles/standard-met-year/mccarran_international_airport_klas/noaa_heat_index_derived/95ptile/present-day/stdyr_noaa_heat_index_derived_95ptile_mccarran_international_airport_klas_present-day.csv
mccarran_international_airport_klas,rh_derived,05ptile,mid-century,s3://cadcat/climate-profiles/standard-met-year/mccarran_international_airport_klas/rh_derived/05ptile/mid-century/stdyr_rh_derived_05ptile_mccarran_international_airport_klas_mid-century.csv
mccarran_international_airport_klas,rh_derived,05ptile,mid-late-century,s3://cadcat/climate-profiles/standard-met-year/mccarran_international_airport_klas/rh_derived/05ptile/mid-late-century/stdyr_rh_derived_05ptile_mccarran_international_airport_klas_mid-late-century.csv
mccarran_international_airport_klas,rh_derived,05ptile,near-future,s3://cadcat/climate-profiles/standard-met-year/mccarran_international_airport_klas/rh_derived/05ptile/near-future/stdyr_rh_derived_05ptile_mccarran_international_airport_klas_near-future.csv
mccarran_international_airport_klas,rh_derived,05ptile,present-day,s3://cadcat/climate-profiles/standard-met-year/mccarran_international_airport_klas/rh_derived/05ptile/present-day/stdyr_rh_derived_05ptile_mccarran_international_airport_klas_present-day.csv
mccarran_international_airport_klas,rh_derived,50ptile,mid-century,s3://cadcat/climate-profiles/standard-met-year/mccarran_international_airport_klas/rh_derived/50ptile/mid-century/stdyr_rh_derived_50ptile_mccarran_international_airport_klas_mid-century.csv
mccarran_international_airport_klas,rh_derived,50ptile,mid-late-century,s3://cadcat/climate-profiles/standard-met-year/mccarran_international_airport_klas/rh_derived/50ptile/mid-late-century/stdyr_rh_derived_50ptile_mccarran_international_airport_klas_mid-late-century.csv
mccarran_international_airport_klas,rh_derived,50ptile,near-future,s3://cadcat/climate-profiles/standard-met-year/mccarran_international_airport_klas/rh_derived/50ptile/near-future/stdyr_rh_derived_50ptile_mccarran_international_airport_klas_near-future.csv
mccarran_international_airport_klas,rh_derived,50ptile,present-day,s3://cadcat/climate-profiles/standard-met-year/mccarran_international_airport_klas/rh_derived/50ptile/present-day/stdyr_rh_derived_50ptile_mccarran_international_airport_klas_present-day.csv
mccarran_international_airport_klas,rh_derived,95ptile,mid-century,s3://cadcat/climate-profiles/standard-met-year/mccarran_international_airport_klas/rh_derived/95ptile/mid-century/stdyr_rh_derived_95ptile_mccarran_international_airport_klas_mid-century.csv
mccarran_international_airport_klas,rh_derived,95ptile,mid-late-century,s3://cadcat/climate-profiles/standard-met-year/mccarran_international_airport_klas/rh_derived/95ptile/mid-late-century/stdyr_rh_derived_95ptile_mccarran_international_airport_klas_mid-late-century.csv
mccarran_international_airport_klas,rh_derived,95ptile,near-future,s3://cadcat/climate-profiles/standard-met-year/mccarran_international_airport_klas/rh_derived/95ptile/near-future/stdyr_rh_derived_95ptile_mccarran_international_airport_klas_near-future.csv
mccarran_international_airport_klas,rh_derived,95ptile,present-day,s3://cadcat/climate-profiles/standard-met-year/mccarran_international_airport_klas/rh_derived/95ptile/present-day/stdyr_rh_derived_95ptile_mccarran_international_airport_klas_present-day.csv
mccarran_international_airport_klas,swdnb,05ptile,mid-century,s3://cadcat/climate-profiles/standard-met-year/mccarran_international_airport_klas/swdnb/05ptile/mid-century/stdyr_swdnb_05ptile_mccarran_international_airport_klas_mid-century.csv
mccarran_international_airport_klas,swdnb,05ptile,mid-late-century,s3://cadcat/climate-profiles/standard-met-year/mccarran_international_airport_klas/swdnb/05ptile/mid-late-century/stdyr_swdnb_05ptile_mccarran_international_airport_klas_mid-late-century.csv
mccarran_international_airport_klas,swdnb,05ptile,near-future,s3://cadcat/climate-profiles/standard-met-year/mccarran_international_airport_klas/swdnb/05ptile/near-future/stdyr_swdnb_05ptile_mccarran_international_airport_klas_near-future.csv
mccarran_international_airport_klas,swdnb,05ptile,present-day,s3://cadcat/climate-profiles/standard-met-year/mccarran_international_airport_klas/swdnb/05ptile/present-day/stdyr_swdnb_05ptile_mccarran_international_airport_klas_present-day.csv
mccarran_international_airport_klas,swdnb,50ptile,mid-century,s3://cadcat/climate-profiles/standard-met-year/mccarran_international_airport_klas/swdnb/50ptile/mid-century/stdyr_swdnb_50ptile_mccarran_international_airport_klas_mid-century.csv
mccarran_international_airport_klas,swdnb,50ptile,mid-late-century,s3://cadcat/climate-profiles/standard-met-year/mccarran_international_airport_klas/swdnb/50ptile/mid-late-century/stdyr_swdnb_50ptile_mccarran_international_airport_klas_mid-late-century.csv
mccarran_international_airport_klas,swdnb,50ptile,near-future,s3://cadcat/climate-profiles/standard-met-year/mccarran_international_airport_klas/swdnb/50ptile/near-future/stdyr_swdnb_50ptile_mccarran_international_airport_klas_near-future.csv
mccarran_international_airport_klas,swdnb,50ptile,present-day,s3://cadcat/climate-profiles/standard-met-year/mccarran_international_airport_klas/swdnb/50ptile/present-day/stdyr_swdnb_50ptile_mccarran_international_airport_klas_present-day.csv
mccarran_international_airport_klas,swdnb,95ptile,mid-century,s3://cadcat/climate-profiles/standard-met-year/mccarran_international_airport_klas/swdnb/95ptile/mid-century/stdyr_swdnb_95ptile_mccarran_international_airport_klas_mid-century.csv
mccarran_international_airport_klas,swdnb,95ptile,mid-late-century,s3://cadcat/climate-profiles/standard-met-year/mccarran_international_airport_klas/swdnb/95ptile/mid-late-century/stdyr_swdnb_95ptile_mccarran_international_airport_klas_mid-late-century.csv
mccarran_international_airport_klas,swdnb,95ptile,near-future,s3://cadcat/climate-profiles/standard-met-year/mccarran_international_airport_klas/swdnb/95ptile/near-future/stdyr_swdnb_95ptile_mccarran_international_airport_klas_near-future.csv
mccarran_international_airport_klas,swdnb,95ptile,present-day,s3://cadcat/climate-profiles/standard-met-year/mccarran_international_airport_klas/swdnb/95ptile/present-day/stdyr_swdnb_95ptile_mccarran_international_airport_klas_present-day.csv
mccarran_international_airport_klas,t2,05ptile,mid-century,s3://cadcat/climate-profiles/standard-met-year/mccarran_international_airport_klas/t2/05ptile/mid-century/stdyr_t2_05ptile_mccarran_international_airport_klas_mid-century.csv
mccarran_international_airport_klas,t2,05ptile,mid-late-century,s3://cadcat/climate-profiles/standard-met-year/mccarran_international_airport_klas/t2/05ptile/mid-late-century/stdyr_t2_05ptile_mccarran_international_airport_klas_mid-late-century.csv
mccarran_international_airport_klas,t2,05ptile,near-future,s3://cadcat/climate-profiles/standard-met-year/mccarran_international_airport_klas/t2/05ptile/near-future/stdyr_t2_05ptile_mccarran_international_airport_klas_near-future.csv
mccarran_international_airport_klas,t2,05ptile,present-day,s3://cadcat/climate-profiles/standard-met-year/mccarran_international_airport_klas/t2/05ptile/present-day/stdyr_t2_05ptile_mccarran_international_airport_klas_present-day.csv
mccarran_international_airport_klas,t2,50ptile,mid-century,s3://cadcat/climate-profiles/standard-met-year/mccarran_international_airport_klas/t2/50ptile/mid-century/stdyr_t2_50ptile_mccarran_international_airport_klas_mid-century.csv
mccarran_international_airport_klas,t2,50ptile,mid-late-century,s3://cadcat/climate-profiles/standard-met-year/mccarran_international_airport_klas/t2/50ptile/mid-late-century/stdyr_t2_50ptile_mccarran_international_airport_klas_mid-late-century.csv
mccarran_international_airport_klas,t2,50ptile,near-future,s3://cadcat/climate-profiles/standard-met-year/mccarran_international_airport_klas/t2/50ptile/near-future/stdyr_t2_50ptile_mccarran_international_airport_klas_near-future.csv
mccarran_international_airport_klas,t2,50ptile,present-day,s3://cadcat/climate-profiles/standard-met-year/mccarran_international_airport_klas/t2/50ptile/present-day/stdyr_t2_50ptile_mccarran_international_airport_klas_present-day.csv
mccarran_international_airport_klas,t2,95ptile,mid-century,s3://cadcat/climate-profiles/standard-met-year/mccarran_international_airport_klas/t2/95ptile/mid-century/stdyr_t2_95ptile_mccarran_international_airport_klas_mid-century.csv
mccarran_international_airport_klas,t2,95ptile,mid-late-century,s3://cadcat/climate-profiles/standard-met-year/mccarran_international_airport_klas/t2/95ptile/mid-late-century/stdyr_t2_95ptile_mccarran_international_airport_klas_mid-late-century.csv
mccarran_international_airport_klas,t2,95ptile,near-future,s3://cadcat/climate-profiles/standard-met-year/mccarran_international_airport_klas/t2/95ptile/near-future/stdyr_t2_95ptile_mccarran_international_airport_klas_near-future.csv
mccarran_international_airport_klas,t2,95ptile,present-day,s3://cadcat/climate-profiles/standard-met-year/mccarran_international_airport_klas/t2/95ptile/present-day/stdyr_t2_95ptile_mccarran_international_airport_klas_present-day.csv
mccarran_international_airport_klas,wind_speed_derived,05ptile,mid-century,s3://cadcat/climate-profiles/standard-met-year/mccarran_international_airport_klas/wind_speed_derived/05ptile/mid-century/stdyr_wind_speed_derived_05ptile_mccarran_international_airport_klas_mid-century.csv
mccarran_international_airport_klas,wind_speed_derived,05ptile,mid-late-century,s3://cadcat/climate-profiles/standard-met-year/mccarran_international_airport_klas/wind_speed_derived/05ptile/mid-late-century/stdyr_wind_speed_derived_05ptile_mccarran_international_airport_klas_mid-late-century.csv
mccarran_international_airport_klas,wind_speed_derived,05ptile,near-future,s3://cadcat/climate-profiles/standard-met-year/mccarran_international_airport_klas/wind_speed_derived/05ptile/near-future/stdyr_wind_speed_derived_05ptile_mccarran_international_airport_klas_near-future.csv
mccarran_international_airport_klas,wind_speed_derived,05ptile,present-day,s3://cadcat/climate-profiles/standard-met-year/mccarran_international_airport_klas/wind_speed_derived/05ptile/present-day/stdyr_wind_speed_derived_05ptile_mccarran_international_airport_klas_present-day.csv
mccarran_international_airport_klas,wind_speed_derived,50ptile,mid-century,s3://cadcat/climate-profiles/standard-met-year/mccarran_international_airport_klas/wind_speed_derived/50ptile/mid-century/stdyr_wind_speed_derived_50ptile_mccarran_international_airport_klas_mid-century.csv
mccarran_international_airport_klas,wind_speed_derived,50ptile,mid-late-century,s3://cadcat/climate-profiles/standard-met-year/mccarran_international_airport_klas/wind_speed_derived/50ptile/mid-late-century/stdyr_wind_speed_derived_50ptile_mccarran_international_airport_klas_mid-late-century.csv
mccarran_international_airport_klas,wind_speed_derived,50ptile,near-future,s3://cadcat/climate-profiles/standard-met-year/mccarran_international_airport_klas/wind_speed_derived/50ptile/near-future/stdyr_wind_speed_derived_50ptile_mccarran_international_airport_klas_near-future.csv
mccarran_international_airport_klas,wind_speed_derived,50ptile,present-day,s3://cadcat/climate-profiles/standard-met-year/mccarran_international_airport_klas/wind_speed_derived/50ptile/present-day/stdyr_wind_speed_derived_50ptile_mccarran_international_airport_klas_present-day.csv
mccarran_international_airport_klas,wind_speed_derived,95ptile,mid-century,s3://cadcat/climate-profiles/standard-met-year/mccarran_international_airport_klas/wind_speed_derived/95ptile/mid-century/stdyr_wind_speed_derived_95ptile_mccarran_international_airport_klas_mid-century.csv
mccarran_international_airport_klas,wind_speed_derived,95ptile,mid-late-century,s3://cadcat/climate-profiles/standard-met-year/mccarran_international_airport_klas/wind_speed_derived/95ptile/mid-late-century/stdyr_wind_speed_derived_95ptile_mccarran_international_airport_klas_mid-late-century.csv
mccarran_international_airport_klas,wind_speed_derived,95ptile,near-future,s3://cadcat/climate-profiles/standard-met-year/mccarran_international_airport_klas/wind_speed_derived/95ptile/near-future/stdyr_wind_speed_derived_95ptile_mccarran_international_airport_klas_near-future.csv
mccarran_international_airport_klas,wind_speed_derived,95ptile,present-day,s3://cadcat/climate-profiles/standard-met-year/mccarran_international_airport_klas/wind_speed_derived/95ptile/present-day/stdyr_wind_speed_derived_95ptile_mccarran_international_airport_klas_present-day.csv
merced_municipal_airport_macready_field_kmce,noaa_heat_index_derived,05ptile,mid-century,s3://cadcat/climate-profiles/standard-met-year/merced_municipal_airport_macready_field_kmce/noaa_heat_index_derived/05ptile/mid-century/stdyr_noaa_heat_index_derived_05ptile_merced_municipal_airport_macready_field_kmce_mid-century.csv
merced_municipal_airport_macready_field_kmce,noaa_heat_index_derived,05ptile,mid-late-century,s3://cadcat/climate-profiles/standard-met-year/merced_municipal_airport_macready_field_kmce/noaa_heat_index_derived/05ptile/mid-late-century/stdyr_noaa_heat_index_derived_05ptile_merced_municipal_airport_macready_field_kmce_mid-late-century.csv
merced_municipal_airport_macready_field_kmce,noaa_heat_index_derived,05ptile,near-future,s3://cadcat/climate-profiles/standard-met-year/merced_municipal_airport_macready_field_kmce/noaa_heat_index_derived/05ptile/near-future/stdyr_noaa_heat_index_derived_05ptile_merced_municipal_airport_macready_field_kmce_near-future.csv
merced_municipal_airport_macready_field_kmce,noaa_heat_index_derived,05ptile,present-day,s3://cadcat/climate-profiles/standard-met-year/merced_municipal_airport_macready_field_kmce/noaa_heat_index_derived/05ptile/present-day/stdyr_noaa_heat_index_derived_05ptile_merced_municipal_airport_macready_field_kmce_present-day.csv
merced_municipal_airport_macready_field_kmce,noaa_heat_index_derived,50ptile,mid-century,s3://cadcat/climate-profiles/standard-met-year/merced_municipal_airport_macready_field_kmce/noaa_heat_index_derived/50ptile/mid-century/stdyr_noaa_heat_index_derived_50ptile_merced_municipal_airport_macready_field_kmce_mid-century.csv
merced_municipal_airport_macready_field_kmce,noaa_heat_index_derived,50ptile,mid-late-century,s3://cadcat/climate-profiles/standard-met-year/merced_municipal_airport_macready_field_kmce/noaa_heat_index_derived/50ptile/mid-late-century/stdyr_noaa_heat_index_derived_50ptile_merced_municipal_airport_macready_field_kmce_mid-late-century.csv
merced_municipal_airport_macready_field_kmce,noaa_heat_index_derived,50ptile,near-future,s3://cadcat/climate-profiles/standard-met-year/merced_municipal_airport_macready_field_kmce/noaa_heat_index_derived/50ptile/near-future/stdyr_noaa_heat_index_derived_50ptile_merced_municipal_airport_macready_field_kmce_near-future.csv
merced_municipal_airport_macready_field_kmce,noaa_heat_index_derived,50ptile,present-day,s3://cadcat/climate-profiles/standard-met-year/merced_municipal_airport_macready_field_kmce/noaa_heat_index_derived/50ptile/present-day/stdyr_noaa_heat_index_derived_50ptile_merced_municipal_airport_macready_field_kmce_present-day.csv
merced_municipal_airport_macready_field_kmce,noaa_heat_index_derived,95ptile,mid-century,s3://cadcat/climate-profiles/standard-met-year/merced_municipal_airport_macready_field_kmce/noaa_heat_index_derived/95ptile/mid-century/stdyr_noaa_heat_index_derived_95ptile_merced_municipal_airport_macready_field_kmce_mid-century.csv
merced_municipal_airport_macready_field_kmce,noaa_heat_index_derived,95ptile,mid-late-century,s3://cadcat/climate-profiles/standard-met-year/merced_municipal_airport_macready_field_kmce/noaa_heat_index_derived/95ptile/mid-late-century/stdyr_noaa_heat_index_derived_95ptile_merced_municipal_airport_macready_field_kmce_mid-late-century.csv
merced_municipal_airport_macready_field_kmce,noaa_heat_index_derived,95ptile,near-future,s3://cadcat/climate-profiles/standard-met-year/merced_municipal_airport_macready_field_kmce/noaa_heat_index_derived/95ptile/near-future/stdyr_noaa_heat_index_derived_95ptile_merced_municipal_airport_macready_field_kmce_near-future.csv
merced_municipal_airport_macready_field_kmce,noaa_heat_index_derived,95ptile,present-day,s3://cadcat/climate-profiles/standard-met-year/merced_municipal_airport_macready_field_kmce/noaa_heat_index_derived/95ptile/present-day/stdyr_noaa_heat_index_derived_95ptile_merced_municipal_airport_macready_field_kmce_present-day.csv
merced_municipal_airport_macready_field_kmce,rh_derived,05ptile,mid-century,s3://cadcat/climate-profiles/standard-met-year/merced_municipal_airport_macready_field_kmce/rh_derived/05ptile/mid-century/stdyr_rh_derived_05ptile_merced_municipal_airport_macready_field_kmce_mid-century.csv
merced_municipal_airport_macready_field_kmce,rh_derived,05ptile,mid-late-century,s3://cadcat/climate-profiles/standard-met-year/merced_municipal_airport_macready_field_kmce/rh_derived/05ptile/mid-late-century/stdyr_rh_derived_05ptile_merced_municipal_airport_macready_field_kmce_mid-late-century.csv
merced_municipal_airport_macready_field_kmce,rh_derived,05ptile,near-future,s3://cadcat/climate-profiles/standard-met-year/merced_municipal_airport_macready_field_kmce/rh_derived/05ptile/near-future/stdyr_rh_derived_05ptile_merced_municipal_airport_macready_field_kmce_near-future.csv
merced_municipal_airport_macready_field_kmce,rh_derived,05ptile,present-day,s3://cadcat/climate-profiles/standard-met-year/merced_municipal_airport_macready_field_kmce/rh_derived/05ptile/present-day/stdyr_rh_derived_05ptile_merced_municipal_airport_macready_field_kmce_present-day.csv
merced_municipal_airport_macready_field_kmce,rh_derived,50ptile,mid-century,s3://cadcat/climate-profiles/standard-met-year/merced_municipal_airport_macready_field_kmce/rh_derived/50ptile/mid-century/stdyr_rh_derived_50ptile_merced_municipal_airport_macready_field_kmce_mid-century.csv
merced_municipal_airport_macready_field_kmce,rh_derived,50ptile,mid-late-century,s3://cadcat/climate-profiles/standard-met-year/merced_municipal_airport_macready_field_kmce/rh_derived/50ptile/mid-late-century/stdyr_rh_derived_50ptile_merced_municipal_airport_macready_field_kmce_mid-late-century.csv
merced_municipal_airport_macready_field_kmce,rh_derived,50ptile,near-future,s3://cadcat/climate-profiles/standard-met-year/merced_municipal_airport_macready_field_kmce/rh_derived/50ptile/near-future/stdyr_rh_derived_50ptile_merced_municipal_airport_macready_field_kmce_near-future.csv
merced_municipal_airport_macready_field_kmce,rh_derived,50ptile,present-day,s3://cadcat/climate-profiles/standard-met-year/merced_municipal_airport_macready_field_kmce/rh_derived/50ptile/present-day/stdyr_rh_derived_50ptile_merced_municipal_airport_macready_field_kmce_present-day.csv
merced_municipal_airport_macready_field_kmce,rh_derived,95ptile,mid-century,s3://cadcat/climate-profiles/standard-met-year/merced_municipal_airport_macready_field_kmce/rh_derived/95ptile/mid-century/stdyr_rh_derived_95ptile_merced_municipal_airport_macready_field_kmce_mid-century.csv
merced_municipal_airport_macready_field_kmce,rh_derived,95ptile,mid-late-century,s3://cadcat/climate-profiles/standard-met-year/merced_municipal_airport_macready_field_kmce/rh_derived/95ptile/mid-late-century/stdyr_rh_derived_95ptile_merced_municipal_airport_macready_field_kmce_mid-late-century.csv
merced_municipal_airport_macready_field_kmce,rh_derived,95ptile,near-future,s3://cadcat/climate-profiles/standard-met-year/merced_municipal_airport_macready_field_kmce/rh_derived/95ptile/near-future/stdyr_rh_derived_95ptile_merced_municipal_airport_macready_field_kmce_near-future.csv
merced_municipal_airport_macready_field_kmce,rh_derived,95ptile,present-day,s3://cadcat/climate-profiles/standard-met-year/merced_municipal_airport_macready_field_kmce/rh_derived/95ptile/present-day/stdyr_rh_derived_95ptile_merced_municipal_airport_macready_field_kmce_present-day.csv
merced_municipal_airport_macready_field_kmce,swdnb,05ptile,mid-century,s3://cadcat/climate-profiles/standard-met-year/merced_municipal_airport_macready_field_kmce/swdnb/05ptile/mid-century/stdyr_swdnb_05ptile_merced_municipal_airport_macready_field_kmce_mid-century.csv
merced_municipal_airport_macready_field_kmce,swdnb,05ptile,mid-late-century,s3://cadcat/climate-profiles/standard-met-year/merced_municipal_airport_macready_field_kmce/swdnb/05ptile/mid-late-century/stdyr_swdnb_05ptile_merced_municipal_airport_macready_field_kmce_mid-late-century.csv
merced_municipal_airport_macready_field_kmce,swdnb,05ptile,near-future,s3://cadcat/climate-profiles/standard-met-year/merced_municipal_airport_macready_field_kmce/swdnb/05ptile/near-future/stdyr_swdnb_05ptile_merced_municipal_airport_macready_field_kmce_near-future.csv
merced_municipal_airport_macready_field_kmce,swdnb,05ptile,present-day,s3://cadcat/climate-profiles/standard-met-year/merced_municipal_airport_macready_field_kmce/swdnb/05ptile/present-day/stdyr_swdnb_05ptile_merced_municipal_airport_macready_field_kmce_present-day.csv
merced_municipal_airport_macready_field_kmce,swdnb,50ptile,mid-century,s3://cadcat/climate-profiles/standard-met-year/merced_municipal_airport_macready_field_kmce/swdnb/50ptile/mid-century/stdyr_swdnb_50ptile_merced_municipal_airport_macready_field_kmce_mid-century.csv
merced_municipal_airport_macready_field_kmce,swdnb,50ptile,mid-late-century,s3://cadcat/climate-profiles/standard-met-year/merced_municipal_airport_macready_field_kmce/swdnb/50ptile/mid-late-century/stdyr_swdnb_50ptile_merced_municipal_airport_macready_field_kmce_mid-late-century.csv
merced_municipal_airport_macready_field_kmce,swdnb,50ptile,near-future,s3://cadcat/climate-profiles/standard-met-year/merced_municipal_airport_macready_field_kmce/swdnb/50ptile/near-future/stdyr_swdnb_50ptile_merced_municipal_airport_macready_field_kmce_near-future.csv
merced_municipal_airport_macready_field_kmce,swdnb,50ptile,present-day,s3://cadcat/climate-profiles/standard-met-year/merced_municipal_airport_macready_field_kmce/swdnb/50ptile/present-day/stdyr_swdnb_50ptile_merced_municipal_airport_macready_field_kmce_present-day.csv
merced_municipal_airport_macready_field_kmce,swdnb,95ptile,mid-century,s3://cadcat/climate-profiles/standard-met-year/merced_municipal_airport_macready_field_kmce/swdnb/95ptile/mid-century/stdyr_swdnb_95ptile_merced_municipal_airport_macready_field_kmce_mid-century.csv
merced_municipal_airport_macready_field_kmce,swdnb,95ptile,mid-late-century,s3://cadcat/climate-profiles/standard-met-year/merced_municipal_airport_macready_field_kmce/swdnb/95ptile/mid-late-century/stdyr_swdnb_95ptile_merced_municipal_airport_macready_field_kmce_mid-late-century.csv
merced_municipal_airport_macready_field_kmce,swdnb,95ptile,near-future,s3://cadcat/climate-profiles/standard-met-year/merced_municipal_airport_macready_field_kmce/swdnb/95ptile/near-future/stdyr_swdnb_95ptile_merced_municipal_airport_macready_field_kmce_near-future.csv
merced_municipal_airport_macready_field_kmce,swdnb,95ptile,present-day,s3://cadcat/climate-profiles/standard-met-year/merced_municipal_airport_macready_field_kmce/swdnb/95ptile/present-day/stdyr_swdnb_95ptile_merced_municipal_airport_macready_field_kmce_present-day.csv
merced_municipal_airport_macready_field_kmce,t2,05ptile,mid-century,s3://cadcat/climate-profiles/standard-met-year/merced_municipal_airport_macready_field_kmce/t2/05ptile/mid-century/stdyr_t2_05ptile_merced_municipal_airport_macready_field_kmce_mid-century.csv
merced_municipal_airport_macready_field_kmce,t2,05ptile,mid-late-century,s3://cadcat/climate-profiles/standard-met-year/merced_municipal_airport_macready_field_kmce/t2/05ptile/mid-late-century/stdyr_t2_05ptile_merced_municipal_airport_macready_field_kmce_mid-late-century.csv
merced_municipal_airport_macready_field_kmce,t2,05ptile,near-future,s3://cadcat/climate-profiles/standard-met-year/merced_municipal_airport_macready_field_kmce/t2/05ptile/near-future/stdyr_t2_05ptile_merced_municipal_airport_macready_field_kmce_near-future.csv
merced_municipal_airport_macready_field_kmce,t2,05ptile,present-day,s3://cadcat/climate-profiles/standard-met-year/merced_municipal_airport_macready_field_kmce/t2/05ptile/present-day/stdyr_t2_05ptile_merced_municipal_airport_macready_field_kmce_present-day.csv
merced_municipal_airport_macready_field_kmce,t2,50ptile,mid-century,s3://cadcat/climate-profiles/standard-met-year/merced_municipal_airport_macready_field_kmce/t2/50ptile/mid-century/stdyr_t2_50ptile_merced_municipal_airport_macready_field_kmce_mid-century.csv
merced_municipal_airport_macready_field_kmce,t2,50ptile,mid-late-century,s3://cadcat/climate-profiles/standard-met-year/merced_municipal_airport_macready_field_kmce/t2/50ptile/mid-late-century/stdyr_t2_50ptile_merced_municipal_airport_macready_field_kmce_mid-late-century.csv
merced_municipal_airport_macready_field_kmce,t2,50ptile,near-future,s3://cadcat/climate-profiles/standard-met-year/merced_municipal_airport_macready_field_kmce/t2/50ptile/near-future/stdyr_t2_50ptile_merced_municipal_airport_macready_field_kmce_near-future.csv
merced_municipal_airport_macready_field_kmce,t2,50ptile,present-day,s3://cadcat/climate-profiles/standard-met-year/merced_municipal_airport_macready_field_kmce/t2/50ptile/present-day/stdyr_t2_50ptile_merced_municipal_airport_macready_field_kmce_present-day.csv
merced_municipal_airport_macready_field_kmce,t2,95ptile,mid-century,s3://cadcat/climate-profiles/standard-met-year/merced_municipal_airport_macready_field_kmce/t2/95ptile/mid-century/stdyr_t2_95ptile_merced_municipal_airport_macready_field_kmce_mid-century.csv
merced_municipal_airport_macready_field_kmce,t2,95ptile,mid-late-century,s3://cadcat/climate-profiles/standard-met-year/merced_municipal_airport_macready_field_kmce/t2/95ptile/mid-late-century/stdyr_t2_95ptile_merced_municipal_airport_macready_field_kmce_mid-late-century.csv
merced_municipal_airport_macready_field_kmce,t2,95ptile,near-future,s3://cadcat/climate-profiles/standard-met-year/merced_municipal_airport_macready_field_kmce/t2/95ptile/near-future/stdyr_t2_95ptile_merced_municipal_airport_macready_field_kmce_near-future.csv
merced_municipal_airport_macready_field_kmce,t2,95ptile,present-day,s3://cadcat/climate-profiles/standard-met-year/merced_municipal_airport_macready_field_kmce/t2/95ptile/present-day/stdyr_t2_95ptile_merced_municipal_airport_macready_field_kmce_present-day.csv
merced_municipal_airport_macready_field_kmce,wind_speed_derived,05ptile,mid-century,s3://cadcat/climate-profiles/standard-met-year/merced_municipal_airport_macready_field_kmce/wind_speed_derived/05ptile/mid-century/stdyr_wind_speed_derived_05ptile_merced_municipal_airport_macready_field_kmce_mid-century.csv
merced_municipal_airport_macready_field_kmce,wind_speed_derived,05ptile,mid-late-century,s3://cadcat/climate-profiles/standard-met-year/merced_municipal_airport_macready_field_kmce/wind_speed_derived/05ptile/mid-late-century/stdyr_wind_speed_derived_05ptile_merced_municipal_airport_macready_field_kmce_mid-late-century.csv
merced_municipal_airport_macready_field_kmce,wind_speed_derived,05ptile,near-future,s3://cadcat/climate-profiles/standard-met-year/merced_municipal_airport_macready_field_kmce/wind_speed_derived/05ptile/near-future/stdyr_wind_speed_derived_05ptile_merced_municipal_airport_macready_field_kmce_near-future.csv
merced_municipal_airport_macready_field_kmce,wind_speed_derived,05ptile,present-day,s3://cadcat/climate-profiles/standard-met-year/merced_municipal_airport_macready_field_kmce/wind_speed_derived/05ptile/present-day/stdyr_wind_speed_derived_05ptile_merced_municipal_airport_macready_field_kmce_present-day.csv
merced_municipal_airport_macready_field_kmce,wind_speed_derived,50ptile,mid-century,s3://cadcat/climate-profiles/standard-met-year/merced_municipal_airport_macready_field_kmce/wind_speed_derived/50ptile/mid-century/stdyr_wind_speed_derived_50ptile_merced_municipal_airport_macready_field_kmce_mid-century.csv
merced_municipal_airport_macready_field_kmce,wind_speed_derived,50ptile,mid-late-century,s3://cadcat/climate-profiles/standard-met-year/merced_municipal_airport_macready_field_kmce/wind_speed_derived/50ptile/mid-late-century/stdyr_wind_speed_derived_50ptile_merced_municipal_airport_macready_field_kmce_mid-late-century.csv
merced_municipal_airport_macready_field_kmce,wind_speed_derived,50ptile,near-future,s3://cadcat/climate-profiles/standard-met-year/merced_municipal_airport_macready_field_kmce/wind_speed_derived/50ptile/near-future/stdyr_wind_speed_derived_50ptile_merced_municipal_airport_macready_field_kmce_near-future.csv
merced_municipal_airport_macready_field_kmce,wind_speed_derived,50ptile,present-day,s3://cadcat/climate-profiles/standard-met-year/merced_municipal_airport_macready_field_kmce/wind_speed_derived/50ptile/present-day/stdyr_wind_speed_derived_50ptile_merced_municipal_airport_macready_field_kmce_present-day.csv
merced_municipal_airport_macready_field_kmce,wind_speed_derived,95ptile,mid-century,s3://cadcat/climate-profiles/standard-met-year/merced_municipal_airport_macready_field_kmce/wind_speed_derived/95ptile/mid-century/stdyr_wind_speed_derived_95ptile_merced_municipal_airport_macready_field_kmce_mid-century.csv
merced_municipal_airport_macready_field_kmce,wind_speed_derived,95ptile,mid-late-century,s3://cadcat/climate-profiles/standard-met-year/merced_municipal_airport_macready_field_kmce/wind_speed_derived/95ptile/mid-late-century/stdyr_wind_speed_derived_95ptile_merced_municipal_airport_macready_field_kmce_mid-late-century.csv
merced_municipal_airport_macready_field_kmce,wind_speed_derived,95ptile,near-future,s3://cadcat/climate-profiles/standard-met-year/merced_municipal_airport_macready_field_kmce/wind_speed_derived/95ptile/near-future/stdyr_wind_speed_derived_95ptile_merced_municipal_airport_macready_field_kmce_near-future.csv
merced_municipal_airport_macready_field_kmce,wind_speed_derived,95ptile,present-day,s3://cadcat/climate-profiles/standard-met-year/merced_municipal_airport_macready_field_kmce/wind_speed_derived/95ptile/present-day/stdyr_wind_speed_derived_95ptile_merced_municipal_airport_macready_field_kmce_present-day.csv
modesto_city-county_airport_kmod,noaa_heat_index_derived,05ptile,mid-century,s3://cadcat/climate-profiles/standard-met-year/modesto_city-county_airport_kmod/noaa_heat_index_derived/05ptile/mid-century/stdyr_noaa_heat_index_derived_05ptile_modesto_city-county_airport_kmod_mid-century.csv
modesto_city-county_airport_kmod,noaa_heat_index_derived,05ptile,mid-late-century,s3://cadcat/climate-profiles/standard-met-year/modesto_city-county_airport_kmod/noaa_heat_index_derived/05ptile/mid-late-century/stdyr_noaa_heat_index_derived_05ptile_modesto_city-county_airport_kmod_mid-late-century.csv
modesto_city-county_airport_kmod,noaa_heat_index_derived,05ptile,near-future,s3://cadcat/climate-profiles/standard-met-year/modesto_city-county_airport_kmod/noaa_heat_index_derived/05ptile/near-future/stdyr_noaa_heat_index_derived_05ptile_modesto_city-county_airport_kmod_near-future.csv
modesto_city-county_airport_kmod,noaa_heat_index_derived,05ptile,present-day,s3://cadcat/climate-profiles/standard-met-year/modesto_city-county_airport_kmod/noaa_heat_index_derived/05ptile/present-day/stdyr_noaa_heat_index_derived_05ptile_modesto_city-county_airport_kmod_present-day.csv
modesto_city-county_airport_kmod,noaa_heat_index_derived,50ptile,mid-century,s3://cadcat/climate-profiles/standard-met-year/modesto_city-county_airport_kmod/noaa_heat_index_derived/50ptile/mid-century/stdyr_noaa_heat_index_derived_50ptile_modesto_city-county_airport_kmod_mid-century.csv
modesto_city-county_airport_kmod,noaa_heat_index_derived,50ptile,mid-late-century,s3://cadcat/climate-profiles/standard-met-year/modesto_city-county_airport_kmod/noaa_heat_index_derived/50ptile/mid-late-century/stdyr_noaa_heat_index_derived_50ptile_modesto_city-county_airport_kmod_mid-late-century.csv
modesto_city-county_airport_kmod,noaa_heat_index_derived,50ptile,near-future,s3://cadcat/climate-profiles/standard-met-year/modesto_city-county_airport_kmod/noaa_heat_index_derived/50ptile/near-future/stdyr_noaa_heat_index_derived_50ptile_modesto_city-county_airport_kmod_near-future.csv
modesto_city-county_airport_kmod,noaa_heat_index_derived,50ptile,present-day,s3://cadcat/climate-profiles/standard-met-year/modesto_city-county_airport_kmod/noaa_heat_index_derived/50ptile/present-day/stdyr_noaa_heat_index_derived_50ptile_modesto_city-county_airport_kmod_present-day.csv
modesto_city-county_airport_kmod,noaa_heat_index_derived,95ptile,mid-century,s3://cadcat/climate-profiles/standard-met-year/modesto_city-county_airport_kmod/noaa_heat_index_derived/95ptile/mid-century/stdyr_noaa_heat_index_derived_95ptile_modesto_city-county_airport_kmod_mid-century.csv
modesto_city-county_airport_kmod,noaa_heat_index_derived,95ptile,mid-late-century,s3://cadcat/climate-profiles/standard-met-year/modesto_city-county_airport_kmod/noaa_heat_index_derived/95ptile/mid-late-century/stdyr_noaa_heat_index_derived_95ptile_modesto_city-county_airport_kmod_mid-late-century.csv
modesto_city-county_airport_kmod,noaa_heat_index_derived,95ptile,near-future,s3://cadcat/climate-profiles/standard-met-year/modesto_city-county_airport_kmod/noaa_heat_index_derived/95ptile/near-future/stdyr_noaa_heat_index_derived_95ptile_modesto_city-county_airport_kmod_near-future.csv
modesto_city-county_airport_kmod,noaa_heat_index_derived,95ptile,present-day,s3://cadcat/climate-profiles/standard-met-year/modesto_city-county_airport_kmod/noaa_heat_index_derived/95ptile/present-day/stdyr_noaa_heat_index_derived_95ptile_modesto_city-county_airport_kmod_present-day.csv
modesto_city-county_airport_kmod,rh_derived,05ptile,mid-century,s3://cadcat/climate-profiles/standard-met-year/modesto_city-county_airport_kmod/rh_derived/05ptile/mid-century/stdyr_rh_derived_05ptile_modesto_city-county_airport_kmod_mid-century.csv
modesto_city-county_airport_kmod,rh_derived,05ptile,mid-late-century,s3://cadcat/climate-profiles/standard-met-year/modesto_city-county_airport_kmod/rh_derived/05ptile/mid-late-century/stdyr_rh_derived_05ptile_modesto_city-county_airport_kmod_mid-late-century.csv
modesto_city-county_airport_kmod,rh_derived,05ptile,near-future,s3://cadcat/climate-profiles/standard-met-year/modesto_city-county_airport_kmod/rh_derived/05ptile/near-future/stdyr_rh_derived_05ptile_modesto_city-county_airport_kmod_near-future.csv
modesto_city-county_airport_kmod,rh_derived,05ptile,present-day,s3://cadcat/climate-profiles/standard-met-year/modesto_city-county_airport_kmod/rh_derived/05ptile/present-day/stdyr_rh_derived_05ptile_modesto_city-county_airport_kmod_present-day.csv
modesto_city-county_airport_kmod,rh_derived,50ptile,mid-century,s3://cadcat/climate-profiles/standard-met-year/modesto_city-county_airport_kmod/rh_derived/50ptile/mid-century/stdyr_rh_derived_50ptile_modesto_city-county_airport_kmod_mid-century.csv
modesto_city-county_airport_kmod,rh_derived,50ptile,mid-late-century,s3://cadcat/climate-profiles/standard-met-year/modesto_city-county_airport_kmod/rh_derived/50ptile/mid-late-century/stdyr_rh_derived_50ptile_modesto_city-county_airport_kmod_mid-late-century.csv
modesto_city-county_airport_kmod,rh_derived,50ptile,near-future,s3://cadcat/climate-profiles/standard-met-year/modesto_city-county_airport_kmod/rh_derived/50ptile/near-future/stdyr_rh_derived_50ptile_modesto_city-county_airport_kmod_near-future.csv
modesto_city-county_airport_kmod,rh_derived,50ptile,present-day,s3://cadcat/climate-profiles/standard-met-year/modesto_city-county_airport_kmod/rh_derived/50ptile/present-day/stdyr_rh_derived_50ptile_modesto_city-county_airport_kmod_present-day.csv
modesto_city-county_airport_kmod,rh_derived,95ptile,mid-century,s3://cadcat/climate-profiles/standard-met-year/modesto_city-county_airport_kmod/rh_derived/95ptile/mid-century/stdyr_rh_derived_95ptile_modesto_city-county_airport_kmod_mid-century.csv
modesto_city-county_airport_kmod,rh_derived,95ptile,mid-late-century,s3://cadcat/climate-profiles/standard-met-year/modesto_city-county_airport_kmod/rh_derived/95ptile/mid-late-century/stdyr_rh_derived_95ptile_modesto_city-county_airport_kmod_mid-late-century.csv
modesto_city-county_airport_kmod,rh_derived,95ptile,near-future,s3://cadcat/climate-profiles/standard-met-year/modesto_city-county_airport_kmod/rh_derived/95ptile/near-future/stdyr_rh_derived_95ptile_modesto_city-county_airport_kmod_near-future.csv
modesto_city-county_airport_kmod,rh_derived,95ptile,present-day,s3://cadcat/climate-profiles/standard-met-year/modesto_city-county_airport_kmod/rh_derived/95ptile/present-day/stdyr_rh_derived_95ptile_modesto_city-county_airport_kmod_present-day.csv
modesto_city-county_airport_kmod,swdnb,05ptile,mid-century,s3://cadcat/climate-profiles/standard-met-year/modesto_city-county_airport_kmod/swdnb/05ptile/mid-century/stdyr_swdnb_05ptile_modesto_city-county_airport_kmod_mid-century.csv
modesto_city-county_airport_kmod,swdnb,05ptile,mid-late-century,s3://cadcat/climate-profiles/standard-met-year/modesto_city-county_airport_kmod/swdnb/05ptile/mid-late-century/stdyr_swdnb_05ptile_modesto_city-county_airport_kmod_mid-late-century.csv
modesto_city-county_airport_kmod,swdnb,05ptile,near-future,s3://cadcat/climate-profiles/standard-met-year/modesto_city-county_airport_kmod/swdnb/05ptile/near-future/stdyr_swdnb_05ptile_modesto_city-county_airport_kmod_near-future.csv
modesto_city-county_airport_kmod,swdnb,05ptile,present-day,s3://cadcat/climate-profiles/standard-met-year/modesto_city-county_airport_kmod/swdnb/05ptile/present-day/stdyr_swdnb_05ptile_modesto_city-county_airport_kmod_present-day.csv
modesto_city-county_airport_kmod,swdnb,50ptile,mid-century,s3://cadcat/climate-profiles/standard-met-year/modesto_city-county_airport_kmod/swdnb/50ptile/mid-century/stdyr_swdnb_50ptile_modesto_city-county_airport_kmod_mid-century.csv
modesto_city-county_airport_kmod,swdnb,50ptile,mid-late-century,s3://cadcat/climate-profiles/standard-met-year/modesto_city-county_airport_kmod/swdnb/50ptile/mid-late-century/stdyr_swdnb_50ptile_modesto_city-county_airport_kmod_mid-late-century.csv
modesto_city-county_airport_kmod,swdnb,50ptile,near-future,s3://cadcat/climate-profiles/standard-met-year/modesto_city-county_airport_kmod/swdnb/50ptile/near-future/stdyr_swdnb_50ptile_modesto_city-county_airport_kmod_near-future.csv
modesto_city-county_airport_kmod,swdnb,50ptile,present-day,s3://cadcat/climate-profiles/standard-met-year/modesto_city-county_airport_kmod/swdnb/50ptile/present-day/stdyr_swdnb_50ptile_modesto_city-county_airport_kmod_present-day.csv
modesto_city-county_airport_kmod,swdnb,95ptile,mid-century,s3://cadcat/climate-profiles/standard-met-year/modesto_city-county_airport_kmod/swdnb/95ptile/mid-century/stdyr_swdnb_95ptile_modesto_city-county_airport_kmod_mid-century.csv
modesto_city-county_airport_kmod,swdnb,95ptile,mid-late-century,s3://cadcat/climate-profiles/standard-met-year/modesto_city-county_airport_kmod/swdnb/95ptile/mid-late-century/stdyr_swdnb_95ptile_modesto_city-county_airport_kmod_mid-late-century.csv
modesto_city-county_airport_kmod,swdnb,95ptile,near-future,s3://cadcat/climate-profiles/standard-met-year/modesto_city-county_airport_kmod/swdnb/95ptile/near-future/stdyr_swdnb_95ptile_modesto_city-county_airport_kmod_near-future.csv
modesto_city-county_airport_kmod,swdnb,95ptile,present-day,s3://cadcat/climate-profiles/standard-met-year/modesto_city-county_airport_kmod/swdnb/95ptile/present-day/stdyr_swdnb_95ptile_modesto_city-county_airport_kmod_present-day.csv
modesto_city-county_airport_kmod,t2,05ptile,mid-century,s3://cadcat/climate-profiles/standard-met-year/modesto_city-county_airport_kmod/t2/05ptile/mid-century/stdyr_t2_05ptile_modesto_city-county_airport_kmod_mid-century.csv
modesto_city-county_airport_kmod,t2,05ptile,mid-late-century,s3://cadcat/climate-profiles/standard-met-year/modesto_city-county_airport_kmod/t2/05ptile/mid-late-century/stdyr_t2_05ptile_modesto_city-county_airport_kmod_mid-late-century.csv
modesto_city-county_airport_kmod,t2,05ptile,near-future,s3://cadcat/climate-profiles/standard-met-year/modesto_city-county_airport_kmod/t2/05ptile/near-future/stdyr_t2_05ptile_modesto_city-county_airport_kmod_near-future.csv
modesto_city-county_airport_kmod,t2,05ptile,present-day,s3://cadcat/climate-profiles/standard-met-year/modesto_city-county_airport_kmod/t2/05ptile/present-day/stdyr_t2_05ptile_modesto_city-county_airport_kmod_present-day.csv
modesto_city-county_airport_kmod,t2,50ptile,mid-century,s3://cadcat/climate-profiles/standard-met-year/modesto_city-county_airport_kmod/t2/50ptile/mid-century/stdyr_t2_50ptile_modesto_city-county_airport_kmod_mid-century.csv
modesto_city-county_airport_kmod,t2,50ptile,mid-late-century,s3://cadcat/climate-profiles/standard-met-year/modesto_city-county_airport_kmod/t2/50ptile/mid-late-century/stdyr_t2_50ptile_modesto_city-county_airport_kmod_mid-late-century.csv
modesto_city-county_airport_kmod,t2,50ptile,near-future,s3://cadcat/climate-profiles/standard-met-year/modesto_city-county_airport_kmod/t2/50ptile/near-future/stdyr_t2_50ptile_modesto_city-county_airport_kmod_near-future.csv
modesto_city-county_airport_kmod,t2,50ptile,present-day,s3://cadcat/climate-profiles/standard-met-year/modesto_city-county_airport_kmod/t2/50ptile/present-day/stdyr_t2_50ptile_modesto_city-county_airport_kmod_present-day.csv
modesto_city-county_airport_kmod,t2,95ptile,mid-century,s3://cadcat/climate-profiles/standard-met-year/modesto_city-county_airport_kmod/t2/95ptile/mid-century/stdyr_t2_95ptile_modesto_city-county_airport_kmod_mid-century.csv
modesto_city-county_airport_kmod,t2,95ptile,mid-late-century,s3://cadcat/climate-profiles/standard-met-year/modesto_city-county_airport_kmod/t2/95ptile/mid-late-century/stdyr_t2_95ptile_modesto_city-county_airport_kmod_mid-late-century.csv
modesto_city-county_airport_kmod,t2,95ptile,near-future,s3://cadcat/climate-profiles/standard-met-year/modesto_city-county_airport_kmod/t2/95ptile/near-future/stdyr_t2_95ptile_modesto_city-county_airport_kmod_near-future.csv
modesto_city-county_airport_kmod,t2,95ptile,present-day,s3://cadcat/climate-profiles/standard-met-year/modesto_city-county_airport_kmod/t2/95ptile/present-day/stdyr_t2_95ptile_modesto_city-county_airport_kmod_present-day.csv
modesto_city-county_airport_kmod,wind_speed_derived,05ptile,mid-century,s3://cadcat/climate-profiles/standard-met-year/modesto_city-county_airport_kmod/wind_speed_derived/05ptile/mid-century/stdyr_wind_speed_derived_05ptile_modesto_city-county_airport_kmod_mid-century.csv
modesto_city-county_airport_kmod,wind_speed_derived,05ptile,mid-late-century,s3://cadcat/climate-profiles/standard-met-year/modesto_city-county_airport_kmod/wind_speed_derived/05ptile/mid-late-century/stdyr_wind_speed_derived_05ptile_modesto_city-county_airport_kmod_mid-late-century.csv
modesto_city-county_airport_kmod,wind_speed_derived,05ptile,near-future,s3://cadcat/climate-profiles/standard-met-year/modesto_city-county_airport_kmod/wind_speed_derived/05ptile/near-future/stdyr_wind_speed_derived_05ptile_modesto_city-county_airport_kmod_near-future.csv
modesto_city-county_airport_kmod,wind_speed_derived,05ptile,present-day,s3://cadcat/climate-profiles/standard-met-year/modesto_city-county_airport_kmod/wind_speed_derived/05ptile/present-day/stdyr_wind_speed_derived_05ptile_modesto_city-county_airport_kmod_present-day.csv
modesto_city-county_airport_kmod,wind_speed_derived,50ptile,mid-century,s3://cadcat/climate-profiles/standard-met-year/modesto_city-county_airport_kmod/wind_speed_derived/50ptile/mid-century/stdyr_wind_speed_derived_50ptile_modesto_city-county_airport_kmod_mid-century.csv
modesto_city-county_airport_kmod,wind_speed_derived,50ptile,mid-late-century,s3://cadcat/climate-profiles/standard-met-year/modesto_city-county_airport_kmod/wind_speed_derived/50ptile/mid-late-century/stdyr_wind_speed_derived_50ptile_modesto_city-county_airport_kmod_mid-late-century.csv
modesto_city-county_airport_kmod,wind_speed_derived,50ptile,near-future,s3://cadcat/climate-profiles/standard-met-year/modesto_city-county_airport_kmod/wind_speed_derived/50ptile/near-future/stdyr_wind_speed_derived_50ptile_modesto_city-county_airport_kmod_near-future.csv
modesto_city-county_airport_kmod,wind_speed_derived,50ptile,present-day,s3://cadcat/climate-profiles/standard-met-year/modesto_city-county_airport_kmod/wind_speed_derived/50ptile/present-day/stdyr_wind_speed_derived_50ptile_modesto_city-county_airport_kmod_present-day.csv
modesto_city-county_airport_kmod,wind_speed_derived,95ptile,mid-century,s3://cadcat/climate-profiles/standard-met-year/modesto_city-county_airport_kmod/wind_speed_derived/95ptile/mid-century/stdyr_wind_speed_derived_95ptile_modesto_city-county_airport_kmod_mid-century.csv
modesto_city-county_airport_kmod,wind_speed_derived,95ptile,mid-late-century,s3://cadcat/climate-profiles/standard-met-year/modesto_city-county_airport_kmod/wind_speed_derived/95ptile/mid-late-century/stdyr_wind_speed_derived_95ptile_modesto_city-county_airport_kmod_mid-late-century.csv
modesto_city-county_airport_kmod,wind_speed_derived,95ptile,near-future,s3://cadcat/climate-profiles/standard-met-year/modesto_city-county_airport_kmod/wind_speed_derived/95ptile/near-future/stdyr_wind_speed_derived_95ptile_modesto_city-county_airport_kmod_near-future.csv
modesto_city-county_airport_kmod,wind_speed_derived,95ptile,present-day,s3://cadcat/climate-profiles/standard-met-year/modesto_city-county_airport_kmod/wind_speed_derived/95ptile/present-day/stdyr_wind_speed_derived_95ptile_modesto_city-county_airport_kmod_present-day.csv
needles_airport_keed,noaa_heat_index_derived,05ptile,mid-century,s3://cadcat/climate-profiles/standard-met-year/needles_airport_keed/noaa_heat_index_derived/05ptile/mid-century/stdyr_noaa_heat_index_derived_05ptile_needles_airport_keed_mid-century.csv
needles_airport_keed,noaa_heat_index_derived,05ptile,mid-late-century,s3://cadcat/climate-profiles/standard-met-year/needles_airport_keed/noaa_heat_index_derived/05ptile/mid-late-century/stdyr_noaa_heat_index_derived_05ptile_needles_airport_keed_mid-late-century.csv
needles_airport_keed,noaa_heat_index_derived,05ptile,near-future,s3://cadcat/climate-profiles/standard-met-year/needles_airport_keed/noaa_heat_index_derived/05ptile/near-future/stdyr_noaa_heat_index_derived_05ptile_needles_airport_keed_near-future.csv
needles_airport_keed,noaa_heat_index_derived,05ptile,present-day,s3://cadcat/climate-profiles/standard-met-year/needles_airport_keed/noaa_heat_index_derived/05ptile/present-day/stdyr_noaa_heat_index_derived_05ptile_needles_airport_keed_present-day.csv
needles_airport_keed,noaa_heat_index_derived,50ptile,mid-century,s3://cadcat/climate-profiles/standard-met-year/needles_airport_keed/noaa_heat_index_derived/50ptile/mid-century/stdyr_noaa_heat_index_derived_50ptile_needles_airport_keed_mid-century.csv
needles_airport_keed,noaa_heat_index_derived,50ptile,mid-late-century,s3://cadcat/climate-profiles/standard-met-year/needles_airport_keed/noaa_heat_index_derived/50ptile/mid-late-century/stdyr_noaa_heat_index_derived_50ptile_needles_airport_keed_mid-late-century.csv
needles_airport_keed,noaa_heat_index_derived,50ptile,near-future,s3://cadcat/climate-profiles/standard-met-year/needles_airport_keed/noaa_heat_index_derived/50ptile/near-future/stdyr_noaa_heat_index_derived_50ptile_needles_airport_keed_near-future.csv
needles_airport_keed,noaa_heat_index_derived,50ptile,present-day,s3://cadcat/climate-profiles/standard-met-year/needles_airport_keed/noaa_heat_index_derived/50ptile/present-day/stdyr_noaa_heat_index_derived_50ptile_needles_airport_keed_present-day.csv
needles_airport_keed,noaa_heat_index_derived,95ptile,mid-century,s3://cadcat/climate-profiles/standard-met-year/needles_airport_keed/noaa_heat_index_derived/95ptile/mid-century/stdyr_noaa_heat_index_derived_95ptile_needles_airport_keed_mid-century.csv
needles_airport_keed,noaa_heat_index_derived,95ptile,mid-late-century,s3://cadcat/climate-profiles/standard-met-year/needles_airport_keed/noaa_heat_index_derived/95ptile/mid-late-century/stdyr_noaa_heat_index_derived_95ptile_needles_airport_keed_mid-late-century.csv
needles_airport_keed,noaa_heat_index_derived,95ptile,near-future,s3://cadcat/climate-profiles/standard-met-year/needles_airport_keed/noaa_heat_index_derived/95ptile/near-future/stdyr_noaa_heat_index_derived_95ptile_needles_airport_keed_near-future.csv
needles_airport_keed,noaa_heat_index_derived,95ptile,present-day,s3://cadcat/climate-profiles/standard-met-year/needles_airport_keed/noaa_heat_index_derived/95ptile/present-day/stdyr_noaa_heat_index_derived_95ptile_needles_airport_keed_present-day.csv
needles_airport_keed,rh_derived,05ptile,mid-century,s3://cadcat/climate-profiles/standard-met-year/needles_airport_keed/rh_derived/05ptile/mid-century/stdyr_rh_derived_05ptile_needles_airport_keed_mid-century.csv
needles_airport_keed,rh_derived,05ptile,mid-late-century,s3://cadcat/climate-profiles/standard-met-year/needles_airport_keed/rh_derived/05ptile/mid-late-century/stdyr_rh_derived_05ptile_needles_airport_keed_mid-late-century.csv
needles_airport_keed,rh_derived,05ptile,near-future,s3://cadcat/climate-profiles/standard-met-year/needles_airport_keed/rh_derived/05ptile/near-future/stdyr_rh_derived_05ptile_needles_airport_keed_near-future.csv
needles_airport_keed,rh_derived,05ptile,present-day,s3://cadcat/climate-profiles/standard-met-year/needles_airport_keed/rh_derived/05ptile/present-day/stdyr_rh_derived_05ptile_needles_airport_keed_present-day.csv
needles_airport_keed,rh_derived,50ptile,mid-century,s3://cadcat/climate-profiles/standard-met-year/needles_airport_keed/rh_derived/50ptile/mid-century/stdyr_rh_derived_50ptile_needles_airport_keed_mid-century.csv
needles_airport_keed,rh_derived,50ptile,mid-late-century,s3://cadcat/climate-profiles/standard-met-year/needles_airport_keed/rh_derived/50ptile/mid-late-century/stdyr_rh_derived_50ptile_needles_airport_keed_mid-late-century.csv
needles_airport_keed,rh_derived,50ptile,near-future,s3://cadcat/climate-profiles/standard-met-year/needles_airport_keed/rh_derived/50ptile/near-future/stdyr_rh_derived_50ptile_needles_airport_keed_near-future.csv
needles_airport_keed,rh_derived,50ptile,present-day,s3://cadcat/climate-profiles/standard-met-year/needles_airport_keed/rh_derived/50ptile/present-day/stdyr_rh_derived_50ptile_needles_airport_keed_present-day.csv
needles_airport_keed,rh_derived,95ptile,mid-century,s3://cadcat/climate-profiles/standard-met-year/needles_airport_keed/rh_derived/95ptile/mid-century/stdyr_rh_derived_95ptile_needles_airport_keed_mid-century.csv
needles_airport_keed,rh_derived,95ptile,mid-late-century,s3://cadcat/climate-profiles/standard-met-year/needles_airport_keed/rh_derived/95ptile/mid-late-century/stdyr_rh_derived_95ptile_needles_airport_keed_mid-late-century.csv
needles_airport_keed,rh_derived,95ptile,near-future,s3://cadcat/climate-profiles/standard-met-year/needles_airport_keed/rh_derived/95ptile/near-future/stdyr_rh_derived_95ptile_needles_airport_keed_near-future.csv
needles_airport_keed,rh_derived,95ptile,present-day,s3://cadcat/climate-profiles/standard-met-year/needles_airport_keed/rh_derived/95ptile/present-day/stdyr_rh_derived_95ptile_needles_airport_keed_present-day.csv
needles_airport_keed,swdnb,05ptile,mid-century,s3://cadcat/climate-profiles/standard-met-year/needles_airport_keed/swdnb/05ptile/mid-century/stdyr_swdnb_05ptile_needles_airport_keed_mid-century.csv
needles_airport_keed,swdnb,05ptile,mid-late-century,s3://cadcat/climate-profiles/standard-met-year/needles_airport_keed/swdnb/05ptile/mid-late-century/stdyr_swdnb_05ptile_needles_airport_keed_mid-late-century.csv
needles_airport_keed,swdnb,05ptile,near-future,s3://cadcat/climate-profiles/standard-met-year/needles_airport_keed/swdnb/05ptile/near-future/stdyr_swdnb_05ptile_needles_airport_keed_near-future.csv
needles_airport_keed,swdnb,05ptile,present-day,s3://cadcat/climate-profiles/standard-met-year/needles_airport_keed/swdnb/05ptile/present-day/stdyr_swdnb_05ptile_needles_airport_keed_present-day.csv
needles_airport_keed,swdnb,50ptile,mid-century,s3://cadcat/climate-profiles/standard-met-year/needles_airport_keed/swdnb/50ptile/mid-century/stdyr_swdnb_50ptile_needles_airport_keed_mid-century.csv
needles_airport_keed,swdnb,50ptile,mid-late-century,s3://cadcat/climate-profiles/standard-met-year/needles_airport_keed/swdnb/50ptile/mid-late-century/stdyr_swdnb_50ptile_needles_airport_keed_mid-late-century.csv
needles_airport_keed,swdnb,50ptile,near-future,s3://cadcat/climate-profiles/standard-met-year/needles_airport_keed/swdnb/50ptile/near-future/stdyr_swdnb_50ptile_needles_airport_keed_near-future.csv
needles_airport_keed,swdnb,50ptile,present-day,s3://cadcat/climate-profiles/standard-met-year/needles_airport_keed/swdnb/50ptile/present-day/stdyr_swdnb_50ptile_needles_airport_keed_present-day.csv
needles_airport_keed,swdnb,95ptile,mid-century,s3://cadcat/climate-profiles/standard-met-year/needles_airport_keed/swdnb/95ptile/mid-century/stdyr_swdnb_95ptile_needles_airport_keed_mid-century.csv
needles_airport_keed,swdnb,95ptile,mid-late-century,s3://cadcat/climate-profiles/standard-met-year/needles_airport_keed/swdnb/95ptile/mid-late-century/stdyr_swdnb_95ptile_needles_airport_keed_mid-late-century.csv
needles_airport_keed,swdnb,95ptile,near-future,s3://cadcat/climate-profiles/standard-met-year/needles_airport_keed/swdnb/95ptile/near-future/stdyr_swdnb_95ptile_needles_airport_keed_near-future.csv
needles_airport_keed,swdnb,95ptile,present-day,s3://cadcat/climate-profiles/standard-met-year/needles_airport_keed/swdnb/95ptile/present-day/stdyr_swdnb_95ptile_needles_airport_keed_present-day.csv
needles_airport_keed,t2,05ptile,mid-century,s3://cadcat/climate-profiles/standard-met-year/needles_airport_keed/t2/05ptile/mid-century/stdyr_t2_05ptile_needles_airport_keed_mid-century.csv
needles_airport_keed,t2,05ptile,mid-late-century,s3://cadcat/climate-profiles/standard-met-year/needles_airport_keed/t2/05ptile/mid-late-century/stdyr_t2_05ptile_needles_airport_keed_mid-late-century.csv
needles_airport_keed,t2,05ptile,near-future,s3://cadcat/climate-profiles/standard-met-year/needles_airport_keed/t2/05ptile/near-future/stdyr_t2_05ptile_needles_airport_keed_near-future.csv
needles_airport_keed,t2,05ptile,present-day,s3://cadcat/climate-profiles/standard-met-year/needles_airport_keed/t2/05ptile/present-day/stdyr_t2_05ptile_needles_airport_keed_present-day.csv
needles_airport_keed,t2,50ptile,mid-century,s3://cadcat/climate-profiles/standard-met-year/needles_airport_keed/t2/50ptile/mid-century/stdyr_t2_50ptile_needles_airport_keed_mid-century.csv
needles_airport_keed,t2,50ptile,mid-late-century,s3://cadcat/climate-profiles/standard-met-year/needles_airport_keed/t2/50ptile/mid-late-century/stdyr_t2_50ptile_needles_airport_keed_mid-late-century.csv
needles_airport_keed,t2,50ptile,near-future,s3://cadcat/climate-profiles/standard-met-year/needles_airport_keed/t2/50ptile/near-future/stdyr_t2_50ptile_needles_airport_keed_near-future.csv
needles_airport_keed,t2,50ptile,present-day,s3://cadcat/climate-profiles/standard-met-year/needles_airport_keed/t2/50ptile/present-day/stdyr_t2_50ptile_needles_airport_keed_present-day.csv
needles_airport_keed,t2,95ptile,mid-century,s3://cadcat/climate-profiles/standard-met-year/needles_airport_keed/t2/95ptile/mid-century/stdyr_t2_95ptile_needles_airport_keed_mid-century.csv
needles_airport_keed,t2,95ptile,mid-late-century,s3://cadcat/climate-profiles/standard-met-year/needles_airport_keed/t2/95ptile/mid-late-century/stdyr_t2_95ptile_needles_airport_keed_mid-late-century.csv
needles_airport_keed,t2,95ptile,near-future,s3://cadcat/climate-profiles/standard-met-year/needles_airport_keed/t2/95ptile/near-future/stdyr_t2_95ptile_needles_airport_keed_near-future.csv
needles_airport_keed,t2,95ptile,present-day,s3://cadcat/climate-profiles/standard-met-year/needles_airport_keed/t2/95ptile/present-day/stdyr_t2_95ptile_needles_airport_keed_present-day.csv
needles_airport_keed,wind_speed_derived,05ptile,mid-century,s3://cadcat/climate-profiles/standard-met-year/needles_airport_keed/wind_speed_derived/05ptile/mid-century/stdyr_wind_speed_derived_05ptile_needles_airport_keed_mid-century.csv
needles_airport_keed,wind_speed_derived,05ptile,mid-late-century,s3://cadcat/climate-profiles/standard-met-year/needles_airport_keed/wind_speed_derived/05ptile/mid-late-century/stdyr_wind_speed_derived_05ptile_needles_airport_keed_mid-late-century.csv
needles_airport_keed,wind_speed_derived,05ptile,near-future,s3://cadcat/climate-profiles/standard-met-year/needles_airport_keed/wind_speed_derived/05ptile/near-future/stdyr_wind_speed_derived_05ptile_needles_airport_keed_near-future.csv
needles_airport_keed,wind_speed_derived,05ptile,present-day,s3://cadcat/climate-profiles/standard-met-year/needles_airport_keed/wind_speed_derived/05ptile/present-day/stdyr_wind_speed_derived_05ptile_needles_airport_keed_present-day.csv
needles_airport_keed,wind_speed_derived,50ptile,mid-century,s3://cadcat/climate-profiles/standard-met-year/needles_airport_keed/wind_speed_derived/50ptile/mid-century/stdyr_wind_speed_derived_50ptile_needles_airport_keed_mid-century.csv
needles_airport_keed,wind_speed_derived,50ptile,mid-late-century,s3://cadcat/climate-profiles/standard-met-year/needles_airport_keed/wind_speed_derived/50ptile/mid-late-century/stdyr_wind_speed_derived_50ptile_needles_airport_keed_mid-late-century.csv
needles_airport_keed,wind_speed_derived,50ptile,near-future,s3://cadcat/climate-profiles/standard-met-year/needles_airport_keed/wind_speed_derived/50ptile/near-future/stdyr_wind_speed_derived_50ptile_needles_airport_keed_near-future.csv
needles_airport_keed,wind_speed_derived,50ptile,present-day,s3://cadcat/climate-profiles/standard-met-year/needles_airport_keed/wind_speed_derived/50ptile/present-day/stdyr_wind_speed_derived_50ptile_needles_airport_keed_present-day.csv
needles_airport_keed,wind_speed_derived,95ptile,mid-century,s3://cadcat/climate-profiles/standard-met-year/needles_airport_keed/wind_speed_derived/95ptile/mid-century/stdyr_wind_speed_derived_95ptile_needles_airport_keed_mid-century.csv
needles_airport_keed,wind_speed_derived,95ptile,mid-late-century,s3://cadcat/climate-profiles/standard-met-year/needles_airport_keed/wind_speed_derived/95ptile/mid-late-century/stdyr_wind_speed_derived_95ptile_needles_airport_keed_mid-late-century.csv
needles_airport_keed,wind_speed_derived,95ptile,near-future,s3://cadcat/climate-profiles/standard-met-year/needles_airport_keed/wind_speed_derived/95ptile/near-future/stdyr_wind_speed_derived_95ptile_needles_airport_keed_near-future.csv
needles_airport_keed,wind_speed_derived,95ptile,present-day,s3://cadcat/climate-profiles/standard-met-year/needles_airport_keed/wind_speed_derived/95ptile/present-day/stdyr_wind_speed_derived_95ptile_needles_airport_keed_present-day.csv
oakland_metro_international_airport_koak,noaa_heat_index_derived,05ptile,mid-century,s3://cadcat/climate-profiles/standard-met-year/oakland_metro_international_airport_koak/noaa_heat_index_derived/05ptile/mid-century/stdyr_noaa_heat_index_derived_05ptile_oakland_metro_international_airport_koak_mid-century.csv
oakland_metro_international_airport_koak,noaa_heat_index_derived,05ptile,mid-late-century,s3://cadcat/climate-profiles/standard-met-year/oakland_metro_international_airport_koak/noaa_heat_index_derived/05ptile/mid-late-century/stdyr_noaa_heat_index_derived_05ptile_oakland_metro_international_airport_koak_mid-late-century.csv
oakland_metro_international_airport_koak,noaa_heat_index_derived,05ptile,near-future,s3://cadcat/climate-profiles/standard-met-year/oakland_metro_international_airport_koak/noaa_heat_index_derived/05ptile/near-future/stdyr_noaa_heat_index_derived_05ptile_oakland_metro_international_airport_koak_near-future.csv
oakland_metro_international_airport_koak,noaa_heat_index_derived,05ptile,present-day,s3://cadcat/climate-profiles/standard-met-year/oakland_metro_international_airport_koak/noaa_heat_index_derived/05ptile/present-day/stdyr_noaa_heat_index_derived_05ptile_oakland_metro_international_airport_koak_present-day.csv
oakland_metro_international_airport_koak,noaa_heat_index_derived,50ptile,mid-century,s3://cadcat/climate-profiles/standard-met-year/oakland_metro_international_airport_koak/noaa_heat_index_derived/50ptile/mid-century/stdyr_noaa_heat_index_derived_50ptile_oakland_metro_international_airport_koak_mid-century.csv
oakland_metro_international_airport_koak,noaa_heat_index_derived,50ptile,mid-late-century,s3://cadcat/climate-profiles/standard-met-year/oakland_metro_international_airport_koak/noaa_heat_index_derived/50ptile/mid-late-century/stdyr_noaa_heat_index_derived_50ptile_oakland_metro_international_airport_koak_mid-late-century.csv
oakland_metro_international_airport_koak,noaa_heat_index_derived,50ptile,near-future,s3://cadcat/climate-profiles/standard-met-year/oakland_metro_international_airport_koak/noaa_heat_index_derived/50ptile/near-future/stdyr_noaa_heat_index_derived_50ptile_oakland_metro_international_airport_koak_near-future.csv
oakland_metro_international_airport_koak,noaa_heat_index_derived,50ptile,present-day,s3://cadcat/climate-profiles/standard-met-year/oakland_metro_international_airport_koak/noaa_heat_index_derived/50ptile/present-day/stdyr_noaa_heat_index_derived_50ptile_oakland_metro_international_airport_koak_present-day.csv
oakland_metro_international_airport_koak,noaa_heat_index_derived,95ptile,mid-century,s3://cadcat/climate-profiles/standard-met-year/oakland_metro_international_airport_koak/noaa_heat_index_derived/95ptile/mid-century/stdyr_noaa_heat_index_derived_95ptile_oakland_metro_international_airport_koak_mid-century.csv
oakland_metro_international_airport_koak,noaa_heat_index_derived,95ptile,mid-late-century,s3://cadcat/climate-profiles/standard-met-year/oakland_metro_international_airport_koak/noaa_heat_index_derived/95ptile/mid-late-century/stdyr_noaa_heat_index_derived_95ptile_oakland_metro_international_airport_koak_mid-late-century.csv
oakland_metro_international_airport_koak,noaa_heat_index_derived,95ptile,near-future,s3://cadcat/climate-profiles/standard-met-year/oakland_metro_international_airport_koak/noaa_heat_index_derived/95ptile/near-future/stdyr_noaa_heat_index_derived_95ptile_oakland_metro_international_airport_koak_near-future.csv
oakland_metro_international_airport_koak,noaa_heat_index_derived,95ptile,present-day,s3://cadcat/climate-profiles/standard-met-year/oakland_metro_international_airport_koak/noaa_heat_index_derived/95ptile/present-day/stdyr_noaa_heat_index_derived_95ptile_oakland_metro_international_airport_koak_present-day.csv
oakland_metro_international_airport_koak,rh_derived,05ptile,mid-century,s3://cadcat/climate-profiles/standard-met-year/oakland_metro_international_airport_koak/rh_derived/05ptile/mid-century/stdyr_rh_derived_05ptile_oakland_metro_international_airport_koak_mid-century.csv
oakland_metro_international_airport_koak,rh_derived,05ptile,mid-late-century,s3://cadcat/climate-profiles/standard-met-year/oakland_metro_international_airport_koak/rh_derived/05ptile/mid-late-century/stdyr_rh_derived_05ptile_oakland_metro_international_airport_koak_mid-late-century.csv
oakland_metro_international_airport_koak,rh_derived,05ptile,near-future,s3://cadcat/climate-profiles/standard-met-year/oakland_metro_international_airport_koak/rh_derived/05ptile/near-future/stdyr_rh_derived_05ptile_oakland_metro_international_airport_koak_near-future.csv
oakland_metro_international_airport_koak,rh_derived,05ptile,present-day,s3://cadcat/climate-profiles/standard-met-year/oakland_metro_international_airport_koak/rh_derived/05ptile/present-day/stdyr_rh_derived_05ptile_oakland_metro_international_airport_koak_present-day.csv
oakland_metro_international_airport_koak,rh_derived,50ptile,mid-century,s3://cadcat/climate-profiles/standard-met-year/oakland_metro_international_airport_koak/rh_derived/50ptile/mid-century/stdyr_rh_derived_50ptile_oakland_metro_international_airport_koak_mid-century.csv
oakland_metro_international_airport_koak,rh_derived,50ptile,mid-late-century,s3://cadcat/climate-profiles/standard-met-year/oakland_metro_international_airport_koak/rh_derived/50ptile/mid-late-century/stdyr_rh_derived_50ptile_oakland_metro_international_airport_koak_mid-late-century.csv
oakland_metro_international_airport_koak,rh_derived,50ptile,near-future,s3://cadcat/climate-profiles/standard-met-year/oakland_metro_international_airport_koak/rh_derived/50ptile/near-future/stdyr_rh_derived_50ptile_oakland_metro_international_airport_koak_near-future.csv
oakland_metro_international_airport_koak,rh_derived,50ptile,present-day,s3://cadcat/climate-profiles/standard-met-year/oakland_metro_international_airport_koak/rh_derived/50ptile/present-day/stdyr_rh_derived_50ptile_oakland_metro_international_airport_koak_present-day.csv
oakland_metro_international_airport_koak,rh_derived,95ptile,mid-century,s3://cadcat/climate-profiles/standard-met-year/oakland_metro_international_airport_koak/rh_derived/95ptile/mid-century/stdyr_rh_derived_95ptile_oakland_metro_international_airport_koak_mid-century.csv
oakland_metro_international_airport_koak,rh_derived,95ptile,mid-late-century,s3://cadcat/climate-profiles/standard-met-year/oakland_metro_international_airport_koak/rh_derived/95ptile/mid-late-century/stdyr_rh_derived_95ptile_oakland_metro_international_airport_koak_mid-late-century.csv
oakland_metro_international_airport_koak,rh_derived,95ptile,near-future,s3://cadcat/climate-profiles/standard-met-year/oakland_metro_international_airport_koak/rh_derived/95ptile/near-future/stdyr_rh_derived_95ptile_oakland_metro_international_airport_koak_near-future.csv
oakland_metro_international_airport_koak,rh_derived,95ptile,present-day,s3://cadcat/climate-profiles/standard-met-year/oakland_metro_international_airport_koak/rh_derived/95ptile/present-day/stdyr_rh_derived_95ptile_oakland_metro_international_airport_koak_present-day.csv
oakland_metro_international_airport_koak,swdnb,05ptile,mid-century,s3://cadcat/climate-profiles/standard-met-year/oakland_metro_international_airport_koak/swdnb/05ptile/mid-century/stdyr_swdnb_05ptile_oakland_metro_international_airport_koak_mid-century.csv
oakland_metro_international_airport_koak,swdnb,05ptile,mid-late-century,s3://cadcat/climate-profiles/standard-met-year/oakland_metro_international_airport_koak/swdnb/05ptile/mid-late-century/stdyr_swdnb_05ptile_oakland_metro_international_airport_koak_mid-late-century.csv
oakland_metro_international_airport_koak,swdnb,05ptile,near-future,s3://cadcat/climate-profiles/standard-met-year/oakland_metro_international_airport_koak/swdnb/05ptile/near-future/stdyr_swdnb_05ptile_oakland_metro_international_airport_koak_near-future.csv
oakland_metro_international_airport_koak,swdnb,05ptile,present-day,s3://cadcat/climate-profiles/standard-met-year/oakland_metro_international_airport_koak/swdnb/05ptile/present-day/stdyr_swdnb_05ptile_oakland_metro_international_airport_koak_present-day.csv
oakland_metro_international_airport_koak,swdnb,50ptile,mid-century,s3://cadcat/climate-profiles/standard-met-year/oakland_metro_international_airport_koak/swdnb/50ptile/mid-century/stdyr_swdnb_50ptile_oakland_metro_international_airport_koak_mid-century.csv
oakland_metro_international_airport_koak,swdnb,50ptile,mid-late-century,s3://cadcat/climate-profiles/standard-met-year/oakland_metro_international_airport_koak/swdnb/50ptile/mid-late-century/stdyr_swdnb_50ptile_oakland_metro_international_airport_koak_mid-late-century.csv
oakland_metro_international_airport_koak,swdnb,50ptile,near-future,s3://cadcat/climate-profiles/standard-met-year/oakland_metro_international_airport_koak/swdnb/50ptile/near-future/stdyr_swdnb_50ptile_oakland_metro_international_airport_koak_near-future.csv
oakland_metro_international_airport_koak,swdnb,50ptile,present-day,s3://cadcat/climate-profiles/standard-met-year/oakland_metro_international_airport_koak/swdnb/50ptile/present-day/stdyr_swdnb_50ptile_oakland_metro_international_airport_koak_present-day.csv
oakland_metro_international_airport_koak,swdnb,95ptile,mid-century,s3://cadcat/climate-profiles/standard-met-year/oakland_metro_international_airport_koak/swdnb/95ptile/mid-century/stdyr_swdnb_95ptile_oakland_metro_international_airport_koak_mid-century.csv
oakland_metro_international_airport_koak,swdnb,95ptile,mid-late-century,s3://cadcat/climate-profiles/standard-met-year/oakland_metro_international_airport_koak/swdnb/95ptile/mid-late-century/stdyr_swdnb_95ptile_oakland_metro_international_airport_koak_mid-late-century.csv
oakland_metro_international_airport_koak,swdnb,95ptile,near-future,s3://cadcat/climate-profiles/standard-met-year/oakland_metro_international_airport_koak/swdnb/95ptile/near-future/stdyr_swdnb_95ptile_oakland_metro_international_airport_koak_near-future.csv
oakland_metro_international_airport_koak,swdnb,95ptile,present-day,s3://cadcat/climate-profiles/standard-met-year/oakland_metro_international_airport_koak/swdnb/95ptile/present-day/stdyr_swdnb_95ptile_oakland_metro_international_airport_koak_present-day.csv
oakland_metro_international_airport_koak,t2,05ptile,mid-century,s3://cadcat/climate-profiles/standard-met-year/oakland_metro_international_airport_koak/t2/05ptile/mid-century/stdyr_t2_05ptile_oakland_metro_international_airport_koak_mid-century.csv
oakland_metro_international_airport_koak,t2,05ptile,mid-late-century,s3://cadcat/climate-profiles/standard-met-year/oakland_metro_international_airport_koak/t2/05ptile/mid-late-century/stdyr_t2_05ptile_oakland_metro_international_airport_koak_mid-late-century.csv
oakland_metro_international_airport_koak,t2,05ptile,near-future,s3://cadcat/climate-profiles/standard-met-year/oakland_metro_international_airport_koak/t2/05ptile/near-future/stdyr_t2_05ptile_oakland_metro_international_airport_koak_near-future.csv
oakland_metro_international_airport_koak,t2,05ptile,present-day,s3://cadcat/climate-profiles/standard-met-year/oakland_metro_international_airport_koak/t2/05ptile/present-day/stdyr_t2_05ptile_oakland_metro_international_airport_koak_present-day.csv
oakland_metro_international_airport_koak,t2,50ptile,mid-century,s3://cadcat/climate-profiles/standard-met-year/oakland_metro_international_airport_koak/t2/50ptile/mid-century/stdyr_t2_50ptile_oakland_metro_international_airport_koak_mid-century.csv
oakland_metro_international_airport_koak,t2,50ptile,mid-late-century,s3://cadcat/climate-profiles/standard-met-year/oakland_metro_international_airport_koak/t2/50ptile/mid-late-century/stdyr_t2_50ptile_oakland_metro_international_airport_koak_mid-late-century.csv
oakland_metro_international_airport_koak,t2,50ptile,near-future,s3://cadcat/climate-profiles/standard-met-year/oakland_metro_international_airport_koak/t2/50ptile/near-future/stdyr_t2_50ptile_oakland_metro_international_airport_koak_near-future.csv
oakland_metro_international_airport_koak,t2,50ptile,present-day,s3://cadcat/climate-profiles/standard-met-year/oakland_metro_international_airport_koak/t2/50ptile/present-day/stdyr_t2_50ptile_oakland_metro_international_airport_koak_present-day.csv
oakland_metro_international_airport_koak,t2,95ptile,mid-century,s3://cadcat/climate-profiles/standard-met-year/oakland_metro_international_airport_koak/t2/95ptile/mid-century/stdyr_t2_95ptile_oakland_metro_international_airport_koak_mid-century.csv
oakland_metro_international_airport_koak,t2,95ptile,mid-late-century,s3://cadcat/climate-profiles/standard-met-year/oakland_metro_international_airport_koak/t2/95ptile/mid-late-century/stdyr_t2_95ptile_oakland_metro_international_airport_koak_mid-late-century.csv
oakland_metro_international_airport_koak,t2,95ptile,near-future,s3://cadcat/climate-profiles/standard-met-year/oakland_metro_international_airport_koak/t2/95ptile/near-future/stdyr_t2_95ptile_oakland_metro_international_airport_koak_near-future.csv
oakland_metro_international_airport_koak,t2,95ptile,present-day,s3://cadcat/climate-profiles/standard-met-year/oakland_metro_international_airport_koak/t2/95ptile/present-day/stdyr_t2_95ptile_oakland_metro_international_airport_koak_present-day.csv
oakland_metro_international_airport_koak,wind_speed_derived,05ptile,mid-century,s3://cadcat/climate-profiles/standard-met-year/oakland_metro_international_airport_koak/wind_speed_derived/05ptile/mid-century/stdyr_wind_speed_derived_05ptile_oakland_metro_international_airport_koak_mid-century.csv
oakland_metro_international_airport_koak,wind_speed_derived,05ptile,mid-late-century,s3://cadcat/climate-profiles/standard-met-year/oakland_metro_international_airport_koak/wind_speed_derived/05ptile/mid-late-century/stdyr_wind_speed_derived_05ptile_oakland_metro_international_airport_koak_mid-late-century.csv
oakland_metro_international_airport_koak,wind_speed_derived,05ptile,near-future,s3://cadcat/climate-profiles/standard-met-year/oakland_metro_international_airport_koak/wind_speed_derived/05ptile/near-future/stdyr_wind_speed_derived_05ptile_oakland_metro_international_airport_koak_near-future.csv
oakland_metro_international_airport_koak,wind_speed_derived,05ptile,present-day,s3://cadcat/climate-profiles/standard-met-year/oakland_metro_international_airport_koak/wind_speed_derived/05ptile/present-day/stdyr_wind_speed_derived_05ptile_oakland_metro_international_airport_koak_present-day.csv
oakland_metro_international_airport_koak,wind_speed_derived,50ptile,mid-century,s3://cadcat/climate-profiles/standard-met-year/oakland_metro_international_airport_koak/wind_speed_derived/50ptile/mid-century/stdyr_wind_speed_derived_50ptile_oakland_metro_international_airport_koak_mid-century.csv
oakland_metro_international_airport_koak,wind_speed_derived,50ptile,mid-late-century,s3://cadcat/climate-profiles/standard-met-year/oakland_metro_international_airport_koak/wind_speed_derived/50ptile/mid-late-century/stdyr_wind_speed_derived_50ptile_oakland_metro_international_airport_koak_mid-late-century.csv
oakland_metro_international_airport_koak,wind_speed_derived,50ptile,near-future,s3://cadcat/climate-profiles/standard-met-year/oakland_metro_international_airport_koak/wind_speed_derived/50ptile/near-future/stdyr_wind_speed_derived_50ptile_oakland_metro_international_airport_koak_near-future.csv
oakland_metro_international_airport_koak,wind_speed_derived,50ptile,present-day,s3://cadcat/climate-profiles/standard-met-year/oakland_metro_international_airport_koak/wind_speed_derived/50ptile/present-day/stdyr_wind_speed_derived_50ptile_oakland_metro_international_airport_koak_present-day.csv
oakland_metro_international_airport_koak,wind_speed_derived,95ptile,mid-century,s3://cadcat/climate-profiles/standard-met-year/oakland_metro_international_airport_koak/wind_speed_derived/95ptile/mid-century/stdyr_wind_speed_derived_95ptile_oakland_metro_international_airport_koak_mid-century.csv
oakland_metro_international_airport_koak,wind_speed_derived,95ptile,mid-late-century,s3://cadcat/climate-profiles/standard-met-year/oakland_metro_international_airport_koak/wind_speed_derived/95ptile/mid-late-century/stdyr_wind_speed_derived_95ptile_oakland_metro_international_airport_koak_mid-late-century.csv
oakland_metro_international_airport_koak,wind_speed_derived,95ptile,near-future,s3://cadcat/climate-profiles/standard-met-year/oakland_metro_international_airport_koak/wind_speed_derived/95ptile/near-future/stdyr_wind_speed_derived_95ptile_oakland_metro_international_airport_koak_near-future.csv
oakland_metro_international_airport_koak,wind_speed_derived,95ptile,present-day,s3://cadcat/climate-profiles/standard-met-year/oakland_metro_international_airport_koak/wind_speed_derived/95ptile/present-day/stdyr_wind_speed_derived_95ptile_oakland_metro_international_airport_koak_present-day.csv
ontario_international_airport_kont,noaa_heat_index_derived,05ptile,mid-century,s3://cadcat/climate-profiles/standard-met-year/ontario_international_airport_kont/noaa_heat_index_derived/05ptile/mid-century/stdyr_noaa_heat_index_derived_05ptile_ontario_international_airport_kont_mid-century.csv
ontario_international_airport_kont,noaa_heat_index_derived,05ptile,mid-late-century,s3://cadcat/climate-profiles/standard-met-year/ontario_international_airport_kont/noaa_heat_index_derived/05ptile/mid-late-century/stdyr_noaa_heat_index_derived_05ptile_ontario_international_airport_kont_mid-late-century.csv
ontario_international_airport_kont,noaa_heat_index_derived,05ptile,near-future,s3://cadcat/climate-profiles/standard-met-year/ontario_international_airport_kont/noaa_heat_index_derived/05ptile/near-future/stdyr_noaa_heat_index_derived_05ptile_ontario_international_airport_kont_near-future.csv
ontario_international_airport_kont,noaa_heat_index_derived,05ptile,present-day,s3://cadcat/climate-profiles/standard-met-year/ontario_international_airport_kont/noaa_heat_index_derived/05ptile/present-day/stdyr_noaa_heat_index_derived_05ptile_ontario_international_airport_kont_present-day.csv
ontario_international_airport_kont,noaa_heat_index_derived,50ptile,mid-century,s3://cadcat/climate-profiles/standard-met-year/ontario_international_airport_kont/noaa_heat_index_derived/50ptile/mid-century/stdyr_noaa_heat_index_derived_50ptile_ontario_international_airport_kont_mid-century.csv
ontario_international_airport_kont,noaa_heat_index_derived,50ptile,mid-late-century,s3://cadcat/climate-profiles/standard-met-year/ontario_international_airport_kont/noaa_heat_index_derived/50ptile/mid-late-century/stdyr_noaa_heat_index_derived_50ptile_ontario_international_airport_kont_mid-late-century.csv
ontario_international_airport_kont,noaa_heat_index_derived,50ptile,near-future,s3://cadcat/climate-profiles/standard-met-year/ontario_international_airport_kont/noaa_heat_index_derived/50ptile/near-future/stdyr_noaa_heat_index_derived_50ptile_ontario_international_airport_kont_near-future.csv
ontario_international_airport_kont,noaa_heat_index_derived,50ptile,present-day,s3://cadcat/climate-profiles/standard-met-year/ontario_international_airport_kont/noaa_heat_index_derived/50ptile/present-day/stdyr_noaa_heat_index_derived_50ptile_ontario_international_airport_kont_present-day.csv
ontario_international_airport_kont,noaa_heat_index_derived,95ptile,mid-century,s3://cadcat/climate-profiles/standard-met-year/ontario_international_airport_kont/noaa_heat_index_derived/95ptile/mid-century/stdyr_noaa_heat_index_derived_95ptile_ontario_international_airport_kont_mid-century.csv
ontario_international_airport_kont,noaa_heat_index_derived,95ptile,mid-late-century,s3://cadcat/climate-profiles/standard-met-year/ontario_international_airport_kont/noaa_heat_index_derived/95ptile/mid-late-century/stdyr_noaa_heat_index_derived_95ptile_ontario_international_airport_kont_mid-late-century.csv
ontario_international_airport_kont,noaa_heat_index_derived,95ptile,near-future,s3://cadcat/climate-profiles/standard-met-year/ontario_international_airport_kont/noaa_heat_index_derived/95ptile/near-future/stdyr_noaa_heat_index_derived_95ptile_ontario_international_airport_kont_near-future.csv
ontario_international_airport_kont,noaa_heat_index_derived,95ptile,present-day,s3://cadcat/climate-profiles/standard-met-year/ontario_international_airport_kont/noaa_heat_index_derived/95ptile/present-day/stdyr_noaa_heat_index_derived_95ptile_ontario_international_airport_kont_present-day.csv
ontario_international_airport_kont,rh_derived,05ptile,mid-century,s3://cadcat/climate-profiles/standard-met-year/ontario_international_airport_kont/rh_derived/05ptile/mid-century/stdyr_rh_derived_05ptile_ontario_international_airport_kont_mid-century.csv
ontario_international_airport_kont,rh_derived,05ptile,mid-late-century,s3://cadcat/climate-profiles/standard-met-year/ontario_international_airport_kont/rh_derived/05ptile/mid-late-century/stdyr_rh_derived_05ptile_ontario_international_airport_kont_mid-late-century.csv
ontario_international_airport_kont,rh_derived,05ptile,near-future,s3://cadcat/climate-profiles/standard-met-year/ontario_international_airport_kont/rh_derived/05ptile/near-future/stdyr_rh_derived_05ptile_ontario_international_airport_kont_near-future.csv
ontario_international_airport_kont,rh_derived,05ptile,present-day,s3://cadcat/climate-profiles/standard-met-year/ontario_international_airport_kont/rh_derived/05ptile/present-day/stdyr_rh_derived_05ptile_ontario_international_airport_kont_present-day.csv
ontario_international_airport_kont,rh_derived,50ptile,mid-century,s3://cadcat/climate-profiles/standard-met-year/ontario_international_airport_kont/rh_derived/50ptile/mid-century/stdyr_rh_derived_50ptile_ontario_international_airport_kont_mid-century.csv
ontario_international_airport_kont,rh_derived,50ptile,mid-late-century,s3://cadcat/climate-profiles/standard-met-year/ontario_international_airport_kont/rh_derived/50ptile/mid-late-century/stdyr_rh_derived_50ptile_ontario_international_airport_kont_mid-late-century.csv
ontario_international_airport_kont,rh_derived,50ptile,near-future,s3://cadcat/climate-profiles/standard-met-year/ontario_international_airport_kont/rh_derived/50ptile/near-future/stdyr_rh_derived_50ptile_ontario_international_airport_kont_near-future.csv
ontario_international_airport_kont,rh_derived,50ptile,present-day,s3://cadcat/climate-profiles/standard-met-year/ontario_international_airport_kont/rh_derived/50ptile/present-day/stdyr_rh_derived_50ptile_ontario_international_airport_kont_present-day.csv
ontario_international_airport_kont,rh_derived,95ptile,mid-century,s3://cadcat/climate-profiles/standard-met-year/ontario_international_airport_kont/rh_derived/95ptile/mid-century/stdyr_rh_derived_95ptile_ontario_international_airport_kont_mid-century.csv
ontario_international_airport_kont,rh_derived,95ptile,mid-late-century,s3://cadcat/climate-profiles/standard-met-year/ontario_international_airport_kont/rh_derived/95ptile/mid-late-century/stdyr_rh_derived_95ptile_ontario_international_airport_kont_mid-late-century.csv
ontario_international_airport_kont,rh_derived,95ptile,near-future,s3://cadcat/climate-profiles/standard-met-year/ontario_international_airport_kont/rh_derived/95ptile/near-future/stdyr_rh_derived_95ptile_ontario_international_airport_kont_near-future.csv
ontario_international_airport_kont,rh_derived,95ptile,present-day,s3://cadcat/climate-profiles/standard-met-year/ontario_international_airport_kont/rh_derived/95ptile/present-day/stdyr_rh_derived_95ptile_ontario_international_airport_kont_present-day.csv
ontario_international_airport_kont,swdnb,05ptile,mid-century,s3://cadcat/climate-profiles/standard-met-year/ontario_international_airport_kont/swdnb/05ptile/mid-century/stdyr_swdnb_05ptile_ontario_international_airport_kont_mid-century.csv
ontario_international_airport_kont,swdnb,05ptile,mid-late-century,s3://cadcat/climate-profiles/standard-met-year/ontario_international_airport_kont/swdnb/05ptile/mid-late-century/stdyr_swdnb_05ptile_ontario_international_airport_kont_mid-late-century.csv
ontario_international_airport_kont,swdnb,05ptile,near-future,s3://cadcat/climate-profiles/standard-met-year/ontario_international_airport_kont/swdnb/05ptile/near-future/stdyr_swdnb_05ptile_ontario_international_airport_kont_near-future.csv
ontario_international_airport_kont,swdnb,05ptile,present-day,s3://cadcat/climate-profiles/standard-met-year/ontario_international_airport_kont/swdnb/05ptile/present-day/stdyr_swdnb_05ptile_ontario_international_airport_kont_present-day.csv
ontario_international_airport_kont,swdnb,50ptile,mid-century,s3://cadcat/climate-profiles/standard-met-year/ontario_international_airport_kont/swdnb/50ptile/mid-century/stdyr_swdnb_50ptile_ontario_international_airport_kont_mid-century.csv
ontario_international_airport_kont,swdnb,50ptile,mid-late-century,s3://cadcat/climate-profiles/standard-met-year/ontario_international_airport_kont/swdnb/50ptile/mid-late-century/stdyr_swdnb_50ptile_ontario_international_airport_kont_mid-late-century.csv
ontario_international_airport_kont,swdnb,50ptile,near-future,s3://cadcat/climate-profiles/standard-met-year/ontario_international_airport_kont/swdnb/50ptile/near-future/stdyr_swdnb_50ptile_ontario_international_airport_kont_near-future.csv
ontario_international_airport_kont,swdnb,50ptile,present-day,s3://cadcat/climate-profiles/standard-met-year/ontario_international_airport_kont/swdnb/50ptile/present-day/stdyr_swdnb_50ptile_ontario_international_airport_kont_present-day.csv
ontario_international_airport_kont,swdnb,95ptile,mid-century,s3://cadcat/climate-profiles/standard-met-year/ontario_international_airport_kont/swdnb/95ptile/mid-century/stdyr_swdnb_95ptile_ontario_international_airport_kont_mid-century.csv
ontario_international_airport_kont,swdnb,95ptile,mid-late-century,s3://cadcat/climate-profiles/standard-met-year/ontario_international_airport_kont/swdnb/95ptile/mid-late-century/stdyr_swdnb_95ptile_ontario_international_airport_kont_mid-late-century.csv
ontario_international_airport_kont,swdnb,95ptile,near-future,s3://cadcat/climate-profiles/standard-met-year/ontario_international_airport_kont/swdnb/95ptile/near-future/stdyr_swdnb_95ptile_ontario_international_airport_kont_near-future.csv
ontario_international_airport_kont,swdnb,95ptile,present-day,s3://cadcat/climate-profiles/standard-met-year/ontario_international_airport_kont/swdnb/95ptile/present-day/stdyr_swdnb_95ptile_ontario_international_airport_kont_present-day.csv
ontario_international_airport_kont,t2,05ptile,mid-century,s3://cadcat/climate-profiles/standard-met-year/ontario_international_airport_kont/t2/05ptile/mid-century/stdyr_t2_05ptile_ontario_international_airport_kont_mid-century.csv
ontario_international_airport_kont,t2,05ptile,mid-late-century,s3://cadcat/climate-profiles/standard-met-year/ontario_international_airport_kont/t2/05ptile/mid-late-century/stdyr_t2_05ptile_ontario_international_airport_kont_mid-late-century.csv
ontario_international_airport_kont,t2,05ptile,near-future,s3://cadcat/climate-profiles/standard-met-year/ontario_international_airport_kont/t2/05ptile/near-future/stdyr_t2_05ptile_ontario_international_airport_kont_near-future.csv
ontario_international_airport_kont,t2,05ptile,present-day,s3://cadcat/climate-profiles/standard-met-year/ontario_international_airport_kont/t2/05ptile/present-day/stdyr_t2_05ptile_ontario_international_airport_kont_present-day.csv
ontario_international_airport_kont,t2,50ptile,mid-century,s3://cadcat/climate-profiles/standard-met-year/ontario_international_airport_kont/t2/50ptile/mid-century/stdyr_t2_50ptile_ontario_international_airport_kont_mid-century.csv
ontario_international_airport_kont,t2,50ptile,mid-late-century,s3://cadcat/climate-profiles/standard-met-year/ontario_international_airport_kont/t2/50ptile/mid-late-century/stdyr_t2_50ptile_ontario_international_airport_kont_mid-late-century.csv
ontario_international_airport_kont,t2,50ptile,near-future,s3://cadcat/climate-profiles/standard-met-year/ontario_international_airport_kont/t2/50ptile/near-future/stdyr_t2_50ptile_ontario_international_airport_kont_near-future.csv
ontario_international_airport_kont,t2,50ptile,present-day,s3://cadcat/climate-profiles/standard-met-year/ontario_international_airport_kont/t2/50ptile/present-day/stdyr_t2_50ptile_ontario_international_airport_kont_present-day.csv
ontario_international_airport_kont,t2,95ptile,mid-century,s3://cadcat/climate-profiles/standard-met-year/ontario_international_airport_kont/t2/95ptile/mid-century/stdyr_t2_95ptile_ontario_international_airport_kont_mid-century.csv
ontario_international_airport_kont,t2,95ptile,mid-late-century,s3://cadcat/climate-profiles/standard-met-year/ontario_international_airport_kont/t2/95ptile/mid-late-century/stdyr_t2_95ptile_ontario_international_airport_kont_mid-late-century.csv
ontario_international_airport_kont,t2,95ptile,near-future,s3://cadcat/climate-profiles/standard-met-year/ontario_international_airport_kont/t2/95ptile/near-future/stdyr_t2_95ptile_ontario_international_airport_kont_near-future.csv
ontario_international_airport_kont,t2,95ptile,present-day,s3://cadcat/climate-profiles/standard-met-year/ontario_international_airport_kont/t2/95ptile/present-day/stdyr_t2_95ptile_ontario_international_airport_kont_present-day.csv
ontario_international_airport_kont,wind_speed_derived,05ptile,mid-century,s3://cadcat/climate-profiles/standard-met-year/ontario_international_airport_kont/wind_speed_derived/05ptile/mid-century/stdyr_wind_speed_derived_05ptile_ontario_international_airport_kont_mid-century.csv
ontario_international_airport_kont,wind_speed_derived,05ptile,mid-late-century,s3://cadcat/climate-profiles/standard-met-year/ontario_international_airport_kont/wind_speed_derived/05ptile/mid-late-century/stdyr_wind_speed_derived_05ptile_ontario_international_airport_kont_mid-late-century.csv
ontario_international_airport_kont,wind_speed_derived,05ptile,near-future,s3://cadcat/climate-profiles/standard-met-year/ontario_international_airport_kont/wind_speed_derived/05ptile/near-future/stdyr_wind_speed_derived_05ptile_ontario_international_airport_kont_near-future.csv
ontario_international_airport_kont,wind_speed_derived,05ptile,present-day,s3://cadcat/climate-profiles/standard-met-year/ontario_international_airport_kont/wind_speed_derived/05ptile/present-day/stdyr_wind_speed_derived_05ptile_ontario_international_airport_kont_present-day.csv
ontario_international_airport_kont,wind_speed_derived,50ptile,mid-century,s3://cadcat/climate-profiles/standard-met-year/ontario_international_airport_kont/wind_speed_derived/50ptile/mid-century/stdyr_wind_speed_derived_50ptile_ontario_international_airport_kont_mid-century.csv
ontario_international_airport_kont,wind_speed_derived,50ptile,mid-late-century,s3://cadcat/climate-profiles/standard-met-year/ontario_international_airport_kont/wind_speed_derived/50ptile/mid-late-century/stdyr_wind_speed_derived_50ptile_ontario_international_airport_kont_mid-late-century.csv
ontario_international_airport_kont,wind_speed_derived,50ptile,near-future,s3://cadcat/climate-profiles/standard-met-year/ontario_international_airport_kont/wind_speed_derived/50ptile/near-future/stdyr_wind_speed_derived_50ptile_ontario_international_airport_kont_near-future.csv
ontario_international_airport_kont,wind_speed_derived,50ptile,present-day,s3://cadcat/climate-profiles/standard-met-year/ontario_international_airport_kont/wind_speed_derived/50ptile/present-day/stdyr_wind_speed_derived_50ptile_ontario_international_airport_kont_present-day.csv
ontario_international_airport_kont,wind_speed_derived,95ptile,mid-century,s3://cadcat/climate-profiles/standard-met-year/ontario_international_airport_kont/wind_speed_derived/95ptile/mid-century/stdyr_wind_speed_derived_95ptile_ontario_international_airport_kont_mid-century.csv
ontario_international_airport_kont,wind_speed_derived,95ptile,mid-late-century,s3://cadcat/climate-profiles/standard-met-year/ontario_international_airport_kont/wind_speed_derived/95ptile/mid-late-century/stdyr_wind_speed_derived_95ptile_ontario_international_airport_kont_mid-late-century.csv
ontario_international_airport_kont,wind_speed_derived,95ptile,near-future,s3://cadcat/climate-profiles/standard-met-year/ontario_international_airport_kont/wind_speed_derived/95ptile/near-future/stdyr_wind_speed_derived_95ptile_ontario_international_airport_kont_near-future.csv
ontario_international_airport_kont,wind_speed_derived,95ptile,present-day,s3://cadcat/climate-profiles/standard-met-year/ontario_international_airport_kont/wind_speed_derived/95ptile/present-day/stdyr_wind_speed_derived_95ptile_ontario_international_airport_kont_present-day.csv
oxnard_ventura_county_airport_koxr,noaa_heat_index_derived,05ptile,mid-century,s3://cadcat/climate-profiles/standard-met-year/oxnard_ventura_county_airport_koxr/noaa_heat_index_derived/05ptile/mid-century/stdyr_noaa_heat_index_derived_05ptile_oxnard_ventura_county_airport_koxr_mid-century.csv
oxnard_ventura_county_airport_koxr,noaa_heat_index_derived,05ptile,mid-late-century,s3://cadcat/climate-profiles/standard-met-year/oxnard_ventura_county_airport_koxr/noaa_heat_index_derived/05ptile/mid-late-century/stdyr_noaa_heat_index_derived_05ptile_oxnard_ventura_county_airport_koxr_mid-late-century.csv
oxnard_ventura_county_airport_koxr,noaa_heat_index_derived,05ptile,near-future,s3://cadcat/climate-profiles/standard-met-year/oxnard_ventura_county_airport_koxr/noaa_heat_index_derived/05ptile/near-future/stdyr_noaa_heat_index_derived_05ptile_oxnard_ventura_county_airport_koxr_near-future.csv
oxnard_ventura_county_airport_koxr,noaa_heat_index_derived,05ptile,present-day,s3://cadcat/climate-profiles/standard-met-year/oxnard_ventura_county_airport_koxr/noaa_heat_index_derived/05ptile/present-day/stdyr_noaa_heat_index_derived_05ptile_oxnard_ventura_county_airport_koxr_present-day.csv
oxnard_ventura_county_airport_koxr,noaa_heat_index_derived,50ptile,mid-century,s3://cadcat/climate-profiles/standard-met-year/oxnard_ventura_county_airport_koxr/noaa_heat_index_derived/50ptile/mid-century/stdyr_noaa_heat_index_derived_50ptile_oxnard_ventura_county_airport_koxr_mid-century.csv
oxnard_ventura_county_airport_koxr,noaa_heat_index_derived,50ptile,mid-late-century,s3://cadcat/climate-profiles/standard-met-year/oxnard_ventura_county_airport_koxr/noaa_heat_index_derived/50ptile/mid-late-century/stdyr_noaa_heat_index_derived_50ptile_oxnard_ventura_county_airport_koxr_mid-late-century.csv
oxnard_ventura_county_airport_koxr,noaa_heat_index_derived,50ptile,near-future,s3://cadcat/climate-profiles/standard-met-year/oxnard_ventura_county_airport_koxr/noaa_heat_index_derived/50ptile/near-future/stdyr_noaa_heat_index_derived_50ptile_oxnard_ventura_county_airport_koxr_near-future.csv
oxnard_ventura_county_airport_koxr,noaa_heat_index_derived,50ptile,present-day,s3://cadcat/climate-profiles/standard-met-year/oxnard_ventura_county_airport_koxr/noaa_heat_index_derived/50ptile/present-day/stdyr_noaa_heat_index_derived_50ptile_oxnard_ventura_county_airport_koxr_present-day.csv
oxnard_ventura_county_airport_koxr,noaa_heat_index_derived,95ptile,mid-century,s3://cadcat/climate-profiles/standard-met-year/oxnard_ventura_county_airport_koxr/noaa_heat_index_derived/95ptile/mid-century/stdyr_noaa_heat_index_derived_95ptile_oxnard_ventura_county_airport_koxr_mid-century.csv
oxnard_ventura_county_airport_koxr,noaa_heat_index_derived,95ptile,mid-late-century,s3://cadcat/climate-profiles/standard-met-year/oxnard_ventura_county_airport_koxr/noaa_heat_index_derived/95ptile/mid-late-century/stdyr_noaa_heat_index_derived_95ptile_oxnard_ventura_county_airport_koxr_mid-late-century.csv
oxnard_ventura_county_airport_koxr,noaa_heat_index_derived,95ptile,near-future,s3://cadcat/climate-profiles/standard-met-year/oxnard_ventura_county_airport_koxr/noaa_heat_index_derived/95ptile/near-future/stdyr_noaa_heat_index_derived_95ptile_oxnard_ventura_county_airport_koxr_near-future.csv
oxnard_ventura_county_airport_koxr,noaa_heat_index_derived,95ptile,present-day,s3://cadcat/climate-profiles/standard-met-year/oxnard_ventura_county_airport_koxr/noaa_heat_index_derived/95ptile/present-day/stdyr_noaa_heat_index_derived_95ptile_oxnard_ventura_county_airport_koxr_present-day.csv
oxnard_ventura_county_airport_koxr,rh_derived,05ptile,mid-century,s3://cadcat/climate-profiles/standard-met-year/oxnard_ventura_county_airport_koxr/rh_derived/05ptile/mid-century/stdyr_rh_derived_05ptile_oxnard_ventura_county_airport_koxr_mid-century.csv
oxnard_ventura_county_airport_koxr,rh_derived,05ptile,mid-late-century,s3://cadcat/climate-profiles/standard-met-year/oxnard_ventura_county_airport_koxr/rh_derived/05ptile/mid-late-century/stdyr_rh_derived_05ptile_oxnard_ventura_county_airport_koxr_mid-late-century.csv
oxnard_ventura_county_airport_koxr,rh_derived,05ptile,near-future,s3://cadcat/climate-profiles/standard-met-year/oxnard_ventura_county_airport_koxr/rh_derived/05ptile/near-future/stdyr_rh_derived_05ptile_oxnard_ventura_county_airport_koxr_near-future.csv
oxnard_ventura_county_airport_koxr,rh_derived,05ptile,present-day,s3://cadcat/climate-profiles/standard-met-year/oxnard_ventura_county_airport_koxr/rh_derived/05ptile/present-day/stdyr_rh_derived_05ptile_oxnard_ventura_county_airport_koxr_present-day.csv
oxnard_ventura_county_airport_koxr,rh_derived,50ptile,mid-century,s3://cadcat/climate-profiles/standard-met-year/oxnard_ventura_county_airport_koxr/rh_derived/50ptile/mid-century/stdyr_rh_derived_50ptile_oxnard_ventura_county_airport_koxr_mid-century.csv
oxnard_ventura_county_airport_koxr,rh_derived,50ptile,mid-late-century,s3://cadcat/climate-profiles/standard-met-year/oxnard_ventura_county_airport_koxr/rh_derived/50ptile/mid-late-century/stdyr_rh_derived_50ptile_oxnard_ventura_county_airport_koxr_mid-late-century.csv
oxnard_ventura_county_airport_koxr,rh_derived,50ptile,near-future,s3://cadcat/climate-profiles/standard-met-year/oxnard_ventura_county_airport_koxr/rh_derived/50ptile/near-future/stdyr_rh_derived_50ptile_oxnard_ventura_county_airport_koxr_near-future.csv
oxnard_ventura_county_airport_koxr,rh_derived,50ptile,present-day,s3://cadcat/climate-profiles/standard-met-year/oxnard_ventura_county_airport_koxr/rh_derived/50ptile/present-day/stdyr_rh_derived_50ptile_oxnard_ventura_county_airport_koxr_present-day.csv
oxnard_ventura_county_airport_koxr,rh_derived,95ptile,mid-century,s3://cadcat/climate-profiles/standard-met-year/oxnard_ventura_county_airport_koxr/rh_derived/95ptile/mid-century/stdyr_rh_derived_95ptile_oxnard_ventura_county_airport_koxr_mid-century.csv
oxnard_ventura_county_airport_koxr,rh_derived,95ptile,mid-late-century,s3://cadcat/climate-profiles/standard-met-year/oxnard_ventura_county_airport_koxr/rh_derived/95ptile/mid-late-century/stdyr_rh_derived_95ptile_oxnard_ventura_county_airport_koxr_mid-late-century.csv
oxnard_ventura_county_airport_koxr,rh_derived,95ptile,near-future,s3://cadcat/climate-profiles/standard-met-year/oxnard_ventura_county_airport_koxr/rh_derived/95ptile/near-future/stdyr_rh_derived_95ptile_oxnard_ventura_county_airport_koxr_near-future.csv
oxnard_ventura_county_airport_koxr,rh_derived,95ptile,present-day,s3://cadcat/climate-profiles/standard-met-year/oxnard_ventura_county_airport_koxr/rh_derived/95ptile/present-day/stdyr_rh_derived_95ptile_oxnard_ventura_county_airport_koxr_present-day.csv
oxnard_ventura_county_airport_koxr,swdnb,05ptile,mid-century,s3://cadcat/climate-profiles/standard-met-year/oxnard_ventura_county_airport_koxr/swdnb/05ptile/mid-century/stdyr_swdnb_05ptile_oxnard_ventura_county_airport_koxr_mid-century.csv
oxnard_ventura_county_airport_koxr,swdnb,05ptile,mid-late-century,s3://cadcat/climate-profiles/standard-met-year/oxnard_ventura_county_airport_koxr/swdnb/05ptile/mid-late-century/stdyr_swdnb_05ptile_oxnard_ventura_county_airport_koxr_mid-late-century.csv
oxnard_ventura_county_airport_koxr,swdnb,05ptile,near-future,s3://cadcat/climate-profiles/standard-met-year/oxnard_ventura_county_airport_koxr/swdnb/05ptile/near-future/stdyr_swdnb_05ptile_oxnard_ventura_county_airport_koxr_near-future.csv
oxnard_ventura_county_airport_koxr,swdnb,05ptile,present-day,s3://cadcat/climate-profiles/standard-met-year/oxnard_ventura_county_airport_koxr/swdnb/05ptile/present-day/stdyr_swdnb_05ptile_oxnard_ventura_county_airport_koxr_present-day.csv
oxnard_ventura_county_airport_koxr,swdnb,50ptile,mid-century,s3://cadcat/climate-profiles/standard-met-year/oxnard_ventura_county_airport_koxr/swdnb/50ptile/mid-century/stdyr_swdnb_50ptile_oxnard_ventura_county_airport_koxr_mid-century.csv
oxnard_ventura_county_airport_koxr,swdnb,50ptile,mid-late-century,s3://cadcat/climate-profiles/standard-met-year/oxnard_ventura_county_airport_koxr/swdnb/50ptile/mid-late-century/stdyr_swdnb_50ptile_oxnard_ventura_county_airport_koxr_mid-late-century.csv
oxnard_ventura_county_airport_koxr,swdnb,50ptile,near-future,s3://cadcat/climate-profiles/standard-met-year/oxnard_ventura_county_airport_koxr/swdnb/50ptile/near-future/stdyr_swdnb_50ptile_oxnard_ventura_county_airport_koxr_near-future.csv
oxnard_ventura_county_airport_koxr,swdnb,50ptile,present-day,s3://cadcat/climate-profiles/standard-met-year/oxnard_ventura_county_airport_koxr/swdnb/50ptile/present-day/stdyr_swdnb_50ptile_oxnard_ventura_county_airport_koxr_present-day.csv
oxnard_ventura_county_airport_koxr,swdnb,95ptile,mid-century,s3://cadcat/climate-profiles/standard-met-year/oxnard_ventura_county_airport_koxr/swdnb/95ptile/mid-century/stdyr_swdnb_95ptile_oxnard_ventura_county_airport_koxr_mid-century.csv
oxnard_ventura_county_airport_koxr,swdnb,95ptile,mid-late-century,s3://cadcat/climate-profiles/standard-met-year/oxnard_ventura_county_airport_koxr/swdnb/95ptile/mid-late-century/stdyr_swdnb_95ptile_oxnard_ventura_county_airport_koxr_mid-late-century.csv
oxnard_ventura_county_airport_koxr,swdnb,95ptile,near-future,s3://cadcat/climate-profiles/standard-met-year/oxnard_ventura_county_airport_koxr/swdnb/95ptile/near-future/stdyr_swdnb_95ptile_oxnard_ventura_county_airport_koxr_near-future.csv
oxnard_ventura_county_airport_koxr,swdnb,95ptile,present-day,s3://cadcat/climate-profiles/standard-met-year/oxnard_ventura_county_airport_koxr/swdnb/95ptile/present-day/stdyr_swdnb_95ptile_oxnard_ventura_county_airport_koxr_present-day.csv
oxnard_ventura_county_airport_koxr,t2,05ptile,mid-century,s3://cadcat/climate-profiles/standard-met-year/oxnard_ventura_county_airport_koxr/t2/05ptile/mid-century/stdyr_t2_05ptile_oxnard_ventura_county_airport_koxr_mid-century.csv
oxnard_ventura_county_airport_koxr,t2,05ptile,mid-late-century,s3://cadcat/climate-profiles/standard-met-year/oxnard_ventura_county_airport_koxr/t2/05ptile/mid-late-century/stdyr_t2_05ptile_oxnard_ventura_county_airport_koxr_mid-late-century.csv
oxnard_ventura_county_airport_koxr,t2,05ptile,near-future,s3://cadcat/climate-profiles/standard-met-year/oxnard_ventura_county_airport_koxr/t2/05ptile/near-future/stdyr_t2_05ptile_oxnard_ventura_county_airport_koxr_near-future.csv
oxnard_ventura_county_airport_koxr,t2,05ptile,present-day,s3://cadcat/climate-profiles/standard-met-year/oxnard_ventura_county_airport_koxr/t2/05ptile/present-day/stdyr_t2_05ptile_oxnard_ventura_county_airport_koxr_present-day.csv
oxnard_ventura_county_airport_koxr,t2,50ptile,mid-century,s3://cadcat/climate-profiles/standard-met-year/oxnard_ventura_county_airport_koxr/t2/50ptile/mid-century/stdyr_t2_50ptile_oxnard_ventura_county_airport_koxr_mid-century.csv
oxnard_ventura_county_airport_koxr,t2,50ptile,mid-late-century,s3://cadcat/climate-profiles/standard-met-year/oxnard_ventura_county_airport_koxr/t2/50ptile/mid-late-century/stdyr_t2_50ptile_oxnard_ventura_county_airport_koxr_mid-late-century.csv
oxnard_ventura_county_airport_koxr,t2,50ptile,near-future,s3://cadcat/climate-profiles/standard-met-year/oxnard_ventura_county_airport_koxr/t2/50ptile/near-future/stdyr_t2_50ptile_oxnard_ventura_county_airport_koxr_near-future.csv
oxnard_ventura_county_airport_koxr,t2,50ptile,present-day,s3://cadcat/climate-profiles/standard-met-year/oxnard_ventura_county_airport_koxr/t2/50ptile/present-day/stdyr_t2_50ptile_oxnard_ventura_county_airport_koxr_present-day.csv
oxnard_ventura_county_airport_koxr,t2,95ptile,mid-century,s3://cadcat/climate-profiles/standard-met-year/oxnard_ventura_county_airport_koxr/t2/95ptile/mid-century/stdyr_t2_95ptile_oxnard_ventura_county_airport_koxr_mid-century.csv
oxnard_ventura_county_airport_koxr,t2,95ptile,mid-late-century,s3://cadcat/climate-profiles/standard-met-year/oxnard_ventura_county_airport_koxr/t2/95ptile/mid-late-century/stdyr_t2_95ptile_oxnard_ventura_county_airport_koxr_mid-late-century.csv
oxnard_ventura_county_airport_koxr,t2,95ptile,near-future,s3://cadcat/climate-profiles/standard-met-year/oxnard_ventura_county_airport_koxr/t2/95ptile/near-future/stdyr_t2_95ptile_oxnard_ventura_county_airport_koxr_near-future.csv
oxnard_ventura_county_airport_koxr,t2,95ptile,present-day,s3://cadcat/climate-profiles/standard-met-year/oxnard_ventura_county_airport_koxr/t2/95ptile/present-day/stdyr_t2_95ptile_oxnard_ventura_county_airport_koxr_present-day.csv
oxnard_ventura_county_airport_koxr,wind_speed_derived,05ptile,mid-century,s3://cadcat/climate-profiles/standard-met-year/oxnard_ventura_county_airport_koxr/wind_speed_derived/05ptile/mid-century/stdyr_wind_speed_derived_05ptile_oxnard_ventura_county_airport_koxr_mid-century.csv
oxnard_ventura_county_airport_koxr,wind_speed_derived,05ptile,mid-late-century,s3://cadcat/climate-profiles/standard-met-year/oxnard_ventura_county_airport_koxr/wind_speed_derived/05ptile/mid-late-century/stdyr_wind_speed_derived_05ptile_oxnard_ventura_county_airport_koxr_mid-late-century.csv
oxnard_ventura_county_airport_koxr,wind_speed_derived,05ptile,near-future,s3://cadcat/climate-profiles/standard-met-year/oxnard_ventura_county_airport_koxr/wind_speed_derived/05ptile/near-future/stdyr_wind_speed_derived_05ptile_oxnard_ventura_county_airport_koxr_near-future.csv
oxnard_ventura_county_airport_koxr,wind_speed_derived,05ptile,present-day,s3://cadcat/climate-profiles/standard-met-year/oxnard_ventura_county_airport_koxr/wind_speed_derived/05ptile/present-day/stdyr_wind_speed_derived_05ptile_oxnard_ventura_county_airport_koxr_present-day.csv
oxnard_ventura_county_airport_koxr,wind_speed_derived,50ptile,mid-century,s3://cadcat/climate-profiles/standard-met-year/oxnard_ventura_county_airport_koxr/wind_speed_derived/50ptile/mid-century/stdyr_wind_speed_derived_50ptile_oxnard_ventura_county_airport_koxr_mid-century.csv
oxnard_ventura_county_airport_koxr,wind_speed_derived,50ptile,mid-late-century,s3://cadcat/climate-profiles/standard-met-year/oxnard_ventura_county_airport_koxr/wind_speed_derived/50ptile/mid-late-century/stdyr_wind_speed_derived_50ptile_oxnard_ventura_county_airport_koxr_mid-late-century.csv
oxnard_ventura_county_airport_koxr,wind_speed_derived,50ptile,near-future,s3://cadcat/climate-profiles/standard-met-year/oxnard_ventura_county_airport_koxr/wind_speed_derived/50ptile/near-future/stdyr_wind_speed_derived_50ptile_oxnard_ventura_county_airport_koxr_near-future.csv
oxnard_ventura_county_airport_koxr,wind_speed_derived,50ptile,present-day,s3://cadcat/climate-profiles/standard-met-year/oxnard_ventura_county_airport_koxr/wind_speed_derived/50ptile/present-day/stdyr_wind_speed_derived_50ptile_oxnard_ventura_county_airport_koxr_present-day.csv
oxnard_ventura_county_airport_koxr,wind_speed_derived,95ptile,mid-century,s3://cadcat/climate-profiles/standard-met-year/oxnard_ventura_county_airport_koxr/wind_speed_derived/95ptile/mid-century/stdyr_wind_speed_derived_95ptile_oxnard_ventura_county_airport_koxr_mid-century.csv
oxnard_ventura_county_airport_koxr,wind_speed_derived,95ptile,mid-late-century,s3://cadcat/climate-profiles/standard-met-year/oxnard_ventura_county_airport_koxr/wind_speed_derived/95ptile/mid-late-century/stdyr_wind_speed_derived_95ptile_oxnard_ventura_county_airport_koxr_mid-late-century.csv
oxnard_ventura_county_airport_koxr,wind_speed_derived,95ptile,near-future,s3://cadcat/climate-profiles/standard-met-year/oxnard_ventura_county_airport_koxr/wind_speed_derived/95ptile/near-future/stdyr_wind_speed_derived_95ptile_oxnard_ventura_county_airport_koxr_near-future.csv
oxnard_ventura_county_airport_koxr,wind_speed_derived,95ptile,present-day,s3://cadcat/climate-profiles/standard-met-year/oxnard_ventura_county_airport_koxr/wind_speed_derived/95ptile/present-day/stdyr_wind_speed_derived_95ptile_oxnard_ventura_county_airport_koxr_present-day.csv
palm_springs_regional_airport_kpsp,noaa_heat_index_derived,05ptile,mid-century,s3://cadcat/climate-profiles/standard-met-year/palm_springs_regional_airport_kpsp/noaa_heat_index_derived/05ptile/mid-century/stdyr_noaa_heat_index_derived_05ptile_palm_springs_regional_airport_kpsp_mid-century.csv
palm_springs_regional_airport_kpsp,noaa_heat_index_derived,05ptile,mid-late-century,s3://cadcat/climate-profiles/standard-met-year/palm_springs_regional_airport_kpsp/noaa_heat_index_derived/05ptile/mid-late-century/stdyr_noaa_heat_index_derived_05ptile_palm_springs_regional_airport_kpsp_mid-late-century.csv
palm_springs_regional_airport_kpsp,noaa_heat_index_derived,05ptile,near-future,s3://cadcat/climate-profiles/standard-met-year/palm_springs_regional_airport_kpsp/noaa_heat_index_derived/05ptile/near-future/stdyr_noaa_heat_index_derived_05ptile_palm_springs_regional_airport_kpsp_near-future.csv
palm_springs_regional_airport_kpsp,noaa_heat_index_derived,05ptile,present-day,s3://cadcat/climate-profiles/standard-met-year/palm_springs_regional_airport_kpsp/noaa_heat_index_derived/05ptile/present-day/stdyr_noaa_heat_index_derived_05ptile_palm_springs_regional_airport_kpsp_present-day.csv
palm_springs_regional_airport_kpsp,noaa_heat_index_derived,50ptile,mid-century,s3://cadcat/climate-profiles/standard-met-year/palm_springs_regional_airport_kpsp/noaa_heat_index_derived/50ptile/mid-century/stdyr_noaa_heat_index_derived_50ptile_palm_springs_regional_airport_kpsp_mid-century.csv
palm_springs_regional_airport_kpsp,noaa_heat_index_derived,50ptile,mid-late-century,s3://cadcat/climate-profiles/standard-met-year/palm_springs_regional_airport_kpsp/noaa_heat_index_derived/50ptile/mid-late-century/stdyr_noaa_heat_index_derived_50ptile_palm_springs_regional_airport_kpsp_mid-late-century.csv
palm_springs_regional_airport_kpsp,noaa_heat_index_derived,50ptile,near-future,s3://cadcat/climate-profiles/standard-met-year/palm_springs_regional_airport_kpsp/noaa_heat_index_derived/50ptile/near-future/stdyr_noaa_heat_index_derived_50ptile_palm_springs_regional_airport_kpsp_near-future.csv
palm_springs_regional_airport_kpsp,noaa_heat_index_derived,50ptile,present-day,s3://cadcat/climate-profiles/standard-met-year/palm_springs_regional_airport_kpsp/noaa_heat_index_derived/50ptile/present-day/stdyr_noaa_heat_index_derived_50ptile_palm_springs_regional_airport_kpsp_present-day.csv
palm_springs_regional_airport_kpsp,noaa_heat_index_derived,95ptile,mid-century,s3://cadcat/climate-profiles/standard-met-year/palm_springs_regional_airport_kpsp/noaa_heat_index_derived/95ptile/mid-century/stdyr_noaa_heat_index_derived_95ptile_palm_springs_regional_airport_kpsp_mid-century.csv
palm_springs_regional_airport_kpsp,noaa_heat_index_derived,95ptile,mid-late-century,s3://cadcat/climate-profiles/standard-met-year/palm_springs_regional_airport_kpsp/noaa_heat_index_derived/95ptile/mid-late-century/stdyr_noaa_heat_index_derived_95ptile_palm_springs_regional_airport_kpsp_mid-late-century.csv
palm_springs_regional_airport_kpsp,noaa_heat_index_derived,95ptile,near-future,s3://cadcat/climate-profiles/standard-met-year/palm_springs_regional_airport_kpsp/noaa_heat_index_derived/95ptile/near-future/stdyr_noaa_heat_index_derived_95ptile_palm_springs_regional_airport_kpsp_near-future.csv
palm_springs_regional_airport_kpsp,noaa_heat_index_derived,95ptile,present-day,s3://cadcat/climate-profiles/standard-met-year/palm_springs_regional_airport_kpsp/noaa_heat_index_derived/95ptile/present-day/stdyr_noaa_heat_index_derived_95ptile_palm_springs_regional_airport_kpsp_present-day.csv
palm_springs_regional_airport_kpsp,rh_derived,05ptile,mid-century,s3://cadcat/climate-profiles/standard-met-year/palm_springs_regional_airport_kpsp/rh_derived/05ptile/mid-century/stdyr_rh_derived_05ptile_palm_springs_regional_airport_kpsp_mid-century.csv
palm_springs_regional_airport_kpsp,rh_derived,05ptile,mid-late-century,s3://cadcat/climate-profiles/standard-met-year/palm_springs_regional_airport_kpsp/rh_derived/05ptile/mid-late-century/stdyr_rh_derived_05ptile_palm_springs_regional_airport_kpsp_mid-late-century.csv
palm_springs_regional_airport_kpsp,rh_derived,05ptile,near-future,s3://cadcat/climate-profiles/standard-met-year/palm_springs_regional_airport_kpsp/rh_derived/05ptile/near-future/stdyr_rh_derived_05ptile_palm_springs_regional_airport_kpsp_near-future.csv
palm_springs_regional_airport_kpsp,rh_derived,05ptile,present-day,s3://cadcat/climate-profiles/standard-met-year/palm_springs_regional_airport_kpsp/rh_derived/05ptile/present-day/stdyr_rh_derived_05ptile_palm_springs_regional_airport_kpsp_present-day.csv
palm_springs_regional_airport_kpsp,rh_derived,50ptile,mid-century,s3://cadcat/climate-profiles/standard-met-year/palm_springs_regional_airport_kpsp/rh_derived/50ptile/mid-century/stdyr_rh_derived_50ptile_palm_springs_regional_airport_kpsp_mid-century.csv
palm_springs_regional_airport_kpsp,rh_derived,50ptile,mid-late-century,s3://cadcat/climate-profiles/standard-met-year/palm_springs_regional_airport_kpsp/rh_derived/50ptile/mid-late-century/stdyr_rh_derived_50ptile_palm_springs_regional_airport_kpsp_mid-late-century.csv
palm_springs_regional_airport_kpsp,rh_derived,50ptile,near-future,s3://cadcat/climate-profiles/standard-met-year/palm_springs_regional_airport_kpsp/rh_derived/50ptile/near-future/stdyr_rh_derived_50ptile_palm_springs_regional_airport_kpsp_near-future.csv
palm_springs_regional_airport_kpsp,rh_derived,50ptile,present-day,s3://cadcat/climate-profiles/standard-met-year/palm_springs_regional_airport_kpsp/rh_derived/50ptile/present-day/stdyr_rh_derived_50ptile_palm_springs_regional_airport_kpsp_present-day.csv
palm_springs_regional_airport_kpsp,rh_derived,95ptile,mid-century,s3://cadcat/climate-profiles/standard-met-year/palm_springs_regional_airport_kpsp/rh_derived/95ptile/mid-century/stdyr_rh_derived_95ptile_palm_springs_regional_airport_kpsp_mid-century.csv
palm_springs_regional_airport_kpsp,rh_derived,95ptile,mid-late-century,s3://cadcat/climate-profiles/standard-met-year/palm_springs_regional_airport_kpsp/rh_derived/95ptile/mid-late-century/stdyr_rh_derived_95ptile_palm_springs_regional_airport_kpsp_mid-late-century.csv
palm_springs_regional_airport_kpsp,rh_derived,95ptile,near-future,s3://cadcat/climate-profiles/standard-met-year/palm_springs_regional_airport_kpsp/rh_derived/95ptile/near-future/stdyr_rh_derived_95ptile_palm_springs_regional_airport_kpsp_near-future.csv
palm_springs_regional_airport_kpsp,rh_derived,95ptile,present-day,s3://cadcat/climate-profiles/standard-met-year/palm_springs_regional_airport_kpsp/rh_derived/95ptile/present-day/stdyr_rh_derived_95ptile_palm_springs_regional_airport_kpsp_present-day.csv
palm_springs_regional_airport_kpsp,swdnb,05ptile,mid-century,s3://cadcat/climate-profiles/standard-met-year/palm_springs_regional_airport_kpsp/swdnb/05ptile/mid-century/stdyr_swdnb_05ptile_palm_springs_regional_airport_kpsp_mid-century.csv
palm_springs_regional_airport_kpsp,swdnb,05ptile,mid-late-century,s3://cadcat/climate-profiles/standard-met-year/palm_springs_regional_airport_kpsp/swdnb/05ptile/mid-late-century/stdyr_swdnb_05ptile_palm_springs_regional_airport_kpsp_mid-late-century.csv
palm_springs_regional_airport_kpsp,swdnb,05ptile,near-future,s3://cadcat/climate-profiles/standard-met-year/palm_springs_regional_airport_kpsp/swdnb/05ptile/near-future/stdyr_swdnb_05ptile_palm_springs_regional_airport_kpsp_near-future.csv
palm_springs_regional_airport_kpsp,swdnb,05ptile,present-day,s3://cadcat/climate-profiles/standard-met-year/palm_springs_regional_airport_kpsp/swdnb/05ptile/present-day/stdyr_swdnb_05ptile_palm_springs_regional_airport_kpsp_present-day.csv
palm_springs_regional_airport_kpsp,swdnb,50ptile,mid-century,s3://cadcat/climate-profiles/standard-met-year/palm_springs_regional_airport_kpsp/swdnb/50ptile/mid-century/stdyr_swdnb_50ptile_palm_springs_regional_airport_kpsp_mid-century.csv
palm_springs_regional_airport_kpsp,swdnb,50ptile,mid-late-century,s3://cadcat/climate-profiles/standard-met-year/palm_springs_regional_airport_kpsp/swdnb/50ptile/mid-late-century/stdyr_swdnb_50ptile_palm_springs_regional_airport_kpsp_mid-late-century.csv
palm_springs_regional_airport_kpsp,swdnb,50ptile,near-future,s3://cadcat/climate-profiles/standard-met-year/palm_springs_regional_airport_kpsp/swdnb/50ptile/near-future/stdyr_swdnb_50ptile_palm_springs_regional_airport_kpsp_near-future.csv
palm_springs_regional_airport_kpsp,swdnb,50ptile,present-day,s3://cadcat/climate-profiles/standard-met-year/palm_springs_regional_airport_kpsp/swdnb/50ptile/present-day/stdyr_swdnb_50ptile_palm_springs_regional_airport_kpsp_present-day.csv
palm_springs_regional_airport_kpsp,swdnb,95ptile,mid-century,s3://cadcat/climate-profiles/standard-met-year/palm_springs_regional_airport_kpsp/swdnb/95ptile/mid-century/stdyr_swdnb_95ptile_palm_springs_regional_airport_kpsp_mid-century.csv
palm_springs_regional_airport_kpsp,swdnb,95ptile,mid-late-century,s3://cadcat/climate-profiles/standard-met-year/palm_springs_regional_airport_kpsp/swdnb/95ptile/mid-late-century/stdyr_swdnb_95ptile_palm_springs_regional_airport_kpsp_mid-late-century.csv
palm_springs_regional_airport_kpsp,swdnb,95ptile,near-future,s3://cadcat/climate-profiles/standard-met-year/palm_springs_regional_airport_kpsp/swdnb/95ptile/near-future/stdyr_swdnb_95ptile_palm_springs_regional_airport_kpsp_near-future.csv
palm_springs_regional_airport_kpsp,swdnb,95ptile,present-day,s3://cadcat/climate-profiles/standard-met-year/palm_springs_regional_airport_kpsp/swdnb/95ptile/present-day/stdyr_swdnb_95ptile_palm_springs_regional_airport_kpsp_present-day.csv
palm_springs_regional_airport_kpsp,t2,05ptile,mid-century,s3://cadcat/climate-profiles/standard-met-year/palm_springs_regional_airport_kpsp/t2/05ptile/mid-century/stdyr_t2_05ptile_palm_springs_regional_airport_kpsp_mid-century.csv
palm_springs_regional_airport_kpsp,t2,05ptile,mid-late-century,s3://cadcat/climate-profiles/standard-met-year/palm_springs_regional_airport_kpsp/t2/05ptile/mid-late-century/stdyr_t2_05ptile_palm_springs_regional_airport_kpsp_mid-late-century.csv
palm_springs_regional_airport_kpsp,t2,05ptile,near-future,s3://cadcat/climate-profiles/standard-met-year/palm_springs_regional_airport_kpsp/t2/05ptile/near-future/stdyr_t2_05ptile_palm_springs_regional_airport_kpsp_near-future.csv
palm_springs_regional_airport_kpsp,t2,05ptile,present-day,s3://cadcat/climate-profiles/standard-met-year/palm_springs_regional_airport_kpsp/t2/05ptile/present-day/stdyr_t2_05ptile_palm_springs_regional_airport_kpsp_present-day.csv
palm_springs_regional_airport_kpsp,t2,50ptile,mid-century,s3://cadcat/climate-profiles/standard-met-year/palm_springs_regional_airport_kpsp/t2/50ptile/mid-century/stdyr_t2_50ptile_palm_springs_regional_airport_kpsp_mid-century.csv
palm_springs_regional_airport_kpsp,t2,50ptile,mid-late-century,s3://cadcat/climate-profiles/standard-met-year/palm_springs_regional_airport_kpsp/t2/50ptile/mid-late-century/stdyr_t2_50ptile_palm_springs_regional_airport_kpsp_mid-late-century.csv
palm_springs_regional_airport_kpsp,t2,50ptile,near-future,s3://cadcat/climate-profiles/standard-met-year/palm_springs_regional_airport_kpsp/t2/50ptile/near-future/stdyr_t2_50ptile_palm_springs_regional_airport_kpsp_near-future.csv
palm_springs_regional_airport_kpsp,t2,50ptile,present-day,s3://cadcat/climate-profiles/standard-met-year/palm_springs_regional_airport_kpsp/t2/50ptile/present-day/stdyr_t2_50ptile_palm_springs_regional_airport_kpsp_present-day.csv
palm_springs_regional_airport_kpsp,t2,95ptile,mid-century,s3://cadcat/climate-profiles/standard-met-year/palm_springs_regional_airport_kpsp/t2/95ptile/mid-century/stdyr_t2_95ptile_palm_springs_regional_airport_kpsp_mid-century.csv
palm_springs_regional_airport_kpsp,t2,95ptile,mid-late-century,s3://cadcat/climate-profiles/standard-met-year/palm_springs_regional_airport_kpsp/t2/95ptile/mid-late-century/stdyr_t2_95ptile_palm_springs_regional_airport_kpsp_mid-late-century.csv
palm_springs_regional_airport_kpsp,t2,95ptile,near-future,s3://cadcat/climate-profiles/standard-met-year/palm_springs_regional_airport_kpsp/t2/95ptile/near-future/stdyr_t2_95ptile_palm_springs_regional_airport_kpsp_near-future.csv
palm_springs_regional_airport_kpsp,t2,95ptile,present-day,s3://cadcat/climate-profiles/standard-met-year/palm_springs_regional_airport_kpsp/t2/95ptile/present-day/stdyr_t2_95ptile_palm_springs_regional_airport_kpsp_present-day.csv
palm_springs_regional_airport_kpsp,wind_speed_derived,05ptile,mid-century,s3://cadcat/climate-profiles/standard-met-year/palm_springs_regional_airport_kpsp/wind_speed_derived/05ptile/mid-century/stdyr_wind_speed_derived_05ptile_palm_springs_regional_airport_kpsp_mid-century.csv
palm_springs_regional_airport_kpsp,wind_speed_derived,05ptile,mid-late-century,s3://cadcat/climate-profiles/standard-met-year/palm_springs_regional_airport_kpsp/wind_speed_derived/05ptile/mid-late-century/stdyr_wind_speed_derived_05ptile_palm_springs_regional_airport_kpsp_mid-late-century.csv
palm_springs_regional_airport_kpsp,wind_speed_derived,05ptile,near-future,s3://cadcat/climate-profiles/standard-met-year/palm_springs_regional_airport_kpsp/wind_speed_derived/05ptile/near-future/stdyr_wind_speed_derived_05ptile_palm_springs_regional_airport_kpsp_near-future.csv
palm_springs_regional_airport_kpsp,wind_speed_derived,05ptile,present-day,s3://cadcat/climate-profiles/standard-met-year/palm_springs_regional_airport_kpsp/wind_speed_derived/05ptile/present-day/stdyr_wind_speed_derived_05ptile_palm_springs_regional_airport_kpsp_present-day.csv
palm_springs_regional_airport_kpsp,wind_speed_derived,50ptile,mid-century,s3://cadcat/climate-profiles/standard-met-year/palm_springs_regional_airport_kpsp/wind_speed_derived/50ptile/mid-century/stdyr_wind_speed_derived_50ptile_palm_springs_regional_airport_kpsp_mid-century.csv
palm_springs_regional_airport_kpsp,wind_speed_derived,50ptile,mid-late-century,s3://cadcat/climate-profiles/standard-met-year/palm_springs_regional_airport_kpsp/wind_speed_derived/50ptile/mid-late-century/stdyr_wind_speed_derived_50ptile_palm_springs_regional_airport_kpsp_mid-late-century.csv
palm_springs_regional_airport_kpsp,wind_speed_derived,50ptile,near-future,s3://cadcat/climate-profiles/standard-met-year/palm_springs_regional_airport_kpsp/wind_speed_derived/50ptile/near-future/stdyr_wind_speed_derived_50ptile_palm_springs_regional_airport_kpsp_near-future.csv
palm_springs_regional_airport_kpsp,wind_speed_derived,50ptile,present-day,s3://cadcat/climate-profiles/standard-met-year/palm_springs_regional_airport_kpsp/wind_speed_derived/50ptile/present-day/stdyr_wind_speed_derived_50ptile_palm_springs_regional_airport_kpsp_present-day.csv
palm_springs_regional_airport_kpsp,wind_speed_derived,95ptile,mid-century,s3://cadcat/climate-profiles/standard-met-year/palm_springs_regional_airport_kpsp/wind_speed_derived/95ptile/mid-century/stdyr_wind_speed_derived_95ptile_palm_springs_regional_airport_kpsp_mid-century.csv
palm_springs_regional_airport_kpsp,wind_speed_derived,95ptile,mid-late-century,s3://cadcat/climate-profiles/standard-met-year/palm_springs_regional_airport_kpsp/wind_speed_derived/95ptile/mid-late-century/stdyr_wind_speed_derived_95ptile_palm_springs_regional_airport_kpsp_mid-late-century.csv
palm_springs_regional_airport_kpsp,wind_speed_derived,95ptile,near-future,s3://cadcat/climate-profiles/standard-met-year/palm_springs_regional_airport_kpsp/wind_speed_derived/95ptile/near-future/stdyr_wind_speed_derived_95ptile_palm_springs_regional_airport_kpsp_near-future.csv
palm_springs_regional_airport_kpsp,wind_speed_derived,95ptile,present-day,s3://cadcat/climate-profiles/standard-met-year/palm_springs_regional_airport_kpsp/wind_speed_derived/95ptile/present-day/stdyr_wind_speed_derived_95ptile_palm_springs_regional_airport_kpsp_present-day.csv
red_bluff_municipal_airport_krbl,noaa_heat_index_derived,05ptile,mid-century,s3://cadcat/climate-profiles/standard-met-year/red_bluff_municipal_airport_krbl/noaa_heat_index_derived/05ptile/mid-century/stdyr_noaa_heat_index_derived_05ptile_red_bluff_municipal_airport_krbl_mid-century.csv
red_bluff_municipal_airport_krbl,noaa_heat_index_derived,05ptile,mid-late-century,s3://cadcat/climate-profiles/standard-met-year/red_bluff_municipal_airport_krbl/noaa_heat_index_derived/05ptile/mid-late-century/stdyr_noaa_heat_index_derived_05ptile_red_bluff_municipal_airport_krbl_mid-late-century.csv
red_bluff_municipal_airport_krbl,noaa_heat_index_derived,05ptile,near-future,s3://cadcat/climate-profiles/standard-met-year/red_bluff_municipal_airport_krbl/noaa_heat_index_derived/05ptile/near-future/stdyr_noaa_heat_index_derived_05ptile_red_bluff_municipal_airport_krbl_near-future.csv
red_bluff_municipal_airport_krbl,noaa_heat_index_derived,05ptile,present-day,s3://cadcat/climate-profiles/standard-met-year/red_bluff_municipal_airport_krbl/noaa_heat_index_derived/05ptile/present-day/stdyr_noaa_heat_index_derived_05ptile_red_bluff_municipal_airport_krbl_present-day.csv
red_bluff_municipal_airport_krbl,noaa_heat_index_derived,50ptile,mid-century,s3://cadcat/climate-profiles/standard-met-year/red_bluff_municipal_airport_krbl/noaa_heat_index_derived/50ptile/mid-century/stdyr_noaa_heat_index_derived_50ptile_red_bluff_municipal_airport_krbl_mid-century.csv
red_bluff_municipal_airport_krbl,noaa_heat_index_derived,50ptile,mid-late-century,s3://cadcat/climate-profiles/standard-met-year/red_bluff_municipal_airport_krbl/noaa_heat_index_derived/50ptile/mid-late-century/stdyr_noaa_heat_index_derived_50ptile_red_bluff_municipal_airport_krbl_mid-late-century.csv
red_bluff_municipal_airport_krbl,noaa_heat_index_derived,50ptile,near-future,s3://cadcat/climate-profiles/standard-met-year/red_bluff_municipal_airport_krbl/noaa_heat_index_derived/50ptile/near-future/stdyr_noaa_heat_index_derived_50ptile_red_bluff_municipal_airport_krbl_near-future.csv
red_bluff_municipal_airport_krbl,noaa_heat_index_derived,50ptile,present-day,s3://cadcat/climate-profiles/standard-met-year/red_bluff_municipal_airport_krbl/noaa_heat_index_derived/50ptile/present-day/stdyr_noaa_heat_index_derived_50ptile_red_bluff_municipal_airport_krbl_present-day.csv
red_bluff_municipal_airport_krbl,noaa_heat_index_derived,95ptile,mid-century,s3://cadcat/climate-profiles/standard-met-year/red_bluff_municipal_airport_krbl/noaa_heat_index_derived/95ptile/mid-century/stdyr_noaa_heat_index_derived_95ptile_red_bluff_municipal_airport_krbl_mid-century.csv
red_bluff_municipal_airport_krbl,noaa_heat_index_derived,95ptile,mid-late-century,s3://cadcat/climate-profiles/standard-met-year/red_bluff_municipal_airport_krbl/noaa_heat_index_derived/95ptile/mid-late-century/stdyr_noaa_heat_index_derived_95ptile_red_bluff_municipal_airport_krbl_mid-late-century.csv
red_bluff_municipal_airport_krbl,noaa_heat_index_derived,95ptile,near-future,s3://cadcat/climate-profiles/standard-met-year/red_bluff_municipal_airport_krbl/noaa_heat_index_derived/95ptile/near-future/stdyr_noaa_heat_index_derived_95ptile_red_bluff_municipal_airport_krbl_near-future.csv
red_bluff_municipal_airport_krbl,noaa_heat_index_derived,95ptile,present-day,s3://cadcat/climate-profiles/standard-met-year/red_bluff_municipal_airport_krbl/noaa_heat_index_derived/95ptile/present-day/stdyr_noaa_heat_index_derived_95ptile_red_bluff_municipal_airport_krbl_present-day.csv
red_bluff_municipal_airport_krbl,rh_derived,05ptile,mid-century,s3://cadcat/climate-profiles/standard-met-year/red_bluff_municipal_airport_krbl/rh_derived/05ptile/mid-century/stdyr_rh_derived_05ptile_red_bluff_municipal_airport_krbl_mid-century.csv
red_bluff_municipal_airport_krbl,rh_derived,05ptile,mid-late-century,s3://cadcat/climate-profiles/standard-met-year/red_bluff_municipal_airport_krbl/rh_derived/05ptile/mid-late-century/stdyr_rh_derived_05ptile_red_bluff_municipal_airport_krbl_mid-late-century.csv
red_bluff_municipal_airport_krbl,rh_derived,05ptile,near-future,s3://cadcat/climate-profiles/standard-met-year/red_bluff_municipal_airport_krbl/rh_derived/05ptile/near-future/stdyr_rh_derived_05ptile_red_bluff_municipal_airport_krbl_near-future.csv
red_bluff_municipal_airport_krbl,rh_derived,05ptile,present-day,s3://cadcat/climate-profiles/standard-met-year/red_bluff_municipal_airport_krbl/rh_derived/05ptile/present-day/stdyr_rh_derived_05ptile_red_bluff_municipal_airport_krbl_present-day.csv
red_bluff_municipal_airport_krbl,rh_derived,50ptile,mid-century,s3://cadcat/climate-profiles/standard-met-year/red_bluff_municipal_airport_krbl/rh_derived/50ptile/mid-century/stdyr_rh_derived_50ptile_red_bluff_municipal_airport_krbl_mid-century.csv
red_bluff_municipal_airport_krbl,rh_derived,50ptile,mid-late-century,s3://cadcat/climate-profiles/standard-met-year/red_bluff_municipal_airport_krbl/rh_derived/50ptile/mid-late-century/stdyr_rh_derived_50ptile_red_bluff_municipal_airport_krbl_mid-late-century.csv
red_bluff_municipal_airport_krbl,rh_derived,50ptile,near-future,s3://cadcat/climate-profiles/standard-met-year/red_bluff_municipal_airport_krbl/rh_derived/50ptile/near-future/stdyr_rh_derived_50ptile_red_bluff_municipal_airport_krbl_near-future.csv
red_bluff_municipal_airport_krbl,rh_derived,50ptile,present-day,s3://cadcat/climate-profiles/standard-met-year/red_bluff_municipal_airport_krbl/rh_derived/50ptile/present-day/stdyr_rh_derived_50ptile_red_bluff_municipal_airport_krbl_present-day.csv
red_bluff_municipal_airport_krbl,rh_derived,95ptile,mid-century,s3://cadcat/climate-profiles/standard-met-year/red_bluff_municipal_airport_krbl/rh_derived/95ptile/mid-century/stdyr_rh_derived_95ptile_red_bluff_municipal_airport_krbl_mid-century.csv
red_bluff_municipal_airport_krbl,rh_derived,95ptile,mid-late-century,s3://cadcat/climate-profiles/standard-met-year/red_bluff_municipal_airport_krbl/rh_derived/95ptile/mid-late-century/stdyr_rh_derived_95ptile_red_bluff_municipal_airport_krbl_mid-late-century.csv
red_bluff_municipal_airport_krbl,rh_derived,95ptile,near-future,s3://cadcat/climate-profiles/standard-met-year/red_bluff_municipal_airport_krbl/rh_derived/95ptile/near-future/stdyr_rh_derived_95ptile_red_bluff_municipal_airport_krbl_near-future.csv
red_bluff_municipal_airport_krbl,rh_derived,95ptile,present-day,s3://cadcat/climate-profiles/standard-met-year/red_bluff_municipal_airport_krbl/rh_derived/95ptile/present-day/stdyr_rh_derived_95ptile_red_bluff_municipal_airport_krbl_present-day.csv
red_bluff_municipal_airport_krbl,swdnb,05ptile,mid-century,s3://cadcat/climate-profiles/standard-met-year/red_bluff_municipal_airport_krbl/swdnb/05ptile/mid-century/stdyr_swdnb_05ptile_red_bluff_municipal_airport_krbl_mid-century.csv
red_bluff_municipal_airport_krbl,swdnb,05ptile,mid-late-century,s3://cadcat/climate-profiles/standard-met-year/red_bluff_municipal_airport_krbl/swdnb/05ptile/mid-late-century/stdyr_swdnb_05ptile_red_bluff_municipal_airport_krbl_mid-late-century.csv
red_bluff_municipal_airport_krbl,swdnb,05ptile,near-future,s3://cadcat/climate-profiles/standard-met-year/red_bluff_municipal_airport_krbl/swdnb/05ptile/near-future/stdyr_swdnb_05ptile_red_bluff_municipal_airport_krbl_near-future.csv
red_bluff_municipal_airport_krbl,swdnb,05ptile,present-day,s3://cadcat/climate-profiles/standard-met-year/red_bluff_municipal_airport_krbl/swdnb/05ptile/present-day/stdyr_swdnb_05ptile_red_bluff_municipal_airport_krbl_present-day.csv
red_bluff_municipal_airport_krbl,swdnb,50ptile,mid-century,s3://cadcat/climate-profiles/standard-met-year/red_bluff_municipal_airport_krbl/swdnb/50ptile/mid-century/stdyr_swdnb_50ptile_red_bluff_municipal_airport_krbl_mid-century.csv
red_bluff_municipal_airport_krbl,swdnb,50ptile,mid-late-century,s3://cadcat/climate-profiles/standard-met-year/red_bluff_municipal_airport_krbl/swdnb/50ptile/mid-late-century/stdyr_swdnb_50ptile_red_bluff_municipal_airport_krbl_mid-late-century.csv
red_bluff_municipal_airport_krbl,swdnb,50ptile,near-future,s3://cadcat/climate-profiles/standard-met-year/red_bluff_municipal_airport_krbl/swdnb/50ptile/near-future/stdyr_swdnb_50ptile_red_bluff_municipal_airport_krbl_near-future.csv
red_bluff_municipal_airport_krbl,swdnb,50ptile,present-day,s3://cadcat/climate-profiles/standard-met-year/red_bluff_municipal_airport_krbl/swdnb/50ptile/present-day/stdyr_swdnb_50ptile_red_bluff_municipal_airport_krbl_present-day.csv
red_bluff_municipal_airport_krbl,swdnb,95ptile,mid-century,s3://cadcat/climate-profiles/standard-met-year/red_bluff_municipal_airport_krbl/swdnb/95ptile/mid-century/stdyr_swdnb_95ptile_red_bluff_municipal_airport_krbl_mid-century.csv
red_bluff_municipal_airport_krbl,swdnb,95ptile,mid-late-century,s3://cadcat/climate-profiles/standard-met-year/red_bluff_municipal_airport_krbl/swdnb/95ptile/mid-late-century/stdyr_swdnb_95ptile_red_bluff_municipal_airport_krbl_mid-late-century.csv
red_bluff_municipal_airport_krbl,swdnb,95ptile,near-future,s3://cadcat/climate-profiles/standard-met-year/red_bluff_municipal_airport_krbl/swdnb/95ptile/near-future/stdyr_swdnb_95ptile_red_bluff_municipal_airport_krbl_near-future.csv
red_bluff_municipal_airport_krbl,swdnb,95ptile,present-day,s3://cadcat/climate-profiles/standard-met-year/red_bluff_municipal_airport_krbl/swdnb/95ptile/present-day/stdyr_swdnb_95ptile_red_bluff_municipal_airport_krbl_present-day.csv
red_bluff_municipal_airport_krbl,t2,05ptile,mid-century,s3://cadcat/climate-profiles/standard-met-year/red_bluff_municipal_airport_krbl/t2/05ptile/mid-century/stdyr_t2_05ptile_red_bluff_municipal_airport_krbl_mid-century.csv
red_bluff_municipal_airport_krbl,t2,05ptile,mid-late-century,s3://cadcat/climate-profiles/standard-met-year/red_bluff_municipal_airport_krbl/t2/05ptile/mid-late-century/stdyr_t2_05ptile_red_bluff_municipal_airport_krbl_mid-late-century.csv
red_bluff_municipal_airport_krbl,t2,05ptile,near-future,s3://cadcat/climate-profiles/standard-met-year/red_bluff_municipal_airport_krbl/t2/05ptile/near-future/stdyr_t2_05ptile_red_bluff_municipal_airport_krbl_near-future.csv
red_bluff_municipal_airport_krbl,t2,05ptile,present-day,s3://cadcat/climate-profiles/standard-met-year/red_bluff_municipal_airport_krbl/t2/05ptile/present-day/stdyr_t2_05ptile_red_bluff_municipal_airport_krbl_present-day.csv
red_bluff_municipal_airport_krbl,t2,50ptile,mid-century,s3://cadcat/climate-profiles/standard-met-year/red_bluff_municipal_airport_krbl/t2/50ptile/mid-century/stdyr_t2_50ptile_red_bluff_municipal_airport_krbl_mid-century.csv
red_bluff_municipal_airport_krbl,t2,50ptile,mid-late-century,s3://cadcat/climate-profiles/standard-met-year/red_bluff_municipal_airport_krbl/t2/50ptile/mid-late-century/stdyr_t2_50ptile_red_bluff_municipal_airport_krbl_mid-late-century.csv
red_bluff_municipal_airport_krbl,t2,50ptile,near-future,s3://cadcat/climate-profiles/standard-met-year/red_bluff_municipal_airport_krbl/t2/50ptile/near-future/stdyr_t2_50ptile_red_bluff_municipal_airport_krbl_near-future.csv
red_bluff_municipal_airport_krbl,t2,50ptile,present-day,s3://cadcat/climate-profiles/standard-met-year/red_bluff_municipal_airport_krbl/t2/50ptile/present-day/stdyr_t2_50ptile_red_bluff_municipal_airport_krbl_present-day.csv
red_bluff_municipal_airport_krbl,t2,95ptile,mid-century,s3://cadcat/climate-profiles/standard-met-year/red_bluff_municipal_airport_krbl/t2/95ptile/mid-century/stdyr_t2_95ptile_red_bluff_municipal_airport_krbl_mid-century.csv
red_bluff_municipal_airport_krbl,t2,95ptile,mid-late-century,s3://cadcat/climate-profiles/standard-met-year/red_bluff_municipal_airport_krbl/t2/95ptile/mid-late-century/stdyr_t2_95ptile_red_bluff_municipal_airport_krbl_mid-late-century.csv
red_bluff_municipal_airport_krbl,t2,95ptile,near-future,s3://cadcat/climate-profiles/standard-met-year/red_bluff_municipal_airport_krbl/t2/95ptile/near-future/stdyr_t2_95ptile_red_bluff_municipal_airport_krbl_near-future.csv
red_bluff_municipal_airport_krbl,t2,95ptile,present-day,s3://cadcat/climate-profiles/standard-met-year/red_bluff_municipal_airport_krbl/t2/95ptile/present-day/stdyr_t2_95ptile_red_bluff_municipal_airport_krbl_present-day.csv
red_bluff_municipal_airport_krbl,wind_speed_derived,05ptile,mid-century,s3://cadcat/climate-profiles/standard-met-year/red_bluff_municipal_airport_krbl/wind_speed_derived/05ptile/mid-century/stdyr_wind_speed_derived_05ptile_red_bluff_municipal_airport_krbl_mid-century.csv
red_bluff_municipal_airport_krbl,wind_speed_derived,05ptile,mid-late-century,s3://cadcat/climate-profiles/standard-met-year/red_bluff_municipal_airport_krbl/wind_speed_derived/05ptile/mid-late-century/stdyr_wind_speed_derived_05ptile_red_bluff_municipal_airport_krbl_mid-late-century.csv
red_bluff_municipal_airport_krbl,wind_speed_derived,05ptile,near-future,s3://cadcat/climate-profiles/standard-met-year/red_bluff_municipal_airport_krbl/wind_speed_derived/05ptile/near-future/stdyr_wind_speed_derived_05ptile_red_bluff_municipal_airport_krbl_near-future.csv
red_bluff_municipal_airport_krbl,wind_speed_derived,05ptile,present-day,s3://cadcat/climate-profiles/standard-met-year/red_bluff_municipal_airport_krbl/wind_speed_derived/05ptile/present-day/stdyr_wind_speed_derived_05ptile_red_bluff_municipal_airport_krbl_present-day.csv
red_bluff_municipal_airport_krbl,wind_speed_derived,50ptile,mid-century,s3://cadcat/climate-profiles/standard-met-year/red_bluff_municipal_airport_krbl/wind_speed_derived/50ptile/mid-century/stdyr_wind_speed_derived_50ptile_red_bluff_municipal_airport_krbl_mid-century.csv
red_bluff_municipal_airport_krbl,wind_speed_derived,50ptile,mid-late-century,s3://cadcat/climate-profiles/standard-met-year/red_bluff_municipal_airport_krbl/wind_speed_derived/50ptile/mid-late-century/stdyr_wind_speed_derived_50ptile_red_bluff_municipal_airport_krbl_mid-late-century.csv
red_bluff_municipal_airport_krbl,wind_speed_derived,50ptile,near-future,s3://cadcat/climate-profiles/standard-met-year/red_bluff_municipal_airport_krbl/wind_speed_derived/50ptile/near-future/stdyr_wind_speed_derived_50ptile_red_bluff_municipal_airport_krbl_near-future.csv
red_bluff_municipal_airport_krbl,wind_speed_derived,50ptile,present-day,s3://cadcat/climate-profiles/standard-met-year/red_bluff_municipal_airport_krbl/wind_speed_derived/50ptile/present-day/stdyr_wind_speed_derived_50ptile_red_bluff_municipal_airport_krbl_present-day.csv
red_bluff_municipal_airport_krbl,wind_speed_derived,95ptile,mid-century,s3://cadcat/climate-profiles/standard-met-year/red_bluff_municipal_airport_krbl/wind_speed_derived/95ptile/mid-century/stdyr_wind_speed_derived_95ptile_red_bluff_municipal_airport_krbl_mid-century.csv
red_bluff_municipal_airport_krbl,wind_speed_derived,95ptile,mid-late-century,s3://cadcat/climate-profiles/standard-met-year/red_bluff_municipal_airport_krbl/wind_speed_derived/95ptile/mid-late-century/stdyr_wind_speed_derived_95ptile_red_bluff_municipal_airport_krbl_mid-late-century.csv
red_bluff_municipal_airport_krbl,wind_speed_derived,95ptile,near-future,s3://cadcat/climate-profiles/standard-met-year/red_bluff_municipal_airport_krbl/wind_speed_derived/95ptile/near-future/stdyr_wind_speed_derived_95ptile_red_bluff_municipal_airport_krbl_near-future.csv
red_bluff_municipal_airport_krbl,wind_speed_derived,95ptile,present-day,s3://cadcat/climate-profiles/standard-met-year/red_bluff_municipal_airport_krbl/wind_speed_derived/95ptile/present-day/stdyr_wind_speed_derived_95ptile_red_bluff_municipal_airport_krbl_present-day.csv
redding_airport_krdd,noaa_heat_index_derived,05ptile,mid-century,s3://cadcat/climate-profiles/standard-met-year/redding_airport_krdd/noaa_heat_index_derived/05ptile/mid-century/stdyr_noaa_heat_index_derived_05ptile_redding_airport_krdd_mid-century.csv
redding_airport_krdd,noaa_heat_index_derived,05ptile,mid-late-century,s3://cadcat/climate-profiles/standard-met-year/redding_airport_krdd/noaa_heat_index_derived/05ptile/mid-late-century/stdyr_noaa_heat_index_derived_05ptile_redding_airport_krdd_mid-late-century.csv
redding_airport_krdd,noaa_heat_index_derived,05ptile,near-future,s3://cadcat/climate-profiles/standard-met-year/redding_airport_krdd/noaa_heat_index_derived/05ptile/near-future/stdyr_noaa_heat_index_derived_05ptile_redding_airport_krdd_near-future.csv
redding_airport_krdd,noaa_heat_index_derived,05ptile,present-day,s3://cadcat/climate-profiles/standard-met-year/redding_airport_krdd/noaa_heat_index_derived/05ptile/present-day/stdyr_noaa_heat_index_derived_05ptile_redding_airport_krdd_present-day.csv
redding_airport_krdd,noaa_heat_index_derived,50ptile,mid-century,s3://cadcat/climate-profiles/standard-met-year/redding_airport_krdd/noaa_heat_index_derived/50ptile/mid-century/stdyr_noaa_heat_index_derived_50ptile_redding_airport_krdd_mid-century.csv
redding_airport_krdd,noaa_heat_index_derived,50ptile,mid-late-century,s3://cadcat/climate-profiles/standard-met-year/redding_airport_krdd/noaa_heat_index_derived/50ptile/mid-late-century/stdyr_noaa_heat_index_derived_50ptile_redding_airport_krdd_mid-late-century.csv
redding_airport_krdd,noaa_heat_index_derived,50ptile,near-future,s3://cadcat/climate-profiles/standard-met-year/redding_airport_krdd/noaa_heat_index_derived/50ptile/near-future/stdyr_noaa_heat_index_derived_50ptile_redding_airport_krdd_near-future.csv
redding_airport_krdd,noaa_heat_index_derived,50ptile,present-day,s3://cadcat/climate-profiles/standard-met-year/redding_airport_krdd/noaa_heat_index_derived/50ptile/present-day/stdyr_noaa_heat_index_derived_50ptile_redding_airport_krdd_present-day.csv
redding_airport_krdd,noaa_heat_index_derived,95ptile,mid-century,s3://cadcat/climate-profiles/standard-met-year/redding_airport_krdd/noaa_heat_index_derived/95ptile/mid-century/stdyr_noaa_heat_index_derived_95ptile_redding_airport_krdd_mid-century.csv
redding_airport_krdd,noaa_heat_index_derived,95ptile,mid-late-century,s3://cadcat/climate-profiles/standard-met-year/redding_airport_krdd/noaa_heat_index_derived/95ptile/mid-late-century/stdyr_noaa_heat_index_derived_95ptile_redding_airport_krdd_mid-late-century.csv
redding_airport_krdd,noaa_heat_index_derived,95ptile,near-future,s3://cadcat/climate-profiles/standard-met-year/redding_airport_krdd/noaa_heat_index_derived/95ptile/near-future/stdyr_noaa_heat_index_derived_95ptile_redding_airport_krdd_near-future.csv
redding_airport_krdd,noaa_heat_index_derived,95ptile,present-day,s3://cadcat/climate-profiles/standard-met-year/redding_airport_krdd/noaa_heat_index_derived/95ptile/present-day/stdyr_noaa_heat_index_derived_95ptile_redding_airport_krdd_present-day.csv
redding_airport_krdd,rh_derived,05ptile,mid-century,s3://cadcat/climate-profiles/standard-met-year/redding_airport_krdd/rh_derived/05ptile/mid-century/stdyr_rh_derived_05ptile_redding_airport_krdd_mid-century.csv
redding_airport_krdd,rh_derived,05ptile,mid-late-century,s3://cadcat/climate-profiles/standard-met-year/redding_airport_krdd/rh_derived/05ptile/mid-late-century/stdyr_rh_derived_05ptile_redding_airport_krdd_mid-late-century.csv
redding_airport_krdd,rh_derived,05ptile,near-future,s3://cadcat/climate-profiles/standard-met-year/redding_airport_krdd/rh_derived/05ptile/near-future/stdyr_rh_derived_05ptile_redding_airport_krdd_near-future.csv
redding_airport_krdd,rh_derived,05ptile,present-day,s3://cadcat/climate-profiles/standard-met-year/redding_airport_krdd/rh_derived/05ptile/present-day/stdyr_rh_derived_05ptile_redding_airport_krdd_present-day.csv
redding_airport_krdd,rh_derived,50ptile,mid-century,s3://cadcat/climate-profiles/standard-met-year/redding_airport_krdd/rh_derived/50ptile/mid-century/stdyr_rh_derived_50ptile_redding_airport_krdd_mid-century.csv
redding_airport_krdd,rh_derived,50ptile,mid-late-century,s3://cadcat/climate-profiles/standard-met-year/redding_airport_krdd/rh_derived/50ptile/mid-late-century/stdyr_rh_derived_50ptile_redding_airport_krdd_mid-late-century.csv
redding_airport_krdd,rh_derived,50ptile,near-future,s3://cadcat/climate-profiles/standard-met-year/redding_airport_krdd/rh_derived/50ptile/near-future/stdyr_rh_derived_50ptile_redding_airport_krdd_near-future.csv
redding_airport_krdd,rh_derived,50ptile,present-day,s3://cadcat/climate-profiles/standard-met-year/redding_airport_krdd/rh_derived/50ptile/present-day/stdyr_rh_derived_50ptile_redding_airport_krdd_present-day.csv
redding_airport_krdd,rh_derived,95ptile,mid-century,s3://cadcat/climate-profiles/standard-met-year/redding_airport_krdd/rh_derived/95ptile/mid-century/stdyr_rh_derived_95ptile_redding_airport_krdd_mid-century.csv
redding_airport_krdd,rh_derived,95ptile,mid-late-century,s3://cadcat/climate-profiles/standard-met-year/redding_airport_krdd/rh_derived/95ptile/mid-late-century/stdyr_rh_derived_95ptile_redding_airport_krdd_mid-late-century.csv
redding_airport_krdd,rh_derived,95ptile,near-future,s3://cadcat/climate-profiles/standard-met-year/redding_airport_krdd/rh_derived/95ptile/near-future/stdyr_rh_derived_95ptile_redding_airport_krdd_near-future.csv
redding_airport_krdd,rh_derived,95ptile,present-day,s3://cadcat/climate-profiles/standard-met-year/redding_airport_krdd/rh_derived/95ptile/present-day/stdyr_rh_derived_95ptile_redding_airport_krdd_present-day.csv
redding_airport_krdd,swdnb,05ptile,mid-century,s3://cadcat/climate-profiles/standard-met-year/redding_airport_krdd/swdnb/05ptile/mid-century/stdyr_swdnb_05ptile_redding_airport_krdd_mid-century.csv
redding_airport_krdd,swdnb,05ptile,mid-late-century,s3://cadcat/climate-profiles/standard-met-year/redding_airport_krdd/swdnb/05ptile/mid-late-century/stdyr_swdnb_05ptile_redding_airport_krdd_mid-late-century.csv
redding_airport_krdd,swdnb,05ptile,near-future,s3://cadcat/climate-profiles/standard-met-year/redding_airport_krdd/swdnb/05ptile/near-future/stdyr_swdnb_05ptile_redding_airport_krdd_near-future.csv
redding_airport_krdd,swdnb,05ptile,present-day,s3://cadcat/climate-profiles/standard-met-year/redding_airport_krdd/swdnb/05ptile/present-day/stdyr_swdnb_05ptile_redding_airport_krdd_present-day.csv
redding_airport_krdd,swdnb,50ptile,mid-century,s3://cadcat/climate-profiles/standard-met-year/redding_airport_krdd/swdnb/50ptile/mid-century/stdyr_swdnb_50ptile_redding_airport_krdd_mid-century.csv
redding_airport_krdd,swdnb,50ptile,mid-late-century,s3://cadcat/climate-profiles/standard-met-year/redding_airport_krdd/swdnb/50ptile/mid-late-century/stdyr_swdnb_50ptile_redding_airport_krdd_mid-late-century.csv
redding_airport_krdd,swdnb,50ptile,near-future,s3://cadcat/climate-profiles/standard-met-year/redding_airport_krdd/swdnb/50ptile/near-future/stdyr_swdnb_50ptile_redding_airport_krdd_near-future.csv
redding_airport_krdd,swdnb,50ptile,present-day,s3://cadcat/climate-profiles/standard-met-year/redding_airport_krdd/swdnb/50ptile/present-day/stdyr_swdnb_50ptile_redding_airport_krdd_present-day.csv
redding_airport_krdd,swdnb,95ptile,mid-century,s3://cadcat/climate-profiles/standard-met-year/redding_airport_krdd/swdnb/95ptile/mid-century/stdyr_swdnb_95ptile_redding_airport_krdd_mid-century.csv
redding_airport_krdd,swdnb,95ptile,mid-late-century,s3://cadcat/climate-profiles/standard-met-year/redding_airport_krdd/swdnb/95ptile/mid-late-century/stdyr_swdnb_95ptile_redding_airport_krdd_mid-late-century.csv
redding_airport_krdd,swdnb,95ptile,near-future,s3://cadcat/climate-profiles/standard-met-year/redding_airport_krdd/swdnb/95ptile/near-future/stdyr_swdnb_95ptile_redding_airport_krdd_near-future.csv
redding_airport_krdd,swdnb,95ptile,present-day,s3://cadcat/climate-profiles/standard-met-year/redding_airport_krdd/swdnb/95ptile/present-day/stdyr_swdnb_95ptile_redding_airport_krdd_present-day.csv
redding_airport_krdd,t2,05ptile,mid-century,s3://cadcat/climate-profiles/standard-met-year/redding_airport_krdd/t2/05ptile/mid-century/stdyr_t2_05ptile_redding_airport_krdd_mid-century.csv
redding_airport_krdd,t2,05ptile,mid-late-century,s3://cadcat/climate-profiles/standard-met-year/redding_airport_krdd/t2/05ptile/mid-late-century/stdyr_t2_05ptile_redding_airport_krdd_mid-late-century.csv
redding_airport_krdd,t2,05ptile,near-future,s3://cadcat/climate-profiles/standard-met-year/redding_airport_krdd/t2/05ptile/near-future/stdyr_t2_05ptile_redding_airport_krdd_near-future.csv
redding_airport_krdd,t2,05ptile,present-day,s3://cadcat/climate-profiles/standard-met-year/redding_airport_krdd/t2/05ptile/present-day/stdyr_t2_05ptile_redding_airport_krdd_present-day.csv
redding_airport_krdd,t2,50ptile,mid-century,s3://cadcat/climate-profiles/standard-met-year/redding_airport_krdd/t2/50ptile/mid-century/stdyr_t2_50ptile_redding_airport_krdd_mid-century.csv
redding_airport_krdd,t2,50ptile,mid-late-century,s3://cadcat/climate-profiles/standard-met-year/redding_airport_krdd/t2/50ptile/mid-late-century/stdyr_t2_50ptile_redding_airport_krdd_mid-late-century.csv
redding_airport_krdd,t2,50ptile,near-future,s3://cadcat/climate-profiles/standard-met-year/redding_airport_krdd/t2/50ptile/near-future/stdyr_t2_50ptile_redding_airport_krdd_near-future.csv
redding_airport_krdd,t2,50ptile,present-day,s3://cadcat/climate-profiles/standard-met-year/redding_airport_krdd/t2/50ptile/present-day/stdyr_t2_50ptile_redding_airport_krdd_present-day.csv
redding_airport_krdd,t2,95ptile,mid-century,s3://cadcat/climate-profiles/standard-met-year/redding_airport_krdd/t2/95ptile/mid-century/stdyr_t2_95ptile_redding_airport_krdd_mid-century.csv
redding_airport_krdd,t2,95ptile,mid-late-century,s3://cadcat/climate-profiles/standard-met-year/redding_airport_krdd/t2/95ptile/mid-late-century/stdyr_t2_95ptile_redding_airport_krdd_mid-late-century.csv
redding_airport_krdd,t2,95ptile,near-future,s3://cadcat/climate-profiles/standard-met-year/redding_airport_krdd/t2/95ptile/near-future/stdyr_t2_95ptile_redding_airport_krdd_near-future.csv
redding_airport_krdd,t2,95ptile,present-day,s3://cadcat/climate-profiles/standard-met-year/redding_airport_krdd/t2/95ptile/present-day/stdyr_t2_95ptile_redding_airport_krdd_present-day.csv
redding_airport_krdd,wind_speed_derived,05ptile,mid-century,s3://cadcat/climate-profiles/standard-met-year/redding_airport_krdd/wind_speed_derived/05ptile/mid-century/stdyr_wind_speed_derived_05ptile_redding_airport_krdd_mid-century.csv
redding_airport_krdd,wind_speed_derived,05ptile,mid-late-century,s3://cadcat/climate-profiles/standard-met-year/redding_airport_krdd/wind_speed_derived/05ptile/mid-late-century/stdyr_wind_speed_derived_05ptile_redding_airport_krdd_mid-late-century.csv
redding_airport_krdd,wind_speed_derived,05ptile,near-future,s3://cadcat/climate-profiles/standard-met-year/redding_airport_krdd/wind_speed_derived/05ptile/near-future/stdyr_wind_speed_derived_05ptile_redding_airport_krdd_near-future.csv
redding_airport_krdd,wind_speed_derived,05ptile,present-day,s3://cadcat/climate-profiles/standard-met-year/redding_airport_krdd/wind_speed_derived/05ptile/present-day/stdyr_wind_speed_derived_05ptile_redding_airport_krdd_present-day.csv
redding_airport_krdd,wind_speed_derived,50ptile,mid-century,s3://cadcat/climate-profiles/standard-met-year/redding_airport_krdd/wind_speed_derived/50ptile/mid-century/stdyr_wind_speed_derived_50ptile_redding_airport_krdd_mid-century.csv
redding_airport_krdd,wind_speed_derived,50ptile,mid-late-century,s3://cadcat/climate-profiles/standard-met-year/redding_airport_krdd/wind_speed_derived/50ptile/mid-late-century/stdyr_wind_speed_derived_50ptile_redding_airport_krdd_mid-late-century.csv
redding_airport_krdd,wind_speed_derived,50ptile,near-future,s3://cadcat/climate-profiles/standard-met-year/redding_airport_krdd/wind_speed_derived/50ptile/near-future/stdyr_wind_speed_derived_50ptile_redding_airport_krdd_near-future.csv
redding_airport_krdd,wind_speed_derived,50ptile,present-day,s3://cadcat/climate-profiles/standard-met-year/redding_airport_krdd/wind_speed_derived/50ptile/present-day/stdyr_wind_speed_derived_50ptile_redding_airport_krdd_present-day.csv
redding_airport_krdd,wind_speed_derived,95ptile,mid-century,s3://cadcat/climate-profiles/standard-met-year/redding_airport_krdd/wind_speed_derived/95ptile/mid-century/stdyr_wind_speed_derived_95ptile_redding_airport_krdd_mid-century.csv
redding_airport_krdd,wind_speed_derived,95ptile,mid-late-century,s3://cadcat/climate-profiles/standard-met-year/redding_airport_krdd/wind_speed_derived/95ptile/mid-late-century/stdyr_wind_speed_derived_95ptile_redding_airport_krdd_mid-late-century.csv
redding_airport_krdd,wind_speed_derived,95ptile,near-future,s3://cadcat/climate-profiles/standard-met-year/redding_airport_krdd/wind_speed_derived/95ptile/near-future/stdyr_wind_speed_derived_95ptile_redding_airport_krdd_near-future.csv
redding_airport_krdd,wind_speed_derived,95ptile,present-day,s3://cadcat/climate-profiles/standard-met-year/redding_airport_krdd/wind_speed_derived/95ptile/present-day/stdyr_wind_speed_derived_95ptile_redding_airport_krdd_present-day.csv
riverside_municipal_airport_kral,noaa_heat_index_derived,05ptile,mid-century,s3://cadcat/climate-profiles/standard-met-year/riverside_municipal_airport_kral/noaa_heat_index_derived/05ptile/mid-century/stdyr_noaa_heat_index_derived_05ptile_riverside_municipal_airport_kral_mid-century.csv
riverside_municipal_airport_kral,noaa_heat_index_derived,05ptile,mid-late-century,s3://cadcat/climate-profiles/standard-met-year/riverside_municipal_airport_kral/noaa_heat_index_derived/05ptile/mid-late-century/stdyr_noaa_heat_index_derived_05ptile_riverside_municipal_airport_kral_mid-late-century.csv
riverside_municipal_airport_kral,noaa_heat_index_derived,05ptile,near-future,s3://cadcat/climate-profiles/standard-met-year/riverside_municipal_airport_kral/noaa_heat_index_derived/05ptile/near-future/stdyr_noaa_heat_index_derived_05ptile_riverside_municipal_airport_kral_near-future.csv
riverside_municipal_airport_kral,noaa_heat_index_derived,05ptile,present-day,s3://cadcat/climate-profiles/standard-met-year/riverside_municipal_airport_kral/noaa_heat_index_derived/05ptile/present-day/stdyr_noaa_heat_index_derived_05ptile_riverside_municipal_airport_kral_present-day.csv
riverside_municipal_airport_kral,noaa_heat_index_derived,50ptile,mid-century,s3://cadcat/climate-profiles/standard-met-year/riverside_municipal_airport_kral/noaa_heat_index_derived/50ptile/mid-century/stdyr_noaa_heat_index_derived_50ptile_riverside_municipal_airport_kral_mid-century.csv
riverside_municipal_airport_kral,noaa_heat_index_derived,50ptile,mid-late-century,s3://cadcat/climate-profiles/standard-met-year/riverside_municipal_airport_kral/noaa_heat_index_derived/50ptile/mid-late-century/stdyr_noaa_heat_index_derived_50ptile_riverside_municipal_airport_kral_mid-late-century.csv
riverside_municipal_airport_kral,noaa_heat_index_derived,50ptile,near-future,s3://cadcat/climate-profiles/standard-met-year/riverside_municipal_airport_kral/noaa_heat_index_derived/50ptile/near-future/stdyr_noaa_heat_index_derived_50ptile_riverside_municipal_airport_kral_near-future.csv
riverside_municipal_airport_kral,noaa_heat_index_derived,50ptile,present-day,s3://cadcat/climate-profiles/standard-met-year/riverside_municipal_airport_kral/noaa_heat_index_derived/50ptile/present-day/stdyr_noaa_heat_index_derived_50ptile_riverside_municipal_airport_kral_present-day.csv
riverside_municipal_airport_kral,noaa_heat_index_derived,95ptile,mid-century,s3://cadcat/climate-profiles/standard-met-year/riverside_municipal_airport_kral/noaa_heat_index_derived/95ptile/mid-century/stdyr_noaa_heat_index_derived_95ptile_riverside_municipal_airport_kral_mid-century.csv
riverside_municipal_airport_kral,noaa_heat_index_derived,95ptile,mid-late-century,s3://cadcat/climate-profiles/standard-met-year/riverside_municipal_airport_kral/noaa_heat_index_derived/95ptile/mid-late-century/stdyr_noaa_heat_index_derived_95ptile_riverside_municipal_airport_kral_mid-late-century.csv
riverside_municipal_airport_kral,noaa_heat_index_derived,95ptile,near-future,s3://cadcat/climate-profiles/standard-met-year/riverside_municipal_airport_kral/noaa_heat_index_derived/95ptile/near-future/stdyr_noaa_heat_index_derived_95ptile_riverside_municipal_airport_kral_near-future.csv
riverside_municipal_airport_kral,noaa_heat_index_derived,95ptile,present-day,s3://cadcat/climate-profiles/standard-met-year/riverside_municipal_airport_kral/noaa_heat_index_derived/95ptile/present-day/stdyr_noaa_heat_index_derived_95ptile_riverside_municipal_airport_kral_present-day.csv
riverside_municipal_airport_kral,rh_derived,05ptile,mid-century,s3://cadcat/climate-profiles/standard-met-year/riverside_municipal_airport_kral/rh_derived/05ptile/mid-century/stdyr_rh_derived_05ptile_riverside_municipal_airport_kral_mid-century.csv
riverside_municipal_airport_kral,rh_derived,05ptile,mid-late-century,s3://cadcat/climate-profiles/standard-met-year/riverside_municipal_airport_kral/rh_derived/05ptile/mid-late-century/stdyr_rh_derived_05ptile_riverside_municipal_airport_kral_mid-late-century.csv
riverside_municipal_airport_kral,rh_derived,05ptile,near-future,s3://cadcat/climate-profiles/standard-met-year/riverside_municipal_airport_kral/rh_derived/05ptile/near-future/stdyr_rh_derived_05ptile_riverside_municipal_airport_kral_near-future.csv
riverside_municipal_airport_kral,rh_derived,05ptile,present-day,s3://cadcat/climate-profiles/standard-met-year/riverside_municipal_airport_kral/rh_derived/05ptile/present-day/stdyr_rh_derived_05ptile_riverside_municipal_airport_kral_present-day.csv
riverside_municipal_airport_kral,rh_derived,50ptile,mid-century,s3://cadcat/climate-profiles/standard-met-year/riverside_municipal_airport_kral/rh_derived/50ptile/mid-century/stdyr_rh_derived_50ptile_riverside_municipal_airport_kral_mid-century.csv
riverside_municipal_airport_kral,rh_derived,50ptile,mid-late-century,s3://cadcat/climate-profiles/standard-met-year/riverside_municipal_airport_kral/rh_derived/50ptile/mid-late-century/stdyr_rh_derived_50ptile_riverside_municipal_airport_kral_mid-late-century.csv
riverside_municipal_airport_kral,rh_derived,50ptile,near-future,s3://cadcat/climate-profiles/standard-met-year/riverside_municipal_airport_kral/rh_derived/50ptile/near-future/stdyr_rh_derived_50ptile_riverside_municipal_airport_kral_near-future.csv
riverside_municipal_airport_kral,rh_derived,50ptile,present-day,s3://cadcat/climate-profiles/standard-met-year/riverside_municipal_airport_kral/rh_derived/50ptile/present-day/stdyr_rh_derived_50ptile_riverside_municipal_airport_kral_present-day.csv
riverside_municipal_airport_kral,rh_derived,95ptile,mid-century,s3://cadcat/climate-profiles/standard-met-year/riverside_municipal_airport_kral/rh_derived/95ptile/mid-century/stdyr_rh_derived_95ptile_riverside_municipal_airport_kral_mid-century.csv
riverside_municipal_airport_kral,rh_derived,95ptile,mid-late-century,s3://cadcat/climate-profiles/standard-met-year/riverside_municipal_airport_kral/rh_derived/95ptile/mid-late-century/stdyr_rh_derived_95ptile_riverside_municipal_airport_kral_mid-late-century.csv
riverside_municipal_airport_kral,rh_derived,95ptile,near-future,s3://cadcat/climate-profiles/standard-met-year/riverside_municipal_airport_kral/rh_derived/95ptile/near-future/stdyr_rh_derived_95ptile_riverside_municipal_airport_kral_near-future.csv
riverside_municipal_airport_kral,rh_derived,95ptile,present-day,s3://cadcat/climate-profiles/standard-met-year/riverside_municipal_airport_kral/rh_derived/95ptile/present-day/stdyr_rh_derived_95ptile_riverside_municipal_airport_kral_present-day.csv
riverside_municipal_airport_kral,swdnb,05ptile,mid-century,s3://cadcat/climate-profiles/standard-met-year/riverside_municipal_airport_kral/swdnb/05ptile/mid-century/stdyr_swdnb_05ptile_riverside_municipal_airport_kral_mid-century.csv
riverside_municipal_airport_kral,swdnb,05ptile,mid-late-century,s3://cadcat/climate-profiles/standard-met-year/riverside_municipal_airport_kral/swdnb/05ptile/mid-late-century/stdyr_swdnb_05ptile_riverside_municipal_airport_kral_mid-late-century.csv
riverside_municipal_airport_kral,swdnb,05ptile,near-future,s3://cadcat/climate-profiles/standard-met-year/riverside_municipal_airport_kral/swdnb/05ptile/near-future/stdyr_swdnb_05ptile_riverside_municipal_airport_kral_near-future.csv
riverside_municipal_airport_kral,swdnb,05ptile,present-day,s3://cadcat/climate-profiles/standard-met-year/riverside_municipal_airport_kral/swdnb/05ptile/present-day/stdyr_swdnb_05ptile_riverside_municipal_airport_kral_present-day.csv
riverside_municipal_airport_kral,swdnb,50ptile,mid-century,s3://cadcat/climate-profiles/standard-met-year/riverside_municipal_airport_kral/swdnb/50ptile/mid-century/stdyr_swdnb_50ptile_riverside_municipal_airport_kral_mid-century.csv
riverside_municipal_airport_kral,swdnb,50ptile,mid-late-century,s3://cadcat/climate-profiles/standard-met-year/riverside_municipal_airport_kral/swdnb/50ptile/mid-late-century/stdyr_swdnb_50ptile_riverside_municipal_airport_kral_mid-late-century.csv
riverside_municipal_airport_kral,swdnb,50ptile,near-future,s3://cadcat/climate-profiles/standard-met-year/riverside_municipal_airport_kral/swdnb/50ptile/near-future/stdyr_swdnb_50ptile_riverside_municipal_airport_kral_near-future.csv
riverside_municipal_airport_kral,swdnb,50ptile,present-day,s3://cadcat/climate-profiles/standard-met-year/riverside_municipal_airport_kral/swdnb/50ptile/present-day/stdyr_swdnb_50ptile_riverside_municipal_airport_kral_present-day.csv
riverside_municipal_airport_kral,swdnb,95ptile,mid-century,s3://cadcat/climate-profiles/standard-met-year/riverside_municipal_airport_kral/swdnb/95ptile/mid-century/stdyr_swdnb_95ptile_riverside_municipal_airport_kral_mid-century.csv
riverside_municipal_airport_kral,swdnb,95ptile,mid-late-century,s3://cadcat/climate-profiles/standard-met-year/riverside_municipal_airport_kral/swdnb/95ptile/mid-late-century/stdyr_swdnb_95ptile_riverside_municipal_airport_kral_mid-late-century.csv
riverside_municipal_airport_kral,swdnb,95ptile,near-future,s3://cadcat/climate-profiles/standard-met-year/riverside_municipal_airport_kral/swdnb/95ptile/near-future/stdyr_swdnb_95ptile_riverside_municipal_airport_kral_near-future.csv
riverside_municipal_airport_kral,swdnb,95ptile,present-day,s3://cadcat/climate-profiles/standard-met-year/riverside_municipal_airport_kral/swdnb/95ptile/present-day/stdyr_swdnb_95ptile_riverside_municipal_airport_kral_present-day.csv
riverside_municipal_airport_kral,t2,05ptile,mid-century,s3://cadcat/climate-profiles/standard-met-year/riverside_municipal_airport_kral/t2/05ptile/mid-century/stdyr_t2_05ptile_riverside_municipal_airport_kral_mid-century.csv
riverside_municipal_airport_kral,t2,05ptile,mid-late-century,s3://cadcat/climate-profiles/standard-met-year/riverside_municipal_airport_kral/t2/05ptile/mid-late-century/stdyr_t2_05ptile_riverside_municipal_airport_kral_mid-late-century.csv
riverside_municipal_airport_kral,t2,05ptile,near-future,s3://cadcat/climate-profiles/standard-met-year/riverside_municipal_airport_kral/t2/05ptile/near-future/stdyr_t2_05ptile_riverside_municipal_airport_kral_near-future.csv
riverside_municipal_airport_kral,t2,05ptile,present-day,s3://cadcat/climate-profiles/standard-met-year/riverside_municipal_airport_kral/t2/05ptile/present-day/stdyr_t2_05ptile_riverside_municipal_airport_kral_present-day.csv
riverside_municipal_airport_kral,t2,50ptile,mid-century,s3://cadcat/climate-profiles/standard-met-year/riverside_municipal_airport_kral/t2/50ptile/mid-century/stdyr_t2_50ptile_riverside_municipal_airport_kral_mid-century.csv
riverside_municipal_airport_kral,t2,50ptile,mid-late-century,s3://cadcat/climate-profiles/standard-met-year/riverside_municipal_airport_kral/t2/50ptile/mid-late-century/stdyr_t2_50ptile_riverside_municipal_airport_kral_mid-late-century.csv
riverside_municipal_airport_kral,t2,50ptile,near-future,s3://cadcat/climate-profiles/standard-met-year/riverside_municipal_airport_kral/t2/50ptile/near-future/stdyr_t2_50ptile_riverside_municipal_airport_kral_near-future.csv
riverside_municipal_airport_kral,t2,50ptile,present-day,s3://cadcat/climate-profiles/standard-met-year/riverside_municipal_airport_kral/t2/50ptile/present-day/stdyr_t2_50ptile_riverside_municipal_airport_kral_present-day.csv
riverside_municipal_airport_kral,t2,95ptile,mid-century,s3://cadcat/climate-profiles/standard-met-year/riverside_municipal_airport_kral/t2/95ptile/mid-century/stdyr_t2_95ptile_riverside_municipal_airport_kral_mid-century.csv
riverside_municipal_airport_kral,t2,95ptile,mid-late-century,s3://cadcat/climate-profiles/standard-met-year/riverside_municipal_airport_kral/t2/95ptile/mid-late-century/stdyr_t2_95ptile_riverside_municipal_airport_kral_mid-late-century.csv
riverside_municipal_airport_kral,t2,95ptile,near-future,s3://cadcat/climate-profiles/standard-met-year/riverside_municipal_airport_kral/t2/95ptile/near-future/stdyr_t2_95ptile_riverside_municipal_airport_kral_near-future.csv
riverside_municipal_airport_kral,t2,95ptile,present-day,s3://cadcat/climate-profiles/standard-met-year/riverside_municipal_airport_kral/t2/95ptile/present-day/stdyr_t2_95ptile_riverside_municipal_airport_kral_present-day.csv
riverside_municipal_airport_kral,wind_speed_derived,05ptile,mid-century,s3://cadcat/climate-profiles/standard-met-year/riverside_municipal_airport_kral/wind_speed_derived/05ptile/mid-century/stdyr_wind_speed_derived_05ptile_riverside_municipal_airport_kral_mid-century.csv
riverside_municipal_airport_kral,wind_speed_derived,05ptile,mid-late-century,s3://cadcat/climate-profiles/standard-met-year/riverside_municipal_airport_kral/wind_speed_derived/05ptile/mid-late-century/stdyr_wind_speed_derived_05ptile_riverside_municipal_airport_kral_mid-late-century.csv
riverside_municipal_airport_kral,wind_speed_derived,05ptile,near-future,s3://cadcat/climate-profiles/standard-met-year/riverside_municipal_airport_kral/wind_speed_derived/05ptile/near-future/stdyr_wind_speed_derived_05ptile_riverside_municipal_airport_kral_near-future.csv
riverside_municipal_airport_kral,wind_speed_derived,05ptile,present-day,s3://cadcat/climate-profiles/standard-met-year/riverside_municipal_airport_kral/wind_speed_derived/05ptile/present-day/stdyr_wind_speed_derived_05ptile_riverside_municipal_airport_kral_present-day.csv
riverside_municipal_airport_kral,wind_speed_derived,50ptile,mid-century,s3://cadcat/climate-profiles/standard-met-year/riverside_municipal_airport_kral/wind_speed_derived/50ptile/mid-century/stdyr_wind_speed_derived_50ptile_riverside_municipal_airport_kral_mid-century.csv
riverside_municipal_airport_kral,wind_speed_derived,50ptile,mid-late-century,s3://cadcat/climate-profiles/standard-met-year/riverside_municipal_airport_kral/wind_speed_derived/50ptile/mid-late-century/stdyr_wind_speed_derived_50ptile_riverside_municipal_airport_kral_mid-late-century.csv
riverside_municipal_airport_kral,wind_speed_derived,50ptile,near-future,s3://cadcat/climate-profiles/standard-met-year/riverside_municipal_airport_kral/wind_speed_derived/50ptile/near-future/stdyr_wind_speed_derived_50ptile_riverside_municipal_airport_kral_near-future.csv
riverside_municipal_airport_kral,wind_speed_derived,50ptile,present-day,s3://cadcat/climate-profiles/standard-met-year/riverside_municipal_airport_kral/wind_speed_derived/50ptile/present-day/stdyr_wind_speed_derived_50ptile_riverside_municipal_airport_kral_present-day.csv
riverside_municipal_airport_kral,wind_speed_derived,95ptile,mid-century,s3://cadcat/climate-profiles/standard-met-year/riverside_municipal_airport_kral/wind_speed_derived/95ptile/mid-century/stdyr_wind_speed_derived_95ptile_riverside_municipal_airport_kral_mid-century.csv
riverside_municipal_airport_kral,wind_speed_derived,95ptile,mid-late-century,s3://cadcat/climate-profiles/standard-met-year/riverside_municipal_airport_kral/wind_speed_derived/95ptile/mid-late-century/stdyr_wind_speed_derived_95ptile_riverside_municipal_airport_kral_mid-late-century.csv
riverside_municipal_airport_kral,wind_speed_derived,95ptile,near-future,s3://cadcat/climate-profiles/standard-met-year/riverside_municipal_airport_kral/wind_speed_derived/95ptile/near-future/stdyr_wind_speed_derived_95ptile_riverside_municipal_airport_kral_near-future.csv
riverside_municipal_airport_kral,wind_speed_derived,95ptile,present-day,s3://cadcat/climate-profiles/standard-met-year/riverside_municipal_airport_kral/wind_speed_derived/95ptile/present-day/stdyr_wind_speed_derived_95ptile_riverside_municipal_airport_kral_present-day.csv
sacramento_executive_airport_ksac,noaa_heat_index_derived,05ptile,mid-century,s3://cadcat/climate-profiles/standard-met-year/sacramento_executive_airport_ksac/noaa_heat_index_derived/05ptile/mid-century/stdyr_noaa_heat_index_derived_05ptile_sacramento_executive_airport_ksac_mid-century.csv
sacramento_executive_airport_ksac,noaa_heat_index_derived,05ptile,mid-late-century,s3://cadcat/climate-profiles/standard-met-year/sacramento_executive_airport_ksac/noaa_heat_index_derived/05ptile/mid-late-century/stdyr_noaa_heat_index_derived_05ptile_sacramento_executive_airport_ksac_mid-late-century.csv
sacramento_executive_airport_ksac,noaa_heat_index_derived,05ptile,near-future,s3://cadcat/climate-profiles/standard-met-year/sacramento_executive_airport_ksac/noaa_heat_index_derived/05ptile/near-future/stdyr_noaa_heat_index_derived_05ptile_sacramento_executive_airport_ksac_near-future.csv
sacramento_executive_airport_ksac,noaa_heat_index_derived,05ptile,present-day,s3://cadcat/climate-profiles/standard-met-year/sacramento_executive_airport_ksac/noaa_heat_index_derived/05ptile/present-day/stdyr_noaa_heat_index_derived_05ptile_sacramento_executive_airport_ksac_present-day.csv
sacramento_executive_airport_ksac,noaa_heat_index_derived,50ptile,mid-century,s3://cadcat/climate-profiles/standard-met-year/sacramento_executive_airport_ksac/noaa_heat_index_derived/50ptile/mid-century/stdyr_noaa_heat_index_derived_50ptile_sacramento_executive_airport_ksac_mid-century.csv
sacramento_executive_airport_ksac,noaa_heat_index_derived,50ptile,mid-late-century,s3://cadcat/climate-profiles/standard-met-year/sacramento_executive_airport_ksac/noaa_heat_index_derived/50ptile/mid-late-century/stdyr_noaa_heat_index_derived_50ptile_sacramento_executive_airport_ksac_mid-late-century.csv
sacramento_executive_airport_ksac,noaa_heat_index_derived,50ptile,near-future,s3://cadcat/climate-profiles/standard-met-year/sacramento_executive_airport_ksac/noaa_heat_index_derived/50ptile/near-future/stdyr_noaa_heat_index_derived_50ptile_sacramento_executive_airport_ksac_near-future.csv
sacramento_executive_airport_ksac,noaa_heat_index_derived,50ptile,present-day,s3://cadcat/climate-profiles/standard-met-year/sacramento_executive_airport_ksac/noaa_heat_index_derived/50ptile/present-day/stdyr_noaa_heat_index_derived_50ptile_sacramento_executive_airport_ksac_present-day.csv
sacramento_executive_airport_ksac,noaa_heat_index_derived,95ptile,mid-century,s3://cadcat/climate-profiles/standard-met-year/sacramento_executive_airport_ksac/noaa_heat_index_derived/95ptile/mid-century/stdyr_noaa_heat_index_derived_95ptile_sacramento_executive_airport_ksac_mid-century.csv
sacramento_executive_airport_ksac,noaa_heat_index_derived,95ptile,mid-late-century,s3://cadcat/climate-profiles/standard-met-year/sacramento_executive_airport_ksac/noaa_heat_index_derived/95ptile/mid-late-century/stdyr_noaa_heat_index_derived_95ptile_sacramento_executive_airport_ksac_mid-late-century.csv
sacramento_executive_airport_ksac,noaa_heat_index_derived,95ptile,near-future,s3://cadcat/climate-profiles/standard-met-year/sacramento_executive_airport_ksac/noaa_heat_index_derived/95ptile/near-future/stdyr_noaa_heat_index_derived_95ptile_sacramento_executive_airport_ksac_near-future.csv
sacramento_executive_airport_ksac,noaa_heat_index_derived,95ptile,present-day,s3://cadcat/climate-profiles/standard-met-year/sacramento_executive_airport_ksac/noaa_heat_index_derived/95ptile/present-day/stdyr_noaa_heat_index_derived_95ptile_sacramento_executive_airport_ksac_present-day.csv
sacramento_executive_airport_ksac,rh_derived,05ptile,mid-century,s3://cadcat/climate-profiles/standard-met-year/sacramento_executive_airport_ksac/rh_derived/05ptile/mid-century/stdyr_rh_derived_05ptile_sacramento_executive_airport_ksac_mid-century.csv
sacramento_executive_airport_ksac,rh_derived,05ptile,mid-late-century,s3://cadcat/climate-profiles/standard-met-year/sacramento_executive_airport_ksac/rh_derived/05ptile/mid-late-century/stdyr_rh_derived_05ptile_sacramento_executive_airport_ksac_mid-late-century.csv
sacramento_executive_airport_ksac,rh_derived,05ptile,near-future,s3://cadcat/climate-profiles/standard-met-year/sacramento_executive_airport_ksac/rh_derived/05ptile/near-future/stdyr_rh_derived_05ptile_sacramento_executive_airport_ksac_near-future.csv
sacramento_executive_airport_ksac,rh_derived,05ptile,present-day,s3://cadcat/climate-profiles/standard-met-year/sacramento_executive_airport_ksac/rh_derived/05ptile/present-day/stdyr_rh_derived_05ptile_sacramento_executive_airport_ksac_present-day.csv
sacramento_executive_airport_ksac,rh_derived,50ptile,mid-century,s3://cadcat/climate-profiles/standard-met-year/sacramento_executive_airport_ksac/rh_derived/50ptile/mid-century/stdyr_rh_derived_50ptile_sacramento_executive_airport_ksac_mid-century.csv
sacramento_executive_airport_ksac,rh_derived,50ptile,mid-late-century,s3://cadcat/climate-profiles/standard-met-year/sacramento_executive_airport_ksac/rh_derived/50ptile/mid-late-century/stdyr_rh_derived_50ptile_sacramento_executive_airport_ksac_mid-late-century.csv
sacramento_executive_airport_ksac,rh_derived,50ptile,near-future,s3://cadcat/climate-profiles/standard-met-year/sacramento_executive_airport_ksac/rh_derived/50ptile/near-future/stdyr_rh_derived_50ptile_sacramento_executive_airport_ksac_near-future.csv
sacramento_executive_airport_ksac,rh_derived,50ptile,present-day,s3://cadcat/climate-profiles/standard-met-year/sacramento_executive_airport_ksac/rh_derived/50ptile/present-day/stdyr_rh_derived_50ptile_sacramento_executive_airport_ksac_present-day.csv
sacramento_executive_airport_ksac,rh_derived,95ptile,mid-century,s3://cadcat/climate-profiles/standard-met-year/sacramento_executive_airport_ksac/rh_derived/95ptile/mid-century/stdyr_rh_derived_95ptile_sacramento_executive_airport_ksac_mid-century.csv
sacramento_executive_airport_ksac,rh_derived,95ptile,mid-late-century,s3://cadcat/climate-profiles/standard-met-year/sacramento_executive_airport_ksac/rh_derived/95ptile/mid-late-century/stdyr_rh_derived_95ptile_sacramento_executive_airport_ksac_mid-late-century.csv
sacramento_executive_airport_ksac,rh_derived,95ptile,near-future,s3://cadcat/climate-profiles/standard-met-year/sacramento_executive_airport_ksac/rh_derived/95ptile/near-future/stdyr_rh_derived_95ptile_sacramento_executive_airport_ksac_near-future.csv
sacramento_executive_airport_ksac,rh_derived,95ptile,present-day,s3://cadcat/climate-profiles/standard-met-year/sacramento_executive_airport_ksac/rh_derived/95ptile/present-day/stdyr_rh_derived_95ptile_sacramento_executive_airport_ksac_present-day.csv
sacramento_executive_airport_ksac,swdnb,05ptile,mid-century,s3://cadcat/climate-profiles/standard-met-year/sacramento_executive_airport_ksac/swdnb/05ptile/mid-century/stdyr_swdnb_05ptile_sacramento_executive_airport_ksac_mid-century.csv
sacramento_executive_airport_ksac,swdnb,05ptile,mid-late-century,s3://cadcat/climate-profiles/standard-met-year/sacramento_executive_airport_ksac/swdnb/05ptile/mid-late-century/stdyr_swdnb_05ptile_sacramento_executive_airport_ksac_mid-late-century.csv
sacramento_executive_airport_ksac,swdnb,05ptile,near-future,s3://cadcat/climate-profiles/standard-met-year/sacramento_executive_airport_ksac/swdnb/05ptile/near-future/stdyr_swdnb_05ptile_sacramento_executive_airport_ksac_near-future.csv
sacramento_executive_airport_ksac,swdnb,05ptile,present-day,s3://cadcat/climate-profiles/standard-met-year/sacramento_executive_airport_ksac/swdnb/05ptile/present-day/stdyr_swdnb_05ptile_sacramento_executive_airport_ksac_present-day.csv
sacramento_executive_airport_ksac,swdnb,50ptile,mid-century,s3://cadcat/climate-profiles/standard-met-year/sacramento_executive_airport_ksac/swdnb/50ptile/mid-century/stdyr_swdnb_50ptile_sacramento_executive_airport_ksac_mid-century.csv
sacramento_executive_airport_ksac,swdnb,50ptile,mid-late-century,s3://cadcat/climate-profiles/standard-met-year/sacramento_executive_airport_ksac/swdnb/50ptile/mid-late-century/stdyr_swdnb_50ptile_sacramento_executive_airport_ksac_mid-late-century.csv
sacramento_executive_airport_ksac,swdnb,50ptile,near-future,s3://cadcat/climate-profiles/standard-met-year/sacramento_executive_airport_ksac/swdnb/50ptile/near-future/stdyr_swdnb_50ptile_sacramento_executive_airport_ksac_near-future.csv
sacramento_executive_airport_ksac,swdnb,50ptile,present-day,s3://cadcat/climate-profiles/standard-met-year/sacramento_executive_airport_ksac/swdnb/50ptile/present-day/stdyr_swdnb_50ptile_sacramento_executive_airport_ksac_present-day.csv
sacramento_executive_airport_ksac,swdnb,95ptile,mid-century,s3://cadcat/climate-profiles/standard-met-year/sacramento_executive_airport_ksac/swdnb/95ptile/mid-century/stdyr_swdnb_95ptile_sacramento_executive_airport_ksac_mid-century.csv
sacramento_executive_airport_ksac,swdnb,95ptile,mid-late-century,s3://cadcat/climate-profiles/standard-met-year/sacramento_executive_airport_ksac/swdnb/95ptile/mid-late-century/stdyr_swdnb_95ptile_sacramento_executive_airport_ksac_mid-late-century.csv
sacramento_executive_airport_ksac,swdnb,95ptile,near-future,s3://cadcat/climate-profiles/standard-met-year/sacramento_executive_airport_ksac/swdnb/95ptile/near-future/stdyr_swdnb_95ptile_sacramento_executive_airport_ksac_near-future.csv
sacramento_executive_airport_ksac,swdnb,95ptile,present-day,s3://cadcat/climate-profiles/standard-met-year/sacramento_executive_airport_ksac/swdnb/95ptile/present-day/stdyr_swdnb_95ptile_sacramento_executive_airport_ksac_present-day.csv
sacramento_executive_airport_ksac,t2,05ptile,mid-century,s3://cadcat/climate-profiles/standard-met-year/sacramento_executive_airport_ksac/t2/05ptile/mid-century/stdyr_t2_05ptile_sacramento_executive_airport_ksac_mid-century.csv
sacramento_executive_airport_ksac,t2,05ptile,mid-late-century,s3://cadcat/climate-profiles/standard-met-year/sacramento_executive_airport_ksac/t2/05ptile/mid-late-century/stdyr_t2_05ptile_sacramento_executive_airport_ksac_mid-late-century.csv
sacramento_executive_airport_ksac,t2,05ptile,near-future,s3://cadcat/climate-profiles/standard-met-year/sacramento_executive_airport_ksac/t2/05ptile/near-future/stdyr_t2_05ptile_sacramento_executive_airport_ksac_near-future.csv
sacramento_executive_airport_ksac,t2,05ptile,present-day,s3://cadcat/climate-profiles/standard-met-year/sacramento_executive_airport_ksac/t2/05ptile/present-day/stdyr_t2_05ptile_sacramento_executive_airport_ksac_present-day.csv
sacramento_executive_airport_ksac,t2,50ptile,mid-century,s3://cadcat/climate-profiles/standard-met-year/sacramento_executive_airport_ksac/t2/50ptile/mid-century/stdyr_t2_50ptile_sacramento_executive_airport_ksac_mid-century.csv
sacramento_executive_airport_ksac,t2,50ptile,mid-late-century,s3://cadcat/climate-profiles/standard-met-year/sacramento_executive_airport_ksac/t2/50ptile/mid-late-century/stdyr_t2_50ptile_sacramento_executive_airport_ksac_mid-late-century.csv
sacramento_executive_airport_ksac,t2,50ptile,near-future,s3://cadcat/climate-profiles/standard-met-year/sacramento_executive_airport_ksac/t2/50ptile/near-future/stdyr_t2_50ptile_sacramento_executive_airport_ksac_near-future.csv
sacramento_executive_airport_ksac,t2,50ptile,present-day,s3://cadcat/climate-profiles/standard-met-year/sacramento_executive_airport_ksac/t2/50ptile/present-day/stdyr_t2_50ptile_sacramento_executive_airport_ksac_present-day.csv
sacramento_executive_airport_ksac,t2,95ptile,mid-century,s3://cadcat/climate-profiles/standard-met-year/sacramento_executive_airport_ksac/t2/95ptile/mid-century/stdyr_t2_95ptile_sacramento_executive_airport_ksac_mid-century.csv
sacramento_executive_airport_ksac,t2,95ptile,mid-late-century,s3://cadcat/climate-profiles/standard-met-year/sacramento_executive_airport_ksac/t2/95ptile/mid-late-century/stdyr_t2_95ptile_sacramento_executive_airport_ksac_mid-late-century.csv
sacramento_executive_airport_ksac,t2,95ptile,near-future,s3://cadcat/climate-profiles/standard-met-year/sacramento_executive_airport_ksac/t2/95ptile/near-future/stdyr_t2_95ptile_sacramento_executive_airport_ksac_near-future.csv
sacramento_executive_airport_ksac,t2,95ptile,present-day,s3://cadcat/climate-profiles/standard-met-year/sacramento_executive_airport_ksac/t2/95ptile/present-day/stdyr_t2_95ptile_sacramento_executive_airport_ksac_present-day.csv
sacramento_executive_airport_ksac,wind_speed_derived,05ptile,mid-century,s3://cadcat/climate-profiles/standard-met-year/sacramento_executive_airport_ksac/wind_speed_derived/05ptile/mid-century/stdyr_wind_speed_derived_05ptile_sacramento_executive_airport_ksac_mid-century.csv
sacramento_executive_airport_ksac,wind_speed_derived,05ptile,mid-late-century,s3://cadcat/climate-profiles/standard-met-year/sacramento_executive_airport_ksac/wind_speed_derived/05ptile/mid-late-century/stdyr_wind_speed_derived_05ptile_sacramento_executive_airport_ksac_mid-late-century.csv
sacramento_executive_airport_ksac,wind_speed_derived,05ptile,near-future,s3://cadcat/climate-profiles/standard-met-year/sacramento_executive_airport_ksac/wind_speed_derived/05ptile/near-future/stdyr_wind_speed_derived_05ptile_sacramento_executive_airport_ksac_near-future.csv
sacramento_executive_airport_ksac,wind_speed_derived,05ptile,present-day,s3://cadcat/climate-profiles/standard-met-year/sacramento_executive_airport_ksac/wind_speed_derived/05ptile/present-day/stdyr_wind_speed_derived_05ptile_sacramento_executive_airport_ksac_present-day.csv
sacramento_executive_airport_ksac,wind_speed_derived,50ptile,mid-century,s3://cadcat/climate-profiles/standard-met-year/sacramento_executive_airport_ksac/wind_speed_derived/50ptile/mid-century/stdyr_wind_speed_derived_50ptile_sacramento_executive_airport_ksac_mid-century.csv
sacramento_executive_airport_ksac,wind_speed_derived,50ptile,mid-late-century,s3://cadcat/climate-profiles/standard-met-year/sacramento_executive_airport_ksac/wind_speed_derived/50ptile/mid-late-century/stdyr_wind_speed_derived_50ptile_sacramento_executive_airport_ksac_mid-late-century.csv
sacramento_executive_airport_ksac,wind_speed_derived,50ptile,near-future,s3://cadcat/climate-profiles/standard-met-year/sacramento_executive_airport_ksac/wind_speed_derived/50ptile/near-future/stdyr_wind_speed_derived_50ptile_sacramento_executive_airport_ksac_near-future.csv
sacramento_executive_airport_ksac,wind_speed_derived,50ptile,present-day,s3://cadcat/climate-profiles/standard-met-year/sacramento_executive_airport_ksac/wind_speed_derived/50ptile/present-day/stdyr_wind_speed_derived_50ptile_sacramento_executive_airport_ksac_present-day.csv
sacramento_executive_airport_ksac,wind_speed_derived,95ptile,mid-century,s3://cadcat/climate-profiles/standard-met-year/sacramento_executive_airport_ksac/wind_speed_derived/95ptile/mid-century/stdyr_wind_speed_derived_95ptile_sacramento_executive_airport_ksac_mid-century.csv
sacramento_executive_airport_ksac,wind_speed_derived,95ptile,mid-late-century,s3://cadcat/climate-profiles/standard-met-year/sacramento_executive_airport_ksac/wind_speed_derived/95ptile/mid-late-century/stdyr_wind_speed_derived_95ptile_sacramento_executive_airport_ksac_mid-late-century.csv
sacramento_executive_airport_ksac,wind_speed_derived,95ptile,near-future,s3://cadcat/climate-profiles/standard-met-year/sacramento_executive_airport_ksac/wind_speed_derived/95ptile/near-future/stdyr_wind_speed_derived_95ptile_sacramento_executive_airport_ksac_near-future.csv
sacramento_executive_airport_ksac,wind_speed_derived,95ptile,present-day,s3://cadcat/climate-profiles/standard-met-year/sacramento_executive_airport_ksac/wind_speed_derived/95ptile/present-day/stdyr_wind_speed_derived_95ptile_sacramento_executive_airport_ksac_present-day.csv
san_diego_lindbergh_field_ksan,noaa_heat_index_derived,05ptile,mid-century,s3://cadcat/climate-profiles/standard-met-year/san_diego_lindbergh_field_ksan/noaa_heat_index_derived/05ptile/mid-century/stdyr_noaa_heat_index_derived_05ptile_san_diego_lindbergh_field_ksan_mid-century.csv
san_diego_lindbergh_field_ksan,noaa_heat_index_derived,05ptile,mid-late-century,s3://cadcat/climate-profiles/standard-met-year/san_diego_lindbergh_field_ksan/noaa_heat_index_derived/05ptile/mid-late-century/stdyr_noaa_heat_index_derived_05ptile_san_diego_lindbergh_field_ksan_mid-late-century.csv
san_diego_lindbergh_field_ksan,noaa_heat_index_derived,05ptile,near-future,s3://cadcat/climate-profiles/standard-met-year/san_diego_lindbergh_field_ksan/noaa_heat_index_derived/05ptile/near-future/stdyr_noaa_heat_index_derived_05ptile_san_diego_lindbergh_field_ksan_near-future.csv
san_diego_lindbergh_field_ksan,noaa_heat_index_derived,05ptile,present-day,s3://cadcat/climate-profiles/standard-met-year/san_diego_lindbergh_field_ksan/noaa_heat_index_derived/05ptile/present-day/stdyr_noaa_heat_index_derived_05ptile_san_diego_lindbergh_field_ksan_present-day.csv
san_diego_lindbergh_field_ksan,noaa_heat_index_derived,50ptile,mid-century,s3://cadcat/climate-profiles/standard-met-year/san_diego_lindbergh_field_ksan/noaa_heat_index_derived/50ptile/mid-century/stdyr_noaa_heat_index_derived_50ptile_san_diego_lindbergh_field_ksan_mid-century.csv
san_diego_lindbergh_field_ksan,noaa_heat_index_derived,50ptile,mid-late-century,s3://cadcat/climate-profiles/standard-met-year/san_diego_lindbergh_field_ksan/noaa_heat_index_derived/50ptile/mid-late-century/stdyr_noaa_heat_index_derived_50ptile_san_diego_lindbergh_field_ksan_mid-late-century.csv
san_diego_lindbergh_field_ksan,noaa_heat_index_derived,50ptile,near-future,s3://cadcat/climate-profiles/standard-met-year/san_diego_lindbergh_field_ksan/noaa_heat_index_derived/50ptile/near-future/stdyr_noaa_heat_index_derived_50ptile_san_diego_lindbergh_field_ksan_near-future.csv
san_diego_lindbergh_field_ksan,noaa_heat_index_derived,50ptile,present-day,s3://cadcat/climate-profiles/standard-met-year/san_diego_lindbergh_field_ksan/noaa_heat_index_derived/50ptile/present-day/stdyr_noaa_heat_index_derived_50ptile_san_diego_lindbergh_field_ksan_present-day.csv
san_diego_lindbergh_field_ksan,noaa_heat_index_derived,95ptile,mid-century,s3://cadcat/climate-profiles/standard-met-year/san_diego_lindbergh_field_ksan/noaa_heat_index_derived/95ptile/mid-century/stdyr_noaa_heat_index_derived_95ptile_san_diego_lindbergh_field_ksan_mid-century.csv
san_diego_lindbergh_field_ksan,noaa_heat_index_derived,95ptile,mid-late-century,s3://cadcat/climate-profiles/standard-met-year/san_diego_lindbergh_field_ksan/noaa_heat_index_derived/95ptile/mid-late-century/stdyr_noaa_heat_index_derived_95ptile_san_diego_lindbergh_field_ksan_mid-late-century.csv
san_diego_lindbergh_field_ksan,noaa_heat_index_derived,95ptile,near-future,s3://cadcat/climate-profiles/standard-met-year/san_diego_lindbergh_field_ksan/noaa_heat_index_derived/95ptile/near-future/stdyr_noaa_heat_index_derived_95ptile_san_diego_lindbergh_field_ksan_near-future.csv
san_diego_lindbergh_field_ksan,noaa_heat_index_derived,95ptile,present-day,s3://cadcat/climate-profiles/standard-met-year/san_diego_lindbergh_field_ksan/noaa_heat_index_derived/95ptile/present-day/stdyr_noaa_heat_index_derived_95ptile_san_diego_lindbergh_field_ksan_present-day.csv
san_diego_lindbergh_field_ksan,rh_derived,05ptile,mid-century,s3://cadcat/climate-profiles/standard-met-year/san_diego_lindbergh_field_ksan/rh_derived/05ptile/mid-century/stdyr_rh_derived_05ptile_san_diego_lindbergh_field_ksan_mid-century.csv
san_diego_lindbergh_field_ksan,rh_derived,05ptile,mid-late-century,s3://cadcat/climate-profiles/standard-met-year/san_diego_lindbergh_field_ksan/rh_derived/05ptile/mid-late-century/stdyr_rh_derived_05ptile_san_diego_lindbergh_field_ksan_mid-late-century.csv
san_diego_lindbergh_field_ksan,rh_derived,05ptile,near-future,s3://cadcat/climate-profiles/standard-met-year/san_diego_lindbergh_field_ksan/rh_derived/05ptile/near-future/stdyr_rh_derived_05ptile_san_diego_lindbergh_field_ksan_near-future.csv
san_diego_lindbergh_field_ksan,rh_derived,05ptile,present-day,s3://cadcat/climate-profiles/standard-met-year/san_diego_lindbergh_field_ksan/rh_derived/05ptile/present-day/stdyr_rh_derived_05ptile_san_diego_lindbergh_field_ksan_present-day.csv
san_diego_lindbergh_field_ksan,rh_derived,50ptile,mid-century,s3://cadcat/climate-profiles/standard-met-year/san_diego_lindbergh_field_ksan/rh_derived/50ptile/mid-century/stdyr_rh_derived_50ptile_san_diego_lindbergh_field_ksan_mid-century.csv
san_diego_lindbergh_field_ksan,rh_derived,50ptile,mid-late-century,s3://cadcat/climate-profiles/standard-met-year/san_diego_lindbergh_field_ksan/rh_derived/50ptile/mid-late-century/stdyr_rh_derived_50ptile_san_diego_lindbergh_field_ksan_mid-late-century.csv
san_diego_lindbergh_field_ksan,rh_derived,50ptile,near-future,s3://cadcat/climate-profiles/standard-met-year/san_diego_lindbergh_field_ksan/rh_derived/50ptile/near-future/stdyr_rh_derived_50ptile_san_diego_lindbergh_field_ksan_near-future.csv
san_diego_lindbergh_field_ksan,rh_derived,50ptile,present-day,s3://cadcat/climate-profiles/standard-met-year/san_diego_lindbergh_field_ksan/rh_derived/50ptile/present-day/stdyr_rh_derived_50ptile_san_diego_lindbergh_field_ksan_present-day.csv
san_diego_lindbergh_field_ksan,rh_derived,95ptile,mid-century,s3://cadcat/climate-profiles/standard-met-year/san_diego_lindbergh_field_ksan/rh_derived/95ptile/mid-century/stdyr_rh_derived_95ptile_san_diego_lindbergh_field_ksan_mid-century.csv
san_diego_lindbergh_field_ksan,rh_derived,95ptile,mid-late-century,s3://cadcat/climate-profiles/standard-met-year/san_diego_lindbergh_field_ksan/rh_derived/95ptile/mid-late-century/stdyr_rh_derived_95ptile_san_diego_lindbergh_field_ksan_mid-late-century.csv
san_diego_lindbergh_field_ksan,rh_derived,95ptile,near-future,s3://cadcat/climate-profiles/standard-met-year/san_diego_lindbergh_field_ksan/rh_derived/95ptile/near-future/stdyr_rh_derived_95ptile_san_diego_lindbergh_field_ksan_near-future.csv
san_diego_lindbergh_field_ksan,rh_derived,95ptile,present-day,s3://cadcat/climate-profiles/standard-met-year/san_diego_lindbergh_field_ksan/rh_derived/95ptile/present-day/stdyr_rh_derived_95ptile_san_diego_lindbergh_field_ksan_present-day.csv
san_diego_lindbergh_field_ksan,swdnb,05ptile,mid-century,s3://cadcat/climate-profiles/standard-met-year/san_diego_lindbergh_field_ksan/swdnb/05ptile/mid-century/stdyr_swdnb_05ptile_san_diego_lindbergh_field_ksan_mid-century.csv
san_diego_lindbergh_field_ksan,swdnb,05ptile,mid-late-century,s3://cadcat/climate-profiles/standard-met-year/san_diego_lindbergh_field_ksan/swdnb/05ptile/mid-late-century/stdyr_swdnb_05ptile_san_diego_lindbergh_field_ksan_mid-late-century.csv
san_diego_lindbergh_field_ksan,swdnb,05ptile,near-future,s3://cadcat/climate-profiles/standard-met-year/san_diego_lindbergh_field_ksan/swdnb/05ptile/near-future/stdyr_swdnb_05ptile_san_diego_lindbergh_field_ksan_near-future.csv
san_diego_lindbergh_field_ksan,swdnb,05ptile,present-day,s3://cadcat/climate-profiles/standard-met-year/san_diego_lindbergh_field_ksan/swdnb/05ptile/present-day/stdyr_swdnb_05ptile_san_diego_lindbergh_field_ksan_present-day.csv
san_diego_lindbergh_field_ksan,swdnb,50ptile,mid-century,s3://cadcat/climate-profiles/standard-met-year/san_diego_lindbergh_field_ksan/swdnb/50ptile/mid-century/stdyr_swdnb_50ptile_san_diego_lindbergh_field_ksan_mid-century.csv
san_diego_lindbergh_field_ksan,swdnb,50ptile,mid-late-century,s3://cadcat/climate-profiles/standard-met-year/san_diego_lindbergh_field_ksan/swdnb/50ptile/mid-late-century/stdyr_swdnb_50ptile_san_diego_lindbergh_field_ksan_mid-late-century.csv
san_diego_lindbergh_field_ksan,swdnb,50ptile,near-future,s3://cadcat/climate-profiles/standard-met-year/san_diego_lindbergh_field_ksan/swdnb/50ptile/near-future/stdyr_swdnb_50ptile_san_diego_lindbergh_field_ksan_near-future.csv
san_diego_lindbergh_field_ksan,swdnb,50ptile,present-day,s3://cadcat/climate-profiles/standard-met-year/san_diego_lindbergh_field_ksan/swdnb/50ptile/present-day/stdyr_swdnb_50ptile_san_diego_lindbergh_field_ksan_present-day.csv
san_diego_lindbergh_field_ksan,swdnb,95ptile,mid-century,s3://cadcat/climate-profiles/standard-met-year/san_diego_lindbergh_field_ksan/swdnb/95ptile/mid-century/stdyr_swdnb_95ptile_san_diego_lindbergh_field_ksan_mid-century.csv
san_diego_lindbergh_field_ksan,swdnb,95ptile,mid-late-century,s3://cadcat/climate-profiles/standard-met-year/san_diego_lindbergh_field_ksan/swdnb/95ptile/mid-late-century/stdyr_swdnb_95ptile_san_diego_lindbergh_field_ksan_mid-late-century.csv
san_diego_lindbergh_field_ksan,swdnb,95ptile,near-future,s3://cadcat/climate-profiles/standard-met-year/san_diego_lindbergh_field_ksan/swdnb/95ptile/near-future/stdyr_swdnb_95ptile_san_diego_lindbergh_field_ksan_near-future.csv
san_diego_lindbergh_field_ksan,swdnb,95ptile,present-day,s3://cadcat/climate-profiles/standard-met-year/san_diego_lindbergh_field_ksan/swdnb/95ptile/present-day/stdyr_swdnb_95ptile_san_diego_lindbergh_field_ksan_present-day.csv
san_diego_lindbergh_field_ksan,t2,05ptile,mid-century,s3://cadcat/climate-profiles/standard-met-year/san_diego_lindbergh_field_ksan/t2/05ptile/mid-century/stdyr_t2_05ptile_san_diego_lindbergh_field_ksan_mid-century.csv
san_diego_lindbergh_field_ksan,t2,05ptile,mid-late-century,s3://cadcat/climate-profiles/standard-met-year/san_diego_lindbergh_field_ksan/t2/05ptile/mid-late-century/stdyr_t2_05ptile_san_diego_lindbergh_field_ksan_mid-late-century.csv
san_diego_lindbergh_field_ksan,t2,05ptile,near-future,s3://cadcat/climate-profiles/standard-met-year/san_diego_lindbergh_field_ksan/t2/05ptile/near-future/stdyr_t2_05ptile_san_diego_lindbergh_field_ksan_near-future.csv
san_diego_lindbergh_field_ksan,t2,05ptile,present-day,s3://cadcat/climate-profiles/standard-met-year/san_diego_lindbergh_field_ksan/t2/05ptile/present-day/stdyr_t2_05ptile_san_diego_lindbergh_field_ksan_present-day.csv
san_diego_lindbergh_field_ksan,t2,50ptile,mid-century,s3://cadcat/climate-profiles/standard-met-year/san_diego_lindbergh_field_ksan/t2/50ptile/mid-century/stdyr_t2_50ptile_san_diego_lindbergh_field_ksan_mid-century.csv
san_diego_lindbergh_field_ksan,t2,50ptile,mid-late-century,s3://cadcat/climate-profiles/standard-met-year/san_diego_lindbergh_field_ksan/t2/50ptile/mid-late-century/stdyr_t2_50ptile_san_diego_lindbergh_field_ksan_mid-late-century.csv
san_diego_lindbergh_field_ksan,t2,50ptile,near-future,s3://cadcat/climate-profiles/standard-met-year/san_diego_lindbergh_field_ksan/t2/50ptile/near-future/stdyr_t2_50ptile_san_diego_lindbergh_field_ksan_near-future.csv
san_diego_lindbergh_field_ksan,t2,50ptile,present-day,s3://cadcat/climate-profiles/standard-met-year/san_diego_lindbergh_field_ksan/t2/50ptile/present-day/stdyr_t2_50ptile_san_diego_lindbergh_field_ksan_present-day.csv
san_diego_lindbergh_field_ksan,t2,95ptile,mid-century,s3://cadcat/climate-profiles/standard-met-year/san_diego_lindbergh_field_ksan/t2/95ptile/mid-century/stdyr_t2_95ptile_san_diego_lindbergh_field_ksan_mid-century.csv
san_diego_lindbergh_field_ksan,t2,95ptile,mid-late-century,s3://cadcat/climate-profiles/standard-met-year/san_diego_lindbergh_field_ksan/t2/95ptile/mid-late-century/stdyr_t2_95ptile_san_diego_lindbergh_field_ksan_mid-late-century.csv
san_diego_lindbergh_field_ksan,t2,95ptile,near-future,s3://cadcat/climate-profiles/standard-met-year/san_diego_lindbergh_field_ksan/t2/95ptile/near-future/stdyr_t2_95ptile_san_diego_lindbergh_field_ksan_near-future.csv
san_diego_lindbergh_field_ksan,t2,95ptile,present-day,s3://cadcat/climate-profiles/standard-met-year/san_diego_lindbergh_field_ksan/t2/95ptile/present-day/stdyr_t2_95ptile_san_diego_lindbergh_field_ksan_present-day.csv
san_diego_lindbergh_field_ksan,wind_speed_derived,05ptile,mid-century,s3://cadcat/climate-profiles/standard-met-year/san_diego_lindbergh_field_ksan/wind_speed_derived/05ptile/mid-century/stdyr_wind_speed_derived_05ptile_san_diego_lindbergh_field_ksan_mid-century.csv
san_diego_lindbergh_field_ksan,wind_speed_derived,05ptile,mid-late-century,s3://cadcat/climate-profiles/standard-met-year/san_diego_lindbergh_field_ksan/wind_speed_derived/05ptile/mid-late-century/stdyr_wind_speed_derived_05ptile_san_diego_lindbergh_field_ksan_mid-late-century.csv
san_diego_lindbergh_field_ksan,wind_speed_derived,05ptile,near-future,s3://cadcat/climate-profiles/standard-met-year/san_diego_lindbergh_field_ksan/wind_speed_derived/05ptile/near-future/stdyr_wind_speed_derived_05ptile_san_diego_lindbergh_field_ksan_near-future.csv
san_diego_lindbergh_field_ksan,wind_speed_derived,05ptile,present-day,s3://cadcat/climate-profiles/standard-met-year/san_diego_lindbergh_field_ksan/wind_speed_derived/05ptile/present-day/stdyr_wind_speed_derived_05ptile_san_diego_lindbergh_field_ksan_present-day.csv
san_diego_lindbergh_field_ksan,wind_speed_derived,50ptile,mid-century,s3://cadcat/climate-profiles/standard-met-year/san_diego_lindbergh_field_ksan/wind_speed_derived/50ptile/mid-century/stdyr_wind_speed_derived_50ptile_san_diego_lindbergh_field_ksan_mid-century.csv
san_diego_lindbergh_field_ksan,wind_speed_derived,50ptile,mid-late-century,s3://cadcat/climate-profiles/standard-met-year/san_diego_lindbergh_field_ksan/wind_speed_derived/50ptile/mid-late-century/stdyr_wind_speed_derived_50ptile_san_diego_lindbergh_field_ksan_mid-late-century.csv
san_diego_lindbergh_field_ksan,wind_speed_derived,50ptile,near-future,s3://cadcat/climate-profiles/standard-met-year/san_diego_lindbergh_field_ksan/wind_speed_derived/50ptile/near-future/stdyr_wind_speed_derived_50ptile_san_diego_lindbergh_field_ksan_near-future.csv
san_diego_lindbergh_field_ksan,wind_speed_derived,50ptile,present-day,s3://cadcat/climate-profiles/standard-met-year/san_diego_lindbergh_field_ksan/wind_speed_derived/50ptile/present-day/stdyr_wind_speed_derived_50ptile_san_diego_lindbergh_field_ksan_present-day.csv
san_diego_lindbergh_field_ksan,wind_speed_derived,95ptile,mid-century,s3://cadcat/climate-profiles/standard-met-year/san_diego_lindbergh_field_ksan/wind_speed_derived/95ptile/mid-century/stdyr_wind_speed_derived_95ptile_san_diego_lindbergh_field_ksan_mid-century.csv
san_diego_lindbergh_field_ksan,wind_speed_derived,95ptile,mid-late-century,s3://cadcat/climate-profiles/standard-met-year/san_diego_lindbergh_field_ksan/wind_speed_derived/95ptile/mid-late-century/stdyr_wind_speed_derived_95ptile_san_diego_lindbergh_field_ksan_mid-late-century.csv
san_diego_lindbergh_field_ksan,wind_speed_derived,95ptile,near-future,s3://cadcat/climate-profiles/standard-met-year/san_diego_lindbergh_field_ksan/wind_speed_derived/95ptile/near-future/stdyr_wind_speed_derived_95ptile_san_diego_lindbergh_field_ksan_near-future.csv
san_diego_lindbergh_field_ksan,wind_speed_derived,95ptile,present-day,s3://cadcat/climate-profiles/standard-met-year/san_diego_lindbergh_field_ksan/wind_speed_derived/95ptile/present-day/stdyr_wind_speed_derived_95ptile_san_diego_lindbergh_field_ksan_present-day.csv
san_diego_miramar_wscmo_knkx,noaa_heat_index_derived,05ptile,mid-century,s3://cadcat/climate-profiles/standard-met-year/san_diego_miramar_wscmo_knkx/noaa_heat_index_derived/05ptile/mid-century/stdyr_noaa_heat_index_derived_05ptile_san_diego_miramar_wscmo_knkx_mid-century.csv
san_diego_miramar_wscmo_knkx,noaa_heat_index_derived,05ptile,mid-late-century,s3://cadcat/climate-profiles/standard-met-year/san_diego_miramar_wscmo_knkx/noaa_heat_index_derived/05ptile/mid-late-century/stdyr_noaa_heat_index_derived_05ptile_san_diego_miramar_wscmo_knkx_mid-late-century.csv
san_diego_miramar_wscmo_knkx,noaa_heat_index_derived,05ptile,near-future,s3://cadcat/climate-profiles/standard-met-year/san_diego_miramar_wscmo_knkx/noaa_heat_index_derived/05ptile/near-future/stdyr_noaa_heat_index_derived_05ptile_san_diego_miramar_wscmo_knkx_near-future.csv
san_diego_miramar_wscmo_knkx,noaa_heat_index_derived,05ptile,present-day,s3://cadcat/climate-profiles/standard-met-year/san_diego_miramar_wscmo_knkx/noaa_heat_index_derived/05ptile/present-day/stdyr_noaa_heat_index_derived_05ptile_san_diego_miramar_wscmo_knkx_present-day.csv
san_diego_miramar_wscmo_knkx,noaa_heat_index_derived,50ptile,mid-century,s3://cadcat/climate-profiles/standard-met-year/san_diego_miramar_wscmo_knkx/noaa_heat_index_derived/50ptile/mid-century/stdyr_noaa_heat_index_derived_50ptile_san_diego_miramar_wscmo_knkx_mid-century.csv
san_diego_miramar_wscmo_knkx,noaa_heat_index_derived,50ptile,mid-late-century,s3://cadcat/climate-profiles/standard-met-year/san_diego_miramar_wscmo_knkx/noaa_heat_index_derived/50ptile/mid-late-century/stdyr_noaa_heat_index_derived_50ptile_san_diego_miramar_wscmo_knkx_mid-late-century.csv
san_diego_miramar_wscmo_knkx,noaa_heat_index_derived,50ptile,near-future,s3://cadcat/climate-profiles/standard-met-year/san_diego_miramar_wscmo_knkx/noaa_heat_index_derived/50ptile/near-future/stdyr_noaa_heat_index_derived_50ptile_san_diego_miramar_wscmo_knkx_near-future.csv
san_diego_miramar_wscmo_knkx,noaa_heat_index_derived,50ptile,present-day,s3://cadcat/climate-profiles/standard-met-year/san_diego_miramar_wscmo_knkx/noaa_heat_index_derived/50ptile/present-day/stdyr_noaa_heat_index_derived_50ptile_san_diego_miramar_wscmo_knkx_present-day.csv
san_diego_miramar_wscmo_knkx,noaa_heat_index_derived,95ptile,mid-century,s3://cadcat/climate-profiles/standard-met-year/san_diego_miramar_wscmo_knkx/noaa_heat_index_derived/95ptile/mid-century/stdyr_noaa_heat_index_derived_95ptile_san_diego_miramar_wscmo_knkx_mid-century.csv
san_diego_miramar_wscmo_knkx,noaa_heat_index_derived,95ptile,mid-late-century,s3://cadcat/climate-profiles/standard-met-year/san_diego_miramar_wscmo_knkx/noaa_heat_index_derived/95ptile/mid-late-century/stdyr_noaa_heat_index_derived_95ptile_san_diego_miramar_wscmo_knkx_mid-late-century.csv
san_diego_miramar_wscmo_knkx,noaa_heat_index_derived,95ptile,near-future,s3://cadcat/climate-profiles/standard-met-year/san_diego_miramar_wscmo_knkx/noaa_heat_index_derived/95ptile/near-future/stdyr_noaa_heat_index_derived_95ptile_san_diego_miramar_wscmo_knkx_near-future.csv
san_diego_miramar_wscmo_knkx,noaa_heat_index_derived,95ptile,present-day,s3://cadcat/climate-profiles/standard-met-year/san_diego_miramar_wscmo_knkx/noaa_heat_index_derived/95ptile/present-day/stdyr_noaa_heat_index_derived_95ptile_san_diego_miramar_wscmo_knkx_present-day.csv
san_diego_miramar_wscmo_knkx,rh_derived,05ptile,mid-century,s3://cadcat/climate-profiles/standard-met-year/san_diego_miramar_wscmo_knkx/rh_derived/05ptile/mid-century/stdyr_rh_derived_05ptile_san_diego_miramar_wscmo_knkx_mid-century.csv
san_diego_miramar_wscmo_knkx,rh_derived,05ptile,mid-late-century,s3://cadcat/climate-profiles/standard-met-year/san_diego_miramar_wscmo_knkx/rh_derived/05ptile/mid-late-century/stdyr_rh_derived_05ptile_san_diego_miramar_wscmo_knkx_mid-late-century.csv
san_diego_miramar_wscmo_knkx,rh_derived,05ptile,near-future,s3://cadcat/climate-profiles/standard-met-year/san_diego_miramar_wscmo_knkx/rh_derived/05ptile/near-future/stdyr_rh_derived_05ptile_san_diego_miramar_wscmo_knkx_near-future.csv
san_diego_miramar_wscmo_knkx,rh_derived,05ptile,present-day,s3://cadcat/climate-profiles/standard-met-year/san_diego_miramar_wscmo_knkx/rh_derived/05ptile/present-day/stdyr_rh_derived_05ptile_san_diego_miramar_wscmo_knkx_present-day.csv
san_diego_miramar_wscmo_knkx,rh_derived,50ptile,mid-century,s3://cadcat/climate-profiles/standard-met-year/san_diego_miramar_wscmo_knkx/rh_derived/50ptile/mid-century/stdyr_rh_derived_50ptile_san_diego_miramar_wscmo_knkx_mid-century.csv
san_diego_miramar_wscmo_knkx,rh_derived,50ptile,mid-late-century,s3://cadcat/climate-profiles/standard-met-year/san_diego_miramar_wscmo_knkx/rh_derived/50ptile/mid-late-century/stdyr_rh_derived_50ptile_san_diego_miramar_wscmo_knkx_mid-late-century.csv
san_diego_miramar_wscmo_knkx,rh_derived,50ptile,near-future,s3://cadcat/climate-profiles/standard-met-year/san_diego_miramar_wscmo_knkx/rh_derived/50ptile/near-future/stdyr_rh_derived_50ptile_san_diego_miramar_wscmo_knkx_near-future.csv
san_diego_miramar_wscmo_knkx,rh_derived,50ptile,present-day,s3://cadcat/climate-profiles/standard-met-year/san_diego_miramar_wscmo_knkx/rh_derived/50ptile/present-day/stdyr_rh_derived_50ptile_san_diego_miramar_wscmo_knkx_present-day.csv
san_diego_miramar_wscmo_knkx,rh_derived,95ptile,mid-century,s3://cadcat/climate-profiles/standard-met-year/san_diego_miramar_wscmo_knkx/rh_derived/95ptile/mid-century/stdyr_rh_derived_95ptile_san_diego_miramar_wscmo_knkx_mid-century.csv
san_diego_miramar_wscmo_knkx,rh_derived,95ptile,mid-late-century,s3://cadcat/climate-profiles/standard-met-year/san_diego_miramar_wscmo_knkx/rh_derived/95ptile/mid-late-century/stdyr_rh_derived_95ptile_san_diego_miramar_wscmo_knkx_mid-late-century.csv
san_diego_miramar_wscmo_knkx,rh_derived,95ptile,near-future,s3://cadcat/climate-profiles/standard-met-year/san_diego_miramar_wscmo_knkx/rh_derived/95ptile/near-future/stdyr_rh_derived_95ptile_san_diego_miramar_wscmo_knkx_near-future.csv
san_diego_miramar_wscmo_knkx,rh_derived,95ptile,present-day,s3://cadcat/climate-profiles/standard-met-year/san_diego_miramar_wscmo_knkx/rh_derived/95ptile/present-day/stdyr_rh_derived_95ptile_san_diego_miramar_wscmo_knkx_present-day.csv
san_diego_miramar_wscmo_knkx,swdnb,05ptile,mid-century,s3://cadcat/climate-profiles/standard-met-year/san_diego_miramar_wscmo_knkx/swdnb/05ptile/mid-century/stdyr_swdnb_05ptile_san_diego_miramar_wscmo_knkx_mid-century.csv
san_diego_miramar_wscmo_knkx,swdnb,05ptile,mid-late-century,s3://cadcat/climate-profiles/standard-met-year/san_diego_miramar_wscmo_knkx/swdnb/05ptile/mid-late-century/stdyr_swdnb_05ptile_san_diego_miramar_wscmo_knkx_mid-late-century.csv
san_diego_miramar_wscmo_knkx,swdnb,05ptile,near-future,s3://cadcat/climate-profiles/standard-met-year/san_diego_miramar_wscmo_knkx/swdnb/05ptile/near-future/stdyr_swdnb_05ptile_san_diego_miramar_wscmo_knkx_near-future.csv
san_diego_miramar_wscmo_knkx,swdnb,05ptile,present-day,s3://cadcat/climate-profiles/standard-met-year/san_diego_miramar_wscmo_knkx/swdnb/05ptile/present-day/stdyr_swdnb_05ptile_san_diego_miramar_wscmo_knkx_present-day.csv
san_diego_miramar_wscmo_knkx,swdnb,50ptile,mid-century,s3://cadcat/climate-profiles/standard-met-year/san_diego_miramar_wscmo_knkx/swdnb/50ptile/mid-century/stdyr_swdnb_50ptile_san_diego_miramar_wscmo_knkx_mid-century.csv
san_diego_miramar_wscmo_knkx,swdnb,50ptile,mid-late-century,s3://cadcat/climate-profiles/standard-met-year/san_diego_miramar_wscmo_knkx/swdnb/50ptile/mid-late-century/stdyr_swdnb_50ptile_san_diego_miramar_wscmo_knkx_mid-late-century.csv
san_diego_miramar_wscmo_knkx,swdnb,50ptile,near-future,s3://cadcat/climate-profiles/standard-met-year/san_diego_miramar_wscmo_knkx/swdnb/50ptile/near-future/stdyr_swdnb_50ptile_san_diego_miramar_wscmo_knkx_near-future.csv
san_diego_miramar_wscmo_knkx,swdnb,50ptile,present-day,s3://cadcat/climate-profiles/standard-met-year/san_diego_miramar_wscmo_knkx/swdnb/50ptile/present-day/stdyr_swdnb_50ptile_san_diego_miramar_wscmo_knkx_present-day.csv
san_diego_miramar_wscmo_knkx,swdnb,95ptile,mid-century,s3://cadcat/climate-profiles/standard-met-year/san_diego_miramar_wscmo_knkx/swdnb/95ptile/mid-century/stdyr_swdnb_95ptile_san_diego_miramar_wscmo_knkx_mid-century.csv
san_diego_miramar_wscmo_knkx,swdnb,95ptile,mid-late-century,s3://cadcat/climate-profiles/standard-met-year/san_diego_miramar_wscmo_knkx/swdnb/95ptile/mid-late-century/stdyr_swdnb_95ptile_san_diego_miramar_wscmo_knkx_mid-late-century.csv
san_diego_miramar_wscmo_knkx,swdnb,95ptile,near-future,s3://cadcat/climate-profiles/standard-met-year/san_diego_miramar_wscmo_knkx/swdnb/95ptile/near-future/stdyr_swdnb_95ptile_san_diego_miramar_wscmo_knkx_near-future.csv
san_diego_miramar_wscmo_knkx,swdnb,95ptile,present-day,s3://cadcat/climate-profiles/standard-met-year/san_diego_miramar_wscmo_knkx/swdnb/95ptile/present-day/stdyr_swdnb_95ptile_san_diego_miramar_wscmo_knkx_present-day.csv
san_diego_miramar_wscmo_knkx,t2,05ptile,mid-century,s3://cadcat/climate-profiles/standard-met-year/san_diego_miramar_wscmo_knkx/t2/05ptile/mid-century/stdyr_t2_05ptile_san_diego_miramar_wscmo_knkx_mid-century.csv
san_diego_miramar_wscmo_knkx,t2,05ptile,mid-late-century,s3://cadcat/climate-profiles/standard-met-year/san_diego_miramar_wscmo_knkx/t2/05ptile/mid-late-century/stdyr_t2_05ptile_san_diego_miramar_wscmo_knkx_mid-late-century.csv
san_diego_miramar_wscmo_knkx,t2,05ptile,near-future,s3://cadcat/climate-profiles/standard-met-year/san_diego_miramar_wscmo_knkx/t2/05ptile/near-future/stdyr_t2_05ptile_san_diego_miramar_wscmo_knkx_near-future.csv
san_diego_miramar_wscmo_knkx,t2,05ptile,present-day,s3://cadcat/climate-profiles/standard-met-year/san_diego_miramar_wscmo_knkx/t2/05ptile/present-day/stdyr_t2_05ptile_san_diego_miramar_wscmo_knkx_present-day.csv
san_diego_miramar_wscmo_knkx,t2,50ptile,mid-century,s3://cadcat/climate-profiles/standard-met-year/san_diego_miramar_wscmo_knkx/t2/50ptile/mid-century/stdyr_t2_50ptile_san_diego_miramar_wscmo_knkx_mid-century.csv
san_diego_miramar_wscmo_knkx,t2,50ptile,mid-late-century,s3://cadcat/climate-profiles/standard-met-year/san_diego_miramar_wscmo_knkx/t2/50ptile/mid-late-century/stdyr_t2_50ptile_san_diego_miramar_wscmo_knkx_mid-late-century.csv
san_diego_miramar_wscmo_knkx,t2,50ptile,near-future,s3://cadcat/climate-profiles/standard-met-year/san_diego_miramar_wscmo_knkx/t2/50ptile/near-future/stdyr_t2_50ptile_san_diego_miramar_wscmo_knkx_near-future.csv
san_diego_miramar_wscmo_knkx,t2,50ptile,present-day,s3://cadcat/climate-profiles/standard-met-year/san_diego_miramar_wscmo_knkx/t2/50ptile/present-day/stdyr_t2_50ptile_san_diego_miramar_wscmo_knkx_present-day.csv
san_diego_miramar_wscmo_knkx,t2,95ptile,mid-century,s3://cadcat/climate-profiles/standard-met-year/san_diego_miramar_wscmo_knkx/t2/95ptile/mid-century/stdyr_t2_95ptile_san_diego_miramar_wscmo_knkx_mid-century.csv
san_diego_miramar_wscmo_knkx,t2,95ptile,mid-late-century,s3://cadcat/climate-profiles/standard-met-year/san_diego_miramar_wscmo_knkx/t2/95ptile/mid-late-century/stdyr_t2_95ptile_san_diego_miramar_wscmo_knkx_mid-late-century.csv
san_diego_miramar_wscmo_knkx,t2,95ptile,near-future,s3://cadcat/climate-profiles/standard-met-year/san_diego_miramar_wscmo_knkx/t2/95ptile/near-future/stdyr_t2_95ptile_san_diego_miramar_wscmo_knkx_near-future.csv
san_diego_miramar_wscmo_knkx,t2,95ptile,present-day,s3://cadcat/climate-profiles/standard-met-year/san_diego_miramar_wscmo_knkx/t2/95ptile/present-day/stdyr_t2_95ptile_san_diego_miramar_wscmo_knkx_present-day.csv
san_diego_miramar_wscmo_knkx,wind_speed_derived,05ptile,mid-century,s3://cadcat/climate-profiles/standard-met-year/san_diego_miramar_wscmo_knkx/wind_speed_derived/05ptile/mid-century/stdyr_wind_speed_derived_05ptile_san_diego_miramar_wscmo_knkx_mid-century.csv
san_diego_miramar_wscmo_knkx,wind_speed_derived,05ptile,mid-late-century,s3://cadcat/climate-profiles/standard-met-year/san_diego_miramar_wscmo_knkx/wind_speed_derived/05ptile/mid-late-century/stdyr_wind_speed_derived_05ptile_san_diego_miramar_wscmo_knkx_mid-late-century.csv
san_diego_miramar_wscmo_knkx,wind_speed_derived,05ptile,near-future,s3://cadcat/climate-profiles/standard-met-year/san_diego_miramar_wscmo_knkx/wind_speed_derived/05ptile/near-future/stdyr_wind_speed_derived_05ptile_san_diego_miramar_wscmo_knkx_near-future.csv
san_diego_miramar_wscmo_knkx,wind_speed_derived,05ptile,present-day,s3://cadcat/climate-profiles/standard-met-year/san_diego_miramar_wscmo_knkx/wind_speed_derived/05ptile/present-day/stdyr_wind_speed_derived_05ptile_san_diego_miramar_wscmo_knkx_present-day.csv
san_diego_miramar_wscmo_knkx,wind_speed_derived,50ptile,mid-century,s3://cadcat/climate-profiles/standard-met-year/san_diego_miramar_wscmo_knkx/wind_speed_derived/50ptile/mid-century/stdyr_wind_speed_derived_50ptile_san_diego_miramar_wscmo_knkx_mid-century.csv
san_diego_miramar_wscmo_knkx,wind_speed_derived,50ptile,mid-late-century,s3://cadcat/climate-profiles/standard-met-year/san_diego_miramar_wscmo_knkx/wind_speed_derived/50ptile/mid-late-century/stdyr_wind_speed_derived_50ptile_san_diego_miramar_wscmo_knkx_mid-late-century.csv
san_diego_miramar_wscmo_knkx,wind_speed_derived,50ptile,near-future,s3://cadcat/climate-profiles/standard-met-year/san_diego_miramar_wscmo_knkx/wind_speed_derived/50ptile/near-future/stdyr_wind_speed_derived_50ptile_san_diego_miramar_wscmo_knkx_near-future.csv
san_diego_miramar_wscmo_knkx,wind_speed_derived,50ptile,present-day,s3://cadcat/climate-profiles/standard-met-year/san_diego_miramar_wscmo_knkx/wind_speed_derived/50ptile/present-day/stdyr_wind_speed_derived_50ptile_san_diego_miramar_wscmo_knkx_present-day.csv
san_diego_miramar_wscmo_knkx,wind_speed_derived,95ptile,mid-century,s3://cadcat/climate-profiles/standard-met-year/san_diego_miramar_wscmo_knkx/wind_speed_derived/95ptile/mid-century/stdyr_wind_speed_derived_95ptile_san_diego_miramar_wscmo_knkx_mid-century.csv
san_diego_miramar_wscmo_knkx,wind_speed_derived,95ptile,mid-late-century,s3://cadcat/climate-profiles/standard-met-year/san_diego_miramar_wscmo_knkx/wind_speed_derived/95ptile/mid-late-century/stdyr_wind_speed_derived_95ptile_san_diego_miramar_wscmo_knkx_mid-late-century.csv
san_diego_miramar_wscmo_knkx,wind_speed_derived,95ptile,near-future,s3://cadcat/climate-profiles/standard-met-year/san_diego_miramar_wscmo_knkx/wind_speed_derived/95ptile/near-future/stdyr_wind_speed_derived_95ptile_san_diego_miramar_wscmo_knkx_near-future.csv
san_diego_miramar_wscmo_knkx,wind_speed_derived,95ptile,present-day,s3://cadcat/climate-profiles/standard-met-year/san_diego_miramar_wscmo_knkx/wind_speed_derived/95ptile/present-day/stdyr_wind_speed_derived_95ptile_san_diego_miramar_wscmo_knkx_present-day.csv
san_francisco_international_airport_ksfo,noaa_heat_index_derived,05ptile,mid-century,s3://cadcat/climate-profiles/standard-met-year/san_francisco_international_airport_ksfo/noaa_heat_index_derived/05ptile/mid-century/stdyr_noaa_heat_index_derived_05ptile_san_francisco_international_airport_ksfo_mid-century.csv
san_francisco_international_airport_ksfo,noaa_heat_index_derived,05ptile,mid-late-century,s3://cadcat/climate-profiles/standard-met-year/san_francisco_international_airport_ksfo/noaa_heat_index_derived/05ptile/mid-late-century/stdyr_noaa_heat_index_derived_05ptile_san_francisco_international_airport_ksfo_mid-late-century.csv
san_francisco_international_airport_ksfo,noaa_heat_index_derived,05ptile,near-future,s3://cadcat/climate-profiles/standard-met-year/san_francisco_international_airport_ksfo/noaa_heat_index_derived/05ptile/near-future/stdyr_noaa_heat_index_derived_05ptile_san_francisco_international_airport_ksfo_near-future.csv
san_francisco_international_airport_ksfo,noaa_heat_index_derived,05ptile,present-day,s3://cadcat/climate-profiles/standard-met-year/san_francisco_international_airport_ksfo/noaa_heat_index_derived/05ptile/present-day/stdyr_noaa_heat_index_derived_05ptile_san_francisco_international_airport_ksfo_present-day.csv
san_francisco_international_airport_ksfo,noaa_heat_index_derived,50ptile,mid-century,s3://cadcat/climate-profiles/standard-met-year/san_francisco_international_airport_ksfo/noaa_heat_index_derived/50ptile/mid-century/stdyr_noaa_heat_index_derived_50ptile_san_francisco_international_airport_ksfo_mid-century.csv
san_francisco_international_airport_ksfo,noaa_heat_index_derived,50ptile,mid-late-century,s3://cadcat/climate-profiles/standard-met-year/san_francisco_international_airport_ksfo/noaa_heat_index_derived/50ptile/mid-late-century/stdyr_noaa_heat_index_derived_50ptile_san_francisco_international_airport_ksfo_mid-late-century.csv
san_francisco_international_airport_ksfo,noaa_heat_index_derived,50ptile,near-future,s3://cadcat/climate-profiles/standard-met-year/san_francisco_international_airport_ksfo/noaa_heat_index_derived/50ptile/near-future/stdyr_noaa_heat_index_derived_50ptile_san_francisco_international_airport_ksfo_near-future.csv
san_francisco_international_airport_ksfo,noaa_heat_index_derived,50ptile,present-day,s3://cadcat/climate-profiles/standard-met-year/san_francisco_international_airport_ksfo/noaa_heat_index_derived/50ptile/present-day/stdyr_noaa_heat_index_derived_50ptile_san_francisco_international_airport_ksfo_present-day.csv
san_francisco_international_airport_ksfo,noaa_heat_index_derived,95ptile,mid-century,s3://cadcat/climate-profiles/standard-met-year/san_francisco_international_airport_ksfo/noaa_heat_index_derived/95ptile/mid-century/stdyr_noaa_heat_index_derived_95ptile_san_francisco_international_airport_ksfo_mid-century.csv
san_francisco_international_airport_ksfo,noaa_heat_index_derived,95ptile,mid-late-century,s3://cadcat/climate-profiles/standard-met-year/san_francisco_international_airport_ksfo/noaa_heat_index_derived/95ptile/mid-late-century/stdyr_noaa_heat_index_derived_95ptile_san_francisco_international_airport_ksfo_mid-late-century.csv
san_francisco_international_airport_ksfo,noaa_heat_index_derived,95ptile,near-future,s3://cadcat/climate-profiles/standard-met-year/san_francisco_international_airport_ksfo/noaa_heat_index_derived/95ptile/near-future/stdyr_noaa_heat_index_derived_95ptile_san_francisco_international_airport_ksfo_near-future.csv
san_francisco_international_airport_ksfo,noaa_heat_index_derived,95ptile,present-day,s3://cadcat/climate-profiles/standard-met-year/san_francisco_international_airport_ksfo/noaa_heat_index_derived/95ptile/present-day/stdyr_noaa_heat_index_derived_95ptile_san_francisco_international_airport_ksfo_present-day.csv
san_francisco_international_airport_ksfo,rh_derived,05ptile,mid-century,s3://cadcat/climate-profiles/standard-met-year/san_francisco_international_airport_ksfo/rh_derived/05ptile/mid-century/stdyr_rh_derived_05ptile_san_francisco_international_airport_ksfo_mid-century.csv
san_francisco_international_airport_ksfo,rh_derived,05ptile,mid-late-century,s3://cadcat/climate-profiles/standard-met-year/san_francisco_international_airport_ksfo/rh_derived/05ptile/mid-late-century/stdyr_rh_derived_05ptile_san_francisco_international_airport_ksfo_mid-late-century.csv
san_francisco_international_airport_ksfo,rh_derived,50ptile,mid-century,s3://cadcat/climate-profiles/standard-met-year/san_francisco_international_airport_ksfo/rh_derived/50ptile/mid-century/stdyr_rh_derived_50ptile_san_francisco_international_airport_ksfo_mid-century.csv
san_francisco_international_airport_ksfo,rh_derived,50ptile,mid-late-century,s3://cadcat/climate-profiles/standard-met-year/san_francisco_international_airport_ksfo/rh_derived/50ptile/mid-late-century/stdyr_rh_derived_50ptile_san_francisco_international_airport_ksfo_mid-late-century.csv
san_francisco_international_airport_ksfo,rh_derived,50ptile,near-future,s3://cadcat/climate-profiles/standard-met-year/san_francisco_international_airport_ksfo/rh_derived/50ptile/near-future/stdyr_rh_derived_50ptile_san_francisco_international_airport_ksfo_near-future.csv
san_francisco_international_airport_ksfo,rh_derived,50ptile,present-day,s3://cadcat/climate-profiles/standard-met-year/san_francisco_international_airport_ksfo/rh_derived/50ptile/present-day/stdyr_rh_derived_50ptile_san_francisco_international_airport_ksfo_present-day.csv
san_francisco_international_airport_ksfo,rh_derived,95ptile,mid-century,s3://cadcat/climate-profiles/standard-met-year/san_francisco_international_airport_ksfo/rh_derived/95ptile/mid-century/stdyr_rh_derived_95ptile_san_francisco_international_airport_ksfo_mid-century.csv
san_francisco_international_airport_ksfo,rh_derived,95ptile,mid-late-century,s3://cadcat/climate-profiles/standard-met-year/san_francisco_international_airport_ksfo/rh_derived/95ptile/mid-late-century/stdyr_rh_derived_95ptile_san_francisco_international_airport_ksfo_mid-late-century.csv
san_francisco_international_airport_ksfo,rh_derived,95ptile,near-future,s3://cadcat/climate-profiles/standard-met-year/san_francisco_international_airport_ksfo/rh_derived/95ptile/near-future/stdyr_rh_derived_95ptile_san_francisco_international_airport_ksfo_near-future.csv
san_francisco_international_airport_ksfo,rh_derived,95ptile,present-day,s3://cadcat/climate-profiles/standard-met-year/san_francisco_international_airport_ksfo/rh_derived/95ptile/present-day/stdyr_rh_derived_95ptile_san_francisco_international_airport_ksfo_present-day.csv
san_francisco_international_airport_ksfo,swdnb,05ptile,mid-century,s3://cadcat/climate-profiles/standard-met-year/san_francisco_international_airport_ksfo/swdnb/05ptile/mid-century/stdyr_swdnb_05ptile_san_francisco_international_airport_ksfo_mid-century.csv
san_francisco_international_airport_ksfo,swdnb,05ptile,mid-late-century,s3://cadcat/climate-profiles/standard-met-year/san_francisco_international_airport_ksfo/swdnb/05ptile/mid-late-century/stdyr_swdnb_05ptile_san_francisco_international_airport_ksfo_mid-late-century.csv
san_francisco_international_airport_ksfo,swdnb,05ptile,near-future,s3://cadcat/climate-profiles/standard-met-year/san_francisco_international_airport_ksfo/swdnb/05ptile/near-future/stdyr_swdnb_05ptile_san_francisco_international_airport_ksfo_near-future.csv
san_francisco_international_airport_ksfo,swdnb,05ptile,present-day,s3://cadcat/climate-profiles/standard-met-year/san_francisco_international_airport_ksfo/swdnb/05ptile/present-day/stdyr_swdnb_05ptile_san_francisco_international_airport_ksfo_present-day.csv
san_francisco_international_airport_ksfo,swdnb,50ptile,mid-century,s3://cadcat/climate-profiles/standard-met-year/san_francisco_international_airport_ksfo/swdnb/50ptile/mid-century/stdyr_swdnb_50ptile_san_francisco_international_airport_ksfo_mid-century.csv
san_francisco_international_airport_ksfo,swdnb,50ptile,mid-late-century,s3://cadcat/climate-profiles/standard-met-year/san_francisco_international_airport_ksfo/swdnb/50ptile/mid-late-century/stdyr_swdnb_50ptile_san_francisco_international_airport_ksfo_mid-late-century.csv
san_francisco_international_airport_ksfo,swdnb,50ptile,near-future,s3://cadcat/climate-profiles/standard-met-year/san_francisco_international_airport_ksfo/swdnb/50ptile/near-future/stdyr_swdnb_50ptile_san_francisco_international_airport_ksfo_near-future.csv
san_francisco_international_airport_ksfo,swdnb,50ptile,present-day,s3://cadcat/climate-profiles/standard-met-year/san_francisco_international_airport_ksfo/swdnb/50ptile/present-day/stdyr_swdnb_50ptile_san_francisco_international_airport_ksfo_present-day.csv
san_francisco_international_airport_ksfo,swdnb,95ptile,mid-century,s3://cadcat/climate-profiles/standard-met-year/san_francisco_international_airport_ksfo/swdnb/95ptile/mid-century/stdyr_swdnb_95ptile_san_francisco_international_airport_ksfo_mid-century.csv
san_francisco_international_airport_ksfo,swdnb,95ptile,mid-late-century,s3://cadcat/climate-profiles/standard-met-year/san_francisco_international_airport_ksfo/swdnb/95ptile/mid-late-century/stdyr_swdnb_95ptile_san_francisco_international_airport_ksfo_mid-late-century.csv
san_francisco_international_airport_ksfo,swdnb,95ptile,near-future,s3://cadcat/climate-profiles/standard-met-year/san_francisco_international_airport_ksfo/swdnb/95ptile/near-future/stdyr_swdnb_95ptile_san_francisco_international_airport_ksfo_near-future.csv
san_francisco_international_airport_ksfo,swdnb,95ptile,present-day,s3://cadcat/climate-profiles/standard-met-year/san_francisco_international_airport_ksfo/swdnb/95ptile/present-day/stdyr_swdnb_95ptile_san_francisco_international_airport_ksfo_present-day.csv
san_francisco_international_airport_ksfo,t2,05ptile,mid-century,s3://cadcat/climate-profiles/standard-met-year/san_francisco_international_airport_ksfo/t2/05ptile/mid-century/stdyr_t2_05ptile_san_francisco_international_airport_ksfo_mid-century.csv
san_francisco_international_airport_ksfo,t2,05ptile,mid-late-century,s3://cadcat/climate-profiles/standard-met-year/san_francisco_international_airport_ksfo/t2/05ptile/mid-late-century/stdyr_t2_05ptile_san_francisco_international_airport_ksfo_mid-late-century.csv
san_francisco_international_airport_ksfo,t2,05ptile,near-future,s3://cadcat/climate-profiles/standard-met-year/san_francisco_international_airport_ksfo/t2/05ptile/near-future/stdyr_t2_05ptile_san_francisco_international_airport_ksfo_near-future.csv
san_francisco_international_airport_ksfo,t2,05ptile,present-day,s3://cadcat/climate-profiles/standard-met-year/san_francisco_international_airport_ksfo/t2/05ptile/present-day/stdyr_t2_05ptile_san_francisco_international_airport_ksfo_present-day.csv
san_francisco_international_airport_ksfo,t2,50ptile,mid-century,s3://cadcat/climate-profiles/standard-met-year/san_francisco_international_airport_ksfo/t2/50ptile/mid-century/stdyr_t2_50ptile_san_francisco_international_airport_ksfo_mid-century.csv
san_francisco_international_airport_ksfo,t2,50ptile,mid-late-century,s3://cadcat/climate-profiles/standard-met-year/san_francisco_international_airport_ksfo/t2/50ptile/mid-late-century/stdyr_t2_50ptile_san_francisco_international_airport_ksfo_mid-late-century.csv
san_francisco_international_airport_ksfo,t2,50ptile,near-future,s3://cadcat/climate-profiles/standard-met-year/san_francisco_international_airport_ksfo/t2/50ptile/near-future/stdyr_t2_50ptile_san_francisco_international_airport_ksfo_near-future.csv
san_francisco_international_airport_ksfo,t2,50ptile,present-day,s3://cadcat/climate-profiles/standard-met-year/san_francisco_international_airport_ksfo/t2/50ptile/present-day/stdyr_t2_50ptile_san_francisco_international_airport_ksfo_present-day.csv
san_francisco_international_airport_ksfo,t2,95ptile,mid-century,s3://cadcat/climate-profiles/standard-met-year/san_francisco_international_airport_ksfo/t2/95ptile/mid-century/stdyr_t2_95ptile_san_francisco_international_airport_ksfo_mid-century.csv
san_francisco_international_airport_ksfo,t2,95ptile,mid-late-century,s3://cadcat/climate-profiles/standard-met-year/san_francisco_international_airport_ksfo/t2/95ptile/mid-late-century/stdyr_t2_95ptile_san_francisco_international_airport_ksfo_mid-late-century.csv
san_francisco_international_airport_ksfo,t2,95ptile,near-future,s3://cadcat/climate-profiles/standard-met-year/san_francisco_international_airport_ksfo/t2/95ptile/near-future/stdyr_t2_95ptile_san_francisco_international_airport_ksfo_near-future.csv
san_francisco_international_airport_ksfo,t2,95ptile,present-day,s3://cadcat/climate-profiles/standard-met-year/san_francisco_international_airport_ksfo/t2/95ptile/present-day/stdyr_t2_95ptile_san_francisco_international_airport_ksfo_present-day.csv
san_francisco_international_airport_ksfo,wind_speed_derived,05ptile,mid-century,s3://cadcat/climate-profiles/standard-met-year/san_francisco_international_airport_ksfo/wind_speed_derived/05ptile/mid-century/stdyr_wind_speed_derived_05ptile_san_francisco_international_airport_ksfo_mid-century.csv
san_francisco_international_airport_ksfo,wind_speed_derived,05ptile,mid-late-century,s3://cadcat/climate-profiles/standard-met-year/san_francisco_international_airport_ksfo/wind_speed_derived/05ptile/mid-late-century/stdyr_wind_speed_derived_05ptile_san_francisco_international_airport_ksfo_mid-late-century.csv
san_francisco_international_airport_ksfo,wind_speed_derived,05ptile,near-future,s3://cadcat/climate-profiles/standard-met-year/san_francisco_international_airport_ksfo/wind_speed_derived/05ptile/near-future/stdyr_wind_speed_derived_05ptile_san_francisco_international_airport_ksfo_near-future.csv
san_francisco_international_airport_ksfo,wind_speed_derived,05ptile,present-day,s3://cadcat/climate-profiles/standard-met-year/san_francisco_international_airport_ksfo/wind_speed_derived/05ptile/present-day/stdyr_wind_speed_derived_05ptile_san_francisco_international_airport_ksfo_present-day.csv
san_francisco_international_airport_ksfo,wind_speed_derived,50ptile,mid-century,s3://cadcat/climate-profiles/standard-met-year/san_francisco_international_airport_ksfo/wind_speed_derived/50ptile/mid-century/stdyr_wind_speed_derived_50ptile_san_francisco_international_airport_ksfo_mid-century.csv
san_francisco_international_airport_ksfo,wind_speed_derived,50ptile,mid-late-century,s3://cadcat/climate-profiles/standard-met-year/san_francisco_international_airport_ksfo/wind_speed_derived/50ptile/mid-late-century/stdyr_wind_speed_derived_50ptile_san_francisco_international_airport_ksfo_mid-late-century.csv
san_francisco_international_airport_ksfo,wind_speed_derived,50ptile,near-future,s3://cadcat/climate-profiles/standard-met-year/san_francisco_international_airport_ksfo/wind_speed_derived/50ptile/near-future/stdyr_wind_speed_derived_50ptile_san_francisco_international_airport_ksfo_near-future.csv
san_francisco_international_airport_ksfo,wind_speed_derived,50ptile,present-day,s3://cadcat/climate-profiles/standard-met-year/san_francisco_international_airport_ksfo/wind_speed_derived/50ptile/present-day/stdyr_wind_speed_derived_50ptile_san_francisco_international_airport_ksfo_present-day.csv
san_francisco_international_airport_ksfo,wind_speed_derived,95ptile,mid-century,s3://cadcat/climate-profiles/standard-met-year/san_francisco_international_airport_ksfo/wind_speed_derived/95ptile/mid-century/stdyr_wind_speed_derived_95ptile_san_francisco_international_airport_ksfo_mid-century.csv
san_francisco_international_airport_ksfo,wind_speed_derived,95ptile,mid-late-century,s3://cadcat/climate-profiles/standard-met-year/san_francisco_international_airport_ksfo/wind_speed_derived/95ptile/mid-late-century/stdyr_wind_speed_derived_95ptile_san_francisco_international_airport_ksfo_mid-late-century.csv
san_francisco_international_airport_ksfo,wind_speed_derived,95ptile,near-future,s3://cadcat/climate-profiles/standard-met-year/san_francisco_international_airport_ksfo/wind_speed_derived/95ptile/near-future/stdyr_wind_speed_derived_95ptile_san_francisco_international_airport_ksfo_near-future.csv
san_francisco_international_airport_ksfo,wind_speed_derived,95ptile,present-day,s3://cadcat/climate-profiles/standard-met-year/san_francisco_international_airport_ksfo/wind_speed_derived/95ptile/present-day/stdyr_wind_speed_derived_95ptile_san_francisco_international_airport_ksfo_present-day.csv
san_jose_international_airport_ksjc,noaa_heat_index_derived,05ptile,mid-century,s3://cadcat/climate-profiles/standard-met-year/san_jose_international_airport_ksjc/noaa_heat_index_derived/05ptile/mid-century/stdyr_noaa_heat_index_derived_05ptile_san_jose_international_airport_ksjc_mid-century.csv
san_jose_international_airport_ksjc,noaa_heat_index_derived,05ptile,mid-late-century,s3://cadcat/climate-profiles/standard-met-year/san_jose_international_airport_ksjc/noaa_heat_index_derived/05ptile/mid-late-century/stdyr_noaa_heat_index_derived_05ptile_san_jose_international_airport_ksjc_mid-late-century.csv
san_jose_international_airport_ksjc,noaa_heat_index_derived,05ptile,near-future,s3://cadcat/climate-profiles/standard-met-year/san_jose_international_airport_ksjc/noaa_heat_index_derived/05ptile/near-future/stdyr_noaa_heat_index_derived_05ptile_san_jose_international_airport_ksjc_near-future.csv
san_jose_international_airport_ksjc,noaa_heat_index_derived,05ptile,present-day,s3://cadcat/climate-profiles/standard-met-year/san_jose_international_airport_ksjc/noaa_heat_index_derived/05ptile/present-day/stdyr_noaa_heat_index_derived_05ptile_san_jose_international_airport_ksjc_present-day.csv
san_jose_international_airport_ksjc,noaa_heat_index_derived,50ptile,mid-century,s3://cadcat/climate-profiles/standard-met-year/san_jose_international_airport_ksjc/noaa_heat_index_derived/50ptile/mid-century/stdyr_noaa_heat_index_derived_50ptile_san_jose_international_airport_ksjc_mid-century.csv
san_jose_international_airport_ksjc,noaa_heat_index_derived,50ptile,mid-late-century,s3://cadcat/climate-profiles/standard-met-year/san_jose_international_airport_ksjc/noaa_heat_index_derived/50ptile/mid-late-century/stdyr_noaa_heat_index_derived_50ptile_san_jose_international_airport_ksjc_mid-late-century.csv
san_jose_international_airport_ksjc,noaa_heat_index_derived,50ptile,near-future,s3://cadcat/climate-profiles/standard-met-year/san_jose_international_airport_ksjc/noaa_heat_index_derived/50ptile/near-future/stdyr_noaa_heat_index_derived_50ptile_san_jose_international_airport_ksjc_near-future.csv
san_jose_international_airport_ksjc,noaa_heat_index_derived,50ptile,present-day,s3://cadcat/climate-profiles/standard-met-year/san_jose_international_airport_ksjc/noaa_heat_index_derived/50ptile/present-day/stdyr_noaa_heat_index_derived_50ptile_san_jose_international_airport_ksjc_present-day.csv
san_jose_international_airport_ksjc,noaa_heat_index_derived,95ptile,mid-century,s3://cadcat/climate-profiles/standard-met-year/san_jose_international_airport_ksjc/noaa_heat_index_derived/95ptile/mid-century/stdyr_noaa_heat_index_derived_95ptile_san_jose_international_airport_ksjc_mid-century.csv
san_jose_international_airport_ksjc,noaa_heat_index_derived,95ptile,mid-late-century,s3://cadcat/climate-profiles/standard-met-year/san_jose_international_airport_ksjc/noaa_heat_index_derived/95ptile/mid-late-century/stdyr_noaa_heat_index_derived_95ptile_san_jose_international_airport_ksjc_mid-late-century.csv
san_jose_international_airport_ksjc,noaa_heat_index_derived,95ptile,near-future,s3://cadcat/climate-profiles/standard-met-year/san_jose_international_airport_ksjc/noaa_heat_index_derived/95ptile/near-future/stdyr_noaa_heat_index_derived_95ptile_san_jose_international_airport_ksjc_near-future.csv
san_jose_international_airport_ksjc,noaa_heat_index_derived,95ptile,present-day,s3://cadcat/climate-profiles/standard-met-year/san_jose_international_airport_ksjc/noaa_heat_index_derived/95ptile/present-day/stdyr_noaa_heat_index_derived_95ptile_san_jose_international_airport_ksjc_present-day.csv
san_jose_international_airport_ksjc,rh_derived,05ptile,mid-century,s3://cadcat/climate-profiles/standard-met-year/san_jose_international_airport_ksjc/rh_derived/05ptile/mid-century/stdyr_rh_derived_05ptile_san_jose_international_airport_ksjc_mid-century.csv
san_jose_international_airport_ksjc,rh_derived,05ptile,mid-late-century,s3://cadcat/climate-profiles/standard-met-year/san_jose_international_airport_ksjc/rh_derived/05ptile/mid-late-century/stdyr_rh_derived_05ptile_san_jose_international_airport_ksjc_mid-late-century.csv
san_jose_international_airport_ksjc,rh_derived,05ptile,near-future,s3://cadcat/climate-profiles/standard-met-year/san_jose_international_airport_ksjc/rh_derived/05ptile/near-future/stdyr_rh_derived_05ptile_san_jose_international_airport_ksjc_near-future.csv
san_jose_international_airport_ksjc,rh_derived,05ptile,present-day,s3://cadcat/climate-profiles/standard-met-year/san_jose_international_airport_ksjc/rh_derived/05ptile/present-day/stdyr_rh_derived_05ptile_san_jose_international_airport_ksjc_present-day.csv
san_jose_international_airport_ksjc,rh_derived,50ptile,mid-century,s3://cadcat/climate-profiles/standard-met-year/san_jose_international_airport_ksjc/rh_derived/50ptile/mid-century/stdyr_rh_derived_50ptile_san_jose_international_airport_ksjc_mid-century.csv
san_jose_international_airport_ksjc,rh_derived,50ptile,mid-late-century,s3://cadcat/climate-profiles/standard-met-year/san_jose_international_airport_ksjc/rh_derived/50ptile/mid-late-century/stdyr_rh_derived_50ptile_san_jose_international_airport_ksjc_mid-late-century.csv
san_jose_international_airport_ksjc,rh_derived,50ptile,near-future,s3://cadcat/climate-profiles/standard-met-year/san_jose_international_airport_ksjc/rh_derived/50ptile/near-future/stdyr_rh_derived_50ptile_san_jose_international_airport_ksjc_near-future.csv
san_jose_international_airport_ksjc,rh_derived,50ptile,present-day,s3://cadcat/climate-profiles/standard-met-year/san_jose_international_airport_ksjc/rh_derived/50ptile/present-day/stdyr_rh_derived_50ptile_san_jose_international_airport_ksjc_present-day.csv
san_jose_international_airport_ksjc,rh_derived,95ptile,mid-century,s3://cadcat/climate-profiles/standard-met-year/san_jose_international_airport_ksjc/rh_derived/95ptile/mid-century/stdyr_rh_derived_95ptile_san_jose_international_airport_ksjc_mid-century.csv
san_jose_international_airport_ksjc,rh_derived,95ptile,mid-late-century,s3://cadcat/climate-profiles/standard-met-year/san_jose_international_airport_ksjc/rh_derived/95ptile/mid-late-century/stdyr_rh_derived_95ptile_san_jose_international_airport_ksjc_mid-late-century.csv
san_jose_international_airport_ksjc,rh_derived,95ptile,near-future,s3://cadcat/climate-profiles/standard-met-year/san_jose_international_airport_ksjc/rh_derived/95ptile/near-future/stdyr_rh_derived_95ptile_san_jose_international_airport_ksjc_near-future.csv
san_jose_international_airport_ksjc,rh_derived,95ptile,present-day,s3://cadcat/climate-profiles/standard-met-year/san_jose_international_airport_ksjc/rh_derived/95ptile/present-day/stdyr_rh_derived_95ptile_san_jose_international_airport_ksjc_present-day.csv
san_jose_international_airport_ksjc,swdnb,05ptile,mid-century,s3://cadcat/climate-profiles/standard-met-year/san_jose_international_airport_ksjc/swdnb/05ptile/mid-century/stdyr_swdnb_05ptile_san_jose_international_airport_ksjc_mid-century.csv
san_jose_international_airport_ksjc,swdnb,05ptile,mid-late-century,s3://cadcat/climate-profiles/standard-met-year/san_jose_international_airport_ksjc/swdnb/05ptile/mid-late-century/stdyr_swdnb_05ptile_san_jose_international_airport_ksjc_mid-late-century.csv
san_jose_international_airport_ksjc,swdnb,05ptile,near-future,s3://cadcat/climate-profiles/standard-met-year/san_jose_international_airport_ksjc/swdnb/05ptile/near-future/stdyr_swdnb_05ptile_san_jose_international_airport_ksjc_near-future.csv
san_jose_international_airport_ksjc,swdnb,05ptile,present-day,s3://cadcat/climate-profiles/standard-met-year/san_jose_international_airport_ksjc/swdnb/05ptile/present-day/stdyr_swdnb_05ptile_san_jose_international_airport_ksjc_present-day.csv
san_jose_international_airport_ksjc,swdnb,50ptile,mid-century,s3://cadcat/climate-profiles/standard-met-year/san_jose_international_airport_ksjc/swdnb/50ptile/mid-century/stdyr_swdnb_50ptile_san_jose_international_airport_ksjc_mid-century.csv
san_jose_international_airport_ksjc,swdnb,50ptile,mid-late-century,s3://cadcat/climate-profiles/standard-met-year/san_jose_international_airport_ksjc/swdnb/50ptile/mid-late-century/stdyr_swdnb_50ptile_san_jose_international_airport_ksjc_mid-late-century.csv
san_jose_international_airport_ksjc,swdnb,50ptile,near-future,s3://cadcat/climate-profiles/standard-met-year/san_jose_international_airport_ksjc/swdnb/50ptile/near-future/stdyr_swdnb_50ptile_san_jose_international_airport_ksjc_near-future.csv
san_jose_international_airport_ksjc,swdnb,50ptile,present-day,s3://cadcat/climate-profiles/standard-met-year/san_jose_international_airport_ksjc/swdnb/50ptile/present-day/stdyr_swdnb_50ptile_san_jose_international_airport_ksjc_present-day.csv
san_jose_international_airport_ksjc,swdnb,95ptile,mid-century,s3://cadcat/climate-profiles/standard-met-year/san_jose_international_airport_ksjc/swdnb/95ptile/mid-century/stdyr_swdnb_95ptile_san_jose_international_airport_ksjc_mid-century.csv
san_jose_international_airport_ksjc,swdnb,95ptile,mid-late-century,s3://cadcat/climate-profiles/standard-met-year/san_jose_international_airport_ksjc/swdnb/95ptile/mid-late-century/stdyr_swdnb_95ptile_san_jose_international_airport_ksjc_mid-late-century.csv
san_jose_international_airport_ksjc,swdnb,95ptile,near-future,s3://cadcat/climate-profiles/standard-met-year/san_jose_international_airport_ksjc/swdnb/95ptile/near-future/stdyr_swdnb_95ptile_san_jose_international_airport_ksjc_near-future.csv
san_jose_international_airport_ksjc,swdnb,95ptile,present-day,s3://cadcat/climate-profiles/standard-met-year/san_jose_international_airport_ksjc/swdnb/95ptile/present-day/stdyr_swdnb_95ptile_san_jose_international_airport_ksjc_present-day.csv
san_jose_international_airport_ksjc,t2,05ptile,mid-century,s3://cadcat/climate-profiles/standard-met-year/san_jose_international_airport_ksjc/t2/05ptile/mid-century/stdyr_t2_05ptile_san_jose_international_airport_ksjc_mid-century.csv
san_jose_international_airport_ksjc,t2,05ptile,mid-late-century,s3://cadcat/climate-profiles/standard-met-year/san_jose_international_airport_ksjc/t2/05ptile/mid-late-century/stdyr_t2_05ptile_san_jose_international_airport_ksjc_mid-late-century.csv
san_jose_international_airport_ksjc,t2,05ptile,near-future,s3://cadcat/climate-profiles/standard-met-year/san_jose_international_airport_ksjc/t2/05ptile/near-future/stdyr_t2_05ptile_san_jose_international_airport_ksjc_near-future.csv
san_jose_international_airport_ksjc,t2,05ptile,present-day,s3://cadcat/climate-profiles/standard-met-year/san_jose_international_airport_ksjc/t2/05ptile/present-day/stdyr_t2_05ptile_san_jose_international_airport_ksjc_present-day.csv
san_jose_international_airport_ksjc,t2,50ptile,mid-century,s3://cadcat/climate-profiles/standard-met-year/san_jose_international_airport_ksjc/t2/50ptile/mid-century/stdyr_t2_50ptile_san_jose_international_airport_ksjc_mid-century.csv
san_jose_international_airport_ksjc,t2,50ptile,mid-late-century,s3://cadcat/climate-profiles/standard-met-year/san_jose_international_airport_ksjc/t2/50ptile/mid-late-century/stdyr_t2_50ptile_san_jose_international_airport_ksjc_mid-late-century.csv
san_jose_international_airport_ksjc,t2,50ptile,near-future,s3://cadcat/climate-profiles/standard-met-year/san_jose_international_airport_ksjc/t2/50ptile/near-future/stdyr_t2_50ptile_san_jose_international_airport_ksjc_near-future.csv
san_jose_international_airport_ksjc,t2,50ptile,present-day,s3://cadcat/climate-profiles/standard-met-year/san_jose_international_airport_ksjc/t2/50ptile/present-day/stdyr_t2_50ptile_san_jose_international_airport_ksjc_present-day.csv
san_jose_international_airport_ksjc,t2,95ptile,mid-century,s3://cadcat/climate-profiles/standard-met-year/san_jose_international_airport_ksjc/t2/95ptile/mid-century/stdyr_t2_95ptile_san_jose_international_airport_ksjc_mid-century.csv
san_jose_international_airport_ksjc,t2,95ptile,mid-late-century,s3://cadcat/climate-profiles/standard-met-year/san_jose_international_airport_ksjc/t2/95ptile/mid-late-century/stdyr_t2_95ptile_san_jose_international_airport_ksjc_mid-late-century.csv
san_jose_international_airport_ksjc,t2,95ptile,near-future,s3://cadcat/climate-profiles/standard-met-year/san_jose_international_airport_ksjc/t2/95ptile/near-future/stdyr_t2_95ptile_san_jose_international_airport_ksjc_near-future.csv
san_jose_international_airport_ksjc,t2,95ptile,present-day,s3://cadcat/climate-profiles/standard-met-year/san_jose_international_airport_ksjc/t2/95ptile/present-day/stdyr_t2_95ptile_san_jose_international_airport_ksjc_present-day.csv
san_jose_international_airport_ksjc,wind_speed_derived,05ptile,mid-century,s3://cadcat/climate-profiles/standard-met-year/san_jose_international_airport_ksjc/wind_speed_derived/05ptile/mid-century/stdyr_wind_speed_derived_05ptile_san_jose_international_airport_ksjc_mid-century.csv
san_jose_international_airport_ksjc,wind_speed_derived,05ptile,mid-late-century,s3://cadcat/climate-profiles/standard-met-year/san_jose_international_airport_ksjc/wind_speed_derived/05ptile/mid-late-century/stdyr_wind_speed_derived_05ptile_san_jose_international_airport_ksjc_mid-late-century.csv
san_jose_international_airport_ksjc,wind_speed_derived,05ptile,near-future,s3://cadcat/climate-profiles/standard-met-year/san_jose_international_airport_ksjc/wind_speed_derived/05ptile/near-future/stdyr_wind_speed_derived_05ptile_san_jose_international_airport_ksjc_near-future.csv
san_jose_international_airport_ksjc,wind_speed_derived,05ptile,present-day,s3://cadcat/climate-profiles/standard-met-year/san_jose_international_airport_ksjc/wind_speed_derived/05ptile/present-day/stdyr_wind_speed_derived_05ptile_san_jose_international_airport_ksjc_present-day.csv
san_jose_international_airport_ksjc,wind_speed_derived,50ptile,mid-century,s3://cadcat/climate-profiles/standard-met-year/san_jose_international_airport_ksjc/wind_speed_derived/50ptile/mid-century/stdyr_wind_speed_derived_50ptile_san_jose_international_airport_ksjc_mid-century.csv
san_jose_international_airport_ksjc,wind_speed_derived,50ptile,mid-late-century,s3://cadcat/climate-profiles/standard-met-year/san_jose_international_airport_ksjc/wind_speed_derived/50ptile/mid-late-century/stdyr_wind_speed_derived_50ptile_san_jose_international_airport_ksjc_mid-late-century.csv
san_jose_international_airport_ksjc,wind_speed_derived,50ptile,near-future,s3://cadcat/climate-profiles/standard-met-year/san_jose_international_airport_ksjc/wind_speed_derived/50ptile/near-future/stdyr_wind_speed_derived_50ptile_san_jose_international_airport_ksjc_near-future.csv
san_jose_international_airport_ksjc,wind_speed_derived,50ptile,present-day,s3://cadcat/climate-profiles/standard-met-year/san_jose_international_airport_ksjc/wind_speed_derived/50ptile/present-day/stdyr_wind_speed_derived_50ptile_san_jose_international_airport_ksjc_present-day.csv
san_jose_international_airport_ksjc,wind_speed_derived,95ptile,mid-century,s3://cadcat/climate-profiles/standard-met-year/san_jose_international_airport_ksjc/wind_speed_derived/95ptile/mid-century/stdyr_wind_speed_derived_95ptile_san_jose_international_airport_ksjc_mid-century.csv
san_jose_international_airport_ksjc,wind_speed_derived,95ptile,mid-late-century,s3://cadcat/climate-profiles/standard-met-year/san_jose_international_airport_ksjc/wind_speed_derived/95ptile/mid-late-century/stdyr_wind_speed_derived_95ptile_san_jose_international_airport_ksjc_mid-late-century.csv
san_jose_international_airport_ksjc,wind_speed_derived,95ptile,near-future,s3://cadcat/climate-profiles/standard-met-year/san_jose_international_airport_ksjc/wind_speed_derived/95ptile/near-future/stdyr_wind_speed_derived_95ptile_san_jose_international_airport_ksjc_near-future.csv
san_jose_international_airport_ksjc,wind_speed_derived,95ptile,present-day,s3://cadcat/climate-profiles/standard-met-year/san_jose_international_airport_ksjc/wind_speed_derived/95ptile/present-day/stdyr_wind_speed_derived_95ptile_san_jose_international_airport_ksjc_present-day.csv
san_luis_obispo_airport_ksbp,noaa_heat_index_derived,05ptile,mid-century,s3://cadcat/climate-profiles/standard-met-year/san_luis_obispo_airport_ksbp/noaa_heat_index_derived/05ptile/mid-century/stdyr_noaa_heat_index_derived_05ptile_san_luis_obispo_airport_ksbp_mid-century.csv
san_luis_obispo_airport_ksbp,noaa_heat_index_derived,05ptile,mid-late-century,s3://cadcat/climate-profiles/standard-met-year/san_luis_obispo_airport_ksbp/noaa_heat_index_derived/05ptile/mid-late-century/stdyr_noaa_heat_index_derived_05ptile_san_luis_obispo_airport_ksbp_mid-late-century.csv
san_luis_obispo_airport_ksbp,noaa_heat_index_derived,05ptile,near-future,s3://cadcat/climate-profiles/standard-met-year/san_luis_obispo_airport_ksbp/noaa_heat_index_derived/05ptile/near-future/stdyr_noaa_heat_index_derived_05ptile_san_luis_obispo_airport_ksbp_near-future.csv
san_luis_obispo_airport_ksbp,noaa_heat_index_derived,05ptile,present-day,s3://cadcat/climate-profiles/standard-met-year/san_luis_obispo_airport_ksbp/noaa_heat_index_derived/05ptile/present-day/stdyr_noaa_heat_index_derived_05ptile_san_luis_obispo_airport_ksbp_present-day.csv
san_luis_obispo_airport_ksbp,noaa_heat_index_derived,50ptile,mid-century,s3://cadcat/climate-profiles/standard-met-year/san_luis_obispo_airport_ksbp/noaa_heat_index_derived/50ptile/mid-century/stdyr_noaa_heat_index_derived_50ptile_san_luis_obispo_airport_ksbp_mid-century.csv
san_luis_obispo_airport_ksbp,noaa_heat_index_derived,50ptile,mid-late-century,s3://cadcat/climate-profiles/standard-met-year/san_luis_obispo_airport_ksbp/noaa_heat_index_derived/50ptile/mid-late-century/stdyr_noaa_heat_index_derived_50ptile_san_luis_obispo_airport_ksbp_mid-late-century.csv
san_luis_obispo_airport_ksbp,noaa_heat_index_derived,50ptile,near-future,s3://cadcat/climate-profiles/standard-met-year/san_luis_obispo_airport_ksbp/noaa_heat_index_derived/50ptile/near-future/stdyr_noaa_heat_index_derived_50ptile_san_luis_obispo_airport_ksbp_near-future.csv
san_luis_obispo_airport_ksbp,noaa_heat_index_derived,50ptile,present-day,s3://cadcat/climate-profiles/standard-met-year/san_luis_obispo_airport_ksbp/noaa_heat_index_derived/50ptile/present-day/stdyr_noaa_heat_index_derived_50ptile_san_luis_obispo_airport_ksbp_present-day.csv
san_luis_obispo_airport_ksbp,noaa_heat_index_derived,95ptile,mid-century,s3://cadcat/climate-profiles/standard-met-year/san_luis_obispo_airport_ksbp/noaa_heat_index_derived/95ptile/mid-century/stdyr_noaa_heat_index_derived_95ptile_san_luis_obispo_airport_ksbp_mid-century.csv
san_luis_obispo_airport_ksbp,noaa_heat_index_derived,95ptile,mid-late-century,s3://cadcat/climate-profiles/standard-met-year/san_luis_obispo_airport_ksbp/noaa_heat_index_derived/95ptile/mid-late-century/stdyr_noaa_heat_index_derived_95ptile_san_luis_obispo_airport_ksbp_mid-late-century.csv
san_luis_obispo_airport_ksbp,noaa_heat_index_derived,95ptile,near-future,s3://cadcat/climate-profiles/standard-met-year/san_luis_obispo_airport_ksbp/noaa_heat_index_derived/95ptile/near-future/stdyr_noaa_heat_index_derived_95ptile_san_luis_obispo_airport_ksbp_near-future.csv
san_luis_obispo_airport_ksbp,noaa_heat_index_derived,95ptile,present-day,s3://cadcat/climate-profiles/standard-met-year/san_luis_obispo_airport_ksbp/noaa_heat_index_derived/95ptile/present-day/stdyr_noaa_heat_index_derived_95ptile_san_luis_obispo_airport_ksbp_present-day.csv
san_luis_obispo_airport_ksbp,rh_derived,05ptile,mid-century,s3://cadcat/climate-profiles/standard-met-year/san_luis_obispo_airport_ksbp/rh_derived/05ptile/mid-century/stdyr_rh_derived_05ptile_san_luis_obispo_airport_ksbp_mid-century.csv
san_luis_obispo_airport_ksbp,rh_derived,05ptile,mid-late-century,s3://cadcat/climate-profiles/standard-met-year/san_luis_obispo_airport_ksbp/rh_derived/05ptile/mid-late-century/stdyr_rh_derived_05ptile_san_luis_obispo_airport_ksbp_mid-late-century.csv
san_luis_obispo_airport_ksbp,rh_derived,05ptile,near-future,s3://cadcat/climate-profiles/standard-met-year/san_luis_obispo_airport_ksbp/rh_derived/05ptile/near-future/stdyr_rh_derived_05ptile_san_luis_obispo_airport_ksbp_near-future.csv
san_luis_obispo_airport_ksbp,rh_derived,05ptile,present-day,s3://cadcat/climate-profiles/standard-met-year/san_luis_obispo_airport_ksbp/rh_derived/05ptile/present-day/stdyr_rh_derived_05ptile_san_luis_obispo_airport_ksbp_present-day.csv
san_luis_obispo_airport_ksbp,rh_derived,50ptile,mid-century,s3://cadcat/climate-profiles/standard-met-year/san_luis_obispo_airport_ksbp/rh_derived/50ptile/mid-century/stdyr_rh_derived_50ptile_san_luis_obispo_airport_ksbp_mid-century.csv
san_luis_obispo_airport_ksbp,rh_derived,50ptile,mid-late-century,s3://cadcat/climate-profiles/standard-met-year/san_luis_obispo_airport_ksbp/rh_derived/50ptile/mid-late-century/stdyr_rh_derived_50ptile_san_luis_obispo_airport_ksbp_mid-late-century.csv
san_luis_obispo_airport_ksbp,rh_derived,50ptile,near-future,s3://cadcat/climate-profiles/standard-met-year/san_luis_obispo_airport_ksbp/rh_derived/50ptile/near-future/stdyr_rh_derived_50ptile_san_luis_obispo_airport_ksbp_near-future.csv
san_luis_obispo_airport_ksbp,rh_derived,50ptile,present-day,s3://cadcat/climate-profiles/standard-met-year/san_luis_obispo_airport_ksbp/rh_derived/50ptile/present-day/stdyr_rh_derived_50ptile_san_luis_obispo_airport_ksbp_present-day.csv
san_luis_obispo_airport_ksbp,rh_derived,95ptile,mid-century,s3://cadcat/climate-profiles/standard-met-year/san_luis_obispo_airport_ksbp/rh_derived/95ptile/mid-century/stdyr_rh_derived_95ptile_san_luis_obispo_airport_ksbp_mid-century.csv
san_luis_obispo_airport_ksbp,rh_derived,95ptile,mid-late-century,s3://cadcat/climate-profiles/standard-met-year/san_luis_obispo_airport_ksbp/rh_derived/95ptile/mid-late-century/stdyr_rh_derived_95ptile_san_luis_obispo_airport_ksbp_mid-late-century.csv
san_luis_obispo_airport_ksbp,rh_derived,95ptile,near-future,s3://cadcat/climate-profiles/standard-met-year/san_luis_obispo_airport_ksbp/rh_derived/95ptile/near-future/stdyr_rh_derived_95ptile_san_luis_obispo_airport_ksbp_near-future.csv
san_luis_obispo_airport_ksbp,rh_derived,95ptile,present-day,s3://cadcat/climate-profiles/standard-met-year/san_luis_obispo_airport_ksbp/rh_derived/95ptile/present-day/stdyr_rh_derived_95ptile_san_luis_obispo_airport_ksbp_present-day.csv
san_luis_obispo_airport_ksbp,swdnb,05ptile,mid-century,s3://cadcat/climate-profiles/standard-met-year/san_luis_obispo_airport_ksbp/swdnb/05ptile/mid-century/stdyr_swdnb_05ptile_san_luis_obispo_airport_ksbp_mid-century.csv
san_luis_obispo_airport_ksbp,swdnb,05ptile,mid-late-century,s3://cadcat/climate-profiles/standard-met-year/san_luis_obispo_airport_ksbp/swdnb/05ptile/mid-late-century/stdyr_swdnb_05ptile_san_luis_obispo_airport_ksbp_mid-late-century.csv
san_luis_obispo_airport_ksbp,swdnb,05ptile,near-future,s3://cadcat/climate-profiles/standard-met-year/san_luis_obispo_airport_ksbp/swdnb/05ptile/near-future/stdyr_swdnb_05ptile_san_luis_obispo_airport_ksbp_near-future.csv
san_luis_obispo_airport_ksbp,swdnb,05ptile,present-day,s3://cadcat/climate-profiles/standard-met-year/san_luis_obispo_airport_ksbp/swdnb/05ptile/present-day/stdyr_swdnb_05ptile_san_luis_obispo_airport_ksbp_present-day.csv
san_luis_obispo_airport_ksbp,swdnb,50ptile,mid-century,s3://cadcat/climate-profiles/standard-met-year/san_luis_obispo_airport_ksbp/swdnb/50ptile/mid-century/stdyr_swdnb_50ptile_san_luis_obispo_airport_ksbp_mid-century.csv
san_luis_obispo_airport_ksbp,swdnb,50ptile,mid-late-century,s3://cadcat/climate-profiles/standard-met-year/san_luis_obispo_airport_ksbp/swdnb/50ptile/mid-late-century/stdyr_swdnb_50ptile_san_luis_obispo_airport_ksbp_mid-late-century.csv
san_luis_obispo_airport_ksbp,swdnb,50ptile,near-future,s3://cadcat/climate-profiles/standard-met-year/san_luis_obispo_airport_ksbp/swdnb/50ptile/near-future/stdyr_swdnb_50ptile_san_luis_obispo_airport_ksbp_near-future.csv
san_luis_obispo_airport_ksbp,swdnb,50ptile,present-day,s3://cadcat/climate-profiles/standard-met-year/san_luis_obispo_airport_ksbp/swdnb/50ptile/present-day/stdyr_swdnb_50ptile_san_luis_obispo_airport_ksbp_present-day.csv
san_luis_obispo_airport_ksbp,swdnb,95ptile,mid-century,s3://cadcat/climate-profiles/standard-met-year/san_luis_obispo_airport_ksbp/swdnb/95ptile/mid-century/stdyr_swdnb_95ptile_san_luis_obispo_airport_ksbp_mid-century.csv
san_luis_obispo_airport_ksbp,swdnb,95ptile,mid-late-century,s3://cadcat/climate-profiles/standard-met-year/san_luis_obispo_airport_ksbp/swdnb/95ptile/mid-late-century/stdyr_swdnb_95ptile_san_luis_obispo_airport_ksbp_mid-late-century.csv
san_luis_obispo_airport_ksbp,swdnb,95ptile,near-future,s3://cadcat/climate-profiles/standard-met-year/san_luis_obispo_airport_ksbp/swdnb/95ptile/near-future/stdyr_swdnb_95ptile_san_luis_obispo_airport_ksbp_near-future.csv
san_luis_obispo_airport_ksbp,swdnb,95ptile,present-day,s3://cadcat/climate-profiles/standard-met-year/san_luis_obispo_airport_ksbp/swdnb/95ptile/present-day/stdyr_swdnb_95ptile_san_luis_obispo_airport_ksbp_present-day.csv
san_luis_obispo_airport_ksbp,t2,05ptile,mid-century,s3://cadcat/climate-profiles/standard-met-year/san_luis_obispo_airport_ksbp/t2/05ptile/mid-century/stdyr_t2_05ptile_san_luis_obispo_airport_ksbp_mid-century.csv
san_luis_obispo_airport_ksbp,t2,05ptile,mid-late-century,s3://cadcat/climate-profiles/standard-met-year/san_luis_obispo_airport_ksbp/t2/05ptile/mid-late-century/stdyr_t2_05ptile_san_luis_obispo_airport_ksbp_mid-late-century.csv
san_luis_obispo_airport_ksbp,t2,05ptile,near-future,s3://cadcat/climate-profiles/standard-met-year/san_luis_obispo_airport_ksbp/t2/05ptile/near-future/stdyr_t2_05ptile_san_luis_obispo_airport_ksbp_near-future.csv
san_luis_obispo_airport_ksbp,t2,05ptile,present-day,s3://cadcat/climate-profiles/standard-met-year/san_luis_obispo_airport_ksbp/t2/05ptile/present-day/stdyr_t2_05ptile_san_luis_obispo_airport_ksbp_present-day.csv
san_luis_obispo_airport_ksbp,t2,50ptile,mid-century,s3://cadcat/climate-profiles/standard-met-year/san_luis_obispo_airport_ksbp/t2/50ptile/mid-century/stdyr_t2_50ptile_san_luis_obispo_airport_ksbp_mid-century.csv
san_luis_obispo_airport_ksbp,t2,50ptile,mid-late-century,s3://cadcat/climate-profiles/standard-met-year/san_luis_obispo_airport_ksbp/t2/50ptile/mid-late-century/stdyr_t2_50ptile_san_luis_obispo_airport_ksbp_mid-late-century.csv
san_luis_obispo_airport_ksbp,t2,50ptile,near-future,s3://cadcat/climate-profiles/standard-met-year/san_luis_obispo_airport_ksbp/t2/50ptile/near-future/stdyr_t2_50ptile_san_luis_obispo_airport_ksbp_near-future.csv
san_luis_obispo_airport_ksbp,t2,50ptile,present-day,s3://cadcat/climate-profiles/standard-met-year/san_luis_obispo_airport_ksbp/t2/50ptile/present-day/stdyr_t2_50ptile_san_luis_obispo_airport_ksbp_present-day.csv
san_luis_obispo_airport_ksbp,t2,95ptile,mid-century,s3://cadcat/climate-profiles/standard-met-year/san_luis_obispo_airport_ksbp/t2/95ptile/mid-century/stdyr_t2_95ptile_san_luis_obispo_airport_ksbp_mid-century.csv
san_luis_obispo_airport_ksbp,t2,95ptile,mid-late-century,s3://cadcat/climate-profiles/standard-met-year/san_luis_obispo_airport_ksbp/t2/95ptile/mid-late-century/stdyr_t2_95ptile_san_luis_obispo_airport_ksbp_mid-late-century.csv
san_luis_obispo_airport_ksbp,t2,95ptile,near-future,s3://cadcat/climate-profiles/standard-met-year/san_luis_obispo_airport_ksbp/t2/95ptile/near-future/stdyr_t2_95ptile_san_luis_obispo_airport_ksbp_near-future.csv
san_luis_obispo_airport_ksbp,t2,95ptile,present-day,s3://cadcat/climate-profiles/standard-met-year/san_luis_obispo_airport_ksbp/t2/95ptile/present-day/stdyr_t2_95ptile_san_luis_obispo_airport_ksbp_present-day.csv
san_luis_obispo_airport_ksbp,wind_speed_derived,05ptile,mid-century,s3://cadcat/climate-profiles/standard-met-year/san_luis_obispo_airport_ksbp/wind_speed_derived/05ptile/mid-century/stdyr_wind_speed_derived_05ptile_san_luis_obispo_airport_ksbp_mid-century.csv
san_luis_obispo_airport_ksbp,wind_speed_derived,05ptile,mid-late-century,s3://cadcat/climate-profiles/standard-met-year/san_luis_obispo_airport_ksbp/wind_speed_derived/05ptile/mid-late-century/stdyr_wind_speed_derived_05ptile_san_luis_obispo_airport_ksbp_mid-late-century.csv
san_luis_obispo_airport_ksbp,wind_speed_derived,05ptile,near-future,s3://cadcat/climate-profiles/standard-met-year/san_luis_obispo_airport_ksbp/wind_speed_derived/05ptile/near-future/stdyr_wind_speed_derived_05ptile_san_luis_obispo_airport_ksbp_near-future.csv
san_luis_obispo_airport_ksbp,wind_speed_derived,05ptile,present-day,s3://cadcat/climate-profiles/standard-met-year/san_luis_obispo_airport_ksbp/wind_speed_derived/05ptile/present-day/stdyr_wind_speed_derived_05ptile_san_luis_obispo_airport_ksbp_present-day.csv
san_luis_obispo_airport_ksbp,wind_speed_derived,50ptile,mid-century,s3://cadcat/climate-profiles/standard-met-year/san_luis_obispo_airport_ksbp/wind_speed_derived/50ptile/mid-century/stdyr_wind_speed_derived_50ptile_san_luis_obispo_airport_ksbp_mid-century.csv
san_luis_obispo_airport_ksbp,wind_speed_derived,50ptile,mid-late-century,s3://cadcat/climate-profiles/standard-met-year/san_luis_obispo_airport_ksbp/wind_speed_derived/50ptile/mid-late-century/stdyr_wind_speed_derived_50ptile_san_luis_obispo_airport_ksbp_mid-late-century.csv
san_luis_obispo_airport_ksbp,wind_speed_derived,50ptile,near-future,s3://cadcat/climate-profiles/standard-met-year/san_luis_obispo_airport_ksbp/wind_speed_derived/50ptile/near-future/stdyr_wind_speed_derived_50ptile_san_luis_obispo_airport_ksbp_near-future.csv
san_luis_obispo_airport_ksbp,wind_speed_derived,50ptile,present-day,s3://cadcat/climate-profiles/standard-met-year/san_luis_obispo_airport_ksbp/wind_speed_derived/50ptile/present-day/stdyr_wind_speed_derived_50ptile_san_luis_obispo_airport_ksbp_present-day.csv
san_luis_obispo_airport_ksbp,wind_speed_derived,95ptile,mid-century,s3://cadcat/climate-profiles/standard-met-year/san_luis_obispo_airport_ksbp/wind_speed_derived/95ptile/mid-century/stdyr_wind_speed_derived_95ptile_san_luis_obispo_airport_ksbp_mid-century.csv
san_luis_obispo_airport_ksbp,wind_speed_derived,95ptile,mid-late-century,s3://cadcat/climate-profiles/standard-met-year/san_luis_obispo_airport_ksbp/wind_speed_derived/95ptile/mid-late-century/stdyr_wind_speed_derived_95ptile_san_luis_obispo_airport_ksbp_mid-late-century.csv
san_luis_obispo_airport_ksbp,wind_speed_derived,95ptile,near-future,s3://cadcat/climate-profiles/standard-met-year/san_luis_obispo_airport_ksbp/wind_speed_derived/95ptile/near-future/stdyr_wind_speed_derived_95ptile_san_luis_obispo_airport_ksbp_near-future.csv
san_luis_obispo_airport_ksbp,wind_speed_derived,95ptile,present-day,s3://cadcat/climate-profiles/standard-met-year/san_luis_obispo_airport_ksbp/wind_speed_derived/95ptile/present-day/stdyr_wind_speed_derived_95ptile_san_luis_obispo_airport_ksbp_present-day.csv
santa_ana_john_wayne_airport_ksna,noaa_heat_index_derived,05ptile,mid-century,s3://cadcat/climate-profiles/standard-met-year/santa_ana_john_wayne_airport_ksna/noaa_heat_index_derived/05ptile/mid-century/stdyr_noaa_heat_index_derived_05ptile_santa_ana_john_wayne_airport_ksna_mid-century.csv
santa_ana_john_wayne_airport_ksna,noaa_heat_index_derived,05ptile,mid-late-century,s3://cadcat/climate-profiles/standard-met-year/santa_ana_john_wayne_airport_ksna/noaa_heat_index_derived/05ptile/mid-late-century/stdyr_noaa_heat_index_derived_05ptile_santa_ana_john_wayne_airport_ksna_mid-late-century.csv
santa_ana_john_wayne_airport_ksna,noaa_heat_index_derived,05ptile,near-future,s3://cadcat/climate-profiles/standard-met-year/santa_ana_john_wayne_airport_ksna/noaa_heat_index_derived/05ptile/near-future/stdyr_noaa_heat_index_derived_05ptile_santa_ana_john_wayne_airport_ksna_near-future.csv
santa_ana_john_wayne_airport_ksna,noaa_heat_index_derived,05ptile,present-day,s3://cadcat/climate-profiles/standard-met-year/santa_ana_john_wayne_airport_ksna/noaa_heat_index_derived/05ptile/present-day/stdyr_noaa_heat_index_derived_05ptile_santa_ana_john_wayne_airport_ksna_present-day.csv
santa_ana_john_wayne_airport_ksna,noaa_heat_index_derived,50ptile,mid-century,s3://cadcat/climate-profiles/standard-met-year/santa_ana_john_wayne_airport_ksna/noaa_heat_index_derived/50ptile/mid-century/stdyr_noaa_heat_index_derived_50ptile_santa_ana_john_wayne_airport_ksna_mid-century.csv
santa_ana_john_wayne_airport_ksna,noaa_heat_index_derived,50ptile,mid-late-century,s3://cadcat/climate-profiles/standard-met-year/santa_ana_john_wayne_airport_ksna/noaa_heat_index_derived/50ptile/mid-late-century/stdyr_noaa_heat_index_derived_50ptile_santa_ana_john_wayne_airport_ksna_mid-late-century.csv
santa_ana_john_wayne_airport_ksna,noaa_heat_index_derived,50ptile,near-future,s3://cadcat/climate-profiles/standard-met-year/santa_ana_john_wayne_airport_ksna/noaa_heat_index_derived/50ptile/near-future/stdyr_noaa_heat_index_derived_50ptile_santa_ana_john_wayne_airport_ksna_near-future.csv
santa_ana_john_wayne_airport_ksna,noaa_heat_index_derived,50ptile,present-day,s3://cadcat/climate-profiles/standard-met-year/santa_ana_john_wayne_airport_ksna/noaa_heat_index_derived/50ptile/present-day/stdyr_noaa_heat_index_derived_50ptile_santa_ana_john_wayne_airport_ksna_present-day.csv
santa_ana_john_wayne_airport_ksna,noaa_heat_index_derived,95ptile,mid-century,s3://cadcat/climate-profiles/standard-met-year/santa_ana_john_wayne_airport_ksna/noaa_heat_index_derived/95ptile/mid-century/stdyr_noaa_heat_index_derived_95ptile_santa_ana_john_wayne_airport_ksna_mid-century.csv
santa_ana_john_wayne_airport_ksna,noaa_heat_index_derived,95ptile,mid-late-century,s3://cadcat/climate-profiles/standard-met-year/santa_ana_john_wayne_airport_ksna/noaa_heat_index_derived/95ptile/mid-late-century/stdyr_noaa_heat_index_derived_95ptile_santa_ana_john_wayne_airport_ksna_mid-late-century.csv
santa_ana_john_wayne_airport_ksna,noaa_heat_index_derived,95ptile,near-future,s3://cadcat/climate-profiles/standard-met-year/santa_ana_john_wayne_airport_ksna/noaa_heat_index_derived/95ptile/near-future/stdyr_noaa_heat_index_derived_95ptile_santa_ana_john_wayne_airport_ksna_near-future.csv
santa_ana_john_wayne_airport_ksna,noaa_heat_index_derived,95ptile,present-day,s3://cadcat/climate-profiles/standard-met-year/santa_ana_john_wayne_airport_ksna/noaa_heat_index_derived/95ptile/present-day/stdyr_noaa_heat_index_derived_95ptile_santa_ana_john_wayne_airport_ksna_present-day.csv
santa_ana_john_wayne_airport_ksna,rh_derived,05ptile,mid-century,s3://cadcat/climate-profiles/standard-met-year/santa_ana_john_wayne_airport_ksna/rh_derived/05ptile/mid-century/stdyr_rh_derived_05ptile_santa_ana_john_wayne_airport_ksna_mid-century.csv
santa_ana_john_wayne_airport_ksna,rh_derived,05ptile,mid-late-century,s3://cadcat/climate-profiles/standard-met-year/santa_ana_john_wayne_airport_ksna/rh_derived/05ptile/mid-late-century/stdyr_rh_derived_05ptile_santa_ana_john_wayne_airport_ksna_mid-late-century.csv
santa_ana_john_wayne_airport_ksna,rh_derived,50ptile,mid-century,s3://cadcat/climate-profiles/standard-met-year/santa_ana_john_wayne_airport_ksna/rh_derived/50ptile/mid-century/stdyr_rh_derived_50ptile_santa_ana_john_wayne_airport_ksna_mid-century.csv
santa_ana_john_wayne_airport_ksna,rh_derived,50ptile,mid-late-century,s3://cadcat/climate-profiles/standard-met-year/santa_ana_john_wayne_airport_ksna/rh_derived/50ptile/mid-late-century/stdyr_rh_derived_50ptile_santa_ana_john_wayne_airport_ksna_mid-late-century.csv
santa_ana_john_wayne_airport_ksna,rh_derived,50ptile,near-future,s3://cadcat/climate-profiles/standard-met-year/santa_ana_john_wayne_airport_ksna/rh_derived/50ptile/near-future/stdyr_rh_derived_50ptile_santa_ana_john_wayne_airport_ksna_near-future.csv
santa_ana_john_wayne_airport_ksna,rh_derived,50ptile,present-day,s3://cadcat/climate-profiles/standard-met-year/santa_ana_john_wayne_airport_ksna/rh_derived/50ptile/present-day/stdyr_rh_derived_50ptile_santa_ana_john_wayne_airport_ksna_present-day.csv
santa_ana_john_wayne_airport_ksna,rh_derived,95ptile,mid-century,s3://cadcat/climate-profiles/standard-met-year/santa_ana_john_wayne_airport_ksna/rh_derived/95ptile/mid-century/stdyr_rh_derived_95ptile_santa_ana_john_wayne_airport_ksna_mid-century.csv
santa_ana_john_wayne_airport_ksna,rh_derived,95ptile,mid-late-century,s3://cadcat/climate-profiles/standard-met-year/santa_ana_john_wayne_airport_ksna/rh_derived/95ptile/mid-late-century/stdyr_rh_derived_95ptile_santa_ana_john_wayne_airport_ksna_mid-late-century.csv
santa_ana_john_wayne_airport_ksna,rh_derived,95ptile,near-future,s3://cadcat/climate-profiles/standard-met-year/santa_ana_john_wayne_airport_ksna/rh_derived/95ptile/near-future/stdyr_rh_derived_95ptile_santa_ana_john_wayne_airport_ksna_near-future.csv
santa_ana_john_wayne_airport_ksna,rh_derived,95ptile,present-day,s3://cadcat/climate-profiles/standard-met-year/santa_ana_john_wayne_airport_ksna/rh_derived/95ptile/present-day/stdyr_rh_derived_95ptile_santa_ana_john_wayne_airport_ksna_present-day.csv
santa_ana_john_wayne_airport_ksna,swdnb,05ptile,mid-century,s3://cadcat/climate-profiles/standard-met-year/santa_ana_john_wayne_airport_ksna/swdnb/05ptile/mid-century/stdyr_swdnb_05ptile_santa_ana_john_wayne_airport_ksna_mid-century.csv
santa_ana_john_wayne_airport_ksna,swdnb,05ptile,mid-late-century,s3://cadcat/climate-profiles/standard-met-year/santa_ana_john_wayne_airport_ksna/swdnb/05ptile/mid-late-century/stdyr_swdnb_05ptile_santa_ana_john_wayne_airport_ksna_mid-late-century.csv
santa_ana_john_wayne_airport_ksna,swdnb,05ptile,near-future,s3://cadcat/climate-profiles/standard-met-year/santa_ana_john_wayne_airport_ksna/swdnb/05ptile/near-future/stdyr_swdnb_05ptile_santa_ana_john_wayne_airport_ksna_near-future.csv
santa_ana_john_wayne_airport_ksna,swdnb,05ptile,present-day,s3://cadcat/climate-profiles/standard-met-year/santa_ana_john_wayne_airport_ksna/swdnb/05ptile/present-day/stdyr_swdnb_05ptile_santa_ana_john_wayne_airport_ksna_present-day.csv
santa_ana_john_wayne_airport_ksna,swdnb,50ptile,mid-century,s3://cadcat/climate-profiles/standard-met-year/santa_ana_john_wayne_airport_ksna/swdnb/50ptile/mid-century/stdyr_swdnb_50ptile_santa_ana_john_wayne_airport_ksna_mid-century.csv
santa_ana_john_wayne_airport_ksna,swdnb,50ptile,mid-late-century,s3://cadcat/climate-profiles/standard-met-year/santa_ana_john_wayne_airport_ksna/swdnb/50ptile/mid-late-century/stdyr_swdnb_50ptile_santa_ana_john_wayne_airport_ksna_mid-late-century.csv
santa_ana_john_wayne_airport_ksna,swdnb,50ptile,near-future,s3://cadcat/climate-profiles/standard-met-year/santa_ana_john_wayne_airport_ksna/swdnb/50ptile/near-future/stdyr_swdnb_50ptile_santa_ana_john_wayne_airport_ksna_near-future.csv
santa_ana_john_wayne_airport_ksna,swdnb,50ptile,present-day,s3://cadcat/climate-profiles/standard-met-year/santa_ana_john_wayne_airport_ksna/swdnb/50ptile/present-day/stdyr_swdnb_50ptile_santa_ana_john_wayne_airport_ksna_present-day.csv
santa_ana_john_wayne_airport_ksna,swdnb,95ptile,mid-century,s3://cadcat/climate-profiles/standard-met-year/santa_ana_john_wayne_airport_ksna/swdnb/95ptile/mid-century/stdyr_swdnb_95ptile_santa_ana_john_wayne_airport_ksna_mid-century.csv
santa_ana_john_wayne_airport_ksna,swdnb,95ptile,mid-late-century,s3://cadcat/climate-profiles/standard-met-year/santa_ana_john_wayne_airport_ksna/swdnb/95ptile/mid-late-century/stdyr_swdnb_95ptile_santa_ana_john_wayne_airport_ksna_mid-late-century.csv
santa_ana_john_wayne_airport_ksna,swdnb,95ptile,near-future,s3://cadcat/climate-profiles/standard-met-year/santa_ana_john_wayne_airport_ksna/swdnb/95ptile/near-future/stdyr_swdnb_95ptile_santa_ana_john_wayne_airport_ksna_near-future.csv
santa_ana_john_wayne_airport_ksna,swdnb,95ptile,present-day,s3://cadcat/climate-profiles/standard-met-year/santa_ana_john_wayne_airport_ksna/swdnb/95ptile/present-day/stdyr_swdnb_95ptile_santa_ana_john_wayne_airport_ksna_present-day.csv
santa_ana_john_wayne_airport_ksna,t2,05ptile,mid-century,s3://cadcat/climate-profiles/standard-met-year/santa_ana_john_wayne_airport_ksna/t2/05ptile/mid-century/stdyr_t2_05ptile_santa_ana_john_wayne_airport_ksna_mid-century.csv
santa_ana_john_wayne_airport_ksna,t2,05ptile,mid-late-century,s3://cadcat/climate-profiles/standard-met-year/santa_ana_john_wayne_airport_ksna/t2/05ptile/mid-late-century/stdyr_t2_05ptile_santa_ana_john_wayne_airport_ksna_mid-late-century.csv
santa_ana_john_wayne_airport_ksna,t2,05ptile,near-future,s3://cadcat/climate-profiles/standard-met-year/santa_ana_john_wayne_airport_ksna/t2/05ptile/near-future/stdyr_t2_05ptile_santa_ana_john_wayne_airport_ksna_near-future.csv
santa_ana_john_wayne_airport_ksna,t2,05ptile,present-day,s3://cadcat/climate-profiles/standard-met-year/santa_ana_john_wayne_airport_ksna/t2/05ptile/present-day/stdyr_t2_05ptile_santa_ana_john_wayne_airport_ksna_present-day.csv
santa_ana_john_wayne_airport_ksna,t2,50ptile,mid-century,s3://cadcat/climate-profiles/standard-met-year/santa_ana_john_wayne_airport_ksna/t2/50ptile/mid-century/stdyr_t2_50ptile_santa_ana_john_wayne_airport_ksna_mid-century.csv
santa_ana_john_wayne_airport_ksna,t2,50ptile,mid-late-century,s3://cadcat/climate-profiles/standard-met-year/santa_ana_john_wayne_airport_ksna/t2/50ptile/mid-late-century/stdyr_t2_50ptile_santa_ana_john_wayne_airport_ksna_mid-late-century.csv
santa_ana_john_wayne_airport_ksna,t2,50ptile,near-future,s3://cadcat/climate-profiles/standard-met-year/santa_ana_john_wayne_airport_ksna/t2/50ptile/near-future/stdyr_t2_50ptile_santa_ana_john_wayne_airport_ksna_near-future.csv
santa_ana_john_wayne_airport_ksna,t2,50ptile,present-day,s3://cadcat/climate-profiles/standard-met-year/santa_ana_john_wayne_airport_ksna/t2/50ptile/present-day/stdyr_t2_50ptile_santa_ana_john_wayne_airport_ksna_present-day.csv
santa_ana_john_wayne_airport_ksna,t2,95ptile,mid-century,s3://cadcat/climate-profiles/standard-met-year/santa_ana_john_wayne_airport_ksna/t2/95ptile/mid-century/stdyr_t2_95ptile_santa_ana_john_wayne_airport_ksna_mid-century.csv
santa_ana_john_wayne_airport_ksna,t2,95ptile,mid-late-century,s3://cadcat/climate-profiles/standard-met-year/santa_ana_john_wayne_airport_ksna/t2/95ptile/mid-late-century/stdyr_t2_95ptile_santa_ana_john_wayne_airport_ksna_mid-late-century.csv
santa_ana_john_wayne_airport_ksna,t2,95ptile,near-future,s3://cadcat/climate-profiles/standard-met-year/santa_ana_john_wayne_airport_ksna/t2/95ptile/near-future/stdyr_t2_95ptile_santa_ana_john_wayne_airport_ksna_near-future.csv
santa_ana_john_wayne_airport_ksna,t2,95ptile,present-day,s3://cadcat/climate-profiles/standard-met-year/santa_ana_john_wayne_airport_ksna/t2/95ptile/present-day/stdyr_t2_95ptile_santa_ana_john_wayne_airport_ksna_present-day.csv
santa_ana_john_wayne_airport_ksna,wind_speed_derived,05ptile,mid-century,s3://cadcat/climate-profiles/standard-met-year/santa_ana_john_wayne_airport_ksna/wind_speed_derived/05ptile/mid-century/stdyr_wind_speed_derived_05ptile_santa_ana_john_wayne_airport_ksna_mid-century.csv
santa_ana_john_wayne_airport_ksna,wind_speed_derived,05ptile,mid-late-century,s3://cadcat/climate-profiles/standard-met-year/santa_ana_john_wayne_airport_ksna/wind_speed_derived/05ptile/mid-late-century/stdyr_wind_speed_derived_05ptile_santa_ana_john_wayne_airport_ksna_mid-late-century.csv
santa_ana_john_wayne_airport_ksna,wind_speed_derived,05ptile,near-future,s3://cadcat/climate-profiles/standard-met-year/santa_ana_john_wayne_airport_ksna/wind_speed_derived/05ptile/near-future/stdyr_wind_speed_derived_05ptile_santa_ana_john_wayne_airport_ksna_near-future.csv
santa_ana_john_wayne_airport_ksna,wind_speed_derived,05ptile,present-day,s3://cadcat/climate-profiles/standard-met-year/santa_ana_john_wayne_airport_ksna/wind_speed_derived/05ptile/present-day/stdyr_wind_speed_derived_05ptile_santa_ana_john_wayne_airport_ksna_present-day.csv
santa_ana_john_wayne_airport_ksna,wind_speed_derived,50ptile,mid-century,s3://cadcat/climate-profiles/standard-met-year/santa_ana_john_wayne_airport_ksna/wind_speed_derived/50ptile/mid-century/stdyr_wind_speed_derived_50ptile_santa_ana_john_wayne_airport_ksna_mid-century.csv
santa_ana_john_wayne_airport_ksna,wind_speed_derived,50ptile,mid-late-century,s3://cadcat/climate-profiles/standard-met-year/santa_ana_john_wayne_airport_ksna/wind_speed_derived/50ptile/mid-late-century/stdyr_wind_speed_derived_50ptile_santa_ana_john_wayne_airport_ksna_mid-late-century.csv
santa_ana_john_wayne_airport_ksna,wind_speed_derived,50ptile,near-future,s3://cadcat/climate-profiles/standard-met-year/santa_ana_john_wayne_airport_ksna/wind_speed_derived/50ptile/near-future/stdyr_wind_speed_derived_50ptile_santa_ana_john_wayne_airport_ksna_near-future.csv
santa_ana_john_wayne_airport_ksna,wind_speed_derived,50ptile,present-day,s3://cadcat/climate-profiles/standard-met-year/santa_ana_john_wayne_airport_ksna/wind_speed_derived/50ptile/present-day/stdyr_wind_speed_derived_50ptile_santa_ana_john_wayne_airport_ksna_present-day.csv
santa_ana_john_wayne_airport_ksna,wind_speed_derived,95ptile,mid-century,s3://cadcat/climate-profiles/standard-met-year/santa_ana_john_wayne_airport_ksna/wind_speed_derived/95ptile/mid-century/stdyr_wind_speed_derived_95ptile_santa_ana_john_wayne_airport_ksna_mid-century.csv
santa_ana_john_wayne_airport_ksna,wind_speed_derived,95ptile,mid-late-century,s3://cadcat/climate-profiles/standard-met-year/santa_ana_john_wayne_airport_ksna/wind_speed_derived/95ptile/mid-late-century/stdyr_wind_speed_derived_95ptile_santa_ana_john_wayne_airport_ksna_mid-late-century.csv
santa_ana_john_wayne_airport_ksna,wind_speed_derived,95ptile,near-future,s3://cadcat/climate-profiles/standard-met-year/santa_ana_john_wayne_airport_ksna/wind_speed_derived/95ptile/near-future/stdyr_wind_speed_derived_95ptile_santa_ana_john_wayne_airport_ksna_near-future.csv
santa_ana_john_wayne_airport_ksna,wind_speed_derived,95ptile,present-day,s3://cadcat/climate-profiles/standard-met-year/santa_ana_john_wayne_airport_ksna/wind_speed_derived/95ptile/present-day/stdyr_wind_speed_derived_95ptile_santa_ana_john_wayne_airport_ksna_present-day.csv
santa_barbara_municipal_airport_ksba,noaa_heat_index_derived,05ptile,mid-century,s3://cadcat/climate-profiles/standard-met-year/santa_barbara_municipal_airport_ksba/noaa_heat_index_derived/05ptile/mid-century/stdyr_noaa_heat_index_derived_05ptile_santa_barbara_municipal_airport_ksba_mid-century.csv
santa_barbara_municipal_airport_ksba,noaa_heat_index_derived,05ptile,mid-late-century,s3://cadcat/climate-profiles/standard-met-year/santa_barbara_municipal_airport_ksba/noaa_heat_index_derived/05ptile/mid-late-century/stdyr_noaa_heat_index_derived_05ptile_santa_barbara_municipal_airport_ksba_mid-late-century.csv
santa_barbara_municipal_airport_ksba,noaa_heat_index_derived,05ptile,near-future,s3://cadcat/climate-profiles/standard-met-year/santa_barbara_municipal_airport_ksba/noaa_heat_index_derived/05ptile/near-future/stdyr_noaa_heat_index_derived_05ptile_santa_barbara_municipal_airport_ksba_near-future.csv
santa_barbara_municipal_airport_ksba,noaa_heat_index_derived,05ptile,present-day,s3://cadcat/climate-profiles/standard-met-year/santa_barbara_municipal_airport_ksba/noaa_heat_index_derived/05ptile/present-day/stdyr_noaa_heat_index_derived_05ptile_santa_barbara_municipal_airport_ksba_present-day.csv
santa_barbara_municipal_airport_ksba,noaa_heat_index_derived,50ptile,mid-century,s3://cadcat/climate-profiles/standard-met-year/santa_barbara_municipal_airport_ksba/noaa_heat_index_derived/50ptile/mid-century/stdyr_noaa_heat_index_derived_50ptile_santa_barbara_municipal_airport_ksba_mid-century.csv
santa_barbara_municipal_airport_ksba,noaa_heat_index_derived,50ptile,mid-late-century,s3://cadcat/climate-profiles/standard-met-year/santa_barbara_municipal_airport_ksba/noaa_heat_index_derived/50ptile/mid-late-century/stdyr_noaa_heat_index_derived_50ptile_santa_barbara_municipal_airport_ksba_mid-late-century.csv
santa_barbara_municipal_airport_ksba,noaa_heat_index_derived,50ptile,near-future,s3://cadcat/climate-profiles/standard-met-year/santa_barbara_municipal_airport_ksba/noaa_heat_index_derived/50ptile/near-future/stdyr_noaa_heat_index_derived_50ptile_santa_barbara_municipal_airport_ksba_near-future.csv
santa_barbara_municipal_airport_ksba,noaa_heat_index_derived,50ptile,present-day,s3://cadcat/climate-profiles/standard-met-year/santa_barbara_municipal_airport_ksba/noaa_heat_index_derived/50ptile/present-day/stdyr_noaa_heat_index_derived_50ptile_santa_barbara_municipal_airport_ksba_present-day.csv
santa_barbara_municipal_airport_ksba,noaa_heat_index_derived,95ptile,mid-century,s3://cadcat/climate-profiles/standard-met-year/santa_barbara_municipal_airport_ksba/noaa_heat_index_derived/95ptile/mid-century/stdyr_noaa_heat_index_derived_95ptile_santa_barbara_municipal_airport_ksba_mid-century.csv
santa_barbara_municipal_airport_ksba,noaa_heat_index_derived,95ptile,mid-late-century,s3://cadcat/climate-profiles/standard-met-year/santa_barbara_municipal_airport_ksba/noaa_heat_index_derived/95ptile/mid-late-century/stdyr_noaa_heat_index_derived_95ptile_santa_barbara_municipal_airport_ksba_mid-late-century.csv
santa_barbara_municipal_airport_ksba,noaa_heat_index_derived,95ptile,near-future,s3://cadcat/climate-profiles/standard-met-year/santa_barbara_municipal_airport_ksba/noaa_heat_index_derived/95ptile/near-future/stdyr_noaa_heat_index_derived_95ptile_santa_barbara_municipal_airport_ksba_near-future.csv
santa_barbara_municipal_airport_ksba,noaa_heat_index_derived,95ptile,present-day,s3://cadcat/climate-profiles/standard-met-year/santa_barbara_municipal_airport_ksba/noaa_heat_index_derived/95ptile/present-day/stdyr_noaa_heat_index_derived_95ptile_santa_barbara_municipal_airport_ksba_present-day.csv
santa_barbara_municipal_airport_ksba,rh_derived,05ptile,mid-century,s3://cadcat/climate-profiles/standard-met-year/santa_barbara_municipal_airport_ksba/rh_derived/05ptile/mid-century/stdyr_rh_derived_05ptile_santa_barbara_municipal_airport_ksba_mid-century.csv
santa_barbara_municipal_airport_ksba,rh_derived,05ptile,mid-late-century,s3://cadcat/climate-profiles/standard-met-year/santa_barbara_municipal_airport_ksba/rh_derived/05ptile/mid-late-century/stdyr_rh_derived_05ptile_santa_barbara_municipal_airport_ksba_mid-late-century.csv
santa_barbara_municipal_airport_ksba,rh_derived,05ptile,near-future,s3://cadcat/climate-profiles/standard-met-year/santa_barbara_municipal_airport_ksba/rh_derived/05ptile/near-future/stdyr_rh_derived_05ptile_santa_barbara_municipal_airport_ksba_near-future.csv
santa_barbara_municipal_airport_ksba,rh_derived,05ptile,present-day,s3://cadcat/climate-profiles/standard-met-year/santa_barbara_municipal_airport_ksba/rh_derived/05ptile/present-day/stdyr_rh_derived_05ptile_santa_barbara_municipal_airport_ksba_present-day.csv
santa_barbara_municipal_airport_ksba,rh_derived,50ptile,mid-century,s3://cadcat/climate-profiles/standard-met-year/santa_barbara_municipal_airport_ksba/rh_derived/50ptile/mid-century/stdyr_rh_derived_50ptile_santa_barbara_municipal_airport_ksba_mid-century.csv
santa_barbara_municipal_airport_ksba,rh_derived,50ptile,mid-late-century,s3://cadcat/climate-profiles/standard-met-year/santa_barbara_municipal_airport_ksba/rh_derived/50ptile/mid-late-century/stdyr_rh_derived_50ptile_santa_barbara_municipal_airport_ksba_mid-late-century.csv
santa_barbara_municipal_airport_ksba,rh_derived,50ptile,near-future,s3://cadcat/climate-profiles/standard-met-year/santa_barbara_municipal_airport_ksba/rh_derived/50ptile/near-future/stdyr_rh_derived_50ptile_santa_barbara_municipal_airport_ksba_near-future.csv
santa_barbara_municipal_airport_ksba,rh_derived,50ptile,present-day,s3://cadcat/climate-profiles/standard-met-year/santa_barbara_municipal_airport_ksba/rh_derived/50ptile/present-day/stdyr_rh_derived_50ptile_santa_barbara_municipal_airport_ksba_present-day.csv
santa_barbara_municipal_airport_ksba,rh_derived,95ptile,mid-century,s3://cadcat/climate-profiles/standard-met-year/santa_barbara_municipal_airport_ksba/rh_derived/95ptile/mid-century/stdyr_rh_derived_95ptile_santa_barbara_municipal_airport_ksba_mid-century.csv
santa_barbara_municipal_airport_ksba,rh_derived,95ptile,mid-late-century,s3://cadcat/climate-profiles/standard-met-year/santa_barbara_municipal_airport_ksba/rh_derived/95ptile/mid-late-century/stdyr_rh_derived_95ptile_santa_barbara_municipal_airport_ksba_mid-late-century.csv
santa_barbara_municipal_airport_ksba,rh_derived,95ptile,near-future,s3://cadcat/climate-profiles/standard-met-year/santa_barbara_municipal_airport_ksba/rh_derived/95ptile/near-future/stdyr_rh_derived_95ptile_santa_barbara_municipal_airport_ksba_near-future.csv
santa_barbara_municipal_airport_ksba,rh_derived,95ptile,present-day,s3://cadcat/climate-profiles/standard-met-year/santa_barbara_municipal_airport_ksba/rh_derived/95ptile/present-day/stdyr_rh_derived_95ptile_santa_barbara_municipal_airport_ksba_present-day.csv
santa_barbara_municipal_airport_ksba,swdnb,05ptile,mid-century,s3://cadcat/climate-profiles/standard-met-year/santa_barbara_municipal_airport_ksba/swdnb/05ptile/mid-century/stdyr_swdnb_05ptile_santa_barbara_municipal_airport_ksba_mid-century.csv
santa_barbara_municipal_airport_ksba,swdnb,05ptile,mid-late-century,s3://cadcat/climate-profiles/standard-met-year/santa_barbara_municipal_airport_ksba/swdnb/05ptile/mid-late-century/stdyr_swdnb_05ptile_santa_barbara_municipal_airport_ksba_mid-late-century.csv
santa_barbara_municipal_airport_ksba,swdnb,05ptile,near-future,s3://cadcat/climate-profiles/standard-met-year/santa_barbara_municipal_airport_ksba/swdnb/05ptile/near-future/stdyr_swdnb_05ptile_santa_barbara_municipal_airport_ksba_near-future.csv
santa_barbara_municipal_airport_ksba,swdnb,05ptile,present-day,s3://cadcat/climate-profiles/standard-met-year/santa_barbara_municipal_airport_ksba/swdnb/05ptile/present-day/stdyr_swdnb_05ptile_santa_barbara_municipal_airport_ksba_present-day.csv
santa_barbara_municipal_airport_ksba,swdnb,50ptile,mid-century,s3://cadcat/climate-profiles/standard-met-year/santa_barbara_municipal_airport_ksba/swdnb/50ptile/mid-century/stdyr_swdnb_50ptile_santa_barbara_municipal_airport_ksba_mid-century.csv
santa_barbara_municipal_airport_ksba,swdnb,50ptile,mid-late-century,s3://cadcat/climate-profiles/standard-met-year/santa_barbara_municipal_airport_ksba/swdnb/50ptile/mid-late-century/stdyr_swdnb_50ptile_santa_barbara_municipal_airport_ksba_mid-late-century.csv
santa_barbara_municipal_airport_ksba,swdnb,50ptile,near-future,s3://cadcat/climate-profiles/standard-met-year/santa_barbara_municipal_airport_ksba/swdnb/50ptile/near-future/stdyr_swdnb_50ptile_santa_barbara_municipal_airport_ksba_near-future.csv
santa_barbara_municipal_airport_ksba,swdnb,50ptile,present-day,s3://cadcat/climate-profiles/standard-met-year/santa_barbara_municipal_airport_ksba/swdnb/50ptile/present-day/stdyr_swdnb_50ptile_santa_barbara_municipal_airport_ksba_present-day.csv
santa_barbara_municipal_airport_ksba,swdnb,95ptile,mid-century,s3://cadcat/climate-profiles/standard-met-year/santa_barbara_municipal_airport_ksba/swdnb/95ptile/mid-century/stdyr_swdnb_95ptile_santa_barbara_municipal_airport_ksba_mid-century.csv
santa_barbara_municipal_airport_ksba,swdnb,95ptile,mid-late-century,s3://cadcat/climate-profiles/standard-met-year/santa_barbara_municipal_airport_ksba/swdnb/95ptile/mid-late-century/stdyr_swdnb_95ptile_santa_barbara_municipal_airport_ksba_mid-late-century.csv
santa_barbara_municipal_airport_ksba,swdnb,95ptile,near-future,s3://cadcat/climate-profiles/standard-met-year/santa_barbara_municipal_airport_ksba/swdnb/95ptile/near-future/stdyr_swdnb_95ptile_santa_barbara_municipal_airport_ksba_near-future.csv
santa_barbara_municipal_airport_ksba,swdnb,95ptile,present-day,s3://cadcat/climate-profiles/standard-met-year/santa_barbara_municipal_airport_ksba/swdnb/95ptile/present-day/stdyr_swdnb_95ptile_santa_barbara_municipal_airport_ksba_present-day.csv
santa_barbara_municipal_airport_ksba,t2,05ptile,mid-century,s3://cadcat/climate-profiles/standard-met-year/santa_barbara_municipal_airport_ksba/t2/05ptile/mid-century/stdyr_t2_05ptile_santa_barbara_municipal_airport_ksba_mid-century.csv
santa_barbara_municipal_airport_ksba,t2,05ptile,mid-late-century,s3://cadcat/climate-profiles/standard-met-year/santa_barbara_municipal_airport_ksba/t2/05ptile/mid-late-century/stdyr_t2_05ptile_santa_barbara_municipal_airport_ksba_mid-late-century.csv
santa_barbara_municipal_airport_ksba,t2,05ptile,near-future,s3://cadcat/climate-profiles/standard-met-year/santa_barbara_municipal_airport_ksba/t2/05ptile/near-future/stdyr_t2_05ptile_santa_barbara_municipal_airport_ksba_near-future.csv
santa_barbara_municipal_airport_ksba,t2,05ptile,present-day,s3://cadcat/climate-profiles/standard-met-year/santa_barbara_municipal_airport_ksba/t2/05ptile/present-day/stdyr_t2_05ptile_santa_barbara_municipal_airport_ksba_present-day.csv
santa_barbara_municipal_airport_ksba,t2,50ptile,mid-century,s3://cadcat/climate-profiles/standard-met-year/santa_barbara_municipal_airport_ksba/t2/50ptile/mid-century/stdyr_t2_50ptile_santa_barbara_municipal_airport_ksba_mid-century.csv
santa_barbara_municipal_airport_ksba,t2,50ptile,mid-late-century,s3://cadcat/climate-profiles/standard-met-year/santa_barbara_municipal_airport_ksba/t2/50ptile/mid-late-century/stdyr_t2_50ptile_santa_barbara_municipal_airport_ksba_mid-late-century.csv
santa_barbara_municipal_airport_ksba,t2,50ptile,near-future,s3://cadcat/climate-profiles/standard-met-year/santa_barbara_municipal_airport_ksba/t2/50ptile/near-future/stdyr_t2_50ptile_santa_barbara_municipal_airport_ksba_near-future.csv
santa_barbara_municipal_airport_ksba,t2,50ptile,present-day,s3://cadcat/climate-profiles/standard-met-year/santa_barbara_municipal_airport_ksba/t2/50ptile/present-day/stdyr_t2_50ptile_santa_barbara_municipal_airport_ksba_present-day.csv
santa_barbara_municipal_airport_ksba,t2,95ptile,mid-century,s3://cadcat/climate-profiles/standard-met-year/santa_barbara_municipal_airport_ksba/t2/95ptile/mid-century/stdyr_t2_95ptile_santa_barbara_municipal_airport_ksba_mid-century.csv
santa_barbara_municipal_airport_ksba,t2,95ptile,mid-late-century,s3://cadcat/climate-profiles/standard-met-year/santa_barbara_municipal_airport_ksba/t2/95ptile/mid-late-century/stdyr_t2_95ptile_santa_barbara_municipal_airport_ksba_mid-late-century.csv
santa_barbara_municipal_airport_ksba,t2,95ptile,near-future,s3://cadcat/climate-profiles/standard-met-year/santa_barbara_municipal_airport_ksba/t2/95ptile/near-future/stdyr_t2_95ptile_santa_barbara_municipal_airport_ksba_near-future.csv
santa_barbara_municipal_airport_ksba,t2,95ptile,present-day,s3://cadcat/climate-profiles/standard-met-year/santa_barbara_municipal_airport_ksba/t2/95ptile/present-day/stdyr_t2_95ptile_santa_barbara_municipal_airport_ksba_present-day.csv
santa_barbara_municipal_airport_ksba,wind_speed_derived,05ptile,mid-century,s3://cadcat/climate-profiles/standard-met-year/santa_barbara_municipal_airport_ksba/wind_speed_derived/05ptile/mid-century/stdyr_wind_speed_derived_05ptile_santa_barbara_municipal_airport_ksba_mid-century.csv
santa_barbara_municipal_airport_ksba,wind_speed_derived,05ptile,mid-late-century,s3://cadcat/climate-profiles/standard-met-year/santa_barbara_municipal_airport_ksba/wind_speed_derived/05ptile/mid-late-century/stdyr_wind_speed_derived_05ptile_santa_barbara_municipal_airport_ksba_mid-late-century.csv
santa_barbara_municipal_airport_ksba,wind_speed_derived,05ptile,near-future,s3://cadcat/climate-profiles/standard-met-year/santa_barbara_municipal_airport_ksba/wind_speed_derived/05ptile/near-future/stdyr_wind_speed_derived_05ptile_santa_barbara_municipal_airport_ksba_near-future.csv
santa_barbara_municipal_airport_ksba,wind_speed_derived,05ptile,present-day,s3://cadcat/climate-profiles/standard-met-year/santa_barbara_municipal_airport_ksba/wind_speed_derived/05ptile/present-day/stdyr_wind_speed_derived_05ptile_santa_barbara_municipal_airport_ksba_present-day.csv
santa_barbara_municipal_airport_ksba,wind_speed_derived,50ptile,mid-century,s3://cadcat/climate-profiles/standard-met-year/santa_barbara_municipal_airport_ksba/wind_speed_derived/50ptile/mid-century/stdyr_wind_speed_derived_50ptile_santa_barbara_municipal_airport_ksba_mid-century.csv
santa_barbara_municipal_airport_ksba,wind_speed_derived,50ptile,mid-late-century,s3://cadcat/climate-profiles/standard-met-year/santa_barbara_municipal_airport_ksba/wind_speed_derived/50ptile/mid-late-century/stdyr_wind_speed_derived_50ptile_santa_barbara_municipal_airport_ksba_mid-late-century.csv
santa_barbara_municipal_airport_ksba,wind_speed_derived,50ptile,near-future,s3://cadcat/climate-profiles/standard-met-year/santa_barbara_municipal_airport_ksba/wind_speed_derived/50ptile/near-future/stdyr_wind_speed_derived_50ptile_santa_barbara_municipal_airport_ksba_near-future.csv
santa_barbara_municipal_airport_ksba,wind_speed_derived,50ptile,present-day,s3://cadcat/climate-profiles/standard-met-year/santa_barbara_municipal_airport_ksba/wind_speed_derived/50ptile/present-day/stdyr_wind_speed_derived_50ptile_santa_barbara_municipal_airport_ksba_present-day.csv
santa_barbara_municipal_airport_ksba,wind_speed_derived,95ptile,mid-century,s3://cadcat/climate-profiles/standard-met-year/santa_barbara_municipal_airport_ksba/wind_speed_derived/95ptile/mid-century/stdyr_wind_speed_derived_95ptile_santa_barbara_municipal_airport_ksba_mid-century.csv
santa_barbara_municipal_airport_ksba,wind_speed_derived,95ptile,mid-late-century,s3://cadcat/climate-profiles/standard-met-year/santa_barbara_municipal_airport_ksba/wind_speed_derived/95ptile/mid-late-century/stdyr_wind_speed_derived_95ptile_santa_barbara_municipal_airport_ksba_mid-late-century.csv
santa_barbara_municipal_airport_ksba,wind_speed_derived,95ptile,near-future,s3://cadcat/climate-profiles/standard-met-year/santa_barbara_municipal_airport_ksba/wind_speed_derived/95ptile/near-future/stdyr_wind_speed_derived_95ptile_santa_barbara_municipal_airport_ksba_near-future.csv
santa_barbara_municipal_airport_ksba,wind_speed_derived,95ptile,present-day,s3://cadcat/climate-profiles/standard-met-year/santa_barbara_municipal_airport_ksba/wind_speed_derived/95ptile/present-day/stdyr_wind_speed_derived_95ptile_santa_barbara_municipal_airport_ksba_present-day.csv
stockton_airport_ksck,noaa_heat_index_derived,05ptile,mid-century,s3://cadcat/climate-profiles/standard-met-year/stockton_airport_ksck/noaa_heat_index_derived/05ptile/mid-century/stdyr_noaa_heat_index_derived_05ptile_stockton_airport_ksck_mid-century.csv
stockton_airport_ksck,noaa_heat_index_derived,05ptile,mid-late-century,s3://cadcat/climate-profiles/standard-met-year/stockton_airport_ksck/noaa_heat_index_derived/05ptile/mid-late-century/stdyr_noaa_heat_index_derived_05ptile_stockton_airport_ksck_mid-late-century.csv
stockton_airport_ksck,noaa_heat_index_derived,05ptile,near-future,s3://cadcat/climate-profiles/standard-met-year/stockton_airport_ksck/noaa_heat_index_derived/05ptile/near-future/stdyr_noaa_heat_index_derived_05ptile_stockton_airport_ksck_near-future.csv
stockton_airport_ksck,noaa_heat_index_derived,05ptile,present-day,s3://cadcat/climate-profiles/standard-met-year/stockton_airport_ksck/noaa_heat_index_derived/05ptile/present-day/stdyr_noaa_heat_index_derived_05ptile_stockton_airport_ksck_present-day.csv
stockton_airport_ksck,noaa_heat_index_derived,50ptile,mid-century,s3://cadcat/climate-profiles/standard-met-year/stockton_airport_ksck/noaa_heat_index_derived/50ptile/mid-century/stdyr_noaa_heat_index_derived_50ptile_stockton_airport_ksck_mid-century.csv
stockton_airport_ksck,noaa_heat_index_derived,50ptile,mid-late-century,s3://cadcat/climate-profiles/standard-met-year/stockton_airport_ksck/noaa_heat_index_derived/50ptile/mid-late-century/stdyr_noaa_heat_index_derived_50ptile_stockton_airport_ksck_mid-late-century.csv
stockton_airport_ksck,noaa_heat_index_derived,50ptile,near-future,s3://cadcat/climate-profiles/standard-met-year/stockton_airport_ksck/noaa_heat_index_derived/50ptile/near-future/stdyr_noaa_heat_index_derived_50ptile_stockton_airport_ksck_near-future.csv
stockton_airport_ksck,noaa_heat_index_derived,50ptile,present-day,s3://cadcat/climate-profiles/standard-met-year/stockton_airport_ksck/noaa_heat_index_derived/50ptile/present-day/stdyr_noaa_heat_index_derived_50ptile_stockton_airport_ksck_present-day.csv
stockton_airport_ksck,noaa_heat_index_derived,95ptile,mid-century,s3://cadcat/climate-profiles/standard-met-year/stockton_airport_ksck/noaa_heat_index_derived/95ptile/mid-century/stdyr_noaa_heat_index_derived_95ptile_stockton_airport_ksck_mid-century.csv
stockton_airport_ksck,noaa_heat_index_derived,95ptile,mid-late-century,s3://cadcat/climate-profiles/standard-met-year/stockton_airport_ksck/noaa_heat_index_derived/95ptile/mid-late-century/stdyr_noaa_heat_index_derived_95ptile_stockton_airport_ksck_mid-late-century.csv
stockton_airport_ksck,noaa_heat_index_derived,95ptile,near-future,s3://cadcat/climate-profiles/standard-met-year/stockton_airport_ksck/noaa_heat_index_derived/95ptile/near-future/stdyr_noaa_heat_index_derived_95ptile_stockton_airport_ksck_near-future.csv
stockton_airport_ksck,noaa_heat_index_derived,95ptile,present-day,s3://cadcat/climate-profiles/standard-met-year/stockton_airport_ksck/noaa_heat_index_derived/95ptile/present-day/stdyr_noaa_heat_index_derived_95ptile_stockton_airport_ksck_present-day.csv
stockton_airport_ksck,rh_derived,05ptile,mid-century,s3://cadcat/climate-profiles/standard-met-year/stockton_airport_ksck/rh_derived/05ptile/mid-century/stdyr_rh_derived_05ptile_stockton_airport_ksck_mid-century.csv
stockton_airport_ksck,rh_derived,05ptile,mid-late-century,s3://cadcat/climate-profiles/standard-met-year/stockton_airport_ksck/rh_derived/05ptile/mid-late-century/stdyr_rh_derived_05ptile_stockton_airport_ksck_mid-late-century.csv
stockton_airport_ksck,rh_derived,05ptile,near-future,s3://cadcat/climate-profiles/standard-met-year/stockton_airport_ksck/rh_derived/05ptile/near-future/stdyr_rh_derived_05ptile_stockton_airport_ksck_near-future.csv
stockton_airport_ksck,rh_derived,05ptile,present-day,s3://cadcat/climate-profiles/standard-met-year/stockton_airport_ksck/rh_derived/05ptile/present-day/stdyr_rh_derived_05ptile_stockton_airport_ksck_present-day.csv
stockton_airport_ksck,rh_derived,50ptile,mid-century,s3://cadcat/climate-profiles/standard-met-year/stockton_airport_ksck/rh_derived/50ptile/mid-century/stdyr_rh_derived_50ptile_stockton_airport_ksck_mid-century.csv
stockton_airport_ksck,rh_derived,50ptile,mid-late-century,s3://cadcat/climate-profiles/standard-met-year/stockton_airport_ksck/rh_derived/50ptile/mid-late-century/stdyr_rh_derived_50ptile_stockton_airport_ksck_mid-late-century.csv
stockton_airport_ksck,rh_derived,50ptile,near-future,s3://cadcat/climate-profiles/standard-met-year/stockton_airport_ksck/rh_derived/50ptile/near-future/stdyr_rh_derived_50ptile_stockton_airport_ksck_near-future.csv
stockton_airport_ksck,rh_derived,50ptile,present-day,s3://cadcat/climate-profiles/standard-met-year/stockton_airport_ksck/rh_derived/50ptile/present-day/stdyr_rh_derived_50ptile_stockton_airport_ksck_present-day.csv
stockton_airport_ksck,rh_derived,95ptile,mid-century,s3://cadcat/climate-profiles/standard-met-year/stockton_airport_ksck/rh_derived/95ptile/mid-century/stdyr_rh_derived_95ptile_stockton_airport_ksck_mid-century.csv
stockton_airport_ksck,rh_derived,95ptile,mid-late-century,s3://cadcat/climate-profiles/standard-met-year/stockton_airport_ksck/rh_derived/95ptile/mid-late-century/stdyr_rh_derived_95ptile_stockton_airport_ksck_mid-late-century.csv
stockton_airport_ksck,rh_derived,95ptile,near-future,s3://cadcat/climate-profiles/standard-met-year/stockton_airport_ksck/rh_derived/95ptile/near-future/stdyr_rh_derived_95ptile_stockton_airport_ksck_near-future.csv
stockton_airport_ksck,rh_derived,95ptile,present-day,s3://cadcat/climate-profiles/standard-met-year/stockton_airport_ksck/rh_derived/95ptile/present-day/stdyr_rh_derived_95ptile_stockton_airport_ksck_present-day.csv
stockton_airport_ksck,swdnb,05ptile,mid-century,s3://cadcat/climate-profiles/standard-met-year/stockton_airport_ksck/swdnb/05ptile/mid-century/stdyr_swdnb_05ptile_stockton_airport_ksck_mid-century.csv
stockton_airport_ksck,swdnb,05ptile,mid-late-century,s3://cadcat/climate-profiles/standard-met-year/stockton_airport_ksck/swdnb/05ptile/mid-late-century/stdyr_swdnb_05ptile_stockton_airport_ksck_mid-late-century.csv
stockton_airport_ksck,swdnb,05ptile,near-future,s3://cadcat/climate-profiles/standard-met-year/stockton_airport_ksck/swdnb/05ptile/near-future/stdyr_swdnb_05ptile_stockton_airport_ksck_near-future.csv
stockton_airport_ksck,swdnb,05ptile,present-day,s3://cadcat/climate-profiles/standard-met-year/stockton_airport_ksck/swdnb/05ptile/present-day/stdyr_swdnb_05ptile_stockton_airport_ksck_present-day.csv
stockton_airport_ksck,swdnb,50ptile,mid-century,s3://cadcat/climate-profiles/standard-met-year/stockton_airport_ksck/swdnb/50ptile/mid-century/stdyr_swdnb_50ptile_stockton_airport_ksck_mid-century.csv
stockton_airport_ksck,swdnb,50ptile,mid-late-century,s3://cadcat/climate-profiles/standard-met-year/stockton_airport_ksck/swdnb/50ptile/mid-late-century/stdyr_swdnb_50ptile_stockton_airport_ksck_mid-late-century.csv
stockton_airport_ksck,swdnb,50ptile,near-future,s3://cadcat/climate-profiles/standard-met-year/stockton_airport_ksck/swdnb/50ptile/near-future/stdyr_swdnb_50ptile_stockton_airport_ksck_near-future.csv
stockton_airport_ksck,swdnb,50ptile,present-day,s3://cadcat/climate-profiles/standard-met-year/stockton_airport_ksck/swdnb/50ptile/present-day/stdyr_swdnb_50ptile_stockton_airport_ksck_present-day.csv
stockton_airport_ksck,swdnb,95ptile,mid-century,s3://cadcat/climate-profiles/standard-met-year/stockton_airport_ksck/swdnb/95ptile/mid-century/stdyr_swdnb_95ptile_stockton_airport_ksck_mid-century.csv
stockton_airport_ksck,swdnb,95ptile,mid-late-century,s3://cadcat/climate-profiles/standard-met-year/stockton_airport_ksck/swdnb/95ptile/mid-late-century/stdyr_swdnb_95ptile_stockton_airport_ksck_mid-late-century.csv
stockton_airport_ksck,swdnb,95ptile,near-future,s3://cadcat/climate-profiles/standard-met-year/stockton_airport_ksck/swdnb/95ptile/near-future/stdyr_swdnb_95ptile_stockton_airport_ksck_near-future.csv
stockton_airport_ksck,swdnb,95ptile,present-day,s3://cadcat/climate-profiles/standard-met-year/stockton_airport_ksck/swdnb/95ptile/present-day/stdyr_swdnb_95ptile_stockton_airport_ksck_present-day.csv
stockton_airport_ksck,t2,05ptile,mid-century,s3://cadcat/climate-profiles/standard-met-year/stockton_airport_ksck/t2/05ptile/mid-century/stdyr_t2_05ptile_stockton_airport_ksck_mid-century.csv
stockton_airport_ksck,t2,05ptile,mid-late-century,s3://cadcat/climate-profiles/standard-met-year/stockton_airport_ksck/t2/05ptile/mid-late-century/stdyr_t2_05ptile_stockton_airport_ksck_mid-late-century.csv
stockton_airport_ksck,t2,05ptile,near-future,s3://cadcat/climate-profiles/standard-met-year/stockton_airport_ksck/t2/05ptile/near-future/stdyr_t2_05ptile_stockton_airport_ksck_near-future.csv
stockton_airport_ksck,t2,05ptile,present-day,s3://cadcat/climate-profiles/standard-met-year/stockton_airport_ksck/t2/05ptile/present-day/stdyr_t2_05ptile_stockton_airport_ksck_present-day.csv
stockton_airport_ksck,t2,50ptile,mid-century,s3://cadcat/climate-profiles/standard-met-year/stockton_airport_ksck/t2/50ptile/mid-century/stdyr_t2_50ptile_stockton_airport_ksck_mid-century.csv
stockton_airport_ksck,t2,50ptile,mid-late-century,s3://cadcat/climate-profiles/standard-met-year/stockton_airport_ksck/t2/50ptile/mid-late-century/stdyr_t2_50ptile_stockton_airport_ksck_mid-late-century.csv
stockton_airport_ksck,t2,50ptile,near-future,s3://cadcat/climate-profiles/standard-met-year/stockton_airport_ksck/t2/50ptile/near-future/stdyr_t2_50ptile_stockton_airport_ksck_near-future.csv
stockton_airport_ksck,t2,50ptile,present-day,s3://cadcat/climate-profiles/standard-met-year/stockton_airport_ksck/t2/50ptile/present-day/stdyr_t2_50ptile_stockton_airport_ksck_present-day.csv
stockton_airport_ksck,t2,95ptile,mid-century,s3://cadcat/climate-profiles/standard-met-year/stockton_airport_ksck/t2/95ptile/mid-century/stdyr_t2_95ptile_stockton_airport_ksck_mid-century.csv
stockton_airport_ksck,t2,95ptile,mid-late-century,s3://cadcat/climate-profiles/standard-met-year/stockton_airport_ksck/t2/95ptile/mid-late-century/stdyr_t2_95ptile_stockton_airport_ksck_mid-late-century.csv
stockton_airport_ksck,t2,95ptile,near-future,s3://cadcat/climate-profiles/standard-met-year/stockton_airport_ksck/t2/95ptile/near-future/stdyr_t2_95ptile_stockton_airport_ksck_near-future.csv
stockton_airport_ksck,t2,95ptile,present-day,s3://cadcat/climate-profiles/standard-met-year/stockton_airport_ksck/t2/95ptile/present-day/stdyr_t2_95ptile_stockton_airport_ksck_present-day.csv
stockton_airport_ksck,wind_speed_derived,05ptile,mid-century,s3://cadcat/climate-profiles/standard-met-year/stockton_airport_ksck/wind_speed_derived/05ptile/mid-century/stdyr_wind_speed_derived_05ptile_stockton_airport_ksck_mid-century.csv
stockton_airport_ksck,wind_speed_derived,05ptile,mid-late-century,s3://cadcat/climate-profiles/standard-met-year/stockton_airport_ksck/wind_speed_derived/05ptile/mid-late-century/stdyr_wind_speed_derived_05ptile_stockton_airport_ksck_mid-late-century.csv
stockton_airport_ksck,wind_speed_derived,05ptile,near-future,s3://cadcat/climate-profiles/standard-met-year/stockton_airport_ksck/wind_speed_derived/05ptile/near-future/stdyr_wind_speed_derived_05ptile_stockton_airport_ksck_near-future.csv
stockton_airport_ksck,wind_speed_derived,05ptile,present-day,s3://cadcat/climate-profiles/standard-met-year/stockton_airport_ksck/wind_speed_derived/05ptile/present-day/stdyr_wind_speed_derived_05ptile_stockton_airport_ksck_present-day.csv
stockton_airport_ksck,wind_speed_derived,50ptile,mid-century,s3://cadcat/climate-profiles/standard-met-year/stockton_airport_ksck/wind_speed_derived/50ptile/mid-century/stdyr_wind_speed_derived_50ptile_stockton_airport_ksck_mid-century.csv
stockton_airport_ksck,wind_speed_derived,50ptile,mid-late-century,s3://cadcat/climate-profiles/standard-met-year/stockton_airport_ksck/wind_speed_derived/50ptile/mid-late-century/stdyr_wind_speed_derived_50ptile_stockton_airport_ksck_mid-late-century.csv
stockton_airport_ksck,wind_speed_derived,50ptile,near-future,s3://cadcat/climate-profiles/standard-met-year/stockton_airport_ksck/wind_speed_derived/50ptile/near-future/stdyr_wind_speed_derived_50ptile_stockton_airport_ksck_near-future.csv
stockton_airport_ksck,wind_speed_derived,50ptile,present-day,s3://cadcat/climate-profiles/standard-met-year/stockton_airport_ksck/wind_speed_derived/50ptile/present-day/stdyr_wind_speed_derived_50ptile_stockton_airport_ksck_present-day.csv
stockton_airport_ksck,wind_speed_derived,95ptile,mid-century,s3://cadcat/climate-profiles/standard-met-year/stockton_airport_ksck/wind_speed_derived/95ptile/mid-century/stdyr_wind_speed_derived_95ptile_stockton_airport_ksck_mid-century.csv
stockton_airport_ksck,wind_speed_derived,95ptile,mid-late-century,s3://cadcat/climate-profiles/standard-met-year/stockton_airport_ksck/wind_speed_derived/95ptile/mid-late-century/stdyr_wind_speed_derived_95ptile_stockton_airport_ksck_mid-late-century.csv
stockton_airport_ksck,wind_speed_derived,95ptile,near-future,s3://cadcat/climate-profiles/standard-met-year/stockton_airport_ksck/wind_speed_derived/95ptile/near-future/stdyr_wind_speed_derived_95ptile_stockton_airport_ksck_near-future.csv
stockton_airport_ksck,wind_speed_derived,95ptile,present-day,s3://cadcat/climate-profiles/standard-met-year/stockton_airport_ksck/wind_speed_derived/95ptile/present-day/stdyr_wind_speed_derived_95ptile_stockton_airport_ksck_present-day.csv
ukiah_municipal_airport_kuki,noaa_heat_index_derived,05ptile,mid-century,s3://cadcat/climate-profiles/standard-met-year/ukiah_municipal_airport_kuki/noaa_heat_index_derived/05ptile/mid-century/stdyr_noaa_heat_index_derived_05ptile_ukiah_municipal_airport_kuki_mid-century.csv
ukiah_municipal_airport_kuki,noaa_heat_index_derived,05ptile,mid-late-century,s3://cadcat/climate-profiles/standard-met-year/ukiah_municipal_airport_kuki/noaa_heat_index_derived/05ptile/mid-late-century/stdyr_noaa_heat_index_derived_05ptile_ukiah_municipal_airport_kuki_mid-late-century.csv
ukiah_municipal_airport_kuki,noaa_heat_index_derived,05ptile,near-future,s3://cadcat/climate-profiles/standard-met-year/ukiah_municipal_airport_kuki/noaa_heat_index_derived/05ptile/near-future/stdyr_noaa_heat_index_derived_05ptile_ukiah_municipal_airport_kuki_near-future.csv
ukiah_municipal_airport_kuki,noaa_heat_index_derived,05ptile,present-day,s3://cadcat/climate-profiles/standard-met-year/ukiah_municipal_airport_kuki/noaa_heat_index_derived/05ptile/present-day/stdyr_noaa_heat_index_derived_05ptile_ukiah_municipal_airport_kuki_present-day.csv
ukiah_municipal_airport_kuki,noaa_heat_index_derived,50ptile,mid-century,s3://cadcat/climate-profiles/standard-met-year/ukiah_municipal_airport_kuki/noaa_heat_index_derived/50ptile/mid-century/stdyr_noaa_heat_index_derived_50ptile_ukiah_municipal_airport_kuki_mid-century.csv
ukiah_municipal_airport_kuki,noaa_heat_index_derived,50ptile,mid-late-century,s3://cadcat/climate-profiles/standard-met-year/ukiah_municipal_airport_kuki/noaa_heat_index_derived/50ptile/mid-late-century/stdyr_noaa_heat_index_derived_50ptile_ukiah_municipal_airport_kuki_mid-late-century.csv
ukiah_municipal_airport_kuki,noaa_heat_index_derived,50ptile,near-future,s3://cadcat/climate-profiles/standard-met-year/ukiah_municipal_airport_kuki/noaa_heat_index_derived/50ptile/near-future/stdyr_noaa_heat_index_derived_50ptile_ukiah_municipal_airport_kuki_near-future.csv
ukiah_municipal_airport_kuki,noaa_heat_index_derived,50ptile,present-day,s3://cadcat/climate-profiles/standard-met-year/ukiah_municipal_airport_kuki/noaa_heat_index_derived/50ptile/present-day/stdyr_noaa_heat_index_derived_50ptile_ukiah_municipal_airport_kuki_present-day.csv
ukiah_municipal_airport_kuki,noaa_heat_index_derived,95ptile,mid-century,s3://cadcat/climate-profiles/standard-met-year/ukiah_municipal_airport_kuki/noaa_heat_index_derived/95ptile/mid-century/stdyr_noaa_heat_index_derived_95ptile_ukiah_municipal_airport_kuki_mid-century.csv
ukiah_municipal_airport_kuki,noaa_heat_index_derived,95ptile,mid-late-century,s3://cadcat/climate-profiles/standard-met-year/ukiah_municipal_airport_kuki/noaa_heat_index_derived/95ptile/mid-late-century/stdyr_noaa_heat_index_derived_95ptile_ukiah_municipal_airport_kuki_mid-late-century.csv
ukiah_municipal_airport_kuki,noaa_heat_index_derived,95ptile,near-future,s3://cadcat/climate-profiles/standard-met-year/ukiah_municipal_airport_kuki/noaa_heat_index_derived/95ptile/near-future/stdyr_noaa_heat_index_derived_95ptile_ukiah_municipal_airport_kuki_near-future.csv
ukiah_municipal_airport_kuki,noaa_heat_index_derived,95ptile,present-day,s3://cadcat/climate-profiles/standard-met-year/ukiah_municipal_airport_kuki/noaa_heat_index_derived/95ptile/present-day/stdyr_noaa_heat_index_derived_95ptile_ukiah_municipal_airport_kuki_present-day.csv
ukiah_municipal_airport_kuki,rh_derived,05ptile,mid-century,s3://cadcat/climate-profiles/standard-met-year/ukiah_municipal_airport_kuki/rh_derived/05ptile/mid-century/stdyr_rh_derived_05ptile_ukiah_municipal_airport_kuki_mid-century.csv
ukiah_municipal_airport_kuki,rh_derived,05ptile,mid-late-century,s3://cadcat/climate-profiles/standard-met-year/ukiah_municipal_airport_kuki/rh_derived/05ptile/mid-late-century/stdyr_rh_derived_05ptile_ukiah_municipal_airport_kuki_mid-late-century.csv
ukiah_municipal_airport_kuki,rh_derived,05ptile,near-future,s3://cadcat/climate-profiles/standard-met-year/ukiah_municipal_airport_kuki/rh_derived/05ptile/near-future/stdyr_rh_derived_05ptile_ukiah_municipal_airport_kuki_near-future.csv
ukiah_municipal_airport_kuki,rh_derived,05ptile,present-day,s3://cadcat/climate-profiles/standard-met-year/ukiah_municipal_airport_kuki/rh_derived/05ptile/present-day/stdyr_rh_derived_05ptile_ukiah_municipal_airport_kuki_present-day.csv
ukiah_municipal_airport_kuki,rh_derived,50ptile,mid-century,s3://cadcat/climate-profiles/standard-met-year/ukiah_municipal_airport_kuki/rh_derived/50ptile/mid-century/stdyr_rh_derived_50ptile_ukiah_municipal_airport_kuki_mid-century.csv
ukiah_municipal_airport_kuki,rh_derived,50ptile,mid-late-century,s3://cadcat/climate-profiles/standard-met-year/ukiah_municipal_airport_kuki/rh_derived/50ptile/mid-late-century/stdyr_rh_derived_50ptile_ukiah_municipal_airport_kuki_mid-late-century.csv
ukiah_municipal_airport_kuki,rh_derived,50ptile,near-future,s3://cadcat/climate-profiles/standard-met-year/ukiah_municipal_airport_kuki/rh_derived/50ptile/near-future/stdyr_rh_derived_50ptile_ukiah_municipal_airport_kuki_near-future.csv
ukiah_municipal_airport_kuki,rh_derived,50ptile,present-day,s3://cadcat/climate-profiles/standard-met-year/ukiah_municipal_airport_kuki/rh_derived/50ptile/present-day/stdyr_rh_derived_50ptile_ukiah_municipal_airport_kuki_present-day.csv
ukiah_municipal_airport_kuki,rh_derived,95ptile,mid-century,s3://cadcat/climate-profiles/standard-met-year/ukiah_municipal_airport_kuki/rh_derived/95ptile/mid-century/stdyr_rh_derived_95ptile_ukiah_municipal_airport_kuki_mid-century.csv
ukiah_municipal_airport_kuki,rh_derived,95ptile,mid-late-century,s3://cadcat/climate-profiles/standard-met-year/ukiah_municipal_airport_kuki/rh_derived/95ptile/mid-late-century/stdyr_rh_derived_95ptile_ukiah_municipal_airport_kuki_mid-late-century.csv
ukiah_municipal_airport_kuki,rh_derived,95ptile,near-future,s3://cadcat/climate-profiles/standard-met-year/ukiah_municipal_airport_kuki/rh_derived/95ptile/near-future/stdyr_rh_derived_95ptile_ukiah_municipal_airport_kuki_near-future.csv
ukiah_municipal_airport_kuki,rh_derived,95ptile,present-day,s3://cadcat/climate-profiles/standard-met-year/ukiah_municipal_airport_kuki/rh_derived/95ptile/present-day/stdyr_rh_derived_95ptile_ukiah_municipal_airport_kuki_present-day.csv
ukiah_municipal_airport_kuki,swdnb,05ptile,mid-century,s3://cadcat/climate-profiles/standard-met-year/ukiah_municipal_airport_kuki/swdnb/05ptile/mid-century/stdyr_swdnb_05ptile_ukiah_municipal_airport_kuki_mid-century.csv
ukiah_municipal_airport_kuki,swdnb,05ptile,mid-late-century,s3://cadcat/climate-profiles/standard-met-year/ukiah_municipal_airport_kuki/swdnb/05ptile/mid-late-century/stdyr_swdnb_05ptile_ukiah_municipal_airport_kuki_mid-late-century.csv
ukiah_municipal_airport_kuki,swdnb,05ptile,near-future,s3://cadcat/climate-profiles/standard-met-year/ukiah_municipal_airport_kuki/swdnb/05ptile/near-future/stdyr_swdnb_05ptile_ukiah_municipal_airport_kuki_near-future.csv
ukiah_municipal_airport_kuki,swdnb,05ptile,present-day,s3://cadcat/climate-profiles/standard-met-year/ukiah_municipal_airport_kuki/swdnb/05ptile/present-day/stdyr_swdnb_05ptile_ukiah_municipal_airport_kuki_present-day.csv
ukiah_municipal_airport_kuki,swdnb,50ptile,mid-century,s3://cadcat/climate-profiles/standard-met-year/ukiah_municipal_airport_kuki/swdnb/50ptile/mid-century/stdyr_swdnb_50ptile_ukiah_municipal_airport_kuki_mid-century.csv
ukiah_municipal_airport_kuki,swdnb,50ptile,mid-late-century,s3://cadcat/climate-profiles/standard-met-year/ukiah_municipal_airport_kuki/swdnb/50ptile/mid-late-century/stdyr_swdnb_50ptile_ukiah_municipal_airport_kuki_mid-late-century.csv
ukiah_municipal_airport_kuki,swdnb,50ptile,near-future,s3://cadcat/climate-profiles/standard-met-year/ukiah_municipal_airport_kuki/swdnb/50ptile/near-future/stdyr_swdnb_50ptile_ukiah_municipal_airport_kuki_near-future.csv
ukiah_municipal_airport_kuki,swdnb,50ptile,present-day,s3://cadcat/climate-profiles/standard-met-year/ukiah_municipal_airport_kuki/swdnb/50ptile/present-day/stdyr_swdnb_50ptile_ukiah_municipal_airport_kuki_present-day.csv
ukiah_municipal_airport_kuki,swdnb,95ptile,mid-century,s3://cadcat/climate-profiles/standard-met-year/ukiah_municipal_airport_kuki/swdnb/95ptile/mid-century/stdyr_swdnb_95ptile_ukiah_municipal_airport_kuki_mid-century.csv
ukiah_municipal_airport_kuki,swdnb,95ptile,mid-late-century,s3://cadcat/climate-profiles/standard-met-year/ukiah_municipal_airport_kuki/swdnb/95ptile/mid-late-century/stdyr_swdnb_95ptile_ukiah_municipal_airport_kuki_mid-late-century.csv
ukiah_municipal_airport_kuki,swdnb,95ptile,near-future,s3://cadcat/climate-profiles/standard-met-year/ukiah_municipal_airport_kuki/swdnb/95ptile/near-future/stdyr_swdnb_95ptile_ukiah_municipal_airport_kuki_near-future.csv
ukiah_municipal_airport_kuki,swdnb,95ptile,present-day,s3://cadcat/climate-profiles/standard-met-year/ukiah_municipal_airport_kuki/swdnb/95ptile/present-day/stdyr_swdnb_95ptile_ukiah_municipal_airport_kuki_present-day.csv
ukiah_municipal_airport_kuki,t2,05ptile,mid-century,s3://cadcat/climate-profiles/standard-met-year/ukiah_municipal_airport_kuki/t2/05ptile/mid-century/stdyr_t2_05ptile_ukiah_municipal_airport_kuki_mid-century.csv
ukiah_municipal_airport_kuki,t2,05ptile,mid-late-century,s3://cadcat/climate-profiles/standard-met-year/ukiah_municipal_airport_kuki/t2/05ptile/mid-late-century/stdyr_t2_05ptile_ukiah_municipal_airport_kuki_mid-late-century.csv
ukiah_municipal_airport_kuki,t2,05ptile,near-future,s3://cadcat/climate-profiles/standard-met-year/ukiah_municipal_airport_kuki/t2/05ptile/near-future/stdyr_t2_05ptile_ukiah_municipal_airport_kuki_near-future.csv
ukiah_municipal_airport_kuki,t2,05ptile,present-day,s3://cadcat/climate-profiles/standard-met-year/ukiah_municipal_airport_kuki/t2/05ptile/present-day/stdyr_t2_05ptile_ukiah_municipal_airport_kuki_present-day.csv
ukiah_municipal_airport_kuki,t2,50ptile,mid-century,s3://cadcat/climate-profiles/standard-met-year/ukiah_municipal_airport_kuki/t2/50ptile/mid-century/stdyr_t2_50ptile_ukiah_municipal_airport_kuki_mid-century.csv
ukiah_municipal_airport_kuki,t2,50ptile,mid-late-century,s3://cadcat/climate-profiles/standard-met-year/ukiah_municipal_airport_kuki/t2/50ptile/mid-late-century/stdyr_t2_50ptile_ukiah_municipal_airport_kuki_mid-late-century.csv
ukiah_municipal_airport_kuki,t2,50ptile,near-future,s3://cadcat/climate-profiles/standard-met-year/ukiah_municipal_airport_kuki/t2/50ptile/near-future/stdyr_t2_50ptile_ukiah_municipal_airport_kuki_near-future.csv
ukiah_municipal_airport_kuki,t2,50ptile,present-day,s3://cadcat/climate-profiles/standard-met-year/ukiah_municipal_airport_kuki/t2/50ptile/present-day/stdyr_t2_50ptile_ukiah_municipal_airport_kuki_present-day.csv
ukiah_municipal_airport_kuki,t2,95ptile,mid-century,s3://cadcat/climate-profiles/standard-met-year/ukiah_municipal_airport_kuki/t2/95ptile/mid-century/stdyr_t2_95ptile_ukiah_municipal_airport_kuki_mid-century.csv
ukiah_municipal_airport_kuki,t2,95ptile,mid-late-century,s3://cadcat/climate-profiles/standard-met-year/ukiah_municipal_airport_kuki/t2/95ptile/mid-late-century/stdyr_t2_95ptile_ukiah_municipal_airport_kuki_mid-late-century.csv
ukiah_municipal_airport_kuki,t2,95ptile,near-future,s3://cadcat/climate-profiles/standard-met-year/ukiah_municipal_airport_kuki/t2/95ptile/near-future/stdyr_t2_95ptile_ukiah_municipal_airport_kuki_near-future.csv
ukiah_municipal_airport_kuki,t2,95ptile,present-day,s3://cadcat/climate-profiles/standard-met-year/ukiah_municipal_airport_kuki/t2/95ptile/present-day/stdyr_t2_95ptile_ukiah_municipal_airport_kuki_present-day.csv
ukiah_municipal_airport_kuki,wind_speed_derived,05ptile,mid-century,s3://cadcat/climate-profiles/standard-met-year/ukiah_municipal_airport_kuki/wind_speed_derived/05ptile/mid-century/stdyr_wind_speed_derived_05ptile_ukiah_municipal_airport_kuki_mid-century.csv
ukiah_municipal_airport_kuki,wind_speed_derived,05ptile,mid-late-century,s3://cadcat/climate-profiles/standard-met-year/ukiah_municipal_airport_kuki/wind_speed_derived/05ptile/mid-late-century/stdyr_wind_speed_derived_05ptile_ukiah_municipal_airport_kuki_mid-late-century.csv
ukiah_municipal_airport_kuki,wind_speed_derived,05ptile,near-future,s3://cadcat/climate-profiles/standard-met-year/ukiah_municipal_airport_kuki/wind_speed_derived/05ptile/near-future/stdyr_wind_speed_derived_05ptile_ukiah_municipal_airport_kuki_near-future.csv
ukiah_municipal_airport_kuki,wind_speed_derived,05ptile,present-day,s3://cadcat/climate-profiles/standard-met-year/ukiah_municipal_airport_kuki/wind_speed_derived/05ptile/present-day/stdyr_wind_speed_derived_05ptile_ukiah_municipal_airport_kuki_present-day.csv
ukiah_municipal_airport_kuki,wind_speed_derived,50ptile,mid-century,s3://cadcat/climate-profiles/standard-met-year/ukiah_municipal_airport_kuki/wind_speed_derived/50ptile/mid-century/stdyr_wind_speed_derived_50ptile_ukiah_municipal_airport_kuki_mid-century.csv
ukiah_municipal_airport_kuki,wind_speed_derived,50ptile,mid-late-century,s3://cadcat/climate-profiles/standard-met-year/ukiah_municipal_airport_kuki/wind_speed_derived/50ptile/mid-late-century/stdyr_wind_speed_derived_50ptile_ukiah_municipal_airport_kuki_mid-late-century.csv
ukiah_municipal_airport_kuki,wind_speed_derived,50ptile,near-future,s3://cadcat/climate-profiles/standard-met-year/ukiah_municipal_airport_kuki/wind_speed_derived/50ptile/near-future/stdyr_wind_speed_derived_50ptile_ukiah_municipal_airport_kuki_near-future.csv
ukiah_municipal_airport_kuki,wind_speed_derived,50ptile,present-day,s3://cadcat/climate-profiles/standard-met-year/ukiah_municipal_airport_kuki/wind_speed_derived/50ptile/present-day/stdyr_wind_speed_derived_50ptile_ukiah_municipal_airport_kuki_present-day.csv
ukiah_municipal_airport_kuki,wind_speed_derived,95ptile,mid-century,s3://cadcat/climate-profiles/standard-met-year/ukiah_municipal_airport_kuki/wind_speed_derived/95ptile/mid-century/stdyr_wind_speed_derived_95ptile_ukiah_municipal_airport_kuki_mid-century.csv
ukiah_municipal_airport_kuki,wind_speed_derived,95ptile,mid-late-century,s3://cadcat/climate-profiles/standard-met-year/ukiah_municipal_airport_kuki/wind_speed_derived/95ptile/mid-late-century/stdyr_wind_speed_derived_95ptile_ukiah_municipal_airport_kuki_mid-late-century.csv
ukiah_municipal_airport_kuki,wind_speed_derived,95ptile,near-future,s3://cadcat/climate-profiles/standard-met-year/ukiah_municipal_airport_kuki/wind_speed_derived/95ptile/near-future/stdyr_wind_speed_derived_95ptile_ukiah_municipal_airport_kuki_near-future.csv
ukiah_municipal_airport_kuki,wind_speed_derived,95ptile,present-day,s3://cadcat/climate-profiles/standard-met-year/ukiah_municipal_airport_kuki/wind_speed_derived/95ptile/present-day/stdyr_wind_speed_derived_95ptile_ukiah_municipal_airport_kuki_present-day.csv
