station_name,activity_id,source_id,member_id,time_period,path
arcata_eureka_airport_kacv,wrf,ec-earth3,r1i1p1f1,mid-century,s3://cadcat/climate-profiles/typical-met-year/arcata_eureka_airport_kacv/ec-earth3/mid-century/tmy_arcata_eureka_airport_kacv_wrf_ec-earth3_r1i1p1f1_mid-century.csv
arcata_eureka_airport_kacv,wrf,ec-earth3,r1i1p1f1,mid-late-century,s3://cadcat/climate-profiles/typical-met-year/arcata_eureka_airport_kacv/ec-earth3/mid-late-century/tmy_arcata_eureka_airport_kacv_wrf_ec-earth3_r1i1p1f1_mid-late-century.csv
arcata_eureka_airport_kacv,wrf,ec-earth3,r1i1p1f1,near-future,s3://cadcat/climate-profiles/typical-met-year/arcata_eureka_airport_kacv/ec-earth3/near-future/tmy_arcata_eureka_airport_kacv_wrf_ec-earth3_r1i1p1f1_near-future.csv
arcata_eureka_airport_kacv,wrf,ec-earth3,r1i1p1f1,present-day,s3://cadcat/climate-profiles/typical-met-year/arcata_eureka_airport_kacv/ec-earth3/present-day/tmy_arcata_eureka_airport_kacv_wrf_ec-earth3_r1i1p1f1_present-day.csv
arcata_eureka_airport_kacv,wrf,miroc6,r1i1p1f1,mid-century,s3://cadcat/climate-profiles/typical-met-year/arcata_eureka_airport_kacv/miroc6/mid-century/tmy_arcata_eureka_airport_kacv_wrf_miroc6_r1i1p1f1_mid-century.csv
arcata_eureka_airport_kacv,wrf,miroc6,r1i1p1f1,mid-late-century,s3://cadcat/climate-profiles/typical-met-year/arcata_eureka_airport_kacv/miroc6/mid-late-century/tmy_arcata_eureka_airport_kacv_wrf_miroc6_r1i1p1f1_mid-late-century.csv
arcata_eureka_airport_kacv,wrf,miroc6,r1i1p1f1,near-future,s3://cadcat/climate-profiles/typical-met-year/arcata_eureka_airport_kacv/miroc6/near-future/tmy_arcata_eureka_airport_kacv_wrf_miroc6_r1i1p1f1_near-future.csv
arcata_eureka_airport_kacv,wrf,miroc6,r1i1p1f1,present-day,s3://cadcat/climate-profiles/typical-met-year/arcata_eureka_airport_kacv/miroc6/present-day/tmy_arcata_eureka_airport_kacv_wrf_miroc6_r1i1p1f1_present-day.csv
arcata_eureka_airport_kacv,wrf,mpi-esm1-2-hr,r3i1p1f1,mid-century,s3://cadcat/climate-profiles/typical-met-year/arcata_eureka_airport_kacv/mpi-esm1-2-hr/mid-century/tmy_arcata_eureka_airport_kacv_wrf_mpi-esm1-2-hr_r3i1p1f1_mid-century.csv
arcata_eureka_airport_kacv,wrf,mpi-esm1-2-hr,r3i1p1f1,mid-late-century,s3://cadcat/climate-profiles/typical-met-year/arcata_eureka_airport_kacv/mpi-esm1-2-hr/mid-late-century/tmy_arcata_eureka_airport_kacv_wrf_mpi-esm1-2-hr_r3i1p1f1_mid-late-century.csv
arcata_eureka_airport_kacv,wrf,mpi-esm1-2-hr,r3i1p1f1,near-future,s3://cadcat/climate-profiles/typical-met-year/arcata_eureka_airport_kacv/mpi-esm1-2-hr/near-future/tmy_arcata_eureka_airport_kacv_wrf_mpi-esm1-2-hr_r3i1p1f1_near-future.csv
arcata_eureka_airport_kacv,wrf,mpi-esm1-2-hr,r3i1p1f1,present-day,s3://cadcat/climate-profiles/typical-met-year/arcata_eureka_airport_kacv/mpi-esm1-2-hr/present-day/tmy_arcata_eureka_airport_kacv_wrf_mpi-esm1-2-hr_r3i1p1f1_present-day.csv
arcata_eureka_airport_kacv,wrf,taiesm1,r1i1p1f1,mid-century,s3://cadcat/climate-profiles/typical-met-year/arcata_eureka_airport_kacv/taiesm1/mid-century/tmy_arcata_eureka_airport_kacv_wrf_taiesm1_r1i1p1f1_mid-century.csv
arcata_eureka_airport_kacv,wrf,taiesm1,r1i1p1f1,mid-late-century,s3://cadcat/climate-profiles/typical-met-year/arcata_eureka_airport_kacv/taiesm1/mid-late-century/tmy_arcata_eureka_airport_kacv_wrf_taiesm1_r1i1p1f1_mid-late-century.csv
arcata_eureka_airport_kacv,wrf,taiesm1,r1i1p1f1,near-future,s3://cadcat/climate-profiles/typical-met-year/arcata_eureka_airport_kacv/taiesm1/near-future/tmy_arcata_eureka_airport_kacv_wrf_taiesm1_r1i1p1f1_near-future.csv
arcata_eureka_airport_kacv,wrf,taiesm1,r1i1p1f1,present-day,s3://cadcat/climate-profiles/typical-met-year/arcata_eureka_airport_kacv/taiesm1/present-day/tmy_arcata_eureka_airport_kacv_wrf_taiesm1_r1i1p1f1_present-day.csv
bakersfield_meadows_field_kbfl,wrf,ec-earth3,r1i1p1f1,mid-century,s3://cadcat/climate-profiles/typical-met-year/bakersfield_meadows_field_kbfl/ec-earth3/mid-century/tmy_bakersfield_meadows_field_kbfl_wrf_ec-earth3_r1i1p1f1_mid-century.csv
bakersfield_meadows_field_kbfl,wrf,ec-earth3,r1i1p1f1,mid-late-century,s3://cadcat/climate-profiles/typical-met-year/bakersfield_meadows_field_kbfl/ec-earth3/mid-late-century/tmy_bakersfield_meadows_field_kbfl_wrf_ec-earth3_r1i1p1f1_mid-late-century.csv
bakersfield_meadows_field_kbfl,wrf,ec-earth3,r1i1p1f1,near-future,s3://cadcat/climate-profiles/typical-met-year/bakersfield_meadows_field_kbfl/ec-earth3/near-future/tmy_bakersfield_meadows_field_kbfl_wrf_ec-earth3_r1i1p1f1_near-future.csv
bakersfield_meadows_field_kbfl,wrf,ec-earth3,r1i1p1f1,present-day,s3://cadcat/climate-profiles/typical-met-year/bakersfield_meadows_field_kbfl/ec-earth3/present-day/tmy_bakersfield_meadows_field_kbfl_wrf_ec-earth3_r1i1p1f1_present-day.csv
bakersfield_meadows_field_kbfl,wrf,miroc6,r1i1p1f1,mid-century,s3://cadcat/climate-profiles/typical-met-year/bakersfield_meadows_field_kbfl/miroc6/mid-century/tmy_bakersfield_meadows_field_kbfl_wrf_miroc6_r1i1p1f1_mid-century.csv
bakersfield_meadows_field_kbfl,wrf,miroc6,r1i1p1f1,mid-late-century,s3://cadcat/climate-profiles/typical-met-year/bakersfield_meadows_field_kbfl/miroc6/mid-late-century/tmy_bakersfield_meadows_field_kbfl_wrf_miroc6_r1i1p1f1_mid-late-century.csv
bakersfield_meadows_field_kbfl,wrf,miroc6,r1i1p1f1,near-future,s3://cadcat/climate-profiles/typical-met-year/bakersfield_meadows_field_kbfl/miroc6/near-future/tmy_bakersfield_meadows_field_kbfl_wrf_miroc6_r1i1p1f1_near-future.csv
bakersfield_meadows_field_kbfl,wrf,miroc6,r1i1p1f1,present-day,s3://cadcat/climate-profiles/typical-met-year/bakersfield_meadows_field_kbfl/miroc6/present-day/tmy_bakersfield_meadows_field_kbfl_wrf_miroc6_r1i1p1f1_present-day.csv
bakersfield_meadows_field_kbfl,wrf,mpi-esm1-2-hr,r3i1p1f1,mid-century,s3://cadcat/climate-profiles/typical-met-year/bakersfield_meadows_field_kbfl/mpi-esm1-2-hr/mid-century/tmy_bakersfield_meadows_field_kbfl_wrf_mpi-esm1-2-hr_r3i1p1f1_mid-century.csv
bakersfield_meadows_field_kbfl,wrf,mpi-esm1-2-hr,r3i1p1f1,mid-late-century,s3://cadcat/climate-profiles/typical-met-year/bakersfield_meadows_field_kbfl/mpi-esm1-2-hr/mid-late-century/tmy_bakersfield_meadows_field_kbfl_wrf_mpi-esm1-2-hr_r3i1p1f1_mid-late-century.csv
bakersfield_meadows_field_kbfl,wrf,mpi-esm1-2-hr,r3i1p1f1,near-future,s3://cadcat/climate-profiles/typical-met-year/bakersfield_meadows_field_kbfl/mpi-esm1-2-hr/near-future/tmy_bakersfield_meadows_field_kbfl_wrf_mpi-esm1-2-hr_r3i1p1f1_near-future.csv
bakersfield_meadows_field_kbfl,wrf,mpi-esm1-2-hr,r3i1p1f1,present-day,s3://cadcat/climate-profiles/typical-met-year/bakersfield_meadows_field_kbfl/mpi-esm1-2-hr/present-day/tmy_bakersfield_meadows_field_kbfl_wrf_mpi-esm1-2-hr_r3i1p1f1_present-day.csv
bakersfield_meadows_field_kbfl,wrf,taiesm1,r1i1p1f1,mid-century,s3://cadcat/climate-profiles/typical-met-year/bakersfield_meadows_field_kbfl/taiesm1/mid-century/tmy_bakersfield_meadows_field_kbfl_wrf_taiesm1_r1i1p1f1_mid-century.csv
bakersfield_meadows_field_kbfl,wrf,taiesm1,r1i1p1f1,mid-late-century,s3://cadcat/climate-profiles/typical-met-year/bakersfield_meadows_field_kbfl/taiesm1/mid-late-century/tmy_bakersfield_meadows_field_kbfl_wrf_taiesm1_r1i1p1f1_mid-late-century.csv
bakersfield_meadows_field_kbfl,wrf,taiesm1,r1i1p1f1,near-future,s3://cadcat/climate-profiles/typical-met-year/bakersfield_meadows_field_kbfl/taiesm1/near-future/tmy_bakersfield_meadows_field_kbfl_wrf_taiesm1_r1i1p1f1_near-future.csv
bakersfield_meadows_field_kbfl,wrf,taiesm1,r1i1p1f1,present-day,s3://cadcat/climate-profiles/typical-met-year/bakersfield_meadows_field_kbfl/taiesm1/present-day/tmy_bakersfield_meadows_field_kbfl_wrf_taiesm1_r1i1p1f1_present-day.csv
blythe_asos_kblh,wrf,ec-earth3,r1i1p1f1,mid-century,s3://cadcat/climate-profiles/typical-met-year/blythe_asos_kblh/ec-earth3/mid-century/tmy_blythe_asos_kblh_wrf_ec-earth3_r1i1p1f1_mid-century.csv
blythe_asos_kblh,wrf,ec-earth3,r1i1p1f1,mid-late-century,s3://cadcat/climate-profiles/typical-met-year/blythe_asos_kblh/ec-earth3/mid-late-century/tmy_blythe_asos_kblh_wrf_ec-earth3_r1i1p1f1_mid-late-century.csv
blythe_asos_kblh,wrf,ec-earth3,r1i1p1f1,near-future,s3://cadcat/climate-profiles/typical-met-year/blythe_asos_kblh/ec-earth3/near-future/tmy_blythe_asos_kblh_wrf_ec-earth3_r1i1p1f1_near-future.csv
blythe_asos_kblh,wrf,ec-earth3,r1i1p1f1,present-day,s3://cadcat/climate-profiles/typical-met-year/blythe_asos_kblh/ec-earth3/present-day/tmy_blythe_asos_kblh_wrf_ec-earth3_r1i1p1f1_present-day.csv
blythe_asos_kblh,wrf,miroc6,r1i1p1f1,mid-century,s3://cadcat/climate-profiles/typical-met-year/blythe_asos_kblh/miroc6/mid-century/tmy_blythe_asos_kblh_wrf_miroc6_r1i1p1f1_mid-century.csv
blythe_asos_kblh,wrf,miroc6,r1i1p1f1,mid-late-century,s3://cadcat/climate-profiles/typical-met-year/blythe_asos_kblh/miroc6/mid-late-century/tmy_blythe_asos_kblh_wrf_miroc6_r1i1p1f1_mid-late-century.csv
blythe_asos_kblh,wrf,miroc6,r1i1p1f1,near-future,s3://cadcat/climate-profiles/typical-met-year/blythe_asos_kblh/miroc6/near-future/tmy_blythe_asos_kblh_wrf_miroc6_r1i1p1f1_near-future.csv
blythe_asos_kblh,wrf,miroc6,r1i1p1f1,present-day,s3://cadcat/climate-profiles/typical-met-year/blythe_asos_kblh/miroc6/present-day/tmy_blythe_asos_kblh_wrf_miroc6_r1i1p1f1_present-day.csv
blythe_asos_kblh,wrf,mpi-esm1-2-hr,r3i1p1f1,mid-century,s3://cadcat/climate-profiles/typical-met-year/blythe_asos_kblh/mpi-esm1-2-hr/mid-century/tmy_blythe_asos_kblh_wrf_mpi-esm1-2-hr_r3i1p1f1_mid-century.csv
blythe_asos_kblh,wrf,mpi-esm1-2-hr,r3i1p1f1,mid-late-century,s3://cadcat/climate-profiles/typical-met-year/blythe_asos_kblh/mpi-esm1-2-hr/mid-late-century/tmy_blythe_asos_kblh_wrf_mpi-esm1-2-hr_r3i1p1f1_mid-late-century.csv
blythe_asos_kblh,wrf,mpi-esm1-2-hr,r3i1p1f1,near-future,s3://cadcat/climate-profiles/typical-met-year/blythe_asos_kblh/mpi-esm1-2-hr/near-future/tmy_blythe_asos_kblh_wrf_mpi-esm1-2-hr_r3i1p1f1_near-future.csv
blythe_asos_kblh,wrf,mpi-esm1-2-hr,r3i1p1f1,present-day,s3://cadcat/climate-profiles/typical-met-year/blythe_asos_kblh/mpi-esm1-2-hr/present-day/tmy_blythe_asos_kblh_wrf_mpi-esm1-2-hr_r3i1p1f1_present-day.csv
blythe_asos_kblh,wrf,taiesm1,r1i1p1f1,mid-century,s3://cadcat/climate-profiles/typical-met-year/blythe_asos_kblh/taiesm1/mid-century/tmy_blythe_asos_kblh_wrf_taiesm1_r1i1p1f1_mid-century.csv
blythe_asos_kblh,wrf,taiesm1,r1i1p1f1,mid-late-century,s3://cadcat/climate-profiles/typical-met-year/blythe_asos_kblh/taiesm1/mid-late-century/tmy_blythe_asos_kblh_wrf_taiesm1_r1i1p1f1_mid-late-century.csv
blythe_asos_kblh,wrf,taiesm1,r1i1p1f1,near-future,s3://cadcat/climate-profiles/typical-met-year/blythe_asos_kblh/taiesm1/near-future/tmy_blythe_asos_kblh_wrf_taiesm1_r1i1p1f1_near-future.csv
blythe_asos_kblh,wrf,taiesm1,r1i1p1f1,present-day,s3://cadcat/climate-profiles/typical-met-year/blythe_asos_kblh/taiesm1/present-day/tmy_blythe_asos_kblh_wrf_taiesm1_r1i1p1f1_present-day.csv
burbank-glendale-pasadena_airport_kbur,wrf,ec-earth3,r1i1p1f1,mid-century,s3://cadcat/climate-profiles/typical-met-year/burbank-glendale-pasadena_airport_kbur/ec-earth3/mid-century/tmy_burbank-glendale-pasadena_airport_kbur_wrf_ec-earth3_r1i1p1f1_mid-century.csv
burbank-glendale-pasadena_airport_kbur,wrf,ec-earth3,r1i1p1f1,mid-late-century,s3://cadcat/climate-profiles/typical-met-year/burbank-glendale-pasadena_airport_kbur/ec-earth3/mid-late-century/tmy_burbank-glendale-pasadena_airport_kbur_wrf_ec-earth3_r1i1p1f1_mid-late-century.csv
burbank-glendale-pasadena_airport_kbur,wrf,ec-earth3,r1i1p1f1,near-future,s3://cadcat/climate-profiles/typical-met-year/burbank-glendale-pasadena_airport_kbur/ec-earth3/near-future/tmy_burbank-glendale-pasadena_airport_kbur_wrf_ec-earth3_r1i1p1f1_near-future.csv
burbank-glendale-pasadena_airport_kbur,wrf,ec-earth3,r1i1p1f1,present-day,s3://cadcat/climate-profiles/typical-met-year/burbank-glendale-pasadena_airport_kbur/ec-earth3/present-day/tmy_burbank-glendale-pasadena_airport_kbur_wrf_ec-earth3_r1i1p1f1_present-day.csv
burbank-glendale-pasadena_airport_kbur,wrf,miroc6,r1i1p1f1,mid-century,s3://cadcat/climate-profiles/typical-met-year/burbank-glendale-pasadena_airport_kbur/miroc6/mid-century/tmy_burbank-glendale-pasadena_airport_kbur_wrf_miroc6_r1i1p1f1_mid-century.csv
burbank-glendale-pasadena_airport_kbur,wrf,miroc6,r1i1p1f1,mid-late-century,s3://cadcat/climate-profiles/typical-met-year/burbank-glendale-pasadena_airport_kbur/miroc6/mid-late-century/tmy_burbank-glendale-pasadena_airport_kbur_wrf_miroc6_r1i1p1f1_mid-late-century.csv
burbank-glendale-pasadena_airport_kbur,wrf,miroc6,r1i1p1f1,near-future,s3://cadcat/climate-profiles/typical-met-year/burbank-glendale-pasadena_airport_kbur/miroc6/near-future/tmy_burbank-glendale-pasadena_airport_kbur_wrf_miroc6_r1i1p1f1_near-future.csv
burbank-glendale-pasadena_airport_kbur,wrf,miroc6,r1i1p1f1,present-day,s3://cadcat/climate-profiles/typical-met-year/burbank-glendale-pasadena_airport_kbur/miroc6/present-day/tmy_burbank-glendale-pasadena_airport_kbur_wrf_miroc6_r1i1p1f1_present-day.csv
burbank-glendale-pasadena_airport_kbur,wrf,mpi-esm1-2-hr,r3i1p1f1,mid-century,s3://cadcat/climate-profiles/typical-met-year/burbank-glendale-pasadena_airport_kbur/mpi-esm1-2-hr/mid-century/tmy_burbank-glendale-pasadena_airport_kbur_wrf_mpi-esm1-2-hr_r3i1p1f1_mid-century.csv
burbank-glendale-pasadena_airport_kbur,wrf,mpi-esm1-2-hr,r3i1p1f1,mid-late-century,s3://cadcat/climate-profiles/typical-met-year/burbank-glendale-pasadena_airport_kbur/mpi-esm1-2-hr/mid-late-century/tmy_burbank-glendale-pasadena_airport_kbur_wrf_mpi-esm1-2-hr_r3i1p1f1_mid-late-century.csv
burbank-glendale-pasadena_airport_kbur,wrf,mpi-esm1-2-hr,r3i1p1f1,near-future,s3://cadcat/climate-profiles/typical-met-year/burbank-glendale-pasadena_airport_kbur/mpi-esm1-2-hr/near-future/tmy_burbank-glendale-pasadena_airport_kbur_wrf_mpi-esm1-2-hr_r3i1p1f1_near-future.csv
burbank-glendale-pasadena_airport_kbur,wrf,mpi-esm1-2-hr,r3i1p1f1,present-day,s3://cadcat/climate-profiles/typical-met-year/burbank-glendale-pasadena_airport_kbur/mpi-esm1-2-hr/present-day/tmy_burbank-glendale-pasadena_airport_kbur_wrf_mpi-esm1-2-hr_r3i1p1f1_present-day.csv
burbank-glendale-pasadena_airport_kbur,wrf,taiesm1,r1i1p1f1,mid-century,s3://cadcat/climate-profiles/typical-met-year/burbank-glendale-pasadena_airport_kbur/taiesm1/mid-century/tmy_burbank-glendale-pasadena_airport_kbur_wrf_taiesm1_r1i1p1f1_mid-century.csv
burbank-glendale-pasadena_airport_kbur,wrf,taiesm1,r1i1p1f1,mid-late-century,s3://cadcat/climate-profiles/typical-met-year/burbank-glendale-pasadena_airport_kbur/taiesm1/mid-late-century/tmy_burbank-glendale-pasadena_airport_kbur_wrf_taiesm1_r1i1p1f1_mid-late-century.csv
burbank-glendale-pasadena_airport_kbur,wrf,taiesm1,r1i1p1f1,near-future,s3://cadcat/climate-profiles/typical-met-year/burbank-glendale-pasadena_airport_kbur/taiesm1/near-future/tmy_burbank-glendale-pasadena_airport_kbur_wrf_taiesm1_r1i1p1f1_near-future.csv
burbank-glendale-pasadena_airport_kbur,wrf,taiesm1,r1i1p1f1,present-day,s3://cadcat/climate-profiles/typical-met-year/burbank-glendale-pasadena_airport_kbur/taiesm1/present-day/tmy_burbank-glendale-pasadena_airport_kbur_wrf_taiesm1_r1i1p1f1_present-day.csv
desert_resorts_regional_airport_ktrm,wrf,ec-earth3,r1i1p1f1,mid-century,s3://cadcat/climate-profiles/typical-met-year/desert_resorts_regional_airport_ktrm/ec-earth3/mid-century/tmy_desert_resorts_regional_airport_ktrm_wrf_ec-earth3_r1i1p1f1_mid-century.csv
desert_resorts_regional_airport_ktrm,wrf,ec-earth3,r1i1p1f1,mid-late-century,s3://cadcat/climate-profiles/typical-met-year/desert_resorts_regional_airport_ktrm/ec-earth3/mid-late-century/tmy_desert_resorts_regional_airport_ktrm_wrf_ec-earth3_r1i1p1f1_mid-late-century.csv
desert_resorts_regional_airport_ktrm,wrf,ec-earth3,r1i1p1f1,near-future,s3://cadcat/climate-profiles/typical-met-year/desert_resorts_regional_airport_ktrm/ec-earth3/near-future/tmy_desert_resorts_regional_airport_ktrm_wrf_ec-earth3_r1i1p1f1_near-future.csv
desert_resorts_regional_airport_ktrm,wrf,ec-earth3,r1i1p1f1,present-day,s3://cadcat/climate-profiles/typical-met-year/desert_resorts_regional_airport_ktrm/ec-earth3/present-day/tmy_desert_resorts_regional_airport_ktrm_wrf_ec-earth3_r1i1p1f1_present-day.csv
desert_resorts_regional_airport_ktrm,wrf,miroc6,r1i1p1f1,mid-century,s3://cadcat/climate-profiles/typical-met-year/desert_resorts_regional_airport_ktrm/miroc6/mid-century/tmy_desert_resorts_regional_airport_ktrm_wrf_miroc6_r1i1p1f1_mid-century.csv
desert_resorts_regional_airport_ktrm,wrf,miroc6,r1i1p1f1,mid-late-century,s3://cadcat/climate-profiles/typical-met-year/desert_resorts_regional_airport_ktrm/miroc6/mid-late-century/tmy_desert_resorts_regional_airport_ktrm_wrf_miroc6_r1i1p1f1_mid-late-century.csv
desert_resorts_regional_airport_ktrm,wrf,miroc6,r1i1p1f1,near-future,s3://cadcat/climate-profiles/typical-met-year/desert_resorts_regional_airport_ktrm/miroc6/near-future/tmy_desert_resorts_regional_airport_ktrm_wrf_miroc6_r1i1p1f1_near-future.csv
desert_resorts_regional_airport_ktrm,wrf,miroc6,r1i1p1f1,present-day,s3://cadcat/climate-profiles/typical-met-year/desert_resorts_regional_airport_ktrm/miroc6/present-day/tmy_desert_resorts_regional_airport_ktrm_wrf_miroc6_r1i1p1f1_present-day.csv
desert_resorts_regional_airport_ktrm,wrf,mpi-esm1-2-hr,r3i1p1f1,mid-century,s3://cadcat/climate-profiles/typical-met-year/desert_resorts_regional_airport_ktrm/mpi-esm1-2-hr/mid-century/tmy_desert_resorts_regional_airport_ktrm_wrf_mpi-esm1-2-hr_r3i1p1f1_mid-century.csv
desert_resorts_regional_airport_ktrm,wrf,mpi-esm1-2-hr,r3i1p1f1,mid-late-century,s3://cadcat/climate-profiles/typical-met-year/desert_resorts_regional_airport_ktrm/mpi-esm1-2-hr/mid-late-century/tmy_desert_resorts_regional_airport_ktrm_wrf_mpi-esm1-2-hr_r3i1p1f1_mid-late-century.csv
desert_resorts_regional_airport_ktrm,wrf,mpi-esm1-2-hr,r3i1p1f1,near-future,s3://cadcat/climate-profiles/typical-met-year/desert_resorts_regional_airport_ktrm/mpi-esm1-2-hr/near-future/tmy_desert_resorts_regional_airport_ktrm_wrf_mpi-esm1-2-hr_r3i1p1f1_near-future.csv
desert_resorts_regional_airport_ktrm,wrf,mpi-esm1-2-hr,r3i1p1f1,present-day,s3://cadcat/climate-profiles/typical-met-year/desert_resorts_regional_airport_ktrm/mpi-esm1-2-hr/present-day/tmy_desert_resorts_regional_airport_ktrm_wrf_mpi-esm1-2-hr_r3i1p1f1_present-day.csv
desert_resorts_regional_airport_ktrm,wrf,taiesm1,r1i1p1f1,mid-century,s3://cadcat/climate-profiles/typical-met-year/desert_resorts_regional_airport_ktrm/taiesm1/mid-century/tmy_desert_resorts_regional_airport_ktrm_wrf_taiesm1_r1i1p1f1_mid-century.csv
desert_resorts_regional_airport_ktrm,wrf,taiesm1,r1i1p1f1,mid-late-century,s3://cadcat/climate-profiles/typical-met-year/desert_resorts_regional_airport_ktrm/taiesm1/mid-late-century/tmy_desert_resorts_regional_airport_ktrm_wrf_taiesm1_r1i1p1f1_mid-late-century.csv
desert_resorts_regional_airport_ktrm,wrf,taiesm1,r1i1p1f1,near-future,s3://cadcat/climate-profiles/typical-met-year/desert_resorts_regional_airport_ktrm/taiesm1/near-future/tmy_desert_resorts_regional_airport_ktrm_wrf_taiesm1_r1i1p1f1_near-future.csv
desert_resorts_regional_airport_ktrm,wrf,taiesm1,r1i1p1f1,present-day,s3://cadcat/climate-profiles/typical-met-year/desert_resorts_regional_airport_ktrm/taiesm1/present-day/tmy_desert_resorts_regional_airport_ktrm_wrf_taiesm1_r1i1p1f1_present-day.csv
downtown_los_angeles_usc_campus_kcqt,wrf,ec-earth3,r1i1p1f1,mid-century,s3://cadcat/climate-profiles/typical-met-year/downtown_los_angeles_usc_campus_kcqt/ec-earth3/mid-century/tmy_downtown_los_angeles_usc_campus_kcqt_wrf_ec-earth3_r1i1p1f1_mid-century.csv
downtown_los_angeles_usc_campus_kcqt,wrf,ec-earth3,r1i1p1f1,mid-late-century,s3://cadcat/climate-profiles/typical-met-year/downtown_los_angeles_usc_campus_kcqt/ec-earth3/mid-late-century/tmy_downtown_los_angeles_usc_campus_kcqt_wrf_ec-earth3_r1i1p1f1_mid-late-century.csv
downtown_los_angeles_usc_campus_kcqt,wrf,ec-earth3,r1i1p1f1,near-future,s3://cadcat/climate-profiles/typical-met-year/downtown_los_angeles_usc_campus_kcqt/ec-earth3/near-future/tmy_downtown_los_angeles_usc_campus_kcqt_wrf_ec-earth3_r1i1p1f1_near-future.csv
downtown_los_angeles_usc_campus_kcqt,wrf,ec-earth3,r1i1p1f1,present-day,s3://cadcat/climate-profiles/typical-met-year/downtown_los_angeles_usc_campus_kcqt/ec-earth3/present-day/tmy_downtown_los_angeles_usc_campus_kcqt_wrf_ec-earth3_r1i1p1f1_present-day.csv
downtown_los_angeles_usc_campus_kcqt,wrf,miroc6,r1i1p1f1,mid-century,s3://cadcat/climate-profiles/typical-met-year/downtown_los_angeles_usc_campus_kcqt/miroc6/mid-century/tmy_downtown_los_angeles_usc_campus_kcqt_wrf_miroc6_r1i1p1f1_mid-century.csv
downtown_los_angeles_usc_campus_kcqt,wrf,miroc6,r1i1p1f1,mid-late-century,s3://cadcat/climate-profiles/typical-met-year/downtown_los_angeles_usc_campus_kcqt/miroc6/mid-late-century/tmy_downtown_los_angeles_usc_campus_kcqt_wrf_miroc6_r1i1p1f1_mid-late-century.csv
downtown_los_angeles_usc_campus_kcqt,wrf,miroc6,r1i1p1f1,near-future,s3://cadcat/climate-profiles/typical-met-year/downtown_los_angeles_usc_campus_kcqt/miroc6/near-future/tmy_downtown_los_angeles_usc_campus_kcqt_wrf_miroc6_r1i1p1f1_near-future.csv
downtown_los_angeles_usc_campus_kcqt,wrf,miroc6,r1i1p1f1,present-day,s3://cadcat/climate-profiles/typical-met-year/downtown_los_angeles_usc_campus_kcqt/miroc6/present-day/tmy_downtown_los_angeles_usc_campus_kcqt_wrf_miroc6_r1i1p1f1_present-day.csv
downtown_los_angeles_usc_campus_kcqt,wrf,mpi-esm1-2-hr,r3i1p1f1,mid-century,s3://cadcat/climate-profiles/typical-met-year/downtown_los_angeles_usc_campus_kcqt/mpi-esm1-2-hr/mid-century/tmy_downtown_los_angeles_usc_campus_kcqt_wrf_mpi-esm1-2-hr_r3i1p1f1_mid-century.csv
downtown_los_angeles_usc_campus_kcqt,wrf,mpi-esm1-2-hr,r3i1p1f1,mid-late-century,s3://cadcat/climate-profiles/typical-met-year/downtown_los_angeles_usc_campus_kcqt/mpi-esm1-2-hr/mid-late-century/tmy_downtown_los_angeles_usc_campus_kcqt_wrf_mpi-esm1-2-hr_r3i1p1f1_mid-late-century.csv
downtown_los_angeles_usc_campus_kcqt,wrf,mpi-esm1-2-hr,r3i1p1f1,near-future,s3://cadcat/climate-profiles/typical-met-year/downtown_los_angeles_usc_campus_kcqt/mpi-esm1-2-hr/near-future/tmy_downtown_los_angeles_usc_campus_kcqt_wrf_mpi-esm1-2-hr_r3i1p1f1_near-future.csv
downtown_los_angeles_usc_campus_kcqt,wrf,mpi-esm1-2-hr,r3i1p1f1,present-day,s3://cadcat/climate-profiles/typical-met-year/downtown_los_angeles_usc_campus_kcqt/mpi-esm1-2-hr/present-day/tmy_downtown_los_angeles_usc_campus_kcqt_wrf_mpi-esm1-2-hr_r3i1p1f1_present-day.csv
downtown_los_angeles_usc_campus_kcqt,wrf,taiesm1,r1i1p1f1,mid-century,s3://cadcat/climate-profiles/typical-met-year/downtown_los_angeles_usc_campus_kcqt/taiesm1/mid-century/tmy_downtown_los_angeles_usc_campus_kcqt_wrf_taiesm1_r1i1p1f1_mid-century.csv
downtown_los_angeles_usc_campus_kcqt,wrf,taiesm1,r1i1p1f1,mid-late-century,s3://cadcat/climate-profiles/typical-met-year/downtown_los_angeles_usc_campus_kcqt/taiesm1/mid-late-century/tmy_downtown_los_angeles_usc_campus_kcqt_wrf_taiesm1_r1i1p1f1_mid-late-century.csv
downtown_los_angeles_usc_campus_kcqt,wrf,taiesm1,r1i1p1f1,near-future,s3://cadcat/climate-profiles/typical-met-year/downtown_los_angeles_usc_campus_kcqt/taiesm1/near-future/tmy_downtown_los_angeles_usc_campus_kcqt_wrf_taiesm1_r1i1p1f1_near-future.csv
downtown_los_angeles_usc_campus_kcqt,wrf,taiesm1,r1i1p1f1,present-day,s3://cadcat/climate-profiles/typical-met-year/downtown_los_angeles_usc_campus_kcqt/taiesm1/present-day/tmy_downtown_los_angeles_usc_campus_kcqt_wrf_taiesm1_r1i1p1f1_present-day.csv
fresno_yosemite_international_airport_kfat,wrf,ec-earth3,r1i1p1f1,mid-century,s3://cadcat/climate-profiles/typical-met-year/fresno_yosemite_international_airport_kfat/ec-earth3/mid-century/tmy_fresno_yosemite_international_airport_kfat_wrf_ec-earth3_r1i1p1f1_mid-century.csv
fresno_yosemite_international_airport_kfat,wrf,ec-earth3,r1i1p1f1,mid-late-century,s3://cadcat/climate-profiles/typical-met-year/fresno_yosemite_international_airport_kfat/ec-earth3/mid-late-century/tmy_fresno_yosemite_international_airport_kfat_wrf_ec-earth3_r1i1p1f1_mid-late-century.csv
fresno_yosemite_international_airport_kfat,wrf,ec-earth3,r1i1p1f1,near-future,s3://cadcat/climate-profiles/typical-met-year/fresno_yosemite_international_airport_kfat/ec-earth3/near-future/tmy_fresno_yosemite_international_airport_kfat_wrf_ec-earth3_r1i1p1f1_near-future.csv
fresno_yosemite_international_airport_kfat,wrf,ec-earth3,r1i1p1f1,present-day,s3://cadcat/climate-profiles/typical-met-year/fresno_yosemite_international_airport_kfat/ec-earth3/present-day/tmy_fresno_yosemite_international_airport_kfat_wrf_ec-earth3_r1i1p1f1_present-day.csv
fresno_yosemite_international_airport_kfat,wrf,miroc6,r1i1p1f1,mid-century,s3://cadcat/climate-profiles/typical-met-year/fresno_yosemite_international_airport_kfat/miroc6/mid-century/tmy_fresno_yosemite_international_airport_kfat_wrf_miroc6_r1i1p1f1_mid-century.csv
fresno_yosemite_international_airport_kfat,wrf,miroc6,r1i1p1f1,mid-late-century,s3://cadcat/climate-profiles/typical-met-year/fresno_yosemite_international_airport_kfat/miroc6/mid-late-century/tmy_fresno_yosemite_international_airport_kfat_wrf_miroc6_r1i1p1f1_mid-late-century.csv
fresno_yosemite_international_airport_kfat,wrf,miroc6,r1i1p1f1,near-future,s3://cadcat/climate-profiles/typical-met-year/fresno_yosemite_international_airport_kfat/miroc6/near-future/tmy_fresno_yosemite_international_airport_kfat_wrf_miroc6_r1i1p1f1_near-future.csv
fresno_yosemite_international_airport_kfat,wrf,miroc6,r1i1p1f1,present-day,s3://cadcat/climate-profiles/typical-met-year/fresno_yosemite_international_airport_kfat/miroc6/present-day/tmy_fresno_yosemite_international_airport_kfat_wrf_miroc6_r1i1p1f1_present-day.csv
fresno_yosemite_international_airport_kfat,wrf,mpi-esm1-2-hr,r3i1p1f1,mid-century,s3://cadcat/climate-profiles/typical-met-year/fresno_yosemite_international_airport_kfat/mpi-esm1-2-hr/mid-century/tmy_fresno_yosemite_international_airport_kfat_wrf_mpi-esm1-2-hr_r3i1p1f1_mid-century.csv
fresno_yosemite_international_airport_kfat,wrf,mpi-esm1-2-hr,r3i1p1f1,mid-late-century,s3://cadcat/climate-profiles/typical-met-year/fresno_yosemite_international_airport_kfat/mpi-esm1-2-hr/mid-late-century/tmy_fresno_yosemite_international_airport_kfat_wrf_mpi-esm1-2-hr_r3i1p1f1_mid-late-century.csv
fresno_yosemite_international_airport_kfat,wrf,mpi-esm1-2-hr,r3i1p1f1,near-future,s3://cadcat/climate-profiles/typical-met-year/fresno_yosemite_international_airport_kfat/mpi-esm1-2-hr/near-future/tmy_fresno_yosemite_international_airport_kfat_wrf_mpi-esm1-2-hr_r3i1p1f1_near-future.csv
fresno_yosemite_international_airport_kfat,wrf,mpi-esm1-2-hr,r3i1p1f1,present-day,s3://cadcat/climate-profiles/typical-met-year/fresno_yosemite_international_airport_kfat/mpi-esm1-2-hr/present-day/tmy_fresno_yosemite_international_airport_kfat_wrf_mpi-esm1-2-hr_r3i1p1f1_present-day.csv
fresno_yosemite_international_airport_kfat,wrf,taiesm1,r1i1p1f1,mid-century,s3://cadcat/climate-profiles/typical-met-year/fresno_yosemite_international_airport_kfat/taiesm1/mid-century/tmy_fresno_yosemite_international_airport_kfat_wrf_taiesm1_r1i1p1f1_mid-century.csv
fresno_yosemite_international_airport_kfat,wrf,taiesm1,r1i1p1f1,mid-late-century,s3://cadcat/climate-profiles/typical-met-year/fresno_yosemite_international_airport_kfat/taiesm1/mid-late-century/tmy_fresno_yosemite_international_airport_kfat_wrf_taiesm1_r1i1p1f1_mid-late-century.csv
fresno_yosemite_international_airport_kfat,wrf,taiesm1,r1i1p1f1,near-future,s3://cadcat/climate-profiles/typical-met-year/fresno_yosemite_international_airport_kfat/taiesm1/near-future/tmy_fresno_yosemite_international_airport_kfat_wrf_taiesm1_r1i1p1f1_near-future.csv
fresno_yosemite_international_airport_kfat,wrf,taiesm1,r1i1p1f1,present-day,s3://cadcat/climate-profiles/typical-met-year/fresno_yosemite_international_airport_kfat/taiesm1/present-day/tmy_fresno_yosemite_international_airport_kfat_wrf_taiesm1_r1i1p1f1_present-day.csv
gillespie_field_airport_ksee,wrf,ec-earth3,r1i1p1f1,mid-century,s3://cadcat/climate-profiles/typical-met-year/gillespie_field_airport_ksee/ec-earth3/mid-century/tmy_gillespie_field_airport_ksee_wrf_ec-earth3_r1i1p1f1_mid-century.csv
gillespie_field_airport_ksee,wrf,ec-earth3,r1i1p1f1,mid-late-century,s3://cadcat/climate-profiles/typical-met-year/gillespie_field_airport_ksee/ec-earth3/mid-late-century/tmy_gillespie_field_airport_ksee_wrf_ec-earth3_r1i1p1f1_mid-late-century.csv
gillespie_field_airport_ksee,wrf,ec-earth3,r1i1p1f1,near-future,s3://cadcat/climate-profiles/typical-met-year/gillespie_field_airport_ksee/ec-earth3/near-future/tmy_gillespie_field_airport_ksee_wrf_ec-earth3_r1i1p1f1_near-future.csv
gillespie_field_airport_ksee,wrf,ec-earth3,r1i1p1f1,present-day,s3://cadcat/climate-profiles/typical-met-year/gillespie_field_airport_ksee/ec-earth3/present-day/tmy_gillespie_field_airport_ksee_wrf_ec-earth3_r1i1p1f1_present-day.csv
gillespie_field_airport_ksee,wrf,miroc6,r1i1p1f1,mid-century,s3://cadcat/climate-profiles/typical-met-year/gillespie_field_airport_ksee/miroc6/mid-century/tmy_gillespie_field_airport_ksee_wrf_miroc6_r1i1p1f1_mid-century.csv
gillespie_field_airport_ksee,wrf,miroc6,r1i1p1f1,mid-late-century,s3://cadcat/climate-profiles/typical-met-year/gillespie_field_airport_ksee/miroc6/mid-late-century/tmy_gillespie_field_airport_ksee_wrf_miroc6_r1i1p1f1_mid-late-century.csv
gillespie_field_airport_ksee,wrf,miroc6,r1i1p1f1,near-future,s3://cadcat/climate-profiles/typical-met-year/gillespie_field_airport_ksee/miroc6/near-future/tmy_gillespie_field_airport_ksee_wrf_miroc6_r1i1p1f1_near-future.csv
gillespie_field_airport_ksee,wrf,miroc6,r1i1p1f1,present-day,s3://cadcat/climate-profiles/typical-met-year/gillespie_field_airport_ksee/miroc6/present-day/tmy_gillespie_field_airport_ksee_wrf_miroc6_r1i1p1f1_present-day.csv
gillespie_field_airport_ksee,wrf,mpi-esm1-2-hr,r3i1p1f1,mid-century,s3://cadcat/climate-profiles/typical-met-year/gillespie_field_airport_ksee/mpi-esm1-2-hr/mid-century/tmy_gillespie_field_airport_ksee_wrf_mpi-esm1-2-hr_r3i1p1f1_mid-century.csv
gillespie_field_airport_ksee,wrf,mpi-esm1-2-hr,r3i1p1f1,mid-late-century,s3://cadcat/climate-profiles/typical-met-year/gillespie_field_airport_ksee/mpi-esm1-2-hr/mid-late-century/tmy_gillespie_field_airport_ksee_wrf_mpi-esm1-2-hr_r3i1p1f1_mid-late-century.csv
gillespie_field_airport_ksee,wrf,mpi-esm1-2-hr,r3i1p1f1,near-future,s3://cadcat/climate-profiles/typical-met-year/gillespie_field_airport_ksee/mpi-esm1-2-hr/near-future/tmy_gillespie_field_airport_ksee_wrf_mpi-esm1-2-hr_r3i1p1f1_near-future.csv
gillespie_field_airport_ksee,wrf,mpi-esm1-2-hr,r3i1p1f1,present-day,s3://cadcat/climate-profiles/typical-met-year/gillespie_field_airport_ksee/mpi-esm1-2-hr/present-day/tmy_gillespie_field_airport_ksee_wrf_mpi-esm1-2-hr_r3i1p1f1_present-day.csv
gillespie_field_airport_ksee,wrf,taiesm1,r1i1p1f1,mid-century,s3://cadcat/climate-profiles/typical-met-year/gillespie_field_airport_ksee/taiesm1/mid-century/tmy_gillespie_field_airport_ksee_wrf_taiesm1_r1i1p1f1_mid-century.csv
gillespie_field_airport_ksee,wrf,taiesm1,r1i1p1f1,mid-late-century,s3://cadcat/climate-profiles/typical-met-year/gillespie_field_airport_ksee/taiesm1/mid-late-century/tmy_gillespie_field_airport_ksee_wrf_taiesm1_r1i1p1f1_mid-late-century.csv
gillespie_field_airport_ksee,wrf,taiesm1,r1i1p1f1,near-future,s3://cadcat/climate-profiles/typical-met-year/gillespie_field_airport_ksee/taiesm1/near-future/tmy_gillespie_field_airport_ksee_wrf_taiesm1_r1i1p1f1_near-future.csv
gillespie_field_airport_ksee,wrf,taiesm1,r1i1p1f1,present-day,s3://cadcat/climate-profiles/typical-met-year/gillespie_field_airport_ksee/taiesm1/present-day/tmy_gillespie_field_airport_ksee_wrf_taiesm1_r1i1p1f1_present-day.csv
imperial_county_airport_kipl,wrf,ec-earth3,r1i1p1f1,mid-century,s3://cadcat/climate-profiles/typical-met-year/imperial_county_airport_kipl/ec-earth3/mid-century/tmy_imperial_county_airport_kipl_wrf_ec-earth3_r1i1p1f1_mid-century.csv
imperial_county_airport_kipl,wrf,ec-earth3,r1i1p1f1,mid-late-century,s3://cadcat/climate-profiles/typical-met-year/imperial_county_airport_kipl/ec-earth3/mid-late-century/tmy_imperial_county_airport_kipl_wrf_ec-earth3_r1i1p1f1_mid-late-century.csv
imperial_county_airport_kipl,wrf,ec-earth3,r1i1p1f1,near-future,s3://cadcat/climate-profiles/typical-met-year/imperial_county_airport_kipl/ec-earth3/near-future/tmy_imperial_county_airport_kipl_wrf_ec-earth3_r1i1p1f1_near-future.csv
imperial_county_airport_kipl,wrf,ec-earth3,r1i1p1f1,present-day,s3://cadcat/climate-profiles/typical-met-year/imperial_county_airport_kipl/ec-earth3/present-day/tmy_imperial_county_airport_kipl_wrf_ec-earth3_r1i1p1f1_present-day.csv
imperial_county_airport_kipl,wrf,miroc6,r1i1p1f1,mid-century,s3://cadcat/climate-profiles/typical-met-year/imperial_county_airport_kipl/miroc6/mid-century/tmy_imperial_county_airport_kipl_wrf_miroc6_r1i1p1f1_mid-century.csv
imperial_county_airport_kipl,wrf,miroc6,r1i1p1f1,mid-late-century,s3://cadcat/climate-profiles/typical-met-year/imperial_county_airport_kipl/miroc6/mid-late-century/tmy_imperial_county_airport_kipl_wrf_miroc6_r1i1p1f1_mid-late-century.csv
imperial_county_airport_kipl,wrf,miroc6,r1i1p1f1,near-future,s3://cadcat/climate-profiles/typical-met-year/imperial_county_airport_kipl/miroc6/near-future/tmy_imperial_county_airport_kipl_wrf_miroc6_r1i1p1f1_near-future.csv
imperial_county_airport_kipl,wrf,miroc6,r1i1p1f1,present-day,s3://cadcat/climate-profiles/typical-met-year/imperial_county_airport_kipl/miroc6/present-day/tmy_imperial_county_airport_kipl_wrf_miroc6_r1i1p1f1_present-day.csv
imperial_county_airport_kipl,wrf,mpi-esm1-2-hr,r3i1p1f1,mid-century,s3://cadcat/climate-profiles/typical-met-year/imperial_county_airport_kipl/mpi-esm1-2-hr/mid-century/tmy_imperial_county_airport_kipl_wrf_mpi-esm1-2-hr_r3i1p1f1_mid-century.csv
imperial_county_airport_kipl,wrf,mpi-esm1-2-hr,r3i1p1f1,mid-late-century,s3://cadcat/climate-profiles/typical-met-year/imperial_county_airport_kipl/mpi-esm1-2-hr/mid-late-century/tmy_imperial_county_airport_kipl_wrf_mpi-esm1-2-hr_r3i1p1f1_mid-late-century.csv
imperial_county_airport_kipl,wrf,mpi-esm1-2-hr,r3i1p1f1,near-future,s3://cadcat/climate-profiles/typical-met-year/imperial_county_airport_kipl/mpi-esm1-2-hr/near-future/tmy_imperial_county_airport_kipl_wrf_mpi-esm1-2-hr_r3i1p1f1_near-future.csv
imperial_county_airport_kipl,wrf,mpi-esm1-2-hr,r3i1p1f1,present-day,s3://cadcat/climate-profiles/typical-met-year/imperial_county_airport_kipl/mpi-esm1-2-hr/present-day/tmy_imperial_county_airport_kipl_wrf_mpi-esm1-2-hr_r3i1p1f1_present-day.csv
imperial_county_airport_kipl,wrf,taiesm1,r1i1p1f1,mid-century,s3://cadcat/climate-profiles/typical-met-year/imperial_county_airport_kipl/taiesm1/mid-century/tmy_imperial_county_airport_kipl_wrf_taiesm1_r1i1p1f1_mid-century.csv
imperial_county_airport_kipl,wrf,taiesm1,r1i1p1f1,mid-late-century,s3://cadcat/climate-profiles/typical-met-year/imperial_county_airport_kipl/taiesm1/mid-late-century/tmy_imperial_county_airport_kipl_wrf_taiesm1_r1i1p1f1_mid-late-century.csv
imperial_county_airport_kipl,wrf,taiesm1,r1i1p1f1,near-future,s3://cadcat/climate-profiles/typical-met-year/imperial_county_airport_kipl/taiesm1/near-future/tmy_imperial_county_airport_kipl_wrf_taiesm1_r1i1p1f1_near-future.csv
imperial_county_airport_kipl,wrf,taiesm1,r1i1p1f1,present-day,s3://cadcat/climate-profiles/typical-met-year/imperial_county_airport_kipl/taiesm1/present-day/tmy_imperial_county_airport_kipl_wrf_taiesm1_r1i1p1f1_present-day.csv
lancaster_william_j_fox_field_kwjf,wrf,ec-earth3,r1i1p1f1,mid-century,s3://cadcat/climate-profiles/typical-met-year/lancaster_william_j_fox_field_kwjf/ec-earth3/mid-century/tmy_lancaster_william_j_fox_field_kwjf_wrf_ec-earth3_r1i1p1f1_mid-century.csv
lancaster_william_j_fox_field_kwjf,wrf,ec-earth3,r1i1p1f1,mid-late-century,s3://cadcat/climate-profiles/typical-met-year/lancaster_william_j_fox_field_kwjf/ec-earth3/mid-late-century/tmy_lancaster_william_j_fox_field_kwjf_wrf_ec-earth3_r1i1p1f1_mid-late-century.csv
lancaster_william_j_fox_field_kwjf,wrf,ec-earth3,r1i1p1f1,near-future,s3://cadcat/climate-profiles/typical-met-year/lancaster_william_j_fox_field_kwjf/ec-earth3/near-future/tmy_lancaster_william_j_fox_field_kwjf_wrf_ec-earth3_r1i1p1f1_near-future.csv
lancaster_william_j_fox_field_kwjf,wrf,ec-earth3,r1i1p1f1,present-day,s3://cadcat/climate-profiles/typical-met-year/lancaster_william_j_fox_field_kwjf/ec-earth3/present-day/tmy_lancaster_william_j_fox_field_kwjf_wrf_ec-earth3_r1i1p1f1_present-day.csv
lancaster_william_j_fox_field_kwjf,wrf,miroc6,r1i1p1f1,mid-century,s3://cadcat/climate-profiles/typical-met-year/lancaster_william_j_fox_field_kwjf/miroc6/mid-century/tmy_lancaster_william_j_fox_field_kwjf_wrf_miroc6_r1i1p1f1_mid-century.csv
lancaster_william_j_fox_field_kwjf,wrf,miroc6,r1i1p1f1,mid-late-century,s3://cadcat/climate-profiles/typical-met-year/lancaster_william_j_fox_field_kwjf/miroc6/mid-late-century/tmy_lancaster_william_j_fox_field_kwjf_wrf_miroc6_r1i1p1f1_mid-late-century.csv
lancaster_william_j_fox_field_kwjf,wrf,miroc6,r1i1p1f1,near-future,s3://cadcat/climate-profiles/typical-met-year/lancaster_william_j_fox_field_kwjf/miroc6/near-future/tmy_lancaster_william_j_fox_field_kwjf_wrf_miroc6_r1i1p1f1_near-future.csv
lancaster_william_j_fox_field_kwjf,wrf,miroc6,r1i1p1f1,present-day,s3://cadcat/climate-profiles/typical-met-year/lancaster_william_j_fox_field_kwjf/miroc6/present-day/tmy_lancaster_william_j_fox_field_kwjf_wrf_miroc6_r1i1p1f1_present-day.csv
lancaster_william_j_fox_field_kwjf,wrf,mpi-esm1-2-hr,r3i1p1f1,mid-century,s3://cadcat/climate-profiles/typical-met-year/lancaster_william_j_fox_field_kwjf/mpi-esm1-2-hr/mid-century/tmy_lancaster_william_j_fox_field_kwjf_wrf_mpi-esm1-2-hr_r3i1p1f1_mid-century.csv
lancaster_william_j_fox_field_kwjf,wrf,mpi-esm1-2-hr,r3i1p1f1,mid-late-century,s3://cadcat/climate-profiles/typical-met-year/lancaster_william_j_fox_field_kwjf/mpi-esm1-2-hr/mid-late-century/tmy_lancaster_william_j_fox_field_kwjf_wrf_mpi-esm1-2-hr_r3i1p1f1_mid-late-century.csv
lancaster_william_j_fox_field_kwjf,wrf,mpi-esm1-2-hr,r3i1p1f1,near-future,s3://cadcat/climate-profiles/typical-met-year/lancaster_william_j_fox_field_kwjf/mpi-esm1-2-hr/near-future/tmy_lancaster_william_j_fox_field_kwjf_wrf_mpi-esm1-2-hr_r3i1p1f1_near-future.csv
lancaster_william_j_fox_field_kwjf,wrf,mpi-esm1-2-hr,r3i1p1f1,present-day,s3://cadcat/climate-profiles/typical-met-year/lancaster_william_j_fox_field_kwjf/mpi-esm1-2-hr/present-day/tmy_lancaster_william_j_fox_field_kwjf_wrf_mpi-esm1-2-hr_r3i1p1f1_present-day.csv
lancaster_william_j_fox_field_kwjf,wrf,taiesm1,r1i1p1f1,mid-century,s3://cadcat/climate-profiles/typical-met-year/lancaster_william_j_fox_field_kwjf/taiesm1/mid-century/tmy_lancaster_william_j_fox_field_kwjf_wrf_taiesm1_r1i1p1f1_mid-century.csv
lancaster_william_j_fox_field_kwjf,wrf,taiesm1,r1i1p1f1,mid-late-century,s3://cadcat/climate-profiles/typical-met-year/lancaster_william_j_fox_field_kwjf/taiesm1/mid-late-century/tmy_lancaster_william_j_fox_field_kwjf_wrf_taiesm1_r1i1p1f1_mid-late-century.csv
lancaster_william_j_fox_field_kwjf,wrf,taiesm1,r1i1p1f1,near-future,s3://cadcat/climate-profiles/typical-met-year/lancaster_william_j_fox_field_kwjf/taiesm1/near-future/tmy_lancaster_william_j_fox_field_kwjf_wrf_taiesm1_r1i1p1f1_near-future.csv
lancaster_william_j_fox_field_kwjf,wrf,taiesm1,r1i1p1f1,present-day,s3://cadcat/climate-profiles/typical-met-year/lancaster_william_j_fox_field_kwjf/taiesm1/present-day/tmy_lancaster_william_j_fox_field_kwjf_wrf_taiesm1_r1i1p1f1_present-day.csv
long_beach_daugherty_field_klgb,wrf,ec-earth3,r1i1p1f1,mid-century,s3://cadcat/climate-profiles/typical-met-year/long_beach_daugherty_field_klgb/ec-earth3/mid-century/tmy_long_beach_daugherty_field_klgb_wrf_ec-earth3_r1i1p1f1_mid-century.csv
long_beach_daugherty_field_klgb,wrf,ec-earth3,r1i1p1f1,mid-late-century,s3://cadcat/climate-profiles/typical-met-year/long_beach_daugherty_field_klgb/ec-earth3/mid-late-century/tmy_long_beach_daugherty_field_klgb_wrf_ec-earth3_r1i1p1f1_mid-late-century.csv
long_beach_daugherty_field_klgb,wrf,ec-earth3,r1i1p1f1,near-future,s3://cadcat/climate-profiles/typical-met-year/long_beach_daugherty_field_klgb/ec-earth3/near-future/tmy_long_beach_daugherty_field_klgb_wrf_ec-earth3_r1i1p1f1_near-future.csv
long_beach_daugherty_field_klgb,wrf,ec-earth3,r1i1p1f1,present-day,s3://cadcat/climate-profiles/typical-met-year/long_beach_daugherty_field_klgb/ec-earth3/present-day/tmy_long_beach_daugherty_field_klgb_wrf_ec-earth3_r1i1p1f1_present-day.csv
long_beach_daugherty_field_klgb,wrf,miroc6,r1i1p1f1,mid-century,s3://cadcat/climate-profiles/typical-met-year/long_beach_daugherty_field_klgb/miroc6/mid-century/tmy_long_beach_daugherty_field_klgb_wrf_miroc6_r1i1p1f1_mid-century.csv
long_beach_daugherty_field_klgb,wrf,miroc6,r1i1p1f1,mid-late-century,s3://cadcat/climate-profiles/typical-met-year/long_beach_daugherty_field_klgb/miroc6/mid-late-century/tmy_long_beach_daugherty_field_klgb_wrf_miroc6_r1i1p1f1_mid-late-century.csv
long_beach_daugherty_field_klgb,wrf,miroc6,r1i1p1f1,near-future,s3://cadcat/climate-profiles/typical-met-year/long_beach_daugherty_field_klgb/miroc6/near-future/tmy_long_beach_daugherty_field_klgb_wrf_miroc6_r1i1p1f1_near-future.csv
long_beach_daugherty_field_klgb,wrf,miroc6,r1i1p1f1,present-day,s3://cadcat/climate-profiles/typical-met-year/long_beach_daugherty_field_klgb/miroc6/present-day/tmy_long_beach_daugherty_field_klgb_wrf_miroc6_r1i1p1f1_present-day.csv
long_beach_daugherty_field_klgb,wrf,mpi-esm1-2-hr,r3i1p1f1,mid-century,s3://cadcat/climate-profiles/typical-met-year/long_beach_daugherty_field_klgb/mpi-esm1-2-hr/mid-century/tmy_long_beach_daugherty_field_klgb_wrf_mpi-esm1-2-hr_r3i1p1f1_mid-century.csv
long_beach_daugherty_field_klgb,wrf,mpi-esm1-2-hr,r3i1p1f1,mid-late-century,s3://cadcat/climate-profiles/typical-met-year/long_beach_daugherty_field_klgb/mpi-esm1-2-hr/mid-late-century/tmy_long_beach_daugherty_field_klgb_wrf_mpi-esm1-2-hr_r3i1p1f1_mid-late-century.csv
long_beach_daugherty_field_klgb,wrf,mpi-esm1-2-hr,r3i1p1f1,near-future,s3://cadcat/climate-profiles/typical-met-year/long_beach_daugherty_field_klgb/mpi-esm1-2-hr/near-future/tmy_long_beach_daugherty_field_klgb_wrf_mpi-esm1-2-hr_r3i1p1f1_near-future.csv
long_beach_daugherty_field_klgb,wrf,mpi-esm1-2-hr,r3i1p1f1,present-day,s3://cadcat/climate-profiles/typical-met-year/long_beach_daugherty_field_klgb/mpi-esm1-2-hr/present-day/tmy_long_beach_daugherty_field_klgb_wrf_mpi-esm1-2-hr_r3i1p1f1_present-day.csv
long_beach_daugherty_field_klgb,wrf,taiesm1,r1i1p1f1,mid-century,s3://cadcat/climate-profiles/typical-met-year/long_beach_daugherty_field_klgb/taiesm1/mid-century/tmy_long_beach_daugherty_field_klgb_wrf_taiesm1_r1i1p1f1_mid-century.csv
long_beach_daugherty_field_klgb,wrf,taiesm1,r1i1p1f1,mid-late-century,s3://cadcat/climate-profiles/typical-met-year/long_beach_daugherty_field_klgb/taiesm1/mid-late-century/tmy_long_beach_daugherty_field_klgb_wrf_taiesm1_r1i1p1f1_mid-late-century.csv
long_beach_daugherty_field_klgb,wrf,taiesm1,r1i1p1f1,near-future,s3://cadcat/climate-profiles/typical-met-year/long_beach_daugherty_field_klgb/taiesm1/near-future/tmy_long_beach_daugherty_field_klgb_wrf_taiesm1_r1i1p1f1_near-future.csv
long_beach_daugherty_field_klgb,wrf,taiesm1,r1i1p1f1,present-day,s3://cadcat/climate-profiles/typical-met-year/long_beach_daugherty_field_klgb/taiesm1/present-day/tmy_long_beach_daugherty_field_klgb_wrf_taiesm1_r1i1p1f1_present-day.csv
los_angeles_international_airport_klax,wrf,ec-earth3,r1i1p1f1,mid-century,s3://cadcat/climate-profiles/typical-met-year/los_angeles_international_airport_klax/ec-earth3/mid-century/tmy_los_angeles_international_airport_klax_wrf_ec-earth3_r1i1p1f1_mid-century.csv
los_angeles_international_airport_klax,wrf,ec-earth3,r1i1p1f1,mid-late-century,s3://cadcat/climate-profiles/typical-met-year/los_angeles_international_airport_klax/ec-earth3/mid-late-century/tmy_los_angeles_international_airport_klax_wrf_ec-earth3_r1i1p1f1_mid-late-century.csv
los_angeles_international_airport_klax,wrf,ec-earth3,r1i1p1f1,near-future,s3://cadcat/climate-profiles/typical-met-year/los_angeles_international_airport_klax/ec-earth3/near-future/tmy_los_angeles_international_airport_klax_wrf_ec-earth3_r1i1p1f1_near-future.csv
los_angeles_international_airport_klax,wrf,ec-earth3,r1i1p1f1,present-day,s3://cadcat/climate-profiles/typical-met-year/los_angeles_international_airport_klax/ec-earth3/present-day/tmy_los_angeles_international_airport_klax_wrf_ec-earth3_r1i1p1f1_present-day.csv
los_angeles_international_airport_klax,wrf,miroc6,r1i1p1f1,mid-century,s3://cadcat/climate-profiles/typical-met-year/los_angeles_international_airport_klax/miroc6/mid-century/tmy_los_angeles_international_airport_klax_wrf_miroc6_r1i1p1f1_mid-century.csv
los_angeles_international_airport_klax,wrf,miroc6,r1i1p1f1,mid-late-century,s3://cadcat/climate-profiles/typical-met-year/los_angeles_international_airport_klax/miroc6/mid-late-century/tmy_los_angeles_international_airport_klax_wrf_miroc6_r1i1p1f1_mid-late-century.csv
los_angeles_international_airport_klax,wrf,miroc6,r1i1p1f1,near-future,s3://cadcat/climate-profiles/typical-met-year/los_angeles_international_airport_klax/miroc6/near-future/tmy_los_angeles_international_airport_klax_wrf_miroc6_r1i1p1f1_near-future.csv
los_angeles_international_airport_klax,wrf,miroc6,r1i1p1f1,present-day,s3://cadcat/climate-profiles/typical-met-year/los_angeles_international_airport_klax/miroc6/present-day/tmy_los_angeles_international_airport_klax_wrf_miroc6_r1i1p1f1_present-day.csv
los_angeles_international_airport_klax,wrf,mpi-esm1-2-hr,r3i1p1f1,mid-century,s3://cadcat/climate-profiles/typical-met-year/los_angeles_international_airport_klax/mpi-esm1-2-hr/mid-century/tmy_los_angeles_international_airport_klax_wrf_mpi-esm1-2-hr_r3i1p1f1_mid-century.csv
los_angeles_international_airport_klax,wrf,mpi-esm1-2-hr,r3i1p1f1,mid-late-century,s3://cadcat/climate-profiles/typical-met-year/los_angeles_international_airport_klax/mpi-esm1-2-hr/mid-late-century/tmy_los_angeles_international_airport_klax_wrf_mpi-esm1-2-hr_r3i1p1f1_mid-late-century.csv
los_angeles_international_airport_klax,wrf,mpi-esm1-2-hr,r3i1p1f1,near-future,s3://cadcat/climate-profiles/typical-met-year/los_angeles_international_airport_klax/mpi-esm1-2-hr/near-future/tmy_los_angeles_international_airport_klax_wrf_mpi-esm1-2-hr_r3i1p1f1_near-future.csv
los_angeles_international_airport_klax,wrf,mpi-esm1-2-hr,r3i1p1f1,present-day,s3://cadcat/climate-profiles/typical-met-year/los_angeles_international_airport_klax/mpi-esm1-2-hr/present-day/tmy_los_angeles_international_airport_klax_wrf_mpi-esm1-2-hr_r3i1p1f1_present-day.csv
los_angeles_international_airport_klax,wrf,taiesm1,r1i1p1f1,mid-century,s3://cadcat/climate-profiles/typical-met-year/los_angeles_international_airport_klax/taiesm1/mid-century/tmy_los_angeles_international_airport_klax_wrf_taiesm1_r1i1p1f1_mid-century.csv
los_angeles_international_airport_klax,wrf,taiesm1,r1i1p1f1,mid-late-century,s3://cadcat/climate-profiles/typical-met-year/los_angeles_international_airport_klax/taiesm1/mid-late-century/tmy_los_angeles_international_airport_klax_wrf_taiesm1_r1i1p1f1_mid-late-century.csv
los_angeles_international_airport_klax,wrf,taiesm1,r1i1p1f1,near-future,s3://cadcat/climate-profiles/typical-met-year/los_angeles_international_airport_klax/taiesm1/near-future/tmy_los_angeles_international_airport_klax_wrf_taiesm1_r1i1p1f1_near-future.csv
los_angeles_international_airport_klax,wrf,taiesm1,r1i1p1f1,present-day,s3://cadcat/climate-profiles/typical-met-year/los_angeles_international_airport_klax/taiesm1/present-day/tmy_los_angeles_international_airport_klax_wrf_taiesm1_r1i1p1f1_present-day.csv
mccarran_international_airport_klas,wrf,ec-earth3,r1i1p1f1,mid-century,s3://cadcat/climate-profiles/typical-met-year/mccarran_international_airport_klas/ec-earth3/mid-century/tmy_mccarran_international_airport_klas_wrf_ec-earth3_r1i1p1f1_mid-century.csv
mccarran_international_airport_klas,wrf,ec-earth3,r1i1p1f1,mid-late-century,s3://cadcat/climate-profiles/typical-met-year/mccarran_international_airport_klas/ec-earth3/mid-late-century/tmy_mccarran_international_airport_klas_wrf_ec-earth3_r1i1p1f1_mid-late-century.csv
mccarran_international_airport_klas,wrf,ec-earth3,r1i1p1f1,near-future,s3://cadcat/climate-profiles/typical-met-year/mccarran_international_airport_klas/ec-earth3/near-future/tmy_mccarran_international_airport_klas_wrf_ec-earth3_r1i1p1f1_near-future.csv
mccarran_international_airport_klas,wrf,ec-earth3,r1i1p1f1,present-day,s3://cadcat/climate-profiles/typical-met-year/mccarran_international_airport_klas/ec-earth3/present-day/tmy_mccarran_international_airport_klas_wrf_ec-earth3_r1i1p1f1_present-day.csv
mccarran_international_airport_klas,wrf,miroc6,r1i1p1f1,mid-century,s3://cadcat/climate-profiles/typical-met-year/mccarran_international_airport_klas/miroc6/mid-century/tmy_mccarran_international_airport_klas_wrf_miroc6_r1i1p1f1_mid-century.csv
mccarran_international_airport_klas,wrf,miroc6,r1i1p1f1,mid-late-century,s3://cadcat/climate-profiles/typical-met-year/mccarran_international_airport_klas/miroc6/mid-late-century/tmy_mccarran_international_airport_klas_wrf_miroc6_r1i1p1f1_mid-late-century.csv
mccarran_international_airport_klas,wrf,miroc6,r1i1p1f1,near-future,s3://cadcat/climate-profiles/typical-met-year/mccarran_international_airport_klas/miroc6/near-future/tmy_mccarran_international_airport_klas_wrf_miroc6_r1i1p1f1_near-future.csv
mccarran_international_airport_klas,wrf,miroc6,r1i1p1f1,present-day,s3://cadcat/climate-profiles/typical-met-year/mccarran_international_airport_klas/miroc6/present-day/tmy_mccarran_international_airport_klas_wrf_miroc6_r1i1p1f1_present-day.csv
mccarran_international_airport_klas,wrf,mpi-esm1-2-hr,r3i1p1f1,mid-century,s3://cadcat/climate-profiles/typical-met-year/mccarran_international_airport_klas/mpi-esm1-2-hr/mid-century/tmy_mccarran_international_airport_klas_wrf_mpi-esm1-2-hr_r3i1p1f1_mid-century.csv
mccarran_international_airport_klas,wrf,mpi-esm1-2-hr,r3i1p1f1,mid-late-century,s3://cadcat/climate-profiles/typical-met-year/mccarran_international_airport_klas/mpi-esm1-2-hr/mid-late-century/tmy_mccarran_international_airport_klas_wrf_mpi-esm1-2-hr_r3i1p1f1_mid-late-century.csv
mccarran_international_airport_klas,wrf,mpi-esm1-2-hr,r3i1p1f1,near-future,s3://cadcat/climate-profiles/typical-met-year/mccarran_international_airport_klas/mpi-esm1-2-hr/near-future/tmy_mccarran_international_airport_klas_wrf_mpi-esm1-2-hr_r3i1p1f1_near-future.csv
mccarran_international_airport_klas,wrf,mpi-esm1-2-hr,r3i1p1f1,present-day,s3://cadcat/climate-profiles/typical-met-year/mccarran_international_airport_klas/mpi-esm1-2-hr/present-day/tmy_mccarran_international_airport_klas_wrf_mpi-esm1-2-hr_r3i1p1f1_present-day.csv
mccarran_international_airport_klas,wrf,taiesm1,r1i1p1f1,mid-century,s3://cadcat/climate-profiles/typical-met-year/mccarran_international_airport_klas/taiesm1/mid-century/tmy_mccarran_international_airport_klas_wrf_taiesm1_r1i1p1f1_mid-century.csv
mccarran_international_airport_klas,wrf,taiesm1,r1i1p1f1,mid-late-century,s3://cadcat/climate-profiles/typical-met-year/mccarran_international_airport_klas/taiesm1/mid-late-century/tmy_mccarran_international_airport_klas_wrf_taiesm1_r1i1p1f1_mid-late-century.csv
mccarran_international_airport_klas,wrf,taiesm1,r1i1p1f1,near-future,s3://cadcat/climate-profiles/typical-met-year/mccarran_international_airport_klas/taiesm1/near-future/tmy_mccarran_international_airport_klas_wrf_taiesm1_r1i1p1f1_near-future.csv
mccarran_international_airport_klas,wrf,taiesm1,r1i1p1f1,present-day,s3://cadcat/climate-profiles/typical-met-year/mccarran_international_airport_klas/taiesm1/present-day/tmy_mccarran_international_airport_klas_wrf_taiesm1_r1i1p1f1_present-day.csv
merced_municipal_airport_macready_field_kmce,wrf,ec-earth3,r1i1p1f1,mid-century,s3://cadcat/climate-profiles/typical-met-year/merced_municipal_airport_macready_field_kmce/ec-earth3/mid-century/tmy_merced_municipal_airport_macready_field_kmce_wrf_ec-earth3_r1i1p1f1_mid-century.csv
merced_municipal_airport_macready_field_kmce,wrf,ec-earth3,r1i1p1f1,mid-late-century,s3://cadcat/climate-profiles/typical-met-year/merced_municipal_airport_macready_field_kmce/ec-earth3/mid-late-century/tmy_merced_municipal_airport_macready_field_kmce_wrf_ec-earth3_r1i1p1f1_mid-late-century.csv
merced_municipal_airport_macready_field_kmce,wrf,ec-earth3,r1i1p1f1,near-future,s3://cadcat/climate-profiles/typical-met-year/merced_municipal_airport_macready_field_kmce/ec-earth3/near-future/tmy_merced_municipal_airport_macready_field_kmce_wrf_ec-earth3_r1i1p1f1_near-future.csv
merced_municipal_airport_macready_field_kmce,wrf,ec-earth3,r1i1p1f1,present-day,s3://cadcat/climate-profiles/typical-met-year/merced_municipal_airport_macready_field_kmce/ec-earth3/present-day/tmy_merced_municipal_airport_macready_field_kmce_wrf_ec-earth3_r1i1p1f1_present-day.csv
merced_municipal_airport_macready_field_kmce,wrf,miroc6,r1i1p1f1,mid-century,s3://cadcat/climate-profiles/typical-met-year/merced_municipal_airport_macready_field_kmce/miroc6/mid-century/tmy_merced_municipal_airport_macready_field_kmce_wrf_miroc6_r1i1p1f1_mid-century.csv
merced_municipal_airport_macready_field_kmce,wrf,miroc6,r1i1p1f1,mid-late-century,s3://cadcat/climate-profiles/typical-met-year/merced_municipal_airport_macready_field_kmce/miroc6/mid-late-century/tmy_merced_municipal_airport_macready_field_kmce_wrf_miroc6_r1i1p1f1_mid-late-century.csv
merced_municipal_airport_macready_field_kmce,wrf,miroc6,r1i1p1f1,present-day,s3://cadcat/climate-profiles/typical-met-year/merced_municipal_airport_macready_field_kmce/miroc6/present-day/tmy_merced_municipal_airport_macready_field_kmce_wrf_miroc6_r1i1p1f1_present-day.csv
merced_municipal_airport_macready_field_kmce,wrf,mpi-esm1-2-hr,r3i1p1f1,mid-century,s3://cadcat/climate-profiles/typical-met-year/merced_municipal_airport_macready_field_kmce/mpi-esm1-2-hr/mid-century/tmy_merced_municipal_airport_macready_field_kmce_wrf_mpi-esm1-2-hr_r3i1p1f1_mid-century.csv
merced_municipal_airport_macready_field_kmce,wrf,mpi-esm1-2-hr,r3i1p1f1,mid-late-century,s3://cadcat/climate-profiles/typical-met-year/merced_municipal_airport_macready_field_kmce/mpi-esm1-2-hr/mid-late-century/tmy_merced_municipal_airport_macready_field_kmce_wrf_mpi-esm1-2-hr_r3i1p1f1_mid-late-century.csv
merced_municipal_airport_macready_field_kmce,wrf,mpi-esm1-2-hr,r3i1p1f1,present-day,s3://cadcat/climate-profiles/typical-met-year/merced_municipal_airport_macready_field_kmce/mpi-esm1-2-hr/present-day/tmy_merced_municipal_airport_macready_field_kmce_wrf_mpi-esm1-2-hr_r3i1p1f1_present-day.csv
merced_municipal_airport_macready_field_kmce,wrf,taiesm1,r1i1p1f1,mid-century,s3://cadcat/climate-profiles/typical-met-year/merced_municipal_airport_macready_field_kmce/taiesm1/mid-century/tmy_merced_municipal_airport_macready_field_kmce_wrf_taiesm1_r1i1p1f1_mid-century.csv
merced_municipal_airport_macready_field_kmce,wrf,taiesm1,r1i1p1f1,mid-late-century,s3://cadcat/climate-profiles/typical-met-year/merced_municipal_airport_macready_field_kmce/taiesm1/mid-late-century/tmy_merced_municipal_airport_macready_field_kmce_wrf_taiesm1_r1i1p1f1_mid-late-century.csv
merced_municipal_airport_macready_field_kmce,wrf,taiesm1,r1i1p1f1,present-day,s3://cadcat/climate-profiles/typical-met-year/merced_municipal_airport_macready_field_kmce/taiesm1/present-day/tmy_merced_municipal_airport_macready_field_kmce_wrf_taiesm1_r1i1p1f1_present-day.csv
modesto_city-county_airport_kmod,wrf,ec-earth3,r1i1p1f1,mid-century,s3://cadcat/climate-profiles/typical-met-year/modesto_city-county_airport_kmod/ec-earth3/mid-century/tmy_modesto_city-county_airport_kmod_wrf_ec-earth3_r1i1p1f1_mid-century.csv
modesto_city-county_airport_kmod,wrf,ec-earth3,r1i1p1f1,mid-late-century,s3://cadcat/climate-profiles/typical-met-year/modesto_city-county_airport_kmod/ec-earth3/mid-late-century/tmy_modesto_city-county_airport_kmod_wrf_ec-earth3_r1i1p1f1_mid-late-century.csv
modesto_city-county_airport_kmod,wrf,ec-earth3,r1i1p1f1,near-future,s3://cadcat/climate-profiles/typical-met-year/modesto_city-county_airport_kmod/ec-earth3/near-future/tmy_modesto_city-county_airport_kmod_wrf_ec-earth3_r1i1p1f1_near-future.csv
modesto_city-county_airport_kmod,wrf,ec-earth3,r1i1p1f1,present-day,s3://cadcat/climate-profiles/typical-met-year/modesto_city-county_airport_kmod/ec-earth3/present-day/tmy_modesto_city-county_airport_kmod_wrf_ec-earth3_r1i1p1f1_present-day.csv
modesto_city-county_airport_kmod,wrf,miroc6,r1i1p1f1,mid-century,s3://cadcat/climate-profiles/typical-met-year/modesto_city-county_airport_kmod/miroc6/mid-century/tmy_modesto_city-county_airport_kmod_wrf_miroc6_r1i1p1f1_mid-century.csv
modesto_city-county_airport_kmod,wrf,miroc6,r1i1p1f1,mid-late-century,s3://cadcat/climate-profiles/typical-met-year/modesto_city-county_airport_kmod/miroc6/mid-late-century/tmy_modesto_city-county_airport_kmod_wrf_miroc6_r1i1p1f1_mid-late-century.csv
modesto_city-county_airport_kmod,wrf,miroc6,r1i1p1f1,near-future,s3://cadcat/climate-profiles/typical-met-year/modesto_city-county_airport_kmod/miroc6/near-future/tmy_modesto_city-county_airport_kmod_wrf_miroc6_r1i1p1f1_near-future.csv
modesto_city-county_airport_kmod,wrf,miroc6,r1i1p1f1,present-day,s3://cadcat/climate-profiles/typical-met-year/modesto_city-county_airport_kmod/miroc6/present-day/tmy_modesto_city-county_airport_kmod_wrf_miroc6_r1i1p1f1_present-day.csv
modesto_city-county_airport_kmod,wrf,mpi-esm1-2-hr,r3i1p1f1,mid-century,s3://cadcat/climate-profiles/typical-met-year/modesto_city-county_airport_kmod/mpi-esm1-2-hr/mid-century/tmy_modesto_city-county_airport_kmod_wrf_mpi-esm1-2-hr_r3i1p1f1_mid-century.csv
modesto_city-county_airport_kmod,wrf,mpi-esm1-2-hr,r3i1p1f1,mid-late-century,s3://cadcat/climate-profiles/typical-met-year/modesto_city-county_airport_kmod/mpi-esm1-2-hr/mid-late-century/tmy_modesto_city-county_airport_kmod_wrf_mpi-esm1-2-hr_r3i1p1f1_mid-late-century.csv
modesto_city-county_airport_kmod,wrf,mpi-esm1-2-hr,r3i1p1f1,near-future,s3://cadcat/climate-profiles/typical-met-year/modesto_city-county_airport_kmod/mpi-esm1-2-hr/near-future/tmy_modesto_city-county_airport_kmod_wrf_mpi-esm1-2-hr_r3i1p1f1_near-future.csv
modesto_city-county_airport_kmod,wrf,mpi-esm1-2-hr,r3i1p1f1,present-day,s3://cadcat/climate-profiles/typical-met-year/modesto_city-county_airport_kmod/mpi-esm1-2-hr/present-day/tmy_modesto_city-county_airport_kmod_wrf_mpi-esm1-2-hr_r3i1p1f1_present-day.csv
modesto_city-county_airport_kmod,wrf,taiesm1,r1i1p1f1,mid-century,s3://cadcat/climate-profiles/typical-met-year/modesto_city-county_airport_kmod/taiesm1/mid-century/tmy_modesto_city-county_airport_kmod_wrf_taiesm1_r1i1p1f1_mid-century.csv
modesto_city-county_airport_kmod,wrf,taiesm1,r1i1p1f1,mid-late-century,s3://cadcat/climate-profiles/typical-met-year/modesto_city-county_airport_kmod/taiesm1/mid-late-century/tmy_modesto_city-county_airport_kmod_wrf_taiesm1_r1i1p1f1_mid-late-century.csv
modesto_city-county_airport_kmod,wrf,taiesm1,r1i1p1f1,near-future,s3://cadcat/climate-profiles/typical-met-year/modesto_city-county_airport_kmod/taiesm1/near-future/tmy_modesto_city-county_airport_kmod_wrf_taiesm1_r1i1p1f1_near-future.csv
modesto_city-county_airport_kmod,wrf,taiesm1,r1i1p1f1,present-day,s3://cadcat/climate-profiles/typical-met-year/modesto_city-county_airport_kmod/taiesm1/present-day/tmy_modesto_city-county_airport_kmod_wrf_taiesm1_r1i1p1f1_present-day.csv
needles_airport_keed,wrf,ec-earth3,r1i1p1f1,mid-century,s3://cadcat/climate-profiles/typical-met-year/needles_airport_keed/ec-earth3/mid-century/tmy_needles_airport_keed_wrf_ec-earth3_r1i1p1f1_mid-century.csv
needles_airport_keed,wrf,ec-earth3,r1i1p1f1,mid-late-century,s3://cadcat/climate-profiles/typical-met-year/needles_airport_keed/ec-earth3/mid-late-century/tmy_needles_airport_keed_wrf_ec-earth3_r1i1p1f1_mid-late-century.csv
needles_airport_keed,wrf,ec-earth3,r1i1p1f1,near-future,s3://cadcat/climate-profiles/typical-met-year/needles_airport_keed/ec-earth3/near-future/tmy_needles_airport_keed_wrf_ec-earth3_r1i1p1f1_near-future.csv
needles_airport_keed,wrf,ec-earth3,r1i1p1f1,present-day,s3://cadcat/climate-profiles/typical-met-year/needles_airport_keed/ec-earth3/present-day/tmy_needles_airport_keed_wrf_ec-earth3_r1i1p1f1_present-day.csv
needles_airport_keed,wrf,miroc6,r1i1p1f1,mid-century,s3://cadcat/climate-profiles/typical-met-year/needles_airport_keed/miroc6/mid-century/tmy_needles_airport_keed_wrf_miroc6_r1i1p1f1_mid-century.csv
needles_airport_keed,wrf,miroc6,r1i1p1f1,mid-late-century,s3://cadcat/climate-profiles/typical-met-year/needles_airport_keed/miroc6/mid-late-century/tmy_needles_airport_keed_wrf_miroc6_r1i1p1f1_mid-late-century.csv
needles_airport_keed,wrf,miroc6,r1i1p1f1,near-future,s3://cadcat/climate-profiles/typical-met-year/needles_airport_keed/miroc6/near-future/tmy_needles_airport_keed_wrf_miroc6_r1i1p1f1_near-future.csv
needles_airport_keed,wrf,miroc6,r1i1p1f1,present-day,s3://cadcat/climate-profiles/typical-met-year/needles_airport_keed/miroc6/present-day/tmy_needles_airport_keed_wrf_miroc6_r1i1p1f1_present-day.csv
needles_airport_keed,wrf,mpi-esm1-2-hr,r3i1p1f1,mid-century,s3://cadcat/climate-profiles/typical-met-year/needles_airport_keed/mpi-esm1-2-hr/mid-century/tmy_needles_airport_keed_wrf_mpi-esm1-2-hr_r3i1p1f1_mid-century.csv
needles_airport_keed,wrf,mpi-esm1-2-hr,r3i1p1f1,mid-late-century,s3://cadcat/climate-profiles/typical-met-year/needles_airport_keed/mpi-esm1-2-hr/mid-late-century/tmy_needles_airport_keed_wrf_mpi-esm1-2-hr_r3i1p1f1_mid-late-century.csv
needles_airport_keed,wrf,mpi-esm1-2-hr,r3i1p1f1,near-future,s3://cadcat/climate-profiles/typical-met-year/needles_airport_keed/mpi-esm1-2-hr/near-future/tmy_needles_airport_keed_wrf_mpi-esm1-2-hr_r3i1p1f1_near-future.csv
needles_airport_keed,wrf,mpi-esm1-2-hr,r3i1p1f1,present-day,s3://cadcat/climate-profiles/typical-met-year/needles_airport_keed/mpi-esm1-2-hr/present-day/tmy_needles_airport_keed_wrf_mpi-esm1-2-hr_r3i1p1f1_present-day.csv
needles_airport_keed,wrf,taiesm1,r1i1p1f1,mid-century,s3://cadcat/climate-profiles/typical-met-year/needles_airport_keed/taiesm1/mid-century/tmy_needles_airport_keed_wrf_taiesm1_r1i1p1f1_mid-century.csv
needles_airport_keed,wrf,taiesm1,r1i1p1f1,mid-late-century,s3://cadcat/climate-profiles/typical-met-year/needles_airport_keed/taiesm1/mid-late-century/tmy_needles_airport_keed_wrf_taiesm1_r1i1p1f1_mid-late-century.csv
needles_airport_keed,wrf,taiesm1,r1i1p1f1,near-future,s3://cadcat/climate-profiles/typical-met-year/needles_airport_keed/taiesm1/near-future/tmy_needles_airport_keed_wrf_taiesm1_r1i1p1f1_near-future.csv
needles_airport_keed,wrf,taiesm1,r1i1p1f1,present-day,s3://cadcat/climate-profiles/typical-met-year/needles_airport_keed/taiesm1/present-day/tmy_needles_airport_keed_wrf_taiesm1_r1i1p1f1_present-day.csv
oakland_metro_international_airport_koak,wrf,ec-earth3,r1i1p1f1,mid-century,s3://cadcat/climate-profiles/typical-met-year/oakland_metro_international_airport_koak/ec-earth3/mid-century/tmy_oakland_metro_international_airport_koak_wrf_ec-earth3_r1i1p1f1_mid-century.csv
oakland_metro_international_airport_koak,wrf,ec-earth3,r1i1p1f1,mid-late-century,s3://cadcat/climate-profiles/typical-met-year/oakland_metro_international_airport_koak/ec-earth3/mid-late-century/tmy_oakland_metro_international_airport_koak_wrf_ec-earth3_r1i1p1f1_mid-late-century.csv
oakland_metro_international_airport_koak,wrf,ec-earth3,r1i1p1f1,near-future,s3://cadcat/climate-profiles/typical-met-year/oakland_metro_international_airport_koak/ec-earth3/near-future/tmy_oakland_metro_international_airport_koak_wrf_ec-earth3_r1i1p1f1_near-future.csv
oakland_metro_international_airport_koak,wrf,ec-earth3,r1i1p1f1,present-day,s3://cadcat/climate-profiles/typical-met-year/oakland_metro_international_airport_koak/ec-earth3/present-day/tmy_oakland_metro_international_airport_koak_wrf_ec-earth3_r1i1p1f1_present-day.csv
oakland_metro_international_airport_koak,wrf,miroc6,r1i1p1f1,mid-century,s3://cadcat/climate-profiles/typical-met-year/oakland_metro_international_airport_koak/miroc6/mid-century/tmy_oakland_metro_international_airport_koak_wrf_miroc6_r1i1p1f1_mid-century.csv
oakland_metro_international_airport_koak,wrf,miroc6,r1i1p1f1,mid-late-century,s3://cadcat/climate-profiles/typical-met-year/oakland_metro_international_airport_koak/miroc6/mid-late-century/tmy_oakland_metro_international_airport_koak_wrf_miroc6_r1i1p1f1_mid-late-century.csv
oakland_metro_international_airport_koak,wrf,miroc6,r1i1p1f1,near-future,s3://cadcat/climate-profiles/typical-met-year/oakland_metro_international_airport_koak/miroc6/near-future/tmy_oakland_metro_international_airport_koak_wrf_miroc6_r1i1p1f1_near-future.csv
oakland_metro_international_airport_koak,wrf,miroc6,r1i1p1f1,present-day,s3://cadcat/climate-profiles/typical-met-year/oakland_metro_international_airport_koak/miroc6/present-day/tmy_oakland_metro_international_airport_koak_wrf_miroc6_r1i1p1f1_present-day.csv
oakland_metro_international_airport_koak,wrf,mpi-esm1-2-hr,r3i1p1f1,mid-century,s3://cadcat/climate-profiles/typical-met-year/oakland_metro_international_airport_koak/mpi-esm1-2-hr/mid-century/tmy_oakland_metro_international_airport_koak_wrf_mpi-esm1-2-hr_r3i1p1f1_mid-century.csv
oakland_metro_international_airport_koak,wrf,mpi-esm1-2-hr,r3i1p1f1,mid-late-century,s3://cadcat/climate-profiles/typical-met-year/oakland_metro_international_airport_koak/mpi-esm1-2-hr/mid-late-century/tmy_oakland_metro_international_airport_koak_wrf_mpi-esm1-2-hr_r3i1p1f1_mid-late-century.csv
oakland_metro_international_airport_koak,wrf,mpi-esm1-2-hr,r3i1p1f1,near-future,s3://cadcat/climate-profiles/typical-met-year/oakland_metro_international_airport_koak/mpi-esm1-2-hr/near-future/tmy_oakland_metro_international_airport_koak_wrf_mpi-esm1-2-hr_r3i1p1f1_near-future.csv
oakland_metro_international_airport_koak,wrf,mpi-esm1-2-hr,r3i1p1f1,present-day,s3://cadcat/climate-profiles/typical-met-year/oakland_metro_international_airport_koak/mpi-esm1-2-hr/present-day/tmy_oakland_metro_international_airport_koak_wrf_mpi-esm1-2-hr_r3i1p1f1_present-day.csv
oakland_metro_international_airport_koak,wrf,taiesm1,r1i1p1f1,mid-century,s3://cadcat/climate-profiles/typical-met-year/oakland_metro_international_airport_koak/taiesm1/mid-century/tmy_oakland_metro_international_airport_koak_wrf_taiesm1_r1i1p1f1_mid-century.csv
oakland_metro_international_airport_koak,wrf,taiesm1,r1i1p1f1,mid-late-century,s3://cadcat/climate-profiles/typical-met-year/oakland_metro_international_airport_koak/taiesm1/mid-late-century/tmy_oakland_metro_international_airport_koak_wrf_taiesm1_r1i1p1f1_mid-late-century.csv
oakland_metro_international_airport_koak,wrf,taiesm1,r1i1p1f1,near-future,s3://cadcat/climate-profiles/typical-met-year/oakland_metro_international_airport_koak/taiesm1/near-future/tmy_oakland_metro_international_airport_koak_wrf_taiesm1_r1i1p1f1_near-future.csv
oakland_metro_international_airport_koak,wrf,taiesm1,r1i1p1f1,present-day,s3://cadcat/climate-profiles/typical-met-year/oakland_metro_international_airport_koak/taiesm1/present-day/tmy_oakland_metro_international_airport_koak_wrf_taiesm1_r1i1p1f1_present-day.csv
ontario_international_airport_kont,wrf,ec-earth3,r1i1p1f1,mid-century,s3://cadcat/climate-profiles/typical-met-year/ontario_international_airport_kont/ec-earth3/mid-century/tmy_ontario_international_airport_kont_wrf_ec-earth3_r1i1p1f1_mid-century.csv
ontario_international_airport_kont,wrf,ec-earth3,r1i1p1f1,mid-late-century,s3://cadcat/climate-profiles/typical-met-year/ontario_international_airport_kont/ec-earth3/mid-late-century/tmy_ontario_international_airport_kont_wrf_ec-earth3_r1i1p1f1_mid-late-century.csv
ontario_international_airport_kont,wrf,ec-earth3,r1i1p1f1,near-future,s3://cadcat/climate-profiles/typical-met-year/ontario_international_airport_kont/ec-earth3/near-future/tmy_ontario_international_airport_kont_wrf_ec-earth3_r1i1p1f1_near-future.csv
ontario_international_airport_kont,wrf,ec-earth3,r1i1p1f1,present-day,s3://cadcat/climate-profiles/typical-met-year/ontario_international_airport_kont/ec-earth3/present-day/tmy_ontario_international_airport_kont_wrf_ec-earth3_r1i1p1f1_present-day.csv
ontario_international_airport_kont,wrf,miroc6,r1i1p1f1,mid-century,s3://cadcat/climate-profiles/typical-met-year/ontario_international_airport_kont/miroc6/mid-century/tmy_ontario_international_airport_kont_wrf_miroc6_r1i1p1f1_mid-century.csv
ontario_international_airport_kont,wrf,miroc6,r1i1p1f1,mid-late-century,s3://cadcat/climate-profiles/typical-met-year/ontario_international_airport_kont/miroc6/mid-late-century/tmy_ontario_international_airport_kont_wrf_miroc6_r1i1p1f1_mid-late-century.csv
ontario_international_airport_kont,wrf,miroc6,r1i1p1f1,near-future,s3://cadcat/climate-profiles/typical-met-year/ontario_international_airport_kont/miroc6/near-future/tmy_ontario_international_airport_kont_wrf_miroc6_r1i1p1f1_near-future.csv
ontario_international_airport_kont,wrf,miroc6,r1i1p1f1,present-day,s3://cadcat/climate-profiles/typical-met-year/ontario_international_airport_kont/miroc6/present-day/tmy_ontario_international_airport_kont_wrf_miroc6_r1i1p1f1_present-day.csv
ontario_international_airport_kont,wrf,mpi-esm1-2-hr,r3i1p1f1,mid-century,s3://cadcat/climate-profiles/typical-met-year/ontario_international_airport_kont/mpi-esm1-2-hr/mid-century/tmy_ontario_international_airport_kont_wrf_mpi-esm1-2-hr_r3i1p1f1_mid-century.csv
ontario_international_airport_kont,wrf,mpi-esm1-2-hr,r3i1p1f1,mid-late-century,s3://cadcat/climate-profiles/typical-met-year/ontario_international_airport_kont/mpi-esm1-2-hr/mid-late-century/tmy_ontario_international_airport_kont_wrf_mpi-esm1-2-hr_r3i1p1f1_mid-late-century.csv
ontario_international_airport_kont,wrf,mpi-esm1-2-hr,r3i1p1f1,near-future,s3://cadcat/climate-profiles/typical-met-year/ontario_international_airport_kont/mpi-esm1-2-hr/near-future/tmy_ontario_international_airport_kont_wrf_mpi-esm1-2-hr_r3i1p1f1_near-future.csv
ontario_international_airport_kont,wrf,mpi-esm1-2-hr,r3i1p1f1,present-day,s3://cadcat/climate-profiles/typical-met-year/ontario_international_airport_kont/mpi-esm1-2-hr/present-day/tmy_ontario_international_airport_kont_wrf_mpi-esm1-2-hr_r3i1p1f1_present-day.csv
ontario_international_airport_kont,wrf,taiesm1,r1i1p1f1,mid-century,s3://cadcat/climate-profiles/typical-met-year/ontario_international_airport_kont/taiesm1/mid-century/tmy_ontario_international_airport_kont_wrf_taiesm1_r1i1p1f1_mid-century.csv
ontario_international_airport_kont,wrf,taiesm1,r1i1p1f1,mid-late-century,s3://cadcat/climate-profiles/typical-met-year/ontario_international_airport_kont/taiesm1/mid-late-century/tmy_ontario_international_airport_kont_wrf_taiesm1_r1i1p1f1_mid-late-century.csv
ontario_international_airport_kont,wrf,taiesm1,r1i1p1f1,near-future,s3://cadcat/climate-profiles/typical-met-year/ontario_international_airport_kont/taiesm1/near-future/tmy_ontario_international_airport_kont_wrf_taiesm1_r1i1p1f1_near-future.csv
ontario_international_airport_kont,wrf,taiesm1,r1i1p1f1,present-day,s3://cadcat/climate-profiles/typical-met-year/ontario_international_airport_kont/taiesm1/present-day/tmy_ontario_international_airport_kont_wrf_taiesm1_r1i1p1f1_present-day.csv
oxnard_ventura_county_airport_koxr,wrf,ec-earth3,r1i1p1f1,mid-century,s3://cadcat/climate-profiles/typical-met-year/oxnard_ventura_county_airport_koxr/ec-earth3/mid-century/tmy_oxnard_ventura_county_airport_koxr_wrf_ec-earth3_r1i1p1f1_mid-century.csv
oxnard_ventura_county_airport_koxr,wrf,ec-earth3,r1i1p1f1,mid-late-century,s3://cadcat/climate-profiles/typical-met-year/oxnard_ventura_county_airport_koxr/ec-earth3/mid-late-century/tmy_oxnard_ventura_county_airport_koxr_wrf_ec-earth3_r1i1p1f1_mid-late-century.csv
oxnard_ventura_county_airport_koxr,wrf,ec-earth3,r1i1p1f1,near-future,s3://cadcat/climate-profiles/typical-met-year/oxnard_ventura_county_airport_koxr/ec-earth3/near-future/tmy_oxnard_ventura_county_airport_koxr_wrf_ec-earth3_r1i1p1f1_near-future.csv
oxnard_ventura_county_airport_koxr,wrf,ec-earth3,r1i1p1f1,present-day,s3://cadcat/climate-profiles/typical-met-year/oxnard_ventura_county_airport_koxr/ec-earth3/present-day/tmy_oxnard_ventura_county_airport_koxr_wrf_ec-earth3_r1i1p1f1_present-day.csv
oxnard_ventura_county_airport_koxr,wrf,miroc6,r1i1p1f1,mid-century,s3://cadcat/climate-profiles/typical-met-year/oxnard_ventura_county_airport_koxr/miroc6/mid-century/tmy_oxnard_ventura_county_airport_koxr_wrf_miroc6_r1i1p1f1_mid-century.csv
oxnard_ventura_county_airport_koxr,wrf,miroc6,r1i1p1f1,mid-late-century,s3://cadcat/climate-profiles/typical-met-year/oxnard_ventura_county_airport_koxr/miroc6/mid-late-century/tmy_oxnard_ventura_county_airport_koxr_wrf_miroc6_r1i1p1f1_mid-late-century.csv
oxnard_ventura_county_airport_koxr,wrf,miroc6,r1i1p1f1,near-future,s3://cadcat/climate-profiles/typical-met-year/oxnard_ventura_county_airport_koxr/miroc6/near-future/tmy_oxnard_ventura_county_airport_koxr_wrf_miroc6_r1i1p1f1_near-future.csv
oxnard_ventura_county_airport_koxr,wrf,miroc6,r1i1p1f1,present-day,s3://cadcat/climate-profiles/typical-met-year/oxnard_ventura_county_airport_koxr/miroc6/present-day/tmy_oxnard_ventura_county_airport_koxr_wrf_miroc6_r1i1p1f1_present-day.csv
oxnard_ventura_county_airport_koxr,wrf,mpi-esm1-2-hr,r3i1p1f1,mid-century,s3://cadcat/climate-profiles/typical-met-year/oxnard_ventura_county_airport_koxr/mpi-esm1-2-hr/mid-century/tmy_oxnard_ventura_county_airport_koxr_wrf_mpi-esm1-2-hr_r3i1p1f1_mid-century.csv
oxnard_ventura_county_airport_koxr,wrf,mpi-esm1-2-hr,r3i1p1f1,mid-late-century,s3://cadcat/climate-profiles/typical-met-year/oxnard_ventura_county_airport_koxr/mpi-esm1-2-hr/mid-late-century/tmy_oxnard_ventura_county_airport_koxr_wrf_mpi-esm1-2-hr_r3i1p1f1_mid-late-century.csv
oxnard_ventura_county_airport_koxr,wrf,mpi-esm1-2-hr,r3i1p1f1,near-future,s3://cadcat/climate-profiles/typical-met-year/oxnard_ventura_county_airport_koxr/mpi-esm1-2-hr/near-future/tmy_oxnard_ventura_county_airport_koxr_wrf_mpi-esm1-2-hr_r3i1p1f1_near-future.csv
oxnard_ventura_county_airport_koxr,wrf,mpi-esm1-2-hr,r3i1p1f1,present-day,s3://cadcat/climate-profiles/typical-met-year/oxnard_ventura_county_airport_koxr/mpi-esm1-2-hr/present-day/tmy_oxnard_ventura_county_airport_koxr_wrf_mpi-esm1-2-hr_r3i1p1f1_present-day.csv
oxnard_ventura_county_airport_koxr,wrf,taiesm1,r1i1p1f1,mid-century,s3://cadcat/climate-profiles/typical-met-year/oxnard_ventura_county_airport_koxr/taiesm1/mid-century/tmy_oxnard_ventura_county_airport_koxr_wrf_taiesm1_r1i1p1f1_mid-century.csv
oxnard_ventura_county_airport_koxr,wrf,taiesm1,r1i1p1f1,mid-late-century,s3://cadcat/climate-profiles/typical-met-year/oxnard_ventura_county_airport_koxr/taiesm1/mid-late-century/tmy_oxnard_ventura_county_airport_koxr_wrf_taiesm1_r1i1p1f1_mid-late-century.csv
oxnard_ventura_county_airport_koxr,wrf,taiesm1,r1i1p1f1,near-future,s3://cadcat/climate-profiles/typical-met-year/oxnard_ventura_county_airport_koxr/taiesm1/near-future/tmy_oxnard_ventura_county_airport_koxr_wrf_taiesm1_r1i1p1f1_near-future.csv
oxnard_ventura_county_airport_koxr,wrf,taiesm1,r1i1p1f1,present-day,s3://cadcat/climate-profiles/typical-met-year/oxnard_ventura_county_airport_koxr/taiesm1/present-day/tmy_oxnard_ventura_county_airport_koxr_wrf_taiesm1_r1i1p1f1_present-day.csv
palm_springs_regional_airport_kpsp,wrf,ec-earth3,r1i1p1f1,mid-century,s3://cadcat/climate-profiles/typical-met-year/palm_springs_regional_airport_kpsp/ec-earth3/mid-century/tmy_palm_springs_regional_airport_kpsp_wrf_ec-earth3_r1i1p1f1_mid-century.csv
palm_springs_regional_airport_kpsp,wrf,ec-earth3,r1i1p1f1,mid-late-century,s3://cadcat/climate-profiles/typical-met-year/palm_springs_regional_airport_kpsp/ec-earth3/mid-late-century/tmy_palm_springs_regional_airport_kpsp_wrf_ec-earth3_r1i1p1f1_mid-late-century.csv
palm_springs_regional_airport_kpsp,wrf,ec-earth3,r1i1p1f1,near-future,s3://cadcat/climate-profiles/typical-met-year/palm_springs_regional_airport_kpsp/ec-earth3/near-future/tmy_palm_springs_regional_airport_kpsp_wrf_ec-earth3_r1i1p1f1_near-future.csv
palm_springs_regional_airport_kpsp,wrf,ec-earth3,r1i1p1f1,present-day,s3://cadcat/climate-profiles/typical-met-year/palm_springs_regional_airport_kpsp/ec-earth3/present-day/tmy_palm_springs_regional_airport_kpsp_wrf_ec-earth3_r1i1p1f1_present-day.csv
palm_springs_regional_airport_kpsp,wrf,miroc6,r1i1p1f1,mid-century,s3://cadcat/climate-profiles/typical-met-year/palm_springs_regional_airport_kpsp/miroc6/mid-century/tmy_palm_springs_regional_airport_kpsp_wrf_miroc6_r1i1p1f1_mid-century.csv
palm_springs_regional_airport_kpsp,wrf,miroc6,r1i1p1f1,mid-late-century,s3://cadcat/climate-profiles/typical-met-year/palm_springs_regional_airport_kpsp/miroc6/mid-late-century/tmy_palm_springs_regional_airport_kpsp_wrf_miroc6_r1i1p1f1_mid-late-century.csv
palm_springs_regional_airport_kpsp,wrf,miroc6,r1i1p1f1,near-future,s3://cadcat/climate-profiles/typical-met-year/palm_springs_regional_airport_kpsp/miroc6/near-future/tmy_palm_springs_regional_airport_kpsp_wrf_miroc6_r1i1p1f1_near-future.csv
palm_springs_regional_airport_kpsp,wrf,miroc6,r1i1p1f1,present-day,s3://cadcat/climate-profiles/typical-met-year/palm_springs_regional_airport_kpsp/miroc6/present-day/tmy_palm_springs_regional_airport_kpsp_wrf_miroc6_r1i1p1f1_present-day.csv
palm_springs_regional_airport_kpsp,wrf,mpi-esm1-2-hr,r3i1p1f1,mid-century,s3://cadcat/climate-profiles/typical-met-year/palm_springs_regional_airport_kpsp/mpi-esm1-2-hr/mid-century/tmy_palm_springs_regional_airport_kpsp_wrf_mpi-esm1-2-hr_r3i1p1f1_mid-century.csv
palm_springs_regional_airport_kpsp,wrf,mpi-esm1-2-hr,r3i1p1f1,mid-late-century,s3://cadcat/climate-profiles/typical-met-year/palm_springs_regional_airport_kpsp/mpi-esm1-2-hr/mid-late-century/tmy_palm_springs_regional_airport_kpsp_wrf_mpi-esm1-2-hr_r3i1p1f1_mid-late-century.csv
palm_springs_regional_airport_kpsp,wrf,mpi-esm1-2-hr,r3i1p1f1,near-future,s3://cadcat/climate-profiles/typical-met-year/palm_springs_regional_airport_kpsp/mpi-esm1-2-hr/near-future/tmy_palm_springs_regional_airport_kpsp_wrf_mpi-esm1-2-hr_r3i1p1f1_near-future.csv
palm_springs_regional_airport_kpsp,wrf,mpi-esm1-2-hr,r3i1p1f1,present-day,s3://cadcat/climate-profiles/typical-met-year/palm_springs_regional_airport_kpsp/mpi-esm1-2-hr/present-day/tmy_palm_springs_regional_airport_kpsp_wrf_mpi-esm1-2-hr_r3i1p1f1_present-day.csv
palm_springs_regional_airport_kpsp,wrf,taiesm1,r1i1p1f1,mid-century,s3://cadcat/climate-profiles/typical-met-year/palm_springs_regional_airport_kpsp/taiesm1/mid-century/tmy_palm_springs_regional_airport_kpsp_wrf_taiesm1_r1i1p1f1_mid-century.csv
palm_springs_regional_airport_kpsp,wrf,taiesm1,r1i1p1f1,mid-late-century,s3://cadcat/climate-profiles/typical-met-year/palm_springs_regional_airport_kpsp/taiesm1/mid-late-century/tmy_palm_springs_regional_airport_kpsp_wrf_taiesm1_r1i1p1f1_mid-late-century.csv
palm_springs_regional_airport_kpsp,wrf,taiesm1,r1i1p1f1,near-future,s3://cadcat/climate-profiles/typical-met-year/palm_springs_regional_airport_kpsp/taiesm1/near-future/tmy_palm_springs_regional_airport_kpsp_wrf_taiesm1_r1i1p1f1_near-future.csv
palm_springs_regional_airport_kpsp,wrf,taiesm1,r1i1p1f1,present-day,s3://cadcat/climate-profiles/typical-met-year/palm_springs_regional_airport_kpsp/taiesm1/present-day/tmy_palm_springs_regional_airport_kpsp_wrf_taiesm1_r1i1p1f1_present-day.csv
red_bluff_municipal_airport_krbl,wrf,ec-earth3,r1i1p1f1,mid-century,s3://cadcat/climate-profiles/typical-met-year/red_bluff_municipal_airport_krbl/ec-earth3/mid-century/tmy_red_bluff_municipal_airport_krbl_wrf_ec-earth3_r1i1p1f1_mid-century.csv
red_bluff_municipal_airport_krbl,wrf,ec-earth3,r1i1p1f1,mid-late-century,s3://cadcat/climate-profiles/typical-met-year/red_bluff_municipal_airport_krbl/ec-earth3/mid-late-century/tmy_red_bluff_municipal_airport_krbl_wrf_ec-earth3_r1i1p1f1_mid-late-century.csv
red_bluff_municipal_airport_krbl,wrf,ec-earth3,r1i1p1f1,near-future,s3://cadcat/climate-profiles/typical-met-year/red_bluff_municipal_airport_krbl/ec-earth3/near-future/tmy_red_bluff_municipal_airport_krbl_wrf_ec-earth3_r1i1p1f1_near-future.csv
red_bluff_municipal_airport_krbl,wrf,ec-earth3,r1i1p1f1,present-day,s3://cadcat/climate-profiles/typical-met-year/red_bluff_municipal_airport_krbl/ec-earth3/present-day/tmy_red_bluff_municipal_airport_krbl_wrf_ec-earth3_r1i1p1f1_present-day.csv
red_bluff_municipal_airport_krbl,wrf,miroc6,r1i1p1f1,mid-century,s3://cadcat/climate-profiles/typical-met-year/red_bluff_municipal_airport_krbl/miroc6/mid-century/tmy_red_bluff_municipal_airport_krbl_wrf_miroc6_r1i1p1f1_mid-century.csv
red_bluff_municipal_airport_krbl,wrf,miroc6,r1i1p1f1,mid-late-century,s3://cadcat/climate-profiles/typical-met-year/red_bluff_municipal_airport_krbl/miroc6/mid-late-century/tmy_red_bluff_municipal_airport_krbl_wrf_miroc6_r1i1p1f1_mid-late-century.csv
red_bluff_municipal_airport_krbl,wrf,miroc6,r1i1p1f1,near-future,s3://cadcat/climate-profiles/typical-met-year/red_bluff_municipal_airport_krbl/miroc6/near-future/tmy_red_bluff_municipal_airport_krbl_wrf_miroc6_r1i1p1f1_near-future.csv
red_bluff_municipal_airport_krbl,wrf,miroc6,r1i1p1f1,present-day,s3://cadcat/climate-profiles/typical-met-year/red_bluff_municipal_airport_krbl/miroc6/present-day/tmy_red_bluff_municipal_airport_krbl_wrf_miroc6_r1i1p1f1_present-day.csv
red_bluff_municipal_airport_krbl,wrf,mpi-esm1-2-hr,r3i1p1f1,mid-century,s3://cadcat/climate-profiles/typical-met-year/red_bluff_municipal_airport_krbl/mpi-esm1-2-hr/mid-century/tmy_red_bluff_municipal_airport_krbl_wrf_mpi-esm1-2-hr_r3i1p1f1_mid-century.csv
red_bluff_municipal_airport_krbl,wrf,mpi-esm1-2-hr,r3i1p1f1,mid-late-century,s3://cadcat/climate-profiles/typical-met-year/red_bluff_municipal_airport_krbl/mpi-esm1-2-hr/mid-late-century/tmy_red_bluff_municipal_airport_krbl_wrf_mpi-esm1-2-hr_r3i1p1f1_mid-late-century.csv
red_bluff_municipal_airport_krbl,wrf,mpi-esm1-2-hr,r3i1p1f1,near-future,s3://cadcat/climate-profiles/typical-met-year/red_bluff_municipal_airport_krbl/mpi-esm1-2-hr/near-future/tmy_red_bluff_municipal_airport_krbl_wrf_mpi-esm1-2-hr_r3i1p1f1_near-future.csv
red_bluff_municipal_airport_krbl,wrf,mpi-esm1-2-hr,r3i1p1f1,present-day,s3://cadcat/climate-profiles/typical-met-year/red_bluff_municipal_airport_krbl/mpi-esm1-2-hr/present-day/tmy_red_bluff_municipal_airport_krbl_wrf_mpi-esm1-2-hr_r3i1p1f1_present-day.csv
red_bluff_municipal_airport_krbl,wrf,taiesm1,r1i1p1f1,mid-century,s3://cadcat/climate-profiles/typical-met-year/red_bluff_municipal_airport_krbl/taiesm1/mid-century/tmy_red_bluff_municipal_airport_krbl_wrf_taiesm1_r1i1p1f1_mid-century.csv
red_bluff_municipal_airport_krbl,wrf,taiesm1,r1i1p1f1,mid-late-century,s3://cadcat/climate-profiles/typical-met-year/red_bluff_municipal_airport_krbl/taiesm1/mid-late-century/tmy_red_bluff_municipal_airport_krbl_wrf_taiesm1_r1i1p1f1_mid-late-century.csv
red_bluff_municipal_airport_krbl,wrf,taiesm1,r1i1p1f1,near-future,s3://cadcat/climate-profiles/typical-met-year/red_bluff_municipal_airport_krbl/taiesm1/near-future/tmy_red_bluff_municipal_airport_krbl_wrf_taiesm1_r1i1p1f1_near-future.csv
red_bluff_municipal_airport_krbl,wrf,taiesm1,r1i1p1f1,present-day,s3://cadcat/climate-profiles/typical-met-year/red_bluff_municipal_airport_krbl/taiesm1/present-day/tmy_red_bluff_municipal_airport_krbl_wrf_taiesm1_r1i1p1f1_present-day.csv
redding_airport_krdd,wrf,ec-earth3,r1i1p1f1,mid-century,s3://cadcat/climate-profiles/typical-met-year/redding_airport_krdd/ec-earth3/mid-century/tmy_redding_airport_krdd_wrf_ec-earth3_r1i1p1f1_mid-century.csv
redding_airport_krdd,wrf,ec-earth3,r1i1p1f1,mid-late-century,s3://cadcat/climate-profiles/typical-met-year/redding_airport_krdd/ec-earth3/mid-late-century/tmy_redding_airport_krdd_wrf_ec-earth3_r1i1p1f1_mid-late-century.csv
redding_airport_krdd,wrf,ec-earth3,r1i1p1f1,near-future,s3://cadcat/climate-profiles/typical-met-year/redding_airport_krdd/ec-earth3/near-future/tmy_redding_airport_krdd_wrf_ec-earth3_r1i1p1f1_near-future.csv
redding_airport_krdd,wrf,ec-earth3,r1i1p1f1,present-day,s3://cadcat/climate-profiles/typical-met-year/redding_airport_krdd/ec-earth3/present-day/tmy_redding_airport_krdd_wrf_ec-earth3_r1i1p1f1_present-day.csv
redding_airport_krdd,wrf,miroc6,r1i1p1f1,mid-century,s3://cadcat/climate-profiles/typical-met-year/redding_airport_krdd/miroc6/mid-century/tmy_redding_airport_krdd_wrf_miroc6_r1i1p1f1_mid-century.csv
redding_airport_krdd,wrf,miroc6,r1i1p1f1,mid-late-century,s3://cadcat/climate-profiles/typical-met-year/redding_airport_krdd/miroc6/mid-late-century/tmy_redding_airport_krdd_wrf_miroc6_r1i1p1f1_mid-late-century.csv
redding_airport_krdd,wrf,miroc6,r1i1p1f1,near-future,s3://cadcat/climate-profiles/typical-met-year/redding_airport_krdd/miroc6/near-future/tmy_redding_airport_krdd_wrf_miroc6_r1i1p1f1_near-future.csv
redding_airport_krdd,wrf,miroc6,r1i1p1f1,present-day,s3://cadcat/climate-profiles/typical-met-year/redding_airport_krdd/miroc6/present-day/tmy_redding_airport_krdd_wrf_miroc6_r1i1p1f1_present-day.csv
redding_airport_krdd,wrf,mpi-esm1-2-hr,r3i1p1f1,mid-century,s3://cadcat/climate-profiles/typical-met-year/redding_airport_krdd/mpi-esm1-2-hr/mid-century/tmy_redding_airport_krdd_wrf_mpi-esm1-2-hr_r3i1p1f1_mid-century.csv
redding_airport_krdd,wrf,mpi-esm1-2-hr,r3i1p1f1,mid-late-century,s3://cadcat/climate-profiles/typical-met-year/redding_airport_krdd/mpi-esm1-2-hr/mid-late-century/tmy_redding_airport_krdd_wrf_mpi-esm1-2-hr_r3i1p1f1_mid-late-century.csv
redding_airport_krdd,wrf,mpi-esm1-2-hr,r3i1p1f1,near-future,s3://cadcat/climate-profiles/typical-met-year/redding_airport_krdd/mpi-esm1-2-hr/near-future/tmy_redding_airport_krdd_wrf_mpi-esm1-2-hr_r3i1p1f1_near-future.csv
redding_airport_krdd,wrf,mpi-esm1-2-hr,r3i1p1f1,present-day,s3://cadcat/climate-profiles/typical-met-year/redding_airport_krdd/mpi-esm1-2-hr/present-day/tmy_redding_airport_krdd_wrf_mpi-esm1-2-hr_r3i1p1f1_present-day.csv
redding_airport_krdd,wrf,taiesm1,r1i1p1f1,mid-century,s3://cadcat/climate-profiles/typical-met-year/redding_airport_krdd/taiesm1/mid-century/tmy_redding_airport_krdd_wrf_taiesm1_r1i1p1f1_mid-century.csv
redding_airport_krdd,wrf,taiesm1,r1i1p1f1,mid-late-century,s3://cadcat/climate-profiles/typical-met-year/redding_airport_krdd/taiesm1/mid-late-century/tmy_redding_airport_krdd_wrf_taiesm1_r1i1p1f1_mid-late-century.csv
redding_airport_krdd,wrf,taiesm1,r1i1p1f1,near-future,s3://cadcat/climate-profiles/typical-met-year/redding_airport_krdd/taiesm1/near-future/tmy_redding_airport_krdd_wrf_taiesm1_r1i1p1f1_near-future.csv
redding_airport_krdd,wrf,taiesm1,r1i1p1f1,present-day,s3://cadcat/climate-profiles/typical-met-year/redding_airport_krdd/taiesm1/present-day/tmy_redding_airport_krdd_wrf_taiesm1_r1i1p1f1_present-day.csv
riverside_municipal_airport_kral,wrf,ec-earth3,r1i1p1f1,mid-century,s3://cadcat/climate-profiles/typical-met-year/riverside_municipal_airport_kral/ec-earth3/mid-century/tmy_riverside_municipal_airport_kral_wrf_ec-earth3_r1i1p1f1_mid-century.csv
riverside_municipal_airport_kral,wrf,ec-earth3,r1i1p1f1,mid-late-century,s3://cadcat/climate-profiles/typical-met-year/riverside_municipal_airport_kral/ec-earth3/mid-late-century/tmy_riverside_municipal_airport_kral_wrf_ec-earth3_r1i1p1f1_mid-late-century.csv
riverside_municipal_airport_kral,wrf,ec-earth3,r1i1p1f1,near-future,s3://cadcat/climate-profiles/typical-met-year/riverside_municipal_airport_kral/ec-earth3/near-future/tmy_riverside_municipal_airport_kral_wrf_ec-earth3_r1i1p1f1_near-future.csv
riverside_municipal_airport_kral,wrf,ec-earth3,r1i1p1f1,present-day,s3://cadcat/climate-profiles/typical-met-year/riverside_municipal_airport_kral/ec-earth3/present-day/tmy_riverside_municipal_airport_kral_wrf_ec-earth3_r1i1p1f1_present-day.csv
riverside_municipal_airport_kral,wrf,miroc6,r1i1p1f1,mid-century,s3://cadcat/climate-profiles/typical-met-year/riverside_municipal_airport_kral/miroc6/mid-century/tmy_riverside_municipal_airport_kral_wrf_miroc6_r1i1p1f1_mid-century.csv
riverside_municipal_airport_kral,wrf,miroc6,r1i1p1f1,mid-late-century,s3://cadcat/climate-profiles/typical-met-year/riverside_municipal_airport_kral/miroc6/mid-late-century/tmy_riverside_municipal_airport_kral_wrf_miroc6_r1i1p1f1_mid-late-century.csv
riverside_municipal_airport_kral,wrf,miroc6,r1i1p1f1,near-future,s3://cadcat/climate-profiles/typical-met-year/riverside_municipal_airport_kral/miroc6/near-future/tmy_riverside_municipal_airport_kral_wrf_miroc6_r1i1p1f1_near-future.csv
riverside_municipal_airport_kral,wrf,miroc6,r1i1p1f1,present-day,s3://cadcat/climate-profiles/typical-met-year/riverside_municipal_airport_kral/miroc6/present-day/tmy_riverside_municipal_airport_kral_wrf_miroc6_r1i1p1f1_present-day.csv
riverside_municipal_airport_kral,wrf,mpi-esm1-2-hr,r3i1p1f1,mid-century,s3://cadcat/climate-profiles/typical-met-year/riverside_municipal_airport_kral/mpi-esm1-2-hr/mid-century/tmy_riverside_municipal_airport_kral_wrf_mpi-esm1-2-hr_r3i1p1f1_mid-century.csv
riverside_municipal_airport_kral,wrf,mpi-esm1-2-hr,r3i1p1f1,mid-late-century,s3://cadcat/climate-profiles/typical-met-year/riverside_municipal_airport_kral/mpi-esm1-2-hr/mid-late-century/tmy_riverside_municipal_airport_kral_wrf_mpi-esm1-2-hr_r3i1p1f1_mid-late-century.csv
riverside_municipal_airport_kral,wrf,mpi-esm1-2-hr,r3i1p1f1,near-future,s3://cadcat/climate-profiles/typical-met-year/riverside_municipal_airport_kral/mpi-esm1-2-hr/near-future/tmy_riverside_municipal_airport_kral_wrf_mpi-esm1-2-hr_r3i1p1f1_near-future.csv
riverside_municipal_airport_kral,wrf,mpi-esm1-2-hr,r3i1p1f1,present-day,s3://cadcat/climate-profiles/typical-met-year/riverside_municipal_airport_kral/mpi-esm1-2-hr/present-day/tmy_riverside_municipal_airport_kral_wrf_mpi-esm1-2-hr_r3i1p1f1_present-day.csv
riverside_municipal_airport_kral,wrf,taiesm1,r1i1p1f1,mid-century,s3://cadcat/climate-profiles/typical-met-year/riverside_municipal_airport_kral/taiesm1/mid-century/tmy_riverside_municipal_airport_kral_wrf_taiesm1_r1i1p1f1_mid-century.csv
riverside_municipal_airport_kral,wrf,taiesm1,r1i1p1f1,mid-late-century,s3://cadcat/climate-profiles/typical-met-year/riverside_municipal_airport_kral/taiesm1/mid-late-century/tmy_riverside_municipal_airport_kral_wrf_taiesm1_r1i1p1f1_mid-late-century.csv
riverside_municipal_airport_kral,wrf,taiesm1,r1i1p1f1,near-future,s3://cadcat/climate-profiles/typical-met-year/riverside_municipal_airport_kral/taiesm1/near-future/tmy_riverside_municipal_airport_kral_wrf_taiesm1_r1i1p1f1_near-future.csv
riverside_municipal_airport_kral,wrf,taiesm1,r1i1p1f1,present-day,s3://cadcat/climate-profiles/typical-met-year/riverside_municipal_airport_kral/taiesm1/present-day/tmy_riverside_municipal_airport_kral_wrf_taiesm1_r1i1p1f1_present-day.csv
sacramento_executive_airport_ksac,wrf,ec-earth3,r1i1p1f1,mid-century,s3://cadcat/climate-profiles/typical-met-year/sacramento_executive_airport_ksac/ec-earth3/mid-century/tmy_sacramento_executive_airport_ksac_wrf_ec-earth3_r1i1p1f1_mid-century.csv
sacramento_executive_airport_ksac,wrf,ec-earth3,r1i1p1f1,mid-late-century,s3://cadcat/climate-profiles/typical-met-year/sacramento_executive_airport_ksac/ec-earth3/mid-late-century/tmy_sacramento_executive_airport_ksac_wrf_ec-earth3_r1i1p1f1_mid-late-century.csv
sacramento_executive_airport_ksac,wrf,ec-earth3,r1i1p1f1,near-future,s3://cadcat/climate-profiles/typical-met-year/sacramento_executive_airport_ksac/ec-earth3/near-future/tmy_sacramento_executive_airport_ksac_wrf_ec-earth3_r1i1p1f1_near-future.csv
sacramento_executive_airport_ksac,wrf,ec-earth3,r1i1p1f1,present-day,s3://cadcat/climate-profiles/typical-met-year/sacramento_executive_airport_ksac/ec-earth3/present-day/tmy_sacramento_executive_airport_ksac_wrf_ec-earth3_r1i1p1f1_present-day.csv
sacramento_executive_airport_ksac,wrf,miroc6,r1i1p1f1,mid-century,s3://cadcat/climate-profiles/typical-met-year/sacramento_executive_airport_ksac/miroc6/mid-century/tmy_sacramento_executive_airport_ksac_wrf_miroc6_r1i1p1f1_mid-century.csv
sacramento_executive_airport_ksac,wrf,miroc6,r1i1p1f1,mid-late-century,s3://cadcat/climate-profiles/typical-met-year/sacramento_executive_airport_ksac/miroc6/mid-late-century/tmy_sacramento_executive_airport_ksac_wrf_miroc6_r1i1p1f1_mid-late-century.csv
sacramento_executive_airport_ksac,wrf,miroc6,r1i1p1f1,near-future,s3://cadcat/climate-profiles/typical-met-year/sacramento_executive_airport_ksac/miroc6/near-future/tmy_sacramento_executive_airport_ksac_wrf_miroc6_r1i1p1f1_near-future.csv
sacramento_executive_airport_ksac,wrf,miroc6,r1i1p1f1,present-day,s3://cadcat/climate-profiles/typical-met-year/sacramento_executive_airport_ksac/miroc6/present-day/tmy_sacramento_executive_airport_ksac_wrf_miroc6_r1i1p1f1_present-day.csv
sacramento_executive_airport_ksac,wrf,mpi-esm1-2-hr,r3i1p1f1,mid-century,s3://cadcat/climate-profiles/typical-met-year/sacramento_executive_airport_ksac/mpi-esm1-2-hr/mid-century/tmy_sacramento_executive_airport_ksac_wrf_mpi-esm1-2-hr_r3i1p1f1_mid-century.csv
sacramento_executive_airport_ksac,wrf,mpi-esm1-2-hr,r3i1p1f1,mid-late-century,s3://cadcat/climate-profiles/typical-met-year/sacramento_executive_airport_ksac/mpi-esm1-2-hr/mid-late-century/tmy_sacramento_executive_airport_ksac_wrf_mpi-esm1-2-hr_r3i1p1f1_mid-late-century.csv
sacramento_executive_airport_ksac,wrf,mpi-esm1-2-hr,r3i1p1f1,near-future,s3://cadcat/climate-profiles/typical-met-year/sacramento_executive_airport_ksac/mpi-esm1-2-hr/near-future/tmy_sacramento_executive_airport_ksac_wrf_mpi-esm1-2-hr_r3i1p1f1_near-future.csv
sacramento_executive_airport_ksac,wrf,mpi-esm1-2-hr,r3i1p1f1,present-day,s3://cadcat/climate-profiles/typical-met-year/sacramento_executive_airport_ksac/mpi-esm1-2-hr/present-day/tmy_sacramento_executive_airport_ksac_wrf_mpi-esm1-2-hr_r3i1p1f1_present-day.csv
sacramento_executive_airport_ksac,wrf,taiesm1,r1i1p1f1,mid-century,s3://cadcat/climate-profiles/typical-met-year/sacramento_executive_airport_ksac/taiesm1/mid-century/tmy_sacramento_executive_airport_ksac_wrf_taiesm1_r1i1p1f1_mid-century.csv
sacramento_executive_airport_ksac,wrf,taiesm1,r1i1p1f1,mid-late-century,s3://cadcat/climate-profiles/typical-met-year/sacramento_executive_airport_ksac/taiesm1/mid-late-century/tmy_sacramento_executive_airport_ksac_wrf_taiesm1_r1i1p1f1_mid-late-century.csv
sacramento_executive_airport_ksac,wrf,taiesm1,r1i1p1f1,near-future,s3://cadcat/climate-profiles/typical-met-year/sacramento_executive_airport_ksac/taiesm1/near-future/tmy_sacramento_executive_airport_ksac_wrf_taiesm1_r1i1p1f1_near-future.csv
sacramento_executive_airport_ksac,wrf,taiesm1,r1i1p1f1,present-day,s3://cadcat/climate-profiles/typical-met-year/sacramento_executive_airport_ksac/taiesm1/present-day/tmy_sacramento_executive_airport_ksac_wrf_taiesm1_r1i1p1f1_present-day.csv
san_diego_lindbergh_field_ksan,wrf,ec-earth3,r1i1p1f1,mid-century,s3://cadcat/climate-profiles/typical-met-year/san_diego_lindbergh_field_ksan/ec-earth3/mid-century/tmy_san_diego_lindbergh_field_ksan_wrf_ec-earth3_r1i1p1f1_mid-century.csv
san_diego_lindbergh_field_ksan,wrf,ec-earth3,r1i1p1f1,mid-late-century,s3://cadcat/climate-profiles/typical-met-year/san_diego_lindbergh_field_ksan/ec-earth3/mid-late-century/tmy_san_diego_lindbergh_field_ksan_wrf_ec-earth3_r1i1p1f1_mid-late-century.csv
san_diego_lindbergh_field_ksan,wrf,ec-earth3,r1i1p1f1,near-future,s3://cadcat/climate-profiles/typical-met-year/san_diego_lindbergh_field_ksan/ec-earth3/near-future/tmy_san_diego_lindbergh_field_ksan_wrf_ec-earth3_r1i1p1f1_near-future.csv
san_diego_lindbergh_field_ksan,wrf,ec-earth3,r1i1p1f1,present-day,s3://cadcat/climate-profiles/typical-met-year/san_diego_lindbergh_field_ksan/ec-earth3/present-day/tmy_san_diego_lindbergh_field_ksan_wrf_ec-earth3_r1i1p1f1_present-day.csv
san_diego_lindbergh_field_ksan,wrf,miroc6,r1i1p1f1,mid-century,s3://cadcat/climate-profiles/typical-met-year/san_diego_lindbergh_field_ksan/miroc6/mid-century/tmy_san_diego_lindbergh_field_ksan_wrf_miroc6_r1i1p1f1_mid-century.csv
san_diego_lindbergh_field_ksan,wrf,miroc6,r1i1p1f1,mid-late-century,s3://cadcat/climate-profiles/typical-met-year/san_diego_lindbergh_field_ksan/miroc6/mid-late-century/tmy_san_diego_lindbergh_field_ksan_wrf_miroc6_r1i1p1f1_mid-late-century.csv
san_diego_lindbergh_field_ksan,wrf,miroc6,r1i1p1f1,near-future,s3://cadcat/climate-profiles/typical-met-year/san_diego_lindbergh_field_ksan/miroc6/near-future/tmy_san_diego_lindbergh_field_ksan_wrf_miroc6_r1i1p1f1_near-future.csv
san_diego_lindbergh_field_ksan,wrf,miroc6,r1i1p1f1,present-day,s3://cadcat/climate-profiles/typical-met-year/san_diego_lindbergh_field_ksan/miroc6/present-day/tmy_san_diego_lindbergh_field_ksan_wrf_miroc6_r1i1p1f1_present-day.csv
san_diego_lindbergh_field_ksan,wrf,mpi-esm1-2-hr,r3i1p1f1,mid-century,s3://cadcat/climate-profiles/typical-met-year/san_diego_lindbergh_field_ksan/mpi-esm1-2-hr/mid-century/tmy_san_diego_lindbergh_field_ksan_wrf_mpi-esm1-2-hr_r3i1p1f1_mid-century.csv
san_diego_lindbergh_field_ksan,wrf,mpi-esm1-2-hr,r3i1p1f1,mid-late-century,s3://cadcat/climate-profiles/typical-met-year/san_diego_lindbergh_field_ksan/mpi-esm1-2-hr/mid-late-century/tmy_san_diego_lindbergh_field_ksan_wrf_mpi-esm1-2-hr_r3i1p1f1_mid-late-century.csv
san_diego_lindbergh_field_ksan,wrf,mpi-esm1-2-hr,r3i1p1f1,near-future,s3://cadcat/climate-profiles/typical-met-year/san_diego_lindbergh_field_ksan/mpi-esm1-2-hr/near-future/tmy_san_diego_lindbergh_field_ksan_wrf_mpi-esm1-2-hr_r3i1p1f1_near-future.csv
san_diego_lindbergh_field_ksan,wrf,mpi-esm1-2-hr,r3i1p1f1,present-day,s3://cadcat/climate-profiles/typical-met-year/san_diego_lindbergh_field_ksan/mpi-esm1-2-hr/present-day/tmy_san_diego_lindbergh_field_ksan_wrf_mpi-esm1-2-hr_r3i1p1f1_present-day.csv
san_diego_lindbergh_field_ksan,wrf,taiesm1,r1i1p1f1,mid-century,s3://cadcat/climate-profiles/typical-met-year/san_diego_lindbergh_field_ksan/taiesm1/mid-century/tmy_san_diego_lindbergh_field_ksan_wrf_taiesm1_r1i1p1f1_mid-century.csv
san_diego_lindbergh_field_ksan,wrf,taiesm1,r1i1p1f1,mid-late-century,s3://cadcat/climate-profiles/typical-met-year/san_diego_lindbergh_field_ksan/taiesm1/mid-late-century/tmy_san_diego_lindbergh_field_ksan_wrf_taiesm1_r1i1p1f1_mid-late-century.csv
san_diego_lindbergh_field_ksan,wrf,taiesm1,r1i1p1f1,near-future,s3://cadcat/climate-profiles/typical-met-year/san_diego_lindbergh_field_ksan/taiesm1/near-future/tmy_san_diego_lindbergh_field_ksan_wrf_taiesm1_r1i1p1f1_near-future.csv
san_diego_lindbergh_field_ksan,wrf,taiesm1,r1i1p1f1,present-day,s3://cadcat/climate-profiles/typical-met-year/san_diego_lindbergh_field_ksan/taiesm1/present-day/tmy_san_diego_lindbergh_field_ksan_wrf_taiesm1_r1i1p1f1_present-day.csv
san_diego_miramar_wscmo_knkx,wrf,ec-earth3,r1i1p1f1,mid-century,s3://cadcat/climate-profiles/typical-met-year/san_diego_miramar_wscmo_knkx/ec-earth3/mid-century/tmy_san_diego_miramar_wscmo_knkx_wrf_ec-earth3_r1i1p1f1_mid-century.csv
san_diego_miramar_wscmo_knkx,wrf,ec-earth3,r1i1p1f1,mid-late-century,s3://cadcat/climate-profiles/typical-met-year/san_diego_miramar_wscmo_knkx/ec-earth3/mid-late-century/tmy_san_diego_miramar_wscmo_knkx_wrf_ec-earth3_r1i1p1f1_mid-late-century.csv
san_diego_miramar_wscmo_knkx,wrf,ec-earth3,r1i1p1f1,near-future,s3://cadcat/climate-profiles/typical-met-year/san_diego_miramar_wscmo_knkx/ec-earth3/near-future/tmy_san_diego_miramar_wscmo_knkx_wrf_ec-earth3_r1i1p1f1_near-future.csv
san_diego_miramar_wscmo_knkx,wrf,ec-earth3,r1i1p1f1,present-day,s3://cadcat/climate-profiles/typical-met-year/san_diego_miramar_wscmo_knkx/ec-earth3/present-day/tmy_san_diego_miramar_wscmo_knkx_wrf_ec-earth3_r1i1p1f1_present-day.csv
san_diego_miramar_wscmo_knkx,wrf,miroc6,r1i1p1f1,mid-century,s3://cadcat/climate-profiles/typical-met-year/san_diego_miramar_wscmo_knkx/miroc6/mid-century/tmy_san_diego_miramar_wscmo_knkx_wrf_miroc6_r1i1p1f1_mid-century.csv
san_diego_miramar_wscmo_knkx,wrf,miroc6,r1i1p1f1,mid-late-century,s3://cadcat/climate-profiles/typical-met-year/san_diego_miramar_wscmo_knkx/miroc6/mid-late-century/tmy_san_diego_miramar_wscmo_knkx_wrf_miroc6_r1i1p1f1_mid-late-century.csv
san_diego_miramar_wscmo_knkx,wrf,miroc6,r1i1p1f1,near-future,s3://cadcat/climate-profiles/typical-met-year/san_diego_miramar_wscmo_knkx/miroc6/near-future/tmy_san_diego_miramar_wscmo_knkx_wrf_miroc6_r1i1p1f1_near-future.csv
san_diego_miramar_wscmo_knkx,wrf,miroc6,r1i1p1f1,present-day,s3://cadcat/climate-profiles/typical-met-year/san_diego_miramar_wscmo_knkx/miroc6/present-day/tmy_san_diego_miramar_wscmo_knkx_wrf_miroc6_r1i1p1f1_present-day.csv
san_diego_miramar_wscmo_knkx,wrf,mpi-esm1-2-hr,r3i1p1f1,mid-century,s3://cadcat/climate-profiles/typical-met-year/san_diego_miramar_wscmo_knkx/mpi-esm1-2-hr/mid-century/tmy_san_diego_miramar_wscmo_knkx_wrf_mpi-esm1-2-hr_r3i1p1f1_mid-century.csv
san_diego_miramar_wscmo_knkx,wrf,mpi-esm1-2-hr,r3i1p1f1,mid-late-century,s3://cadcat/climate-profiles/typical-met-year/san_diego_miramar_wscmo_knkx/mpi-esm1-2-hr/mid-late-century/tmy_san_diego_miramar_wscmo_knkx_wrf_mpi-esm1-2-hr_r3i1p1f1_mid-late-century.csv
san_diego_miramar_wscmo_knkx,wrf,mpi-esm1-2-hr,r3i1p1f1,near-future,s3://cadcat/climate-profiles/typical-met-year/san_diego_miramar_wscmo_knkx/mpi-esm1-2-hr/near-future/tmy_san_diego_miramar_wscmo_knkx_wrf_mpi-esm1-2-hr_r3i1p1f1_near-future.csv
san_diego_miramar_wscmo_knkx,wrf,mpi-esm1-2-hr,r3i1p1f1,present-day,s3://cadcat/climate-profiles/typical-met-year/san_diego_miramar_wscmo_knkx/mpi-esm1-2-hr/present-day/tmy_san_diego_miramar_wscmo_knkx_wrf_mpi-esm1-2-hr_r3i1p1f1_present-day.csv
san_diego_miramar_wscmo_knkx,wrf,taiesm1,r1i1p1f1,mid-century,s3://cadcat/climate-profiles/typical-met-year/san_diego_miramar_wscmo_knkx/taiesm1/mid-century/tmy_san_diego_miramar_wscmo_knkx_wrf_taiesm1_r1i1p1f1_mid-century.csv
san_diego_miramar_wscmo_knkx,wrf,taiesm1,r1i1p1f1,mid-late-century,s3://cadcat/climate-profiles/typical-met-year/san_diego_miramar_wscmo_knkx/taiesm1/mid-late-century/tmy_san_diego_miramar_wscmo_knkx_wrf_taiesm1_r1i1p1f1_mid-late-century.csv
san_diego_miramar_wscmo_knkx,wrf,taiesm1,r1i1p1f1,near-future,s3://cadcat/climate-profiles/typical-met-year/san_diego_miramar_wscmo_knkx/taiesm1/near-future/tmy_san_diego_miramar_wscmo_knkx_wrf_taiesm1_r1i1p1f1_near-future.csv
san_diego_miramar_wscmo_knkx,wrf,taiesm1,r1i1p1f1,present-day,s3://cadcat/climate-profiles/typical-met-year/san_diego_miramar_wscmo_knkx/taiesm1/present-day/tmy_san_diego_miramar_wscmo_knkx_wrf_taiesm1_r1i1p1f1_present-day.csv
san_francisco_international_airport_ksfo,wrf,ec-earth3,r1i1p1f1,mid-century,s3://cadcat/climate-profiles/typical-met-year/san_francisco_international_airport_ksfo/ec-earth3/mid-century/tmy_san_francisco_international_airport_ksfo_wrf_ec-earth3_r1i1p1f1_mid-century.csv
san_francisco_international_airport_ksfo,wrf,ec-earth3,r1i1p1f1,mid-late-century,s3://cadcat/climate-profiles/typical-met-year/san_francisco_international_airport_ksfo/ec-earth3/mid-late-century/tmy_san_francisco_international_airport_ksfo_wrf_ec-earth3_r1i1p1f1_mid-late-century.csv
san_francisco_international_airport_ksfo,wrf,ec-earth3,r1i1p1f1,near-future,s3://cadcat/climate-profiles/typical-met-year/san_francisco_international_airport_ksfo/ec-earth3/near-future/tmy_san_francisco_international_airport_ksfo_wrf_ec-earth3_r1i1p1f1_near-future.csv
san_francisco_international_airport_ksfo,wrf,ec-earth3,r1i1p1f1,present-day,s3://cadcat/climate-profiles/typical-met-year/san_francisco_international_airport_ksfo/ec-earth3/present-day/tmy_san_francisco_international_airport_ksfo_wrf_ec-earth3_r1i1p1f1_present-day.csv
san_francisco_international_airport_ksfo,wrf,miroc6,r1i1p1f1,mid-century,s3://cadcat/climate-profiles/typical-met-year/san_francisco_international_airport_ksfo/miroc6/mid-century/tmy_san_francisco_international_airport_ksfo_wrf_miroc6_r1i1p1f1_mid-century.csv
san_francisco_international_airport_ksfo,wrf,miroc6,r1i1p1f1,mid-late-century,s3://cadcat/climate-profiles/typical-met-year/san_francisco_international_airport_ksfo/miroc6/mid-late-century/tmy_san_francisco_international_airport_ksfo_wrf_miroc6_r1i1p1f1_mid-late-century.csv
san_francisco_international_airport_ksfo,wrf,miroc6,r1i1p1f1,near-future,s3://cadcat/climate-profiles/typical-met-year/san_francisco_international_airport_ksfo/miroc6/near-future/tmy_san_francisco_international_airport_ksfo_wrf_miroc6_r1i1p1f1_near-future.csv
san_francisco_international_airport_ksfo,wrf,miroc6,r1i1p1f1,present-day,s3://cadcat/climate-profiles/typical-met-year/san_francisco_international_airport_ksfo/miroc6/present-day/tmy_san_francisco_international_airport_ksfo_wrf_miroc6_r1i1p1f1_present-day.csv
san_francisco_international_airport_ksfo,wrf,mpi-esm1-2-hr,r3i1p1f1,mid-century,s3://cadcat/climate-profiles/typical-met-year/san_francisco_international_airport_ksfo/mpi-esm1-2-hr/mid-century/tmy_san_francisco_international_airport_ksfo_wrf_mpi-esm1-2-hr_r3i1p1f1_mid-century.csv
san_francisco_international_airport_ksfo,wrf,mpi-esm1-2-hr,r3i1p1f1,mid-late-century,s3://cadcat/climate-profiles/typical-met-year/san_francisco_international_airport_ksfo/mpi-esm1-2-hr/mid-late-century/tmy_san_francisco_international_airport_ksfo_wrf_mpi-esm1-2-hr_r3i1p1f1_mid-late-century.csv
san_francisco_international_airport_ksfo,wrf,mpi-esm1-2-hr,r3i1p1f1,near-future,s3://cadcat/climate-profiles/typical-met-year/san_francisco_international_airport_ksfo/mpi-esm1-2-hr/near-future/tmy_san_francisco_international_airport_ksfo_wrf_mpi-esm1-2-hr_r3i1p1f1_near-future.csv
san_francisco_international_airport_ksfo,wrf,mpi-esm1-2-hr,r3i1p1f1,present-day,s3://cadcat/climate-profiles/typical-met-year/san_francisco_international_airport_ksfo/mpi-esm1-2-hr/present-day/tmy_san_francisco_international_airport_ksfo_wrf_mpi-esm1-2-hr_r3i1p1f1_present-day.csv
san_francisco_international_airport_ksfo,wrf,taiesm1,r1i1p1f1,mid-century,s3://cadcat/climate-profiles/typical-met-year/san_francisco_international_airport_ksfo/taiesm1/mid-century/tmy_san_francisco_international_airport_ksfo_wrf_taiesm1_r1i1p1f1_mid-century.csv
san_francisco_international_airport_ksfo,wrf,taiesm1,r1i1p1f1,mid-late-century,s3://cadcat/climate-profiles/typical-met-year/san_francisco_international_airport_ksfo/taiesm1/mid-late-century/tmy_san_francisco_international_airport_ksfo_wrf_taiesm1_r1i1p1f1_mid-late-century.csv
san_francisco_international_airport_ksfo,wrf,taiesm1,r1i1p1f1,near-future,s3://cadcat/climate-profiles/typical-met-year/san_francisco_international_airport_ksfo/taiesm1/near-future/tmy_san_francisco_international_airport_ksfo_wrf_taiesm1_r1i1p1f1_near-future.csv
san_francisco_international_airport_ksfo,wrf,taiesm1,r1i1p1f1,present-day,s3://cadcat/climate-profiles/typical-met-year/san_francisco_international_airport_ksfo/taiesm1/present-day/tmy_san_francisco_international_airport_ksfo_wrf_taiesm1_r1i1p1f1_present-day.csv
san_jose_international_airport_ksjc,wrf,ec-earth3,r1i1p1f1,mid-century,s3://cadcat/climate-profiles/typical-met-year/san_jose_international_airport_ksjc/ec-earth3/mid-century/tmy_san_jose_international_airport_ksjc_wrf_ec-earth3_r1i1p1f1_mid-century.csv
san_jose_international_airport_ksjc,wrf,ec-earth3,r1i1p1f1,mid-late-century,s3://cadcat/climate-profiles/typical-met-year/san_jose_international_airport_ksjc/ec-earth3/mid-late-century/tmy_san_jose_international_airport_ksjc_wrf_ec-earth3_r1i1p1f1_mid-late-century.csv
san_jose_international_airport_ksjc,wrf,ec-earth3,r1i1p1f1,near-future,s3://cadcat/climate-profiles/typical-met-year/san_jose_international_airport_ksjc/ec-earth3/near-future/tmy_san_jose_international_airport_ksjc_wrf_ec-earth3_r1i1p1f1_near-future.csv
san_jose_international_airport_ksjc,wrf,ec-earth3,r1i1p1f1,present-day,s3://cadcat/climate-profiles/typical-met-year/san_jose_international_airport_ksjc/ec-earth3/present-day/tmy_san_jose_international_airport_ksjc_wrf_ec-earth3_r1i1p1f1_present-day.csv
san_jose_international_airport_ksjc,wrf,miroc6,r1i1p1f1,mid-century,s3://cadcat/climate-profiles/typical-met-year/san_jose_international_airport_ksjc/miroc6/mid-century/tmy_san_jose_international_airport_ksjc_wrf_miroc6_r1i1p1f1_mid-century.csv
san_jose_international_airport_ksjc,wrf,miroc6,r1i1p1f1,mid-late-century,s3://cadcat/climate-profiles/typical-met-year/san_jose_international_airport_ksjc/miroc6/mid-late-century/tmy_san_jose_international_airport_ksjc_wrf_miroc6_r1i1p1f1_mid-late-century.csv
san_jose_international_airport_ksjc,wrf,miroc6,r1i1p1f1,near-future,s3://cadcat/climate-profiles/typical-met-year/san_jose_international_airport_ksjc/miroc6/near-future/tmy_san_jose_international_airport_ksjc_wrf_miroc6_r1i1p1f1_near-future.csv
san_jose_international_airport_ksjc,wrf,miroc6,r1i1p1f1,present-day,s3://cadcat/climate-profiles/typical-met-year/san_jose_international_airport_ksjc/miroc6/present-day/tmy_san_jose_international_airport_ksjc_wrf_miroc6_r1i1p1f1_present-day.csv
san_jose_international_airport_ksjc,wrf,mpi-esm1-2-hr,r3i1p1f1,mid-century,s3://cadcat/climate-profiles/typical-met-year/san_jose_international_airport_ksjc/mpi-esm1-2-hr/mid-century/tmy_san_jose_international_airport_ksjc_wrf_mpi-esm1-2-hr_r3i1p1f1_mid-century.csv
san_jose_international_airport_ksjc,wrf,mpi-esm1-2-hr,r3i1p1f1,mid-late-century,s3://cadcat/climate-profiles/typical-met-year/san_jose_international_airport_ksjc/mpi-esm1-2-hr/mid-late-century/tmy_san_jose_international_airport_ksjc_wrf_mpi-esm1-2-hr_r3i1p1f1_mid-late-century.csv
san_jose_international_airport_ksjc,wrf,mpi-esm1-2-hr,r3i1p1f1,near-future,s3://cadcat/climate-profiles/typical-met-year/san_jose_international_airport_ksjc/mpi-esm1-2-hr/near-future/tmy_san_jose_international_airport_ksjc_wrf_mpi-esm1-2-hr_r3i1p1f1_near-future.csv
san_jose_international_airport_ksjc,wrf,mpi-esm1-2-hr,r3i1p1f1,present-day,s3://cadcat/climate-profiles/typical-met-year/san_jose_international_airport_ksjc/mpi-esm1-2-hr/present-day/tmy_san_jose_international_airport_ksjc_wrf_mpi-esm1-2-hr_r3i1p1f1_present-day.csv
san_jose_international_airport_ksjc,wrf,taiesm1,r1i1p1f1,mid-century,s3://cadcat/climate-profiles/typical-met-year/san_jose_international_airport_ksjc/taiesm1/mid-century/tmy_san_jose_international_airport_ksjc_wrf_taiesm1_r1i1p1f1_mid-century.csv
san_jose_international_airport_ksjc,wrf,taiesm1,r1i1p1f1,mid-late-century,s3://cadcat/climate-profiles/typical-met-year/san_jose_international_airport_ksjc/taiesm1/mid-late-century/tmy_san_jose_international_airport_ksjc_wrf_taiesm1_r1i1p1f1_mid-late-century.csv
san_jose_international_airport_ksjc,wrf,taiesm1,r1i1p1f1,near-future,s3://cadcat/climate-profiles/typical-met-year/san_jose_international_airport_ksjc/taiesm1/near-future/tmy_san_jose_international_airport_ksjc_wrf_taiesm1_r1i1p1f1_near-future.csv
san_jose_international_airport_ksjc,wrf,taiesm1,r1i1p1f1,present-day,s3://cadcat/climate-profiles/typical-met-year/san_jose_international_airport_ksjc/taiesm1/present-day/tmy_san_jose_international_airport_ksjc_wrf_taiesm1_r1i1p1f1_present-day.csv
san_luis_obispo_airport_ksbp,wrf,ec-earth3,r1i1p1f1,mid-century,s3://cadcat/climate-profiles/typical-met-year/san_luis_obispo_airport_ksbp/ec-earth3/mid-century/tmy_san_luis_obispo_airport_ksbp_wrf_ec-earth3_r1i1p1f1_mid-century.csv
san_luis_obispo_airport_ksbp,wrf,ec-earth3,r1i1p1f1,mid-late-century,s3://cadcat/climate-profiles/typical-met-year/san_luis_obispo_airport_ksbp/ec-earth3/mid-late-century/tmy_san_luis_obispo_airport_ksbp_wrf_ec-earth3_r1i1p1f1_mid-late-century.csv
san_luis_obispo_airport_ksbp,wrf,ec-earth3,r1i1p1f1,near-future,s3://cadcat/climate-profiles/typical-met-year/san_luis_obispo_airport_ksbp/ec-earth3/near-future/tmy_san_luis_obispo_airport_ksbp_wrf_ec-earth3_r1i1p1f1_near-future.csv
san_luis_obispo_airport_ksbp,wrf,ec-earth3,r1i1p1f1,present-day,s3://cadcat/climate-profiles/typical-met-year/san_luis_obispo_airport_ksbp/ec-earth3/present-day/tmy_san_luis_obispo_airport_ksbp_wrf_ec-earth3_r1i1p1f1_present-day.csv
san_luis_obispo_airport_ksbp,wrf,miroc6,r1i1p1f1,mid-century,s3://cadcat/climate-profiles/typical-met-year/san_luis_obispo_airport_ksbp/miroc6/mid-century/tmy_san_luis_obispo_airport_ksbp_wrf_miroc6_r1i1p1f1_mid-century.csv
san_luis_obispo_airport_ksbp,wrf,miroc6,r1i1p1f1,mid-late-century,s3://cadcat/climate-profiles/typical-met-year/san_luis_obispo_airport_ksbp/miroc6/mid-late-century/tmy_san_luis_obispo_airport_ksbp_wrf_miroc6_r1i1p1f1_mid-late-century.csv
san_luis_obispo_airport_ksbp,wrf,miroc6,r1i1p1f1,near-future,s3://cadcat/climate-profiles/typical-met-year/san_luis_obispo_airport_ksbp/miroc6/near-future/tmy_san_luis_obispo_airport_ksbp_wrf_miroc6_r1i1p1f1_near-future.csv
san_luis_obispo_airport_ksbp,wrf,miroc6,r1i1p1f1,present-day,s3://cadcat/climate-profiles/typical-met-year/san_luis_obispo_airport_ksbp/miroc6/present-day/tmy_san_luis_obispo_airport_ksbp_wrf_miroc6_r1i1p1f1_present-day.csv
san_luis_obispo_airport_ksbp,wrf,mpi-esm1-2-hr,r3i1p1f1,mid-century,s3://cadcat/climate-profiles/typical-met-year/san_luis_obispo_airport_ksbp/mpi-esm1-2-hr/mid-century/tmy_san_luis_obispo_airport_ksbp_wrf_mpi-esm1-2-hr_r3i1p1f1_mid-century.csv
san_luis_obispo_airport_ksbp,wrf,mpi-esm1-2-hr,r3i1p1f1,mid-late-century,s3://cadcat/climate-profiles/typical-met-year/san_luis_obispo_airport_ksbp/mpi-esm1-2-hr/mid-late-century/tmy_san_luis_obispo_airport_ksbp_wrf_mpi-esm1-2-hr_r3i1p1f1_mid-late-century.csv
san_luis_obispo_airport_ksbp,wrf,mpi-esm1-2-hr,r3i1p1f1,near-future,s3://cadcat/climate-profiles/typical-met-year/san_luis_obispo_airport_ksbp/mpi-esm1-2-hr/near-future/tmy_san_luis_obispo_airport_ksbp_wrf_mpi-esm1-2-hr_r3i1p1f1_near-future.csv
san_luis_obispo_airport_ksbp,wrf,mpi-esm1-2-hr,r3i1p1f1,present-day,s3://cadcat/climate-profiles/typical-met-year/san_luis_obispo_airport_ksbp/mpi-esm1-2-hr/present-day/tmy_san_luis_obispo_airport_ksbp_wrf_mpi-esm1-2-hr_r3i1p1f1_present-day.csv
san_luis_obispo_airport_ksbp,wrf,taiesm1,r1i1p1f1,mid-century,s3://cadcat/climate-profiles/typical-met-year/san_luis_obispo_airport_ksbp/taiesm1/mid-century/tmy_san_luis_obispo_airport_ksbp_wrf_taiesm1_r1i1p1f1_mid-century.csv
san_luis_obispo_airport_ksbp,wrf,taiesm1,r1i1p1f1,mid-late-century,s3://cadcat/climate-profiles/typical-met-year/san_luis_obispo_airport_ksbp/taiesm1/mid-late-century/tmy_san_luis_obispo_airport_ksbp_wrf_taiesm1_r1i1p1f1_mid-late-century.csv
san_luis_obispo_airport_ksbp,wrf,taiesm1,r1i1p1f1,near-future,s3://cadcat/climate-profiles/typical-met-year/san_luis_obispo_airport_ksbp/taiesm1/near-future/tmy_san_luis_obispo_airport_ksbp_wrf_taiesm1_r1i1p1f1_near-future.csv
san_luis_obispo_airport_ksbp,wrf,taiesm1,r1i1p1f1,present-day,s3://cadcat/climate-profiles/typical-met-year/san_luis_obispo_airport_ksbp/taiesm1/present-day/tmy_san_luis_obispo_airport_ksbp_wrf_taiesm1_r1i1p1f1_present-day.csv
santa_ana_john_wayne_airport_ksna,wrf,ec-earth3,r1i1p1f1,mid-century,s3://cadcat/climate-profiles/typical-met-year/santa_ana_john_wayne_airport_ksna/ec-earth3/mid-century/tmy_santa_ana_john_wayne_airport_ksna_wrf_ec-earth3_r1i1p1f1_mid-century.csv
santa_ana_john_wayne_airport_ksna,wrf,ec-earth3,r1i1p1f1,mid-late-century,s3://cadcat/climate-profiles/typical-met-year/santa_ana_john_wayne_airport_ksna/ec-earth3/mid-late-century/tmy_santa_ana_john_wayne_airport_ksna_wrf_ec-earth3_r1i1p1f1_mid-late-century.csv
santa_ana_john_wayne_airport_ksna,wrf,ec-earth3,r1i1p1f1,near-future,s3://cadcat/climate-profiles/typical-met-year/santa_ana_john_wayne_airport_ksna/ec-earth3/near-future/tmy_santa_ana_john_wayne_airport_ksna_wrf_ec-earth3_r1i1p1f1_near-future.csv
santa_ana_john_wayne_airport_ksna,wrf,ec-earth3,r1i1p1f1,present-day,s3://cadcat/climate-profiles/typical-met-year/santa_ana_john_wayne_airport_ksna/ec-earth3/present-day/tmy_santa_ana_john_wayne_airport_ksna_wrf_ec-earth3_r1i1p1f1_present-day.csv
santa_ana_john_wayne_airport_ksna,wrf,miroc6,r1i1p1f1,mid-century,s3://cadcat/climate-profiles/typical-met-year/santa_ana_john_wayne_airport_ksna/miroc6/mid-century/tmy_santa_ana_john_wayne_airport_ksna_wrf_miroc6_r1i1p1f1_mid-century.csv
santa_ana_john_wayne_airport_ksna,wrf,miroc6,r1i1p1f1,mid-late-century,s3://cadcat/climate-profiles/typical-met-year/santa_ana_john_wayne_airport_ksna/miroc6/mid-late-century/tmy_santa_ana_john_wayne_airport_ksna_wrf_miroc6_r1i1p1f1_mid-late-century.csv
santa_ana_john_wayne_airport_ksna,wrf,miroc6,r1i1p1f1,near-future,s3://cadcat/climate-profiles/typical-met-year/santa_ana_john_wayne_airport_ksna/miroc6/near-future/tmy_santa_ana_john_wayne_airport_ksna_wrf_miroc6_r1i1p1f1_near-future.csv
santa_ana_john_wayne_airport_ksna,wrf,miroc6,r1i1p1f1,present-day,s3://cadcat/climate-profiles/typical-met-year/santa_ana_john_wayne_airport_ksna/miroc6/present-day/tmy_santa_ana_john_wayne_airport_ksna_wrf_miroc6_r1i1p1f1_present-day.csv
santa_ana_john_wayne_airport_ksna,wrf,mpi-esm1-2-hr,r3i1p1f1,mid-century,s3://cadcat/climate-profiles/typical-met-year/santa_ana_john_wayne_airport_ksna/mpi-esm1-2-hr/mid-century/tmy_santa_ana_john_wayne_airport_ksna_wrf_mpi-esm1-2-hr_r3i1p1f1_mid-century.csv
santa_ana_john_wayne_airport_ksna,wrf,mpi-esm1-2-hr,r3i1p1f1,mid-late-century,s3://cadcat/climate-profiles/typical-met-year/santa_ana_john_wayne_airport_ksna/mpi-esm1-2-hr/mid-late-century/tmy_santa_ana_john_wayne_airport_ksna_wrf_mpi-esm1-2-hr_r3i1p1f1_mid-late-century.csv
santa_ana_john_wayne_airport_ksna,wrf,mpi-esm1-2-hr,r3i1p1f1,near-future,s3://cadcat/climate-profiles/typical-met-year/santa_ana_john_wayne_airport_ksna/mpi-esm1-2-hr/near-future/tmy_santa_ana_john_wayne_airport_ksna_wrf_mpi-esm1-2-hr_r3i1p1f1_near-future.csv
santa_ana_john_wayne_airport_ksna,wrf,mpi-esm1-2-hr,r3i1p1f1,present-day,s3://cadcat/climate-profiles/typical-met-year/santa_ana_john_wayne_airport_ksna/mpi-esm1-2-hr/present-day/tmy_santa_ana_john_wayne_airport_ksna_wrf_mpi-esm1-2-hr_r3i1p1f1_present-day.csv
santa_ana_john_wayne_airport_ksna,wrf,taiesm1,r1i1p1f1,mid-century,s3://cadcat/climate-profiles/typical-met-year/santa_ana_john_wayne_airport_ksna/taiesm1/mid-century/tmy_santa_ana_john_wayne_airport_ksna_wrf_taiesm1_r1i1p1f1_mid-century.csv
santa_ana_john_wayne_airport_ksna,wrf,taiesm1,r1i1p1f1,mid-late-century,s3://cadcat/climate-profiles/typical-met-year/santa_ana_john_wayne_airport_ksna/taiesm1/mid-late-century/tmy_santa_ana_john_wayne_airport_ksna_wrf_taiesm1_r1i1p1f1_mid-late-century.csv
santa_ana_john_wayne_airport_ksna,wrf,taiesm1,r1i1p1f1,near-future,s3://cadcat/climate-profiles/typical-met-year/santa_ana_john_wayne_airport_ksna/taiesm1/near-future/tmy_santa_ana_john_wayne_airport_ksna_wrf_taiesm1_r1i1p1f1_near-future.csv
santa_ana_john_wayne_airport_ksna,wrf,taiesm1,r1i1p1f1,present-day,s3://cadcat/climate-profiles/typical-met-year/santa_ana_john_wayne_airport_ksna/taiesm1/present-day/tmy_santa_ana_john_wayne_airport_ksna_wrf_taiesm1_r1i1p1f1_present-day.csv
santa_barbara_municipal_airport_ksba,wrf,ec-earth3,r1i1p1f1,mid-century,s3://cadcat/climate-profiles/typical-met-year/santa_barbara_municipal_airport_ksba/ec-earth3/mid-century/tmy_santa_barbara_municipal_airport_ksba_wrf_ec-earth3_r1i1p1f1_mid-century.csv
santa_barbara_municipal_airport_ksba,wrf,ec-earth3,r1i1p1f1,mid-late-century,s3://cadcat/climate-profiles/typical-met-year/santa_barbara_municipal_airport_ksba/ec-earth3/mid-late-century/tmy_santa_barbara_municipal_airport_ksba_wrf_ec-earth3_r1i1p1f1_mid-late-century.csv
santa_barbara_municipal_airport_ksba,wrf,ec-earth3,r1i1p1f1,near-future,s3://cadcat/climate-profiles/typical-met-year/santa_barbara_municipal_airport_ksba/ec-earth3/near-future/tmy_santa_barbara_municipal_airport_ksba_wrf_ec-earth3_r1i1p1f1_near-future.csv
santa_barbara_municipal_airport_ksba,wrf,ec-earth3,r1i1p1f1,present-day,s3://cadcat/climate-profiles/typical-met-year/santa_barbara_municipal_airport_ksba/ec-earth3/present-day/tmy_santa_barbara_municipal_airport_ksba_wrf_ec-earth3_r1i1p1f1_present-day.csv
santa_barbara_municipal_airport_ksba,wrf,miroc6,r1i1p1f1,mid-century,s3://cadcat/climate-profiles/typical-met-year/santa_barbara_municipal_airport_ksba/miroc6/mid-century/tmy_santa_barbara_municipal_airport_ksba_wrf_miroc6_r1i1p1f1_mid-century.csv
santa_barbara_municipal_airport_ksba,wrf,miroc6,r1i1p1f1,mid-late-century,s3://cadcat/climate-profiles/typical-met-year/santa_barbara_municipal_airport_ksba/miroc6/mid-late-century/tmy_santa_barbara_municipal_airport_ksba_wrf_miroc6_r1i1p1f1_mid-late-century.csv
santa_barbara_municipal_airport_ksba,wrf,miroc6,r1i1p1f1,near-future,s3://cadcat/climate-profiles/typical-met-year/santa_barbara_municipal_airport_ksba/miroc6/near-future/tmy_santa_barbara_municipal_airport_ksba_wrf_miroc6_r1i1p1f1_near-future.csv
santa_barbara_municipal_airport_ksba,wrf,miroc6,r1i1p1f1,present-day,s3://cadcat/climate-profiles/typical-met-year/santa_barbara_municipal_airport_ksba/miroc6/present-day/tmy_santa_barbara_municipal_airport_ksba_wrf_miroc6_r1i1p1f1_present-day.csv
santa_barbara_municipal_airport_ksba,wrf,mpi-esm1-2-hr,r3i1p1f1,mid-century,s3://cadcat/climate-profiles/typical-met-year/santa_barbara_municipal_airport_ksba/mpi-esm1-2-hr/mid-century/tmy_santa_barbara_municipal_airport_ksba_wrf_mpi-esm1-2-hr_r3i1p1f1_mid-century.csv
santa_barbara_municipal_airport_ksba,wrf,mpi-esm1-2-hr,r3i1p1f1,mid-late-century,s3://cadcat/climate-profiles/typical-met-year/santa_barbara_municipal_airport_ksba/mpi-esm1-2-hr/mid-late-century/tmy_santa_barbara_municipal_airport_ksba_wrf_mpi-esm1-2-hr_r3i1p1f1_mid-late-century.csv
santa_barbara_municipal_airport_ksba,wrf,mpi-esm1-2-hr,r3i1p1f1,near-future,s3://cadcat/climate-profiles/typical-met-year/santa_barbara_municipal_airport_ksba/mpi-esm1-2-hr/near-future/tmy_santa_barbara_municipal_airport_ksba_wrf_mpi-esm1-2-hr_r3i1p1f1_near-future.csv
santa_barbara_municipal_airport_ksba,wrf,mpi-esm1-2-hr,r3i1p1f1,present-day,s3://cadcat/climate-profiles/typical-met-year/santa_barbara_municipal_airport_ksba/mpi-esm1-2-hr/present-day/tmy_santa_barbara_municipal_airport_ksba_wrf_mpi-esm1-2-hr_r3i1p1f1_present-day.csv
santa_barbara_municipal_airport_ksba,wrf,taiesm1,r1i1p1f1,mid-century,s3://cadcat/climate-profiles/typical-met-year/santa_barbara_municipal_airport_ksba/taiesm1/mid-century/tmy_santa_barbara_municipal_airport_ksba_wrf_taiesm1_r1i1p1f1_mid-century.csv
santa_barbara_municipal_airport_ksba,wrf,taiesm1,r1i1p1f1,mid-late-century,s3://cadcat/climate-profiles/typical-met-year/santa_barbara_municipal_airport_ksba/taiesm1/mid-late-century/tmy_santa_barbara_municipal_airport_ksba_wrf_taiesm1_r1i1p1f1_mid-late-century.csv
santa_barbara_municipal_airport_ksba,wrf,taiesm1,r1i1p1f1,near-future,s3://cadcat/climate-profiles/typical-met-year/santa_barbara_municipal_airport_ksba/taiesm1/near-future/tmy_santa_barbara_municipal_airport_ksba_wrf_taiesm1_r1i1p1f1_near-future.csv
santa_barbara_municipal_airport_ksba,wrf,taiesm1,r1i1p1f1,present-day,s3://cadcat/climate-profiles/typical-met-year/santa_barbara_municipal_airport_ksba/taiesm1/present-day/tmy_santa_barbara_municipal_airport_ksba_wrf_taiesm1_r1i1p1f1_present-day.csv
stockton_airport_ksck,wrf,ec-earth3,r1i1p1f1,mid-century,s3://cadcat/climate-profiles/typical-met-year/stockton_airport_ksck/ec-earth3/mid-century/tmy_stockton_airport_ksck_wrf_ec-earth3_r1i1p1f1_mid-century.csv
stockton_airport_ksck,wrf,ec-earth3,r1i1p1f1,mid-late-century,s3://cadcat/climate-profiles/typical-met-year/stockton_airport_ksck/ec-earth3/mid-late-century/tmy_stockton_airport_ksck_wrf_ec-earth3_r1i1p1f1_mid-late-century.csv
stockton_airport_ksck,wrf,ec-earth3,r1i1p1f1,near-future,s3://cadcat/climate-profiles/typical-met-year/stockton_airport_ksck/ec-earth3/near-future/tmy_stockton_airport_ksck_wrf_ec-earth3_r1i1p1f1_near-future.csv
stockton_airport_ksck,wrf,ec-earth3,r1i1p1f1,present-day,s3://cadcat/climate-profiles/typical-met-year/stockton_airport_ksck/ec-earth3/present-day/tmy_stockton_airport_ksck_wrf_ec-earth3_r1i1p1f1_present-day.csv
stockton_airport_ksck,wrf,miroc6,r1i1p1f1,mid-century,s3://cadcat/climate-profiles/typical-met-year/stockton_airport_ksck/miroc6/mid-century/tmy_stockton_airport_ksck_wrf_miroc6_r1i1p1f1_mid-century.csv
stockton_airport_ksck,wrf,miroc6,r1i1p1f1,mid-late-century,s3://cadcat/climate-profiles/typical-met-year/stockton_airport_ksck/miroc6/mid-late-century/tmy_stockton_airport_ksck_wrf_miroc6_r1i1p1f1_mid-late-century.csv
stockton_airport_ksck,wrf,miroc6,r1i1p1f1,near-future,s3://cadcat/climate-profiles/typical-met-year/stockton_airport_ksck/miroc6/near-future/tmy_stockton_airport_ksck_wrf_miroc6_r1i1p1f1_near-future.csv
stockton_airport_ksck,wrf,miroc6,r1i1p1f1,present-day,s3://cadcat/climate-profiles/typical-met-year/stockton_airport_ksck/miroc6/present-day/tmy_stockton_airport_ksck_wrf_miroc6_r1i1p1f1_present-day.csv
stockton_airport_ksck,wrf,mpi-esm1-2-hr,r3i1p1f1,mid-century,s3://cadcat/climate-profiles/typical-met-year/stockton_airport_ksck/mpi-esm1-2-hr/mid-century/tmy_stockton_airport_ksck_wrf_mpi-esm1-2-hr_r3i1p1f1_mid-century.csv
stockton_airport_ksck,wrf,mpi-esm1-2-hr,r3i1p1f1,mid-late-century,s3://cadcat/climate-profiles/typical-met-year/stockton_airport_ksck/mpi-esm1-2-hr/mid-late-century/tmy_stockton_airport_ksck_wrf_mpi-esm1-2-hr_r3i1p1f1_mid-late-century.csv
stockton_airport_ksck,wrf,mpi-esm1-2-hr,r3i1p1f1,near-future,s3://cadcat/climate-profiles/typical-met-year/stockton_airport_ksck/mpi-esm1-2-hr/near-future/tmy_stockton_airport_ksck_wrf_mpi-esm1-2-hr_r3i1p1f1_near-future.csv
stockton_airport_ksck,wrf,mpi-esm1-2-hr,r3i1p1f1,present-day,s3://cadcat/climate-profiles/typical-met-year/stockton_airport_ksck/mpi-esm1-2-hr/present-day/tmy_stockton_airport_ksck_wrf_mpi-esm1-2-hr_r3i1p1f1_present-day.csv
stockton_airport_ksck,wrf,taiesm1,r1i1p1f1,mid-century,s3://cadcat/climate-profiles/typical-met-year/stockton_airport_ksck/taiesm1/mid-century/tmy_stockton_airport_ksck_wrf_taiesm1_r1i1p1f1_mid-century.csv
stockton_airport_ksck,wrf,taiesm1,r1i1p1f1,mid-late-century,s3://cadcat/climate-profiles/typical-met-year/stockton_airport_ksck/taiesm1/mid-late-century/tmy_stockton_airport_ksck_wrf_taiesm1_r1i1p1f1_mid-late-century.csv
stockton_airport_ksck,wrf,taiesm1,r1i1p1f1,near-future,s3://cadcat/climate-profiles/typical-met-year/stockton_airport_ksck/taiesm1/near-future/tmy_stockton_airport_ksck_wrf_taiesm1_r1i1p1f1_near-future.csv
stockton_airport_ksck,wrf,taiesm1,r1i1p1f1,present-day,s3://cadcat/climate-profiles/typical-met-year/stockton_airport_ksck/taiesm1/present-day/tmy_stockton_airport_ksck_wrf_taiesm1_r1i1p1f1_present-day.csv
ukiah_municipal_airport_kuki,wrf,ec-earth3,r1i1p1f1,mid-century,s3://cadcat/climate-profiles/typical-met-year/ukiah_municipal_airport_kuki/ec-earth3/mid-century/tmy_ukiah_municipal_airport_kuki_wrf_ec-earth3_r1i1p1f1_mid-century.csv
ukiah_municipal_airport_kuki,wrf,ec-earth3,r1i1p1f1,mid-late-century,s3://cadcat/climate-profiles/typical-met-year/ukiah_municipal_airport_kuki/ec-earth3/mid-late-century/tmy_ukiah_municipal_airport_kuki_wrf_ec-earth3_r1i1p1f1_mid-late-century.csv
ukiah_municipal_airport_kuki,wrf,ec-earth3,r1i1p1f1,near-future,s3://cadcat/climate-profiles/typical-met-year/ukiah_municipal_airport_kuki/ec-earth3/near-future/tmy_ukiah_municipal_airport_kuki_wrf_ec-earth3_r1i1p1f1_near-future.csv
ukiah_municipal_airport_kuki,wrf,ec-earth3,r1i1p1f1,present-day,s3://cadcat/climate-profiles/typical-met-year/ukiah_municipal_airport_kuki/ec-earth3/present-day/tmy_ukiah_municipal_airport_kuki_wrf_ec-earth3_r1i1p1f1_present-day.csv
ukiah_municipal_airport_kuki,wrf,miroc6,r1i1p1f1,mid-century,s3://cadcat/climate-profiles/typical-met-year/ukiah_municipal_airport_kuki/miroc6/mid-century/tmy_ukiah_municipal_airport_kuki_wrf_miroc6_r1i1p1f1_mid-century.csv
ukiah_municipal_airport_kuki,wrf,miroc6,r1i1p1f1,mid-late-century,s3://cadcat/climate-profiles/typical-met-year/ukiah_municipal_airport_kuki/miroc6/mid-late-century/tmy_ukiah_municipal_airport_kuki_wrf_miroc6_r1i1p1f1_mid-late-century.csv
ukiah_municipal_airport_kuki,wrf,miroc6,r1i1p1f1,near-future,s3://cadcat/climate-profiles/typical-met-year/ukiah_municipal_airport_kuki/miroc6/near-future/tmy_ukiah_municipal_airport_kuki_wrf_miroc6_r1i1p1f1_near-future.csv
ukiah_municipal_airport_kuki,wrf,miroc6,r1i1p1f1,present-day,s3://cadcat/climate-profiles/typical-met-year/ukiah_municipal_airport_kuki/miroc6/present-day/tmy_ukiah_municipal_airport_kuki_wrf_miroc6_r1i1p1f1_present-day.csv
ukiah_municipal_airport_kuki,wrf,mpi-esm1-2-hr,r3i1p1f1,mid-century,s3://cadcat/climate-profiles/typical-met-year/ukiah_municipal_airport_kuki/mpi-esm1-2-hr/mid-century/tmy_ukiah_municipal_airport_kuki_wrf_mpi-esm1-2-hr_r3i1p1f1_mid-century.csv
ukiah_municipal_airport_kuki,wrf,mpi-esm1-2-hr,r3i1p1f1,mid-late-century,s3://cadcat/climate-profiles/typical-met-year/ukiah_municipal_airport_kuki/mpi-esm1-2-hr/mid-late-century/tmy_ukiah_municipal_airport_kuki_wrf_mpi-esm1-2-hr_r3i1p1f1_mid-late-century.csv
ukiah_municipal_airport_kuki,wrf,mpi-esm1-2-hr,r3i1p1f1,near-future,s3://cadcat/climate-profiles/typical-met-year/ukiah_municipal_airport_kuki/mpi-esm1-2-hr/near-future/tmy_ukiah_municipal_airport_kuki_wrf_mpi-esm1-2-hr_r3i1p1f1_near-future.csv
ukiah_municipal_airport_kuki,wrf,mpi-esm1-2-hr,r3i1p1f1,present-day,s3://cadcat/climate-profiles/typical-met-year/ukiah_municipal_airport_kuki/mpi-esm1-2-hr/present-day/tmy_ukiah_municipal_airport_kuki_wrf_mpi-esm1-2-hr_r3i1p1f1_present-day.csv
ukiah_municipal_airport_kuki,wrf,taiesm1,r1i1p1f1,mid-century,s3://cadcat/climate-profiles/typical-met-year/ukiah_municipal_airport_kuki/taiesm1/mid-century/tmy_ukiah_municipal_airport_kuki_wrf_taiesm1_r1i1p1f1_mid-century.csv
ukiah_municipal_airport_kuki,wrf,taiesm1,r1i1p1f1,mid-late-century,s3://cadcat/climate-profiles/typical-met-year/ukiah_municipal_airport_kuki/taiesm1/mid-late-century/tmy_ukiah_municipal_airport_kuki_wrf_taiesm1_r1i1p1f1_mid-late-century.csv
ukiah_municipal_airport_kuki,wrf,taiesm1,r1i1p1f1,near-future,s3://cadcat/climate-profiles/typical-met-year/ukiah_municipal_airport_kuki/taiesm1/near-future/tmy_ukiah_municipal_airport_kuki_wrf_taiesm1_r1i1p1f1_near-future.csv
ukiah_municipal_airport_kuki,wrf,taiesm1,r1i1p1f1,present-day,s3://cadcat/climate-profiles/typical-met-year/ukiah_municipal_airport_kuki/taiesm1/present-day/tmy_ukiah_municipal_airport_kuki_wrf_taiesm1_r1i1p1f1_present-day.csv
