network_id,station_id,path
ASOSAWOS,ASOSAWOS_69007093217,s3://cadcat/histwxstns/ASOSAWOS/ASOSAWOS_69007093217.zarr/
ASOSAWOS,ASOSAWOS_72012200114,s3://cadcat/histwxstns/ASOSAWOS/ASOSAWOS_72012200114.zarr/
ASOSAWOS,ASOSAWOS_72019300117,s3://cadcat/histwxstns/ASOSAWOS/ASOSAWOS_72019300117.zarr/
ASOSAWOS,ASOSAWOS_72020200118,s3://cadcat/histwxstns/ASOSAWOS/ASOSAWOS_72020200118.zarr/
ASOSAWOS,ASOSAWOS_72025400119,s3://cadcat/histwxstns/ASOSAWOS/ASOSAWOS_72025400119.zarr/
ASOSAWOS,ASOSAWOS_72026723224,s3://cadcat/histwxstns/ASOSAWOS/ASOSAWOS_72026723224.zarr/
ASOSAWOS,ASOSAWOS_72027294282,s3://cadcat/histwxstns/ASOSAWOS/ASOSAWOS_72027294282.zarr/
ASOSAWOS,ASOSAWOS_72032204129,s3://cadcat/histwxstns/ASOSAWOS/ASOSAWOS_72032204129.zarr/
ASOSAWOS,ASOSAWOS_72033353175,s3://cadcat/histwxstns/ASOSAWOS/ASOSAWOS_72033353175.zarr/
ASOSAWOS,ASOSAWOS_72033900121,s3://cadcat/histwxstns/ASOSAWOS/ASOSAWOS_72033900121.zarr/
ASOSAWOS,ASOSAWOS_72034594086,s3://cadcat/histwxstns/ASOSAWOS/ASOSAWOS_72034594086.zarr/
ASOSAWOS,ASOSAWOS_72036524267,s3://cadcat/histwxstns/ASOSAWOS/ASOSAWOS_72036524267.zarr/
ASOSAWOS,ASOSAWOS_72036904135,s3://cadcat/histwxstns/ASOSAWOS/ASOSAWOS_72036904135.zarr/
ASOSAWOS,ASOSAWOS_72038500419,s3://cadcat/histwxstns/ASOSAWOS/ASOSAWOS_72038500419.zarr/
ASOSAWOS,ASOSAWOS_72038800469,s3://cadcat/histwxstns/ASOSAWOS/ASOSAWOS_72038800469.zarr/
ASOSAWOS,ASOSAWOS_72040600135,s3://cadcat/histwxstns/ASOSAWOS/ASOSAWOS_72040600135.zarr/
ASOSAWOS,ASOSAWOS_72041100137,s3://cadcat/histwxstns/ASOSAWOS/ASOSAWOS_72041100137.zarr/
ASOSAWOS,ASOSAWOS_72051724165,s3://cadcat/histwxstns/ASOSAWOS/ASOSAWOS_72051724165.zarr/
ASOSAWOS,ASOSAWOS_72051800449,s3://cadcat/histwxstns/ASOSAWOS/ASOSAWOS_72051800449.zarr/
ASOSAWOS,ASOSAWOS_72052100475,s3://cadcat/histwxstns/ASOSAWOS/ASOSAWOS_72052100475.zarr/
ASOSAWOS,ASOSAWOS_72052200443,s3://cadcat/histwxstns/ASOSAWOS/ASOSAWOS_72052200443.zarr/
ASOSAWOS,ASOSAWOS_72052900429,s3://cadcat/histwxstns/ASOSAWOS/ASOSAWOS_72052900429.zarr/
ASOSAWOS,ASOSAWOS_72053100158,s3://cadcat/histwxstns/ASOSAWOS/ASOSAWOS_72053100158.zarr/
ASOSAWOS,ASOSAWOS_72053200159,s3://cadcat/histwxstns/ASOSAWOS/ASOSAWOS_72053200159.zarr/
ASOSAWOS,ASOSAWOS_72053300160,s3://cadcat/histwxstns/ASOSAWOS/ASOSAWOS_72053300160.zarr/
ASOSAWOS,ASOSAWOS_72053400161,s3://cadcat/histwxstns/ASOSAWOS/ASOSAWOS_72053400161.zarr/
ASOSAWOS,ASOSAWOS_72053500162,s3://cadcat/histwxstns/ASOSAWOS/ASOSAWOS_72053500162.zarr/
ASOSAWOS,ASOSAWOS_72053700163,s3://cadcat/histwxstns/ASOSAWOS/ASOSAWOS_72053700163.zarr/
ASOSAWOS,ASOSAWOS_72053800164,s3://cadcat/histwxstns/ASOSAWOS/ASOSAWOS_72053800164.zarr/
ASOSAWOS,ASOSAWOS_72053900165,s3://cadcat/histwxstns/ASOSAWOS/ASOSAWOS_72053900165.zarr/
ASOSAWOS,ASOSAWOS_72054400168,s3://cadcat/histwxstns/ASOSAWOS/ASOSAWOS_72054400168.zarr/
ASOSAWOS,ASOSAWOS_72054900171,s3://cadcat/histwxstns/ASOSAWOS/ASOSAWOS_72054900171.zarr/
ASOSAWOS,ASOSAWOS_72056724180,s3://cadcat/histwxstns/ASOSAWOS/ASOSAWOS_72056724180.zarr/
ASOSAWOS,ASOSAWOS_72057600174,s3://cadcat/histwxstns/ASOSAWOS/ASOSAWOS_72057600174.zarr/
ASOSAWOS,ASOSAWOS_72061400205,s3://cadcat/histwxstns/ASOSAWOS/ASOSAWOS_72061400205.zarr/
ASOSAWOS,ASOSAWOS_72061500206,s3://cadcat/histwxstns/ASOSAWOS/ASOSAWOS_72061500206.zarr/
ASOSAWOS,ASOSAWOS_72063500221,s3://cadcat/histwxstns/ASOSAWOS/ASOSAWOS_72063500221.zarr/
ASOSAWOS,ASOSAWOS_72063800224,s3://cadcat/histwxstns/ASOSAWOS/ASOSAWOS_72063800224.zarr/
ASOSAWOS,ASOSAWOS_72064400226,s3://cadcat/histwxstns/ASOSAWOS/ASOSAWOS_72064400226.zarr/
ASOSAWOS,ASOSAWOS_72064500227,s3://cadcat/histwxstns/ASOSAWOS/ASOSAWOS_72064500227.zarr/
ASOSAWOS,ASOSAWOS_72064600228,s3://cadcat/histwxstns/ASOSAWOS/ASOSAWOS_72064600228.zarr/
ASOSAWOS,ASOSAWOS_72065200433,s3://cadcat/histwxstns/ASOSAWOS/ASOSAWOS_72065200433.zarr/
ASOSAWOS,ASOSAWOS_72073400264,s3://cadcat/histwxstns/ASOSAWOS/ASOSAWOS_72073400264.zarr/
ASOSAWOS,ASOSAWOS_72074100269,s3://cadcat/histwxstns/ASOSAWOS/ASOSAWOS_72074100269.zarr/
ASOSAWOS,ASOSAWOS_72074924255,s3://cadcat/histwxstns/ASOSAWOS/ASOSAWOS_72074924255.zarr/
ASOSAWOS,ASOSAWOS_72083900279,s3://cadcat/histwxstns/ASOSAWOS/ASOSAWOS_72083900279.zarr/
ASOSAWOS,ASOSAWOS_72085200280,s3://cadcat/histwxstns/ASOSAWOS/ASOSAWOS_72085200280.zarr/
ASOSAWOS,ASOSAWOS_72092300310,s3://cadcat/histwxstns/ASOSAWOS/ASOSAWOS_72092300310.zarr/
ASOSAWOS,ASOSAWOS_72096900341,s3://cadcat/histwxstns/ASOSAWOS/ASOSAWOS_72096900341.zarr/
ASOSAWOS,ASOSAWOS_72097100342,s3://cadcat/histwxstns/ASOSAWOS/ASOSAWOS_72097100342.zarr/
ASOSAWOS,ASOSAWOS_72097600345,s3://cadcat/histwxstns/ASOSAWOS/ASOSAWOS_72097600345.zarr/
ASOSAWOS,ASOSAWOS_72103600353,s3://cadcat/histwxstns/ASOSAWOS/ASOSAWOS_72103600353.zarr/
ASOSAWOS,ASOSAWOS_72206103038,s3://cadcat/histwxstns/ASOSAWOS/ASOSAWOS_72206103038.zarr/
ASOSAWOS,ASOSAWOS_72209653127,s3://cadcat/histwxstns/ASOSAWOS/ASOSAWOS_72209653127.zarr/
ASOSAWOS,ASOSAWOS_72210103039,s3://cadcat/histwxstns/ASOSAWOS/ASOSAWOS_72210103039.zarr/
ASOSAWOS,ASOSAWOS_72214204114,s3://cadcat/histwxstns/ASOSAWOS/ASOSAWOS_72214204114.zarr/
ASOSAWOS,ASOSAWOS_72215503040,s3://cadcat/histwxstns/ASOSAWOS/ASOSAWOS_72215503040.zarr/
ASOSAWOS,ASOSAWOS_72220303041,s3://cadcat/histwxstns/ASOSAWOS/ASOSAWOS_72220303041.zarr/
ASOSAWOS,ASOSAWOS_72220804224,s3://cadcat/histwxstns/ASOSAWOS/ASOSAWOS_72220804224.zarr/
ASOSAWOS,ASOSAWOS_72222100444,s3://cadcat/histwxstns/ASOSAWOS/ASOSAWOS_72222100444.zarr/
ASOSAWOS,ASOSAWOS_72233303069,s3://cadcat/histwxstns/ASOSAWOS/ASOSAWOS_72233303069.zarr/
ASOSAWOS,ASOSAWOS_72267603035,s3://cadcat/histwxstns/ASOSAWOS/ASOSAWOS_72267603035.zarr/
ASOSAWOS,ASOSAWOS_72267703027,s3://cadcat/histwxstns/ASOSAWOS/ASOSAWOS_72267703027.zarr/
ASOSAWOS,ASOSAWOS_72267823052,s3://cadcat/histwxstns/ASOSAWOS/ASOSAWOS_72267823052.zarr/
ASOSAWOS,ASOSAWOS_72268023009,s3://cadcat/histwxstns/ASOSAWOS/ASOSAWOS_72268023009.zarr/
ASOSAWOS,ASOSAWOS_72268393083,s3://cadcat/histwxstns/ASOSAWOS/ASOSAWOS_72268393083.zarr/
ASOSAWOS,ASOSAWOS_72268793033,s3://cadcat/histwxstns/ASOSAWOS/ASOSAWOS_72268793033.zarr/
ASOSAWOS,ASOSAWOS_72268923077,s3://cadcat/histwxstns/ASOSAWOS/ASOSAWOS_72268923077.zarr/
ASOSAWOS,ASOSAWOS_72269393097,s3://cadcat/histwxstns/ASOSAWOS/ASOSAWOS_72269393097.zarr/
ASOSAWOS,ASOSAWOS_72269593041,s3://cadcat/histwxstns/ASOSAWOS/ASOSAWOS_72269593041.zarr/
ASOSAWOS,ASOSAWOS_72270023044,s3://cadcat/histwxstns/ASOSAWOS/ASOSAWOS_72270023044.zarr/
ASOSAWOS,ASOSAWOS_72271093045,s3://cadcat/histwxstns/ASOSAWOS/ASOSAWOS_72271093045.zarr/
ASOSAWOS,ASOSAWOS_72272193063,s3://cadcat/histwxstns/ASOSAWOS/ASOSAWOS_72272193063.zarr/
ASOSAWOS,ASOSAWOS_72272523078,s3://cadcat/histwxstns/ASOSAWOS/ASOSAWOS_72272523078.zarr/
ASOSAWOS,ASOSAWOS_72272803196,s3://cadcat/histwxstns/ASOSAWOS/ASOSAWOS_72272803196.zarr/
ASOSAWOS,ASOSAWOS_72273003124,s3://cadcat/histwxstns/ASOSAWOS/ASOSAWOS_72273003124.zarr/
ASOSAWOS,ASOSAWOS_72274023160,s3://cadcat/histwxstns/ASOSAWOS/ASOSAWOS_72274023160.zarr/
ASOSAWOS,ASOSAWOS_72274793084,s3://cadcat/histwxstns/ASOSAWOS/ASOSAWOS_72274793084.zarr/
ASOSAWOS,ASOSAWOS_72274803914,s3://cadcat/histwxstns/ASOSAWOS/ASOSAWOS_72274803914.zarr/
ASOSAWOS,ASOSAWOS_72274953128,s3://cadcat/histwxstns/ASOSAWOS/ASOSAWOS_72274953128.zarr/
ASOSAWOS,ASOSAWOS_72276403029,s3://cadcat/histwxstns/ASOSAWOS/ASOSAWOS_72276403029.zarr/
ASOSAWOS,ASOSAWOS_72278023183,s3://cadcat/histwxstns/ASOSAWOS/ASOSAWOS_72278023183.zarr/
ASOSAWOS,ASOSAWOS_72278303185,s3://cadcat/histwxstns/ASOSAWOS/ASOSAWOS_72278303185.zarr/
ASOSAWOS,ASOSAWOS_72278403184,s3://cadcat/histwxstns/ASOSAWOS/ASOSAWOS_72278403184.zarr/
ASOSAWOS,ASOSAWOS_72278623104,s3://cadcat/histwxstns/ASOSAWOS/ASOSAWOS_72278623104.zarr/
ASOSAWOS,ASOSAWOS_72278753126,s3://cadcat/histwxstns/ASOSAWOS/ASOSAWOS_72278753126.zarr/
ASOSAWOS,ASOSAWOS_72278803186,s3://cadcat/histwxstns/ASOSAWOS/ASOSAWOS_72278803186.zarr/
ASOSAWOS,ASOSAWOS_72278903192,s3://cadcat/histwxstns/ASOSAWOS/ASOSAWOS_72278903192.zarr/
ASOSAWOS,ASOSAWOS_72281023199,s3://cadcat/histwxstns/ASOSAWOS/ASOSAWOS_72281023199.zarr/
ASOSAWOS,ASOSAWOS_72281353146,s3://cadcat/histwxstns/ASOSAWOS/ASOSAWOS_72281353146.zarr/
ASOSAWOS,ASOSAWOS_72281703068,s3://cadcat/histwxstns/ASOSAWOS/ASOSAWOS_72281703068.zarr/
ASOSAWOS,ASOSAWOS_72282553145,s3://cadcat/histwxstns/ASOSAWOS/ASOSAWOS_72282553145.zarr/
ASOSAWOS,ASOSAWOS_72286893138,s3://cadcat/histwxstns/ASOSAWOS/ASOSAWOS_72286893138.zarr/
ASOSAWOS,ASOSAWOS_72286903171,s3://cadcat/histwxstns/ASOSAWOS/ASOSAWOS_72286903171.zarr/
ASOSAWOS,ASOSAWOS_72287493134,s3://cadcat/histwxstns/ASOSAWOS/ASOSAWOS_72287493134.zarr/
ASOSAWOS,ASOSAWOS_72288023152,s3://cadcat/histwxstns/ASOSAWOS/ASOSAWOS_72288023152.zarr/
ASOSAWOS,ASOSAWOS_72288593197,s3://cadcat/histwxstns/ASOSAWOS/ASOSAWOS_72288593197.zarr/
ASOSAWOS,ASOSAWOS_72288623130,s3://cadcat/histwxstns/ASOSAWOS/ASOSAWOS_72288623130.zarr/
ASOSAWOS,ASOSAWOS_72289523243,s3://cadcat/histwxstns/ASOSAWOS/ASOSAWOS_72289523243.zarr/
ASOSAWOS,ASOSAWOS_72289793206,s3://cadcat/histwxstns/ASOSAWOS/ASOSAWOS_72289793206.zarr/
ASOSAWOS,ASOSAWOS_72289903179,s3://cadcat/histwxstns/ASOSAWOS/ASOSAWOS_72289903179.zarr/
ASOSAWOS,ASOSAWOS_72290023188,s3://cadcat/histwxstns/ASOSAWOS/ASOSAWOS_72290023188.zarr/
ASOSAWOS,ASOSAWOS_72290303131,s3://cadcat/histwxstns/ASOSAWOS/ASOSAWOS_72290303131.zarr/
ASOSAWOS,ASOSAWOS_72290403178,s3://cadcat/histwxstns/ASOSAWOS/ASOSAWOS_72290403178.zarr/
ASOSAWOS,ASOSAWOS_72290693112,s3://cadcat/histwxstns/ASOSAWOS/ASOSAWOS_72290693112.zarr/
ASOSAWOS,ASOSAWOS_72290753143,s3://cadcat/histwxstns/ASOSAWOS/ASOSAWOS_72290753143.zarr/
ASOSAWOS,ASOSAWOS_72290993115,s3://cadcat/histwxstns/ASOSAWOS/ASOSAWOS_72290993115.zarr/
ASOSAWOS,ASOSAWOS_72291093116,s3://cadcat/histwxstns/ASOSAWOS/ASOSAWOS_72291093116.zarr/
ASOSAWOS,ASOSAWOS_72292023191,s3://cadcat/histwxstns/ASOSAWOS/ASOSAWOS_72292023191.zarr/
ASOSAWOS,ASOSAWOS_72292593117,s3://cadcat/histwxstns/ASOSAWOS/ASOSAWOS_72292593117.zarr/
ASOSAWOS,ASOSAWOS_72292603154,s3://cadcat/histwxstns/ASOSAWOS/ASOSAWOS_72292603154.zarr/
ASOSAWOS,ASOSAWOS_72292703177,s3://cadcat/histwxstns/ASOSAWOS/ASOSAWOS_72292703177.zarr/
ASOSAWOS,ASOSAWOS_72292800369,s3://cadcat/histwxstns/ASOSAWOS/ASOSAWOS_72292800369.zarr/
ASOSAWOS,ASOSAWOS_72293193107,s3://cadcat/histwxstns/ASOSAWOS/ASOSAWOS_72293193107.zarr/
ASOSAWOS,ASOSAWOS_72293453121,s3://cadcat/histwxstns/ASOSAWOS/ASOSAWOS_72293453121.zarr/
ASOSAWOS,ASOSAWOS_72295023174,s3://cadcat/histwxstns/ASOSAWOS/ASOSAWOS_72295023174.zarr/
ASOSAWOS,ASOSAWOS_72295503174,s3://cadcat/histwxstns/ASOSAWOS/ASOSAWOS_72295503174.zarr/
ASOSAWOS,ASOSAWOS_72295603167,s3://cadcat/histwxstns/ASOSAWOS/ASOSAWOS_72295603167.zarr/
ASOSAWOS,ASOSAWOS_72297023129,s3://cadcat/histwxstns/ASOSAWOS/ASOSAWOS_72297023129.zarr/
ASOSAWOS,ASOSAWOS_72297553141,s3://cadcat/histwxstns/ASOSAWOS/ASOSAWOS_72297553141.zarr/
ASOSAWOS,ASOSAWOS_72297603166,s3://cadcat/histwxstns/ASOSAWOS/ASOSAWOS_72297603166.zarr/
ASOSAWOS,ASOSAWOS_72297793184,s3://cadcat/histwxstns/ASOSAWOS/ASOSAWOS_72297793184.zarr/
ASOSAWOS,ASOSAWOS_72317153144,s3://cadcat/histwxstns/ASOSAWOS/ASOSAWOS_72317153144.zarr/
ASOSAWOS,ASOSAWOS_72360023051,s3://cadcat/histwxstns/ASOSAWOS/ASOSAWOS_72360023051.zarr/
ASOSAWOS,ASOSAWOS_72362593057,s3://cadcat/histwxstns/ASOSAWOS/ASOSAWOS_72362593057.zarr/
ASOSAWOS,ASOSAWOS_72362723081,s3://cadcat/histwxstns/ASOSAWOS/ASOSAWOS_72362723081.zarr/
ASOSAWOS,ASOSAWOS_72364703034,s3://cadcat/histwxstns/ASOSAWOS/ASOSAWOS_72364703034.zarr/
ASOSAWOS,ASOSAWOS_72365023050,s3://cadcat/histwxstns/ASOSAWOS/ASOSAWOS_72365023050.zarr/
ASOSAWOS,ASOSAWOS_72365493091,s3://cadcat/histwxstns/ASOSAWOS/ASOSAWOS_72365493091.zarr/
ASOSAWOS,ASOSAWOS_72365623049,s3://cadcat/histwxstns/ASOSAWOS/ASOSAWOS_72365623049.zarr/
ASOSAWOS,ASOSAWOS_72365823090,s3://cadcat/histwxstns/ASOSAWOS/ASOSAWOS_72365823090.zarr/
ASOSAWOS,ASOSAWOS_72366303012,s3://cadcat/histwxstns/ASOSAWOS/ASOSAWOS_72366303012.zarr/
ASOSAWOS,ASOSAWOS_72367593092,s3://cadcat/histwxstns/ASOSAWOS/ASOSAWOS_72367593092.zarr/
ASOSAWOS,ASOSAWOS_72367623048,s3://cadcat/histwxstns/ASOSAWOS/ASOSAWOS_72367623048.zarr/
ASOSAWOS,ASOSAWOS_72367723054,s3://cadcat/histwxstns/ASOSAWOS/ASOSAWOS_72367723054.zarr/
ASOSAWOS,ASOSAWOS_72367823052,s3://cadcat/histwxstns/ASOSAWOS/ASOSAWOS_72367823052.zarr/
ASOSAWOS,ASOSAWOS_72370093167,s3://cadcat/histwxstns/ASOSAWOS/ASOSAWOS_72370093167.zarr/
ASOSAWOS,ASOSAWOS_72371003162,s3://cadcat/histwxstns/ASOSAWOS/ASOSAWOS_72371003162.zarr/
ASOSAWOS,ASOSAWOS_72372123184,s3://cadcat/histwxstns/ASOSAWOS/ASOSAWOS_72372123184.zarr/
ASOSAWOS,ASOSAWOS_72372323184,s3://cadcat/histwxstns/ASOSAWOS/ASOSAWOS_72372323184.zarr/
ASOSAWOS,ASOSAWOS_72374023194,s3://cadcat/histwxstns/ASOSAWOS/ASOSAWOS_72374023194.zarr/
ASOSAWOS,ASOSAWOS_72374500374,s3://cadcat/histwxstns/ASOSAWOS/ASOSAWOS_72374500374.zarr/
ASOSAWOS,ASOSAWOS_72375003103,s3://cadcat/histwxstns/ASOSAWOS/ASOSAWOS_72375003103.zarr/
ASOSAWOS,ASOSAWOS_72375493027,s3://cadcat/histwxstns/ASOSAWOS/ASOSAWOS_72375493027.zarr/
ASOSAWOS,ASOSAWOS_72375600375,s3://cadcat/histwxstns/ASOSAWOS/ASOSAWOS_72375600375.zarr/
ASOSAWOS,ASOSAWOS_72376293244,s3://cadcat/histwxstns/ASOSAWOS/ASOSAWOS_72376293244.zarr/
ASOSAWOS,ASOSAWOS_72378303195,s3://cadcat/histwxstns/ASOSAWOS/ASOSAWOS_72378303195.zarr/
ASOSAWOS,ASOSAWOS_72378853135,s3://cadcat/histwxstns/ASOSAWOS/ASOSAWOS_72378853135.zarr/
ASOSAWOS,ASOSAWOS_72380523179,s3://cadcat/histwxstns/ASOSAWOS/ASOSAWOS_72380523179.zarr/
ASOSAWOS,ASOSAWOS_72381523161,s3://cadcat/histwxstns/ASOSAWOS/ASOSAWOS_72381523161.zarr/
ASOSAWOS,ASOSAWOS_72381603159,s3://cadcat/histwxstns/ASOSAWOS/ASOSAWOS_72381603159.zarr/
ASOSAWOS,ASOSAWOS_72382023182,s3://cadcat/histwxstns/ASOSAWOS/ASOSAWOS_72382023182.zarr/
ASOSAWOS,ASOSAWOS_72382523131,s3://cadcat/histwxstns/ASOSAWOS/ASOSAWOS_72382523131.zarr/
ASOSAWOS,ASOSAWOS_72383023187,s3://cadcat/histwxstns/ASOSAWOS/ASOSAWOS_72383023187.zarr/
ASOSAWOS,ASOSAWOS_72384023155,s3://cadcat/histwxstns/ASOSAWOS/ASOSAWOS_72384023155.zarr/
ASOSAWOS,ASOSAWOS_72386023169,s3://cadcat/histwxstns/ASOSAWOS/ASOSAWOS_72386023169.zarr/
ASOSAWOS,ASOSAWOS_72387003160,s3://cadcat/histwxstns/ASOSAWOS/ASOSAWOS_72387003160.zarr/
ASOSAWOS,ASOSAWOS_72389093193,s3://cadcat/histwxstns/ASOSAWOS/ASOSAWOS_72389093193.zarr/
ASOSAWOS,ASOSAWOS_72389523149,s3://cadcat/histwxstns/ASOSAWOS/ASOSAWOS_72389523149.zarr/
ASOSAWOS,ASOSAWOS_72389693144,s3://cadcat/histwxstns/ASOSAWOS/ASOSAWOS_72389693144.zarr/
ASOSAWOS,ASOSAWOS_72389723167,s3://cadcat/histwxstns/ASOSAWOS/ASOSAWOS_72389723167.zarr/
ASOSAWOS,ASOSAWOS_72389853119,s3://cadcat/histwxstns/ASOSAWOS/ASOSAWOS_72389853119.zarr/
ASOSAWOS,ASOSAWOS_72390093226,s3://cadcat/histwxstns/ASOSAWOS/ASOSAWOS_72390093226.zarr/
ASOSAWOS,ASOSAWOS_72391093111,s3://cadcat/histwxstns/ASOSAWOS/ASOSAWOS_72391093111.zarr/
ASOSAWOS,ASOSAWOS_72392523190,s3://cadcat/histwxstns/ASOSAWOS/ASOSAWOS_72392523190.zarr/
ASOSAWOS,ASOSAWOS_72392623136,s3://cadcat/histwxstns/ASOSAWOS/ASOSAWOS_72392623136.zarr/
ASOSAWOS,ASOSAWOS_72392793110,s3://cadcat/histwxstns/ASOSAWOS/ASOSAWOS_72392793110.zarr/
ASOSAWOS,ASOSAWOS_72393093214,s3://cadcat/histwxstns/ASOSAWOS/ASOSAWOS_72393093214.zarr/
ASOSAWOS,ASOSAWOS_72394023273,s3://cadcat/histwxstns/ASOSAWOS/ASOSAWOS_72394023273.zarr/
ASOSAWOS,ASOSAWOS_72396593209,s3://cadcat/histwxstns/ASOSAWOS/ASOSAWOS_72396593209.zarr/
ASOSAWOS,ASOSAWOS_72429300376,s3://cadcat/histwxstns/ASOSAWOS/ASOSAWOS_72429300376.zarr/
ASOSAWOS,ASOSAWOS_72462023061,s3://cadcat/histwxstns/ASOSAWOS/ASOSAWOS_72462023061.zarr/
ASOSAWOS,ASOSAWOS_72462593005,s3://cadcat/histwxstns/ASOSAWOS/ASOSAWOS_72462593005.zarr/
ASOSAWOS,ASOSAWOS_72462703011,s3://cadcat/histwxstns/ASOSAWOS/ASOSAWOS_72462703011.zarr/
ASOSAWOS,ASOSAWOS_72463523067,s3://cadcat/histwxstns/ASOSAWOS/ASOSAWOS_72463523067.zarr/
ASOSAWOS,ASOSAWOS_72463603013,s3://cadcat/histwxstns/ASOSAWOS/ASOSAWOS_72463603013.zarr/
ASOSAWOS,ASOSAWOS_72464093058,s3://cadcat/histwxstns/ASOSAWOS/ASOSAWOS_72464093058.zarr/
ASOSAWOS,ASOSAWOS_72464523070,s3://cadcat/histwxstns/ASOSAWOS/ASOSAWOS_72464523070.zarr/
ASOSAWOS,ASOSAWOS_72464603028,s3://cadcat/histwxstns/ASOSAWOS/ASOSAWOS_72464603028.zarr/
ASOSAWOS,ASOSAWOS_72466093037,s3://cadcat/histwxstns/ASOSAWOS/ASOSAWOS_72466093037.zarr/
ASOSAWOS,ASOSAWOS_72466593010,s3://cadcat/histwxstns/ASOSAWOS/ASOSAWOS_72466593010.zarr/
ASOSAWOS,ASOSAWOS_72466693067,s3://cadcat/histwxstns/ASOSAWOS/ASOSAWOS_72466693067.zarr/
ASOSAWOS,ASOSAWOS_72467003017,s3://cadcat/histwxstns/ASOSAWOS/ASOSAWOS_72467003017.zarr/
ASOSAWOS,ASOSAWOS_72467393009,s3://cadcat/histwxstns/ASOSAWOS/ASOSAWOS_72467393009.zarr/
ASOSAWOS,ASOSAWOS_72467494050,s3://cadcat/histwxstns/ASOSAWOS/ASOSAWOS_72467494050.zarr/
ASOSAWOS,ASOSAWOS_72467523063,s3://cadcat/histwxstns/ASOSAWOS/ASOSAWOS_72467523063.zarr/
ASOSAWOS,ASOSAWOS_72467693073,s3://cadcat/histwxstns/ASOSAWOS/ASOSAWOS_72467693073.zarr/
ASOSAWOS,ASOSAWOS_72467793007,s3://cadcat/histwxstns/ASOSAWOS/ASOSAWOS_72467793007.zarr/
ASOSAWOS,ASOSAWOS_72467894033,s3://cadcat/histwxstns/ASOSAWOS/ASOSAWOS_72467894033.zarr/
ASOSAWOS,ASOSAWOS_72468094015,s3://cadcat/histwxstns/ASOSAWOS/ASOSAWOS_72468094015.zarr/
ASOSAWOS,ASOSAWOS_72468903026,s3://cadcat/histwxstns/ASOSAWOS/ASOSAWOS_72468903026.zarr/
ASOSAWOS,ASOSAWOS_72469400450,s3://cadcat/histwxstns/ASOSAWOS/ASOSAWOS_72469400450.zarr/
ASOSAWOS,ASOSAWOS_72469824015,s3://cadcat/histwxstns/ASOSAWOS/ASOSAWOS_72469824015.zarr/
ASOSAWOS,ASOSAWOS_72469903065,s3://cadcat/histwxstns/ASOSAWOS/ASOSAWOS_72469903065.zarr/
ASOSAWOS,ASOSAWOS_72470093141,s3://cadcat/histwxstns/ASOSAWOS/ASOSAWOS_72470093141.zarr/
ASOSAWOS,ASOSAWOS_72475023176,s3://cadcat/histwxstns/ASOSAWOS/ASOSAWOS_72475023176.zarr/
ASOSAWOS,ASOSAWOS_72475423186,s3://cadcat/histwxstns/ASOSAWOS/ASOSAWOS_72475423186.zarr/
ASOSAWOS,ASOSAWOS_72475593129,s3://cadcat/histwxstns/ASOSAWOS/ASOSAWOS_72475593129.zarr/
ASOSAWOS,ASOSAWOS_72475623159,s3://cadcat/histwxstns/ASOSAWOS/ASOSAWOS_72475623159.zarr/
ASOSAWOS,ASOSAWOS_72476023066,s3://cadcat/histwxstns/ASOSAWOS/ASOSAWOS_72476023066.zarr/
ASOSAWOS,ASOSAWOS_72476593013,s3://cadcat/histwxstns/ASOSAWOS/ASOSAWOS_72476593013.zarr/
ASOSAWOS,ASOSAWOS_72476793069,s3://cadcat/histwxstns/ASOSAWOS/ASOSAWOS_72476793069.zarr/
ASOSAWOS,ASOSAWOS_72476824051,s3://cadcat/histwxstns/ASOSAWOS/ASOSAWOS_72476824051.zarr/
ASOSAWOS,ASOSAWOS_72476994035,s3://cadcat/histwxstns/ASOSAWOS/ASOSAWOS_72476994035.zarr/
ASOSAWOS,ASOSAWOS_72477003170,s3://cadcat/histwxstns/ASOSAWOS/ASOSAWOS_72477003170.zarr/
ASOSAWOS,ASOSAWOS_72477693075,s3://cadcat/histwxstns/ASOSAWOS/ASOSAWOS_72477693075.zarr/
ASOSAWOS,ASOSAWOS_72479694128,s3://cadcat/histwxstns/ASOSAWOS/ASOSAWOS_72479694128.zarr/
ASOSAWOS,ASOSAWOS_72479723176,s3://cadcat/histwxstns/ASOSAWOS/ASOSAWOS_72479723176.zarr/
ASOSAWOS,ASOSAWOS_72480023157,s3://cadcat/histwxstns/ASOSAWOS/ASOSAWOS_72480023157.zarr/
ASOSAWOS,ASOSAWOS_72481523257,s3://cadcat/histwxstns/ASOSAWOS/ASOSAWOS_72481523257.zarr/
ASOSAWOS,ASOSAWOS_72482893241,s3://cadcat/histwxstns/ASOSAWOS/ASOSAWOS_72482893241.zarr/
ASOSAWOS,ASOSAWOS_72483023232,s3://cadcat/histwxstns/ASOSAWOS/ASOSAWOS_72483023232.zarr/
ASOSAWOS,ASOSAWOS_72483323206,s3://cadcat/histwxstns/ASOSAWOS/ASOSAWOS_72483323206.zarr/
ASOSAWOS,ASOSAWOS_72483893205,s3://cadcat/histwxstns/ASOSAWOS/ASOSAWOS_72483893205.zarr/
ASOSAWOS,ASOSAWOS_72484653123,s3://cadcat/histwxstns/ASOSAWOS/ASOSAWOS_72484653123.zarr/
ASOSAWOS,ASOSAWOS_72485523153,s3://cadcat/histwxstns/ASOSAWOS/ASOSAWOS_72485523153.zarr/
ASOSAWOS,ASOSAWOS_72486023154,s3://cadcat/histwxstns/ASOSAWOS/ASOSAWOS_72486023154.zarr/
ASOSAWOS,ASOSAWOS_72488023185,s3://cadcat/histwxstns/ASOSAWOS/ASOSAWOS_72488023185.zarr/
ASOSAWOS,ASOSAWOS_72488593102,s3://cadcat/histwxstns/ASOSAWOS/ASOSAWOS_72488593102.zarr/
ASOSAWOS,ASOSAWOS_72491523259,s3://cadcat/histwxstns/ASOSAWOS/ASOSAWOS_72491523259.zarr/
ASOSAWOS,ASOSAWOS_72491723233,s3://cadcat/histwxstns/ASOSAWOS/ASOSAWOS_72491723233.zarr/
ASOSAWOS,ASOSAWOS_72492023237,s3://cadcat/histwxstns/ASOSAWOS/ASOSAWOS_72492023237.zarr/
ASOSAWOS,ASOSAWOS_72492623258,s3://cadcat/histwxstns/ASOSAWOS/ASOSAWOS_72492623258.zarr/
ASOSAWOS,ASOSAWOS_72492723285,s3://cadcat/histwxstns/ASOSAWOS/ASOSAWOS_72492723285.zarr/
ASOSAWOS,ASOSAWOS_72493023230,s3://cadcat/histwxstns/ASOSAWOS/ASOSAWOS_72493023230.zarr/
ASOSAWOS,ASOSAWOS_72493623254,s3://cadcat/histwxstns/ASOSAWOS/ASOSAWOS_72493623254.zarr/
ASOSAWOS,ASOSAWOS_72494023234,s3://cadcat/histwxstns/ASOSAWOS/ASOSAWOS_72494023234.zarr/
ASOSAWOS,ASOSAWOS_72494523293,s3://cadcat/histwxstns/ASOSAWOS/ASOSAWOS_72494523293.zarr/
ASOSAWOS,ASOSAWOS_72495023254,s3://cadcat/histwxstns/ASOSAWOS/ASOSAWOS_72495023254.zarr/
ASOSAWOS,ASOSAWOS_72495593227,s3://cadcat/histwxstns/ASOSAWOS/ASOSAWOS_72495593227.zarr/
ASOSAWOS,ASOSAWOS_72495723213,s3://cadcat/histwxstns/ASOSAWOS/ASOSAWOS_72495723213.zarr/
ASOSAWOS,ASOSAWOS_72564024018,s3://cadcat/histwxstns/ASOSAWOS/ASOSAWOS_72564024018.zarr/
ASOSAWOS,ASOSAWOS_72564524022,s3://cadcat/histwxstns/ASOSAWOS/ASOSAWOS_72564524022.zarr/
ASOSAWOS,ASOSAWOS_72565003017,s3://cadcat/histwxstns/ASOSAWOS/ASOSAWOS_72565003017.zarr/
ASOSAWOS,ASOSAWOS_72568694057,s3://cadcat/histwxstns/ASOSAWOS/ASOSAWOS_72568694057.zarr/
ASOSAWOS,ASOSAWOS_72569024089,s3://cadcat/histwxstns/ASOSAWOS/ASOSAWOS_72569024089.zarr/
ASOSAWOS,ASOSAWOS_72570024046,s3://cadcat/histwxstns/ASOSAWOS/ASOSAWOS_72570024046.zarr/
ASOSAWOS,ASOSAWOS_72570594030,s3://cadcat/histwxstns/ASOSAWOS/ASOSAWOS_72570594030.zarr/
ASOSAWOS,ASOSAWOS_72571094025,s3://cadcat/histwxstns/ASOSAWOS/ASOSAWOS_72571094025.zarr/
ASOSAWOS,ASOSAWOS_72571703016,s3://cadcat/histwxstns/ASOSAWOS/ASOSAWOS_72571703016.zarr/
ASOSAWOS,ASOSAWOS_72572024127,s3://cadcat/histwxstns/ASOSAWOS/ASOSAWOS_72572024127.zarr/
ASOSAWOS,ASOSAWOS_72572424174,s3://cadcat/histwxstns/ASOSAWOS/ASOSAWOS_72572424174.zarr/
ASOSAWOS,ASOSAWOS_72574124027,s3://cadcat/histwxstns/ASOSAWOS/ASOSAWOS_72574124027.zarr/
ASOSAWOS,ASOSAWOS_72574424027,s3://cadcat/histwxstns/ASOSAWOS/ASOSAWOS_72574424027.zarr/
ASOSAWOS,ASOSAWOS_72574524057,s3://cadcat/histwxstns/ASOSAWOS/ASOSAWOS_72574524057.zarr/
ASOSAWOS,ASOSAWOS_72576024021,s3://cadcat/histwxstns/ASOSAWOS/ASOSAWOS_72576024021.zarr/
ASOSAWOS,ASOSAWOS_72576394053,s3://cadcat/histwxstns/ASOSAWOS/ASOSAWOS_72576394053.zarr/
ASOSAWOS,ASOSAWOS_72576524061,s3://cadcat/histwxstns/ASOSAWOS/ASOSAWOS_72576524061.zarr/
ASOSAWOS,ASOSAWOS_72577504111,s3://cadcat/histwxstns/ASOSAWOS/ASOSAWOS_72577504111.zarr/
ASOSAWOS,ASOSAWOS_72577624166,s3://cadcat/histwxstns/ASOSAWOS/ASOSAWOS_72577624166.zarr/
ASOSAWOS,ASOSAWOS_72578024156,s3://cadcat/histwxstns/ASOSAWOS/ASOSAWOS_72578024156.zarr/
ASOSAWOS,ASOSAWOS_72578404109,s3://cadcat/histwxstns/ASOSAWOS/ASOSAWOS_72578404109.zarr/
ASOSAWOS,ASOSAWOS_72578524145,s3://cadcat/histwxstns/ASOSAWOS/ASOSAWOS_72578524145.zarr/
ASOSAWOS,ASOSAWOS_72578894182,s3://cadcat/histwxstns/ASOSAWOS/ASOSAWOS_72578894182.zarr/
ASOSAWOS,ASOSAWOS_72580524172,s3://cadcat/histwxstns/ASOSAWOS/ASOSAWOS_72580524172.zarr/
ASOSAWOS,ASOSAWOS_72581024193,s3://cadcat/histwxstns/ASOSAWOS/ASOSAWOS_72581024193.zarr/
ASOSAWOS,ASOSAWOS_72582524121,s3://cadcat/histwxstns/ASOSAWOS/ASOSAWOS_72582524121.zarr/
ASOSAWOS,ASOSAWOS_72583024128,s3://cadcat/histwxstns/ASOSAWOS/ASOSAWOS_72583024128.zarr/
ASOSAWOS,ASOSAWOS_72584523225,s3://cadcat/histwxstns/ASOSAWOS/ASOSAWOS_72584523225.zarr/
ASOSAWOS,ASOSAWOS_72584693201,s3://cadcat/histwxstns/ASOSAWOS/ASOSAWOS_72584693201.zarr/
ASOSAWOS,ASOSAWOS_72584793230,s3://cadcat/histwxstns/ASOSAWOS/ASOSAWOS_72584793230.zarr/
ASOSAWOS,ASOSAWOS_72585093228,s3://cadcat/histwxstns/ASOSAWOS/ASOSAWOS_72585093228.zarr/
ASOSAWOS,ASOSAWOS_72586124142,s3://cadcat/histwxstns/ASOSAWOS/ASOSAWOS_72586124142.zarr/
ASOSAWOS,ASOSAWOS_72586494182,s3://cadcat/histwxstns/ASOSAWOS/ASOSAWOS_72586494182.zarr/
ASOSAWOS,ASOSAWOS_72586694178,s3://cadcat/histwxstns/ASOSAWOS/ASOSAWOS_72586694178.zarr/
ASOSAWOS,ASOSAWOS_72586724133,s3://cadcat/histwxstns/ASOSAWOS/ASOSAWOS_72586724133.zarr/
ASOSAWOS,ASOSAWOS_72586894184,s3://cadcat/histwxstns/ASOSAWOS/ASOSAWOS_72586894184.zarr/
ASOSAWOS,ASOSAWOS_72589594236,s3://cadcat/histwxstns/ASOSAWOS/ASOSAWOS_72589594236.zarr/
ASOSAWOS,ASOSAWOS_72590523275,s3://cadcat/histwxstns/ASOSAWOS/ASOSAWOS_72590523275.zarr/
ASOSAWOS,ASOSAWOS_72591024216,s3://cadcat/histwxstns/ASOSAWOS/ASOSAWOS_72591024216.zarr/
ASOSAWOS,ASOSAWOS_72591524257,s3://cadcat/histwxstns/ASOSAWOS/ASOSAWOS_72591524257.zarr/
ASOSAWOS,ASOSAWOS_72592024257,s3://cadcat/histwxstns/ASOSAWOS/ASOSAWOS_72592024257.zarr/
ASOSAWOS,ASOSAWOS_72593023233,s3://cadcat/histwxstns/ASOSAWOS/ASOSAWOS_72593023233.zarr/
ASOSAWOS,ASOSAWOS_72594524283,s3://cadcat/histwxstns/ASOSAWOS/ASOSAWOS_72594524283.zarr/
ASOSAWOS,ASOSAWOS_72594624286,s3://cadcat/histwxstns/ASOSAWOS/ASOSAWOS_72594624286.zarr/
ASOSAWOS,ASOSAWOS_72595524259,s3://cadcat/histwxstns/ASOSAWOS/ASOSAWOS_72595524259.zarr/
ASOSAWOS,ASOSAWOS_72595724215,s3://cadcat/histwxstns/ASOSAWOS/ASOSAWOS_72595724215.zarr/
ASOSAWOS,ASOSAWOS_72595894299,s3://cadcat/histwxstns/ASOSAWOS/ASOSAWOS_72595894299.zarr/
ASOSAWOS,ASOSAWOS_72597024225,s3://cadcat/histwxstns/ASOSAWOS/ASOSAWOS_72597024225.zarr/
ASOSAWOS,ASOSAWOS_72597524235,s3://cadcat/histwxstns/ASOSAWOS/ASOSAWOS_72597524235.zarr/
ASOSAWOS,ASOSAWOS_72597694285,s3://cadcat/histwxstns/ASOSAWOS/ASOSAWOS_72597694285.zarr/
ASOSAWOS,ASOSAWOS_72639100385,s3://cadcat/histwxstns/ASOSAWOS/ASOSAWOS_72639100385.zarr/
ASOSAWOS,ASOSAWOS_72639200424,s3://cadcat/histwxstns/ASOSAWOS/ASOSAWOS_72639200424.zarr/
ASOSAWOS,ASOSAWOS_72639600422,s3://cadcat/histwxstns/ASOSAWOS/ASOSAWOS_72639600422.zarr/
ASOSAWOS,ASOSAWOS_72665094023,s3://cadcat/histwxstns/ASOSAWOS/ASOSAWOS_72665094023.zarr/
ASOSAWOS,ASOSAWOS_72665494054,s3://cadcat/histwxstns/ASOSAWOS/ASOSAWOS_72665494054.zarr/
ASOSAWOS,ASOSAWOS_72666024029,s3://cadcat/histwxstns/ASOSAWOS/ASOSAWOS_72666024029.zarr/
ASOSAWOS,ASOSAWOS_72666494173,s3://cadcat/histwxstns/ASOSAWOS/ASOSAWOS_72666494173.zarr/
ASOSAWOS,ASOSAWOS_72666524062,s3://cadcat/histwxstns/ASOSAWOS/ASOSAWOS_72666524062.zarr/
ASOSAWOS,ASOSAWOS_72666724048,s3://cadcat/histwxstns/ASOSAWOS/ASOSAWOS_72666724048.zarr/
ASOSAWOS,ASOSAWOS_72667524037,s3://cadcat/histwxstns/ASOSAWOS/ASOSAWOS_72667524037.zarr/
ASOSAWOS,ASOSAWOS_72667624087,s3://cadcat/histwxstns/ASOSAWOS/ASOSAWOS_72667624087.zarr/
ASOSAWOS,ASOSAWOS_72669024057,s3://cadcat/histwxstns/ASOSAWOS/ASOSAWOS_72669024057.zarr/
ASOSAWOS,ASOSAWOS_72670024045,s3://cadcat/histwxstns/ASOSAWOS/ASOSAWOS_72670024045.zarr/
ASOSAWOS,ASOSAWOS_72671024164,s3://cadcat/histwxstns/ASOSAWOS/ASOSAWOS_72671024164.zarr/
ASOSAWOS,ASOSAWOS_72672024061,s3://cadcat/histwxstns/ASOSAWOS/ASOSAWOS_72672024061.zarr/
ASOSAWOS,ASOSAWOS_72676324198,s3://cadcat/histwxstns/ASOSAWOS/ASOSAWOS_72676324198.zarr/
ASOSAWOS,ASOSAWOS_72676494163,s3://cadcat/histwxstns/ASOSAWOS/ASOSAWOS_72676494163.zarr/
ASOSAWOS,ASOSAWOS_72677024033,s3://cadcat/histwxstns/ASOSAWOS/ASOSAWOS_72677024033.zarr/
ASOSAWOS,ASOSAWOS_72677624036,s3://cadcat/histwxstns/ASOSAWOS/ASOSAWOS_72677624036.zarr/
ASOSAWOS,ASOSAWOS_72677794055,s3://cadcat/histwxstns/ASOSAWOS/ASOSAWOS_72677794055.zarr/
ASOSAWOS,ASOSAWOS_72678524135,s3://cadcat/histwxstns/ASOSAWOS/ASOSAWOS_72678524135.zarr/
ASOSAWOS,ASOSAWOS_72679624138,s3://cadcat/histwxstns/ASOSAWOS/ASOSAWOS_72679624138.zarr/
ASOSAWOS,ASOSAWOS_72679724132,s3://cadcat/histwxstns/ASOSAWOS/ASOSAWOS_72679724132.zarr/
ASOSAWOS,ASOSAWOS_72679824150,s3://cadcat/histwxstns/ASOSAWOS/ASOSAWOS_72679824150.zarr/
ASOSAWOS,ASOSAWOS_72681024131,s3://cadcat/histwxstns/ASOSAWOS/ASOSAWOS_72681024131.zarr/
ASOSAWOS,ASOSAWOS_72681394195,s3://cadcat/histwxstns/ASOSAWOS/ASOSAWOS_72681394195.zarr/
ASOSAWOS,ASOSAWOS_72681604110,s3://cadcat/histwxstns/ASOSAWOS/ASOSAWOS_72681604110.zarr/
ASOSAWOS,ASOSAWOS_72681724154,s3://cadcat/histwxstns/ASOSAWOS/ASOSAWOS_72681724154.zarr/
ASOSAWOS,ASOSAWOS_72681894194,s3://cadcat/histwxstns/ASOSAWOS/ASOSAWOS_72681894194.zarr/
ASOSAWOS,ASOSAWOS_72682404112,s3://cadcat/histwxstns/ASOSAWOS/ASOSAWOS_72682404112.zarr/
ASOSAWOS,ASOSAWOS_72683094185,s3://cadcat/histwxstns/ASOSAWOS/ASOSAWOS_72683094185.zarr/
ASOSAWOS,ASOSAWOS_72683524230,s3://cadcat/histwxstns/ASOSAWOS/ASOSAWOS_72683524230.zarr/
ASOSAWOS,ASOSAWOS_72683604201,s3://cadcat/histwxstns/ASOSAWOS/ASOSAWOS_72683604201.zarr/
ASOSAWOS,ASOSAWOS_72683724162,s3://cadcat/histwxstns/ASOSAWOS/ASOSAWOS_72683724162.zarr/
ASOSAWOS,ASOSAWOS_72683894185,s3://cadcat/histwxstns/ASOSAWOS/ASOSAWOS_72683894185.zarr/
ASOSAWOS,ASOSAWOS_72683994196,s3://cadcat/histwxstns/ASOSAWOS/ASOSAWOS_72683994196.zarr/
ASOSAWOS,ASOSAWOS_72686524196,s3://cadcat/histwxstns/ASOSAWOS/ASOSAWOS_72686524196.zarr/
ASOSAWOS,ASOSAWOS_72687300452,s3://cadcat/histwxstns/ASOSAWOS/ASOSAWOS_72687300452.zarr/
ASOSAWOS,ASOSAWOS_72687594107,s3://cadcat/histwxstns/ASOSAWOS/ASOSAWOS_72687594107.zarr/
ASOSAWOS,ASOSAWOS_72687600387,s3://cadcat/histwxstns/ASOSAWOS/ASOSAWOS_72687600387.zarr/
ASOSAWOS,ASOSAWOS_72688024155,s3://cadcat/histwxstns/ASOSAWOS/ASOSAWOS_72688024155.zarr/
ASOSAWOS,ASOSAWOS_72688194273,s3://cadcat/histwxstns/ASOSAWOS/ASOSAWOS_72688194273.zarr/
ASOSAWOS,ASOSAWOS_72688304113,s3://cadcat/histwxstns/ASOSAWOS/ASOSAWOS_72688304113.zarr/
ASOSAWOS,ASOSAWOS_72688424148,s3://cadcat/histwxstns/ASOSAWOS/ASOSAWOS_72688424148.zarr/
ASOSAWOS,ASOSAWOS_72688524152,s3://cadcat/histwxstns/ASOSAWOS/ASOSAWOS_72688524152.zarr/
ASOSAWOS,ASOSAWOS_72688624130,s3://cadcat/histwxstns/ASOSAWOS/ASOSAWOS_72688624130.zarr/
ASOSAWOS,ASOSAWOS_72690124231,s3://cadcat/histwxstns/ASOSAWOS/ASOSAWOS_72690124231.zarr/
ASOSAWOS,ASOSAWOS_72690424231,s3://cadcat/histwxstns/ASOSAWOS/ASOSAWOS_72690424231.zarr/
ASOSAWOS,ASOSAWOS_72691724284,s3://cadcat/histwxstns/ASOSAWOS/ASOSAWOS_72691724284.zarr/
ASOSAWOS,ASOSAWOS_72692024230,s3://cadcat/histwxstns/ASOSAWOS/ASOSAWOS_72692024230.zarr/
ASOSAWOS,ASOSAWOS_72693024221,s3://cadcat/histwxstns/ASOSAWOS/ASOSAWOS_72693024221.zarr/
ASOSAWOS,ASOSAWOS_72694024232,s3://cadcat/histwxstns/ASOSAWOS/ASOSAWOS_72694024232.zarr/
ASOSAWOS,ASOSAWOS_72694524202,s3://cadcat/histwxstns/ASOSAWOS/ASOSAWOS_72694524202.zarr/
ASOSAWOS,ASOSAWOS_72695024285,s3://cadcat/histwxstns/ASOSAWOS/ASOSAWOS_72695024285.zarr/
ASOSAWOS,ASOSAWOS_72695994281,s3://cadcat/histwxstns/ASOSAWOS/ASOSAWOS_72695994281.zarr/
ASOSAWOS,ASOSAWOS_72698024229,s3://cadcat/histwxstns/ASOSAWOS/ASOSAWOS_72698024229.zarr/
ASOSAWOS,ASOSAWOS_72698524242,s3://cadcat/histwxstns/ASOSAWOS/ASOSAWOS_72698524242.zarr/
ASOSAWOS,ASOSAWOS_72698694261,s3://cadcat/histwxstns/ASOSAWOS/ASOSAWOS_72698694261.zarr/
ASOSAWOS,ASOSAWOS_72698824219,s3://cadcat/histwxstns/ASOSAWOS/ASOSAWOS_72698824219.zarr/
ASOSAWOS,ASOSAWOS_72768094008,s3://cadcat/histwxstns/ASOSAWOS/ASOSAWOS_72768094008.zarr/
ASOSAWOS,ASOSAWOS_72768494051,s3://cadcat/histwxstns/ASOSAWOS/ASOSAWOS_72768494051.zarr/
ASOSAWOS,ASOSAWOS_72768694017,s3://cadcat/histwxstns/ASOSAWOS/ASOSAWOS_72768694017.zarr/
ASOSAWOS,ASOSAWOS_72768794028,s3://cadcat/histwxstns/ASOSAWOS/ASOSAWOS_72768794028.zarr/
ASOSAWOS,ASOSAWOS_72769024137,s3://cadcat/histwxstns/ASOSAWOS/ASOSAWOS_72769024137.zarr/
ASOSAWOS,ASOSAWOS_72770024138,s3://cadcat/histwxstns/ASOSAWOS/ASOSAWOS_72770024138.zarr/
ASOSAWOS,ASOSAWOS_72772024144,s3://cadcat/histwxstns/ASOSAWOS/ASOSAWOS_72772024144.zarr/
ASOSAWOS,ASOSAWOS_72773024153,s3://cadcat/histwxstns/ASOSAWOS/ASOSAWOS_72773024153.zarr/
ASOSAWOS,ASOSAWOS_72774024135,s3://cadcat/histwxstns/ASOSAWOS/ASOSAWOS_72774024135.zarr/
ASOSAWOS,ASOSAWOS_72775024143,s3://cadcat/histwxstns/ASOSAWOS/ASOSAWOS_72775024143.zarr/
ASOSAWOS,ASOSAWOS_72775524112,s3://cadcat/histwxstns/ASOSAWOS/ASOSAWOS_72775524112.zarr/
ASOSAWOS,ASOSAWOS_72777094012,s3://cadcat/histwxstns/ASOSAWOS/ASOSAWOS_72777094012.zarr/
ASOSAWOS,ASOSAWOS_72779024146,s3://cadcat/histwxstns/ASOSAWOS/ASOSAWOS_72779024146.zarr/
ASOSAWOS,ASOSAWOS_72779624137,s3://cadcat/histwxstns/ASOSAWOS/ASOSAWOS_72779624137.zarr/
ASOSAWOS,ASOSAWOS_72781024243,s3://cadcat/histwxstns/ASOSAWOS/ASOSAWOS_72781024243.zarr/
ASOSAWOS,ASOSAWOS_72781524237,s3://cadcat/histwxstns/ASOSAWOS/ASOSAWOS_72781524237.zarr/
ASOSAWOS,ASOSAWOS_72782594239,s3://cadcat/histwxstns/ASOSAWOS/ASOSAWOS_72782594239.zarr/
ASOSAWOS,ASOSAWOS_72782624141,s3://cadcat/histwxstns/ASOSAWOS/ASOSAWOS_72782624141.zarr/
ASOSAWOS,ASOSAWOS_72782724110,s3://cadcat/histwxstns/ASOSAWOS/ASOSAWOS_72782724110.zarr/
ASOSAWOS,ASOSAWOS_72783024149,s3://cadcat/histwxstns/ASOSAWOS/ASOSAWOS_72783024149.zarr/
ASOSAWOS,ASOSAWOS_72783304114,s3://cadcat/histwxstns/ASOSAWOS/ASOSAWOS_72783304114.zarr/
ASOSAWOS,ASOSAWOS_72783424136,s3://cadcat/histwxstns/ASOSAWOS/ASOSAWOS_72783424136.zarr/
ASOSAWOS,ASOSAWOS_72784624160,s3://cadcat/histwxstns/ASOSAWOS/ASOSAWOS_72784624160.zarr/
ASOSAWOS,ASOSAWOS_72785024157,s3://cadcat/histwxstns/ASOSAWOS/ASOSAWOS_72785024157.zarr/
ASOSAWOS,ASOSAWOS_72785494119,s3://cadcat/histwxstns/ASOSAWOS/ASOSAWOS_72785494119.zarr/
ASOSAWOS,ASOSAWOS_72785694176,s3://cadcat/histwxstns/ASOSAWOS/ASOSAWOS_72785694176.zarr/
ASOSAWOS,ASOSAWOS_72785794129,s3://cadcat/histwxstns/ASOSAWOS/ASOSAWOS_72785794129.zarr/
ASOSAWOS,ASOSAWOS_72787094119,s3://cadcat/histwxstns/ASOSAWOS/ASOSAWOS_72787094119.zarr/
ASOSAWOS,ASOSAWOS_72788324220,s3://cadcat/histwxstns/ASOSAWOS/ASOSAWOS_72788324220.zarr/
ASOSAWOS,ASOSAWOS_72788594266,s3://cadcat/histwxstns/ASOSAWOS/ASOSAWOS_72788594266.zarr/
ASOSAWOS,ASOSAWOS_72789094197,s3://cadcat/histwxstns/ASOSAWOS/ASOSAWOS_72789094197.zarr/
ASOSAWOS,ASOSAWOS_72790024141,s3://cadcat/histwxstns/ASOSAWOS/ASOSAWOS_72790024141.zarr/
ASOSAWOS,ASOSAWOS_72791094224,s3://cadcat/histwxstns/ASOSAWOS/ASOSAWOS_72791094224.zarr/
ASOSAWOS,ASOSAWOS_72791894298,s3://cadcat/histwxstns/ASOSAWOS/ASOSAWOS_72791894298.zarr/
ASOSAWOS,ASOSAWOS_72792024227,s3://cadcat/histwxstns/ASOSAWOS/ASOSAWOS_72792024227.zarr/
ASOSAWOS,ASOSAWOS_72792394225,s3://cadcat/histwxstns/ASOSAWOS/ASOSAWOS_72792394225.zarr/
ASOSAWOS,ASOSAWOS_72792424223,s3://cadcat/histwxstns/ASOSAWOS/ASOSAWOS_72792424223.zarr/
ASOSAWOS,ASOSAWOS_72792594227,s3://cadcat/histwxstns/ASOSAWOS/ASOSAWOS_72792594227.zarr/
ASOSAWOS,ASOSAWOS_72792794225,s3://cadcat/histwxstns/ASOSAWOS/ASOSAWOS_72792794225.zarr/
ASOSAWOS,ASOSAWOS_72792894263,s3://cadcat/histwxstns/ASOSAWOS/ASOSAWOS_72792894263.zarr/
ASOSAWOS,ASOSAWOS_72793024233,s3://cadcat/histwxstns/ASOSAWOS/ASOSAWOS_72793024233.zarr/
ASOSAWOS,ASOSAWOS_72793494248,s3://cadcat/histwxstns/ASOSAWOS/ASOSAWOS_72793494248.zarr/
ASOSAWOS,ASOSAWOS_72793524234,s3://cadcat/histwxstns/ASOSAWOS/ASOSAWOS_72793524234.zarr/
ASOSAWOS,ASOSAWOS_72793724222,s3://cadcat/histwxstns/ASOSAWOS/ASOSAWOS_72793724222.zarr/
ASOSAWOS,ASOSAWOS_72793894274,s3://cadcat/histwxstns/ASOSAWOS/ASOSAWOS_72793894274.zarr/
ASOSAWOS,ASOSAWOS_72794504205,s3://cadcat/histwxstns/ASOSAWOS/ASOSAWOS_72794504205.zarr/
ASOSAWOS,ASOSAWOS_72797094240,s3://cadcat/histwxstns/ASOSAWOS/ASOSAWOS_72797094240.zarr/
ASOSAWOS,ASOSAWOS_72797624217,s3://cadcat/histwxstns/ASOSAWOS/ASOSAWOS_72797624217.zarr/
ASOSAWOS,ASOSAWOS_72798594276,s3://cadcat/histwxstns/ASOSAWOS/ASOSAWOS_72798594276.zarr/
ASOSAWOS,ASOSAWOS_74000203042,s3://cadcat/histwxstns/ASOSAWOS/ASOSAWOS_74000203042.zarr/
ASOSAWOS,ASOSAWOS_74003503145,s3://cadcat/histwxstns/ASOSAWOS/ASOSAWOS_74003503145.zarr/
ASOSAWOS,ASOSAWOS_74230024037,s3://cadcat/histwxstns/ASOSAWOS/ASOSAWOS_74230024037.zarr/
ASOSAWOS,ASOSAWOS_74504693242,s3://cadcat/histwxstns/ASOSAWOS/ASOSAWOS_74504693242.zarr/
ASOSAWOS,ASOSAWOS_74504893210,s3://cadcat/histwxstns/ASOSAWOS/ASOSAWOS_74504893210.zarr/
ASOSAWOS,ASOSAWOS_74505653120,s3://cadcat/histwxstns/ASOSAWOS/ASOSAWOS_74505653120.zarr/
ASOSAWOS,ASOSAWOS_74505753130,s3://cadcat/histwxstns/ASOSAWOS/ASOSAWOS_74505753130.zarr/
ASOSAWOS,ASOSAWOS_74505823277,s3://cadcat/histwxstns/ASOSAWOS/ASOSAWOS_74505823277.zarr/
ASOSAWOS,ASOSAWOS_74509023244,s3://cadcat/histwxstns/ASOSAWOS/ASOSAWOS_74509023244.zarr/
ASOSAWOS,ASOSAWOS_74612093104,s3://cadcat/histwxstns/ASOSAWOS/ASOSAWOS_74612093104.zarr/
ASOSAWOS,ASOSAWOS_74702023110,s3://cadcat/histwxstns/ASOSAWOS/ASOSAWOS_74702023110.zarr/
ASOSAWOS,ASOSAWOS_74704003102,s3://cadcat/histwxstns/ASOSAWOS/ASOSAWOS_74704003102.zarr/
ASOSAWOS,ASOSAWOS_74718503144,s3://cadcat/histwxstns/ASOSAWOS/ASOSAWOS_74718503144.zarr/
ASOSAWOS,ASOSAWOS_74718703104,s3://cadcat/histwxstns/ASOSAWOS/ASOSAWOS_74718703104.zarr/
ASOSAWOS,ASOSAWOS_74718823158,s3://cadcat/histwxstns/ASOSAWOS/ASOSAWOS_74718823158.zarr/
ASOSAWOS,ASOSAWOS_74917100479,s3://cadcat/histwxstns/ASOSAWOS/ASOSAWOS_74917100479.zarr/
ASOSAWOS,ASOSAWOS_74917900392,s3://cadcat/histwxstns/ASOSAWOS/ASOSAWOS_74917900392.zarr/
ASOSAWOS,ASOSAWOS_74948400395,s3://cadcat/histwxstns/ASOSAWOS/ASOSAWOS_74948400395.zarr/
ASOSAWOS,ASOSAWOS_74948500396,s3://cadcat/histwxstns/ASOSAWOS/ASOSAWOS_74948500396.zarr/
ASOSAWOS,ASOSAWOS_74948600397,s3://cadcat/histwxstns/ASOSAWOS/ASOSAWOS_74948600397.zarr/
ASOSAWOS,ASOSAWOS_99999903102,s3://cadcat/histwxstns/ASOSAWOS/ASOSAWOS_99999903102.zarr/
ASOSAWOS,ASOSAWOS_99999904134,s3://cadcat/histwxstns/ASOSAWOS/ASOSAWOS_99999904134.zarr/
ASOSAWOS,ASOSAWOS_99999923136,s3://cadcat/histwxstns/ASOSAWOS/ASOSAWOS_99999923136.zarr/
ASOSAWOS,ASOSAWOS_99999923259,s3://cadcat/histwxstns/ASOSAWOS/ASOSAWOS_99999923259.zarr/
ASOSAWOS,ASOSAWOS_99999993228,s3://cadcat/histwxstns/ASOSAWOS/ASOSAWOS_99999993228.zarr/
ASOSAWOS,ASOSAWOS_99999994176,s3://cadcat/histwxstns/ASOSAWOS/ASOSAWOS_99999994176.zarr/
ASOSAWOS,ASOSAWOS_99999994274,s3://cadcat/histwxstns/ASOSAWOS/ASOSAWOS_99999994274.zarr/
ASOSAWOS,ASOSAWOS_A0000594076,s3://cadcat/histwxstns/ASOSAWOS/ASOSAWOS_A0000594076.zarr/
ASOSAWOS,ASOSAWOS_A0001403053,s3://cadcat/histwxstns/ASOSAWOS/ASOSAWOS_A0001403053.zarr/
ASOSAWOS,ASOSAWOS_A0001553129,s3://cadcat/histwxstns/ASOSAWOS/ASOSAWOS_A0001553129.zarr/
ASOSAWOS,ASOSAWOS_A0001603036,s3://cadcat/histwxstns/ASOSAWOS/ASOSAWOS_A0001603036.zarr/
ASOSAWOS,ASOSAWOS_A0001823162,s3://cadcat/histwxstns/ASOSAWOS/ASOSAWOS_A0001823162.zarr/
ASOSAWOS,ASOSAWOS_A0002694297,s3://cadcat/histwxstns/ASOSAWOS/ASOSAWOS_A0002694297.zarr/
ASOSAWOS,ASOSAWOS_A0002804116,s3://cadcat/histwxstns/ASOSAWOS/ASOSAWOS_A0002804116.zarr/
ASOSAWOS,ASOSAWOS_A0685400115,s3://cadcat/histwxstns/ASOSAWOS/ASOSAWOS_A0685400115.zarr/
ASOSAWOS,ASOSAWOS_A0704900320,s3://cadcat/histwxstns/ASOSAWOS/ASOSAWOS_A0704900320.zarr/
ASOSAWOS,ASOSAWOS_A0705300346,s3://cadcat/histwxstns/ASOSAWOS/ASOSAWOS_A0705300346.zarr/
CAHYDRO,CAHYDRO_ACLN2,s3://cadcat/histwxstns/CAHYDRO/CAHYDRO_ACLN2.zarr/
CAHYDRO,CAHYDRO_ALPC1,s3://cadcat/histwxstns/CAHYDRO/CAHYDRO_ALPC1.zarr/
CAHYDRO,CAHYDRO_ANAC1,s3://cadcat/histwxstns/CAHYDRO/CAHYDRO_ANAC1.zarr/
CAHYDRO,CAHYDRO_ARVC1,s3://cadcat/histwxstns/CAHYDRO/CAHYDRO_ARVC1.zarr/
CAHYDRO,CAHYDRO_ASCC1,s3://cadcat/histwxstns/CAHYDRO/CAHYDRO_ASCC1.zarr/
CAHYDRO,CAHYDRO_BAFC1,s3://cadcat/histwxstns/CAHYDRO/CAHYDRO_BAFC1.zarr/
CAHYDRO,CAHYDRO_BBLC1,s3://cadcat/histwxstns/CAHYDRO/CAHYDRO_BBLC1.zarr/
CAHYDRO,CAHYDRO_BCSC1,s3://cadcat/histwxstns/CAHYDRO/CAHYDRO_BCSC1.zarr/
CAHYDRO,CAHYDRO_BLCN2,s3://cadcat/histwxstns/CAHYDRO/CAHYDRO_BLCN2.zarr/
CAHYDRO,CAHYDRO_BROC1,s3://cadcat/histwxstns/CAHYDRO/CAHYDRO_BROC1.zarr/
CAHYDRO,CAHYDRO_BUMC1,s3://cadcat/histwxstns/CAHYDRO/CAHYDRO_BUMC1.zarr/
CAHYDRO,CAHYDRO_CAIC1,s3://cadcat/histwxstns/CAHYDRO/CAHYDRO_CAIC1.zarr/
CAHYDRO,CAHYDRO_CCTC1,s3://cadcat/histwxstns/CAHYDRO/CAHYDRO_CCTC1.zarr/
CAHYDRO,CAHYDRO_CDOC1,s3://cadcat/histwxstns/CAHYDRO/CAHYDRO_CDOC1.zarr/
CAHYDRO,CAHYDRO_CFSN2,s3://cadcat/histwxstns/CAHYDRO/CAHYDRO_CFSN2.zarr/
CAHYDRO,CAHYDRO_CNGC1,s3://cadcat/histwxstns/CAHYDRO/CAHYDRO_CNGC1.zarr/
CAHYDRO,CAHYDRO_CNON2,s3://cadcat/histwxstns/CAHYDRO/CAHYDRO_CNON2.zarr/
CAHYDRO,CAHYDRO_COIC1,s3://cadcat/histwxstns/CAHYDRO/CAHYDRO_COIC1.zarr/
CAHYDRO,CAHYDRO_CVAC1,s3://cadcat/histwxstns/CAHYDRO/CAHYDRO_CVAC1.zarr/
CAHYDRO,CAHYDRO_CVRC1,s3://cadcat/histwxstns/CAHYDRO/CAHYDRO_CVRC1.zarr/
CAHYDRO,CAHYDRO_CYDC1,s3://cadcat/histwxstns/CAHYDRO/CAHYDRO_CYDC1.zarr/
CAHYDRO,CAHYDRO_DACC1,s3://cadcat/histwxstns/CAHYDRO/CAHYDRO_DACC1.zarr/
CAHYDRO,CAHYDRO_DELC1,s3://cadcat/histwxstns/CAHYDRO/CAHYDRO_DELC1.zarr/
CAHYDRO,CAHYDRO_DMRC1,s3://cadcat/histwxstns/CAHYDRO/CAHYDRO_DMRC1.zarr/
CAHYDRO,CAHYDRO_DVPC1,s3://cadcat/histwxstns/CAHYDRO/CAHYDRO_DVPC1.zarr/
CAHYDRO,CAHYDRO_EHDC1,s3://cadcat/histwxstns/CAHYDRO/CAHYDRO_EHDC1.zarr/
CAHYDRO,CAHYDRO_ELJC1,s3://cadcat/histwxstns/CAHYDRO/CAHYDRO_ELJC1.zarr/
CAHYDRO,CAHYDRO_EORC1,s3://cadcat/histwxstns/CAHYDRO/CAHYDRO_EORC1.zarr/
CAHYDRO,CAHYDRO_ETKC1,s3://cadcat/histwxstns/CAHYDRO/CAHYDRO_ETKC1.zarr/
CAHYDRO,CAHYDRO_EYSC1,s3://cadcat/histwxstns/CAHYDRO/CAHYDRO_EYSC1.zarr/
CAHYDRO,CAHYDRO_FETC1,s3://cadcat/histwxstns/CAHYDRO/CAHYDRO_FETC1.zarr/
CAHYDRO,CAHYDRO_FRAC1,s3://cadcat/histwxstns/CAHYDRO/CAHYDRO_FRAC1.zarr/
CAHYDRO,CAHYDRO_FRZC1,s3://cadcat/histwxstns/CAHYDRO/CAHYDRO_FRZC1.zarr/
CAHYDRO,CAHYDRO_FYIC1,s3://cadcat/histwxstns/CAHYDRO/CAHYDRO_FYIC1.zarr/
CAHYDRO,CAHYDRO_GNNC1,s3://cadcat/histwxstns/CAHYDRO/CAHYDRO_GNNC1.zarr/
CAHYDRO,CAHYDRO_GNON2,s3://cadcat/histwxstns/CAHYDRO/CAHYDRO_GNON2.zarr/
CAHYDRO,CAHYDRO_GPEN2,s3://cadcat/histwxstns/CAHYDRO/CAHYDRO_GPEN2.zarr/
CAHYDRO,CAHYDRO_HAFC1,s3://cadcat/histwxstns/CAHYDRO/CAHYDRO_HAFC1.zarr/
CAHYDRO,CAHYDRO_HEMC1,s3://cadcat/histwxstns/CAHYDRO/CAHYDRO_HEMC1.zarr/
CAHYDRO,CAHYDRO_HENC1,s3://cadcat/histwxstns/CAHYDRO/CAHYDRO_HENC1.zarr/
CAHYDRO,CAHYDRO_HICC1,s3://cadcat/histwxstns/CAHYDRO/CAHYDRO_HICC1.zarr/
CAHYDRO,CAHYDRO_HMBC1,s3://cadcat/histwxstns/CAHYDRO/CAHYDRO_HMBC1.zarr/
CAHYDRO,CAHYDRO_HNXC1,s3://cadcat/histwxstns/CAHYDRO/CAHYDRO_HNXC1.zarr/
CAHYDRO,CAHYDRO_HNZC1,s3://cadcat/histwxstns/CAHYDRO/CAHYDRO_HNZC1.zarr/
CAHYDRO,CAHYDRO_HPCC1,s3://cadcat/histwxstns/CAHYDRO/CAHYDRO_HPCC1.zarr/
CAHYDRO,CAHYDRO_HSCC1,s3://cadcat/histwxstns/CAHYDRO/CAHYDRO_HSCC1.zarr/
CAHYDRO,CAHYDRO_IDOC1,s3://cadcat/histwxstns/CAHYDRO/CAHYDRO_IDOC1.zarr/
CAHYDRO,CAHYDRO_IDYC1,s3://cadcat/histwxstns/CAHYDRO/CAHYDRO_IDYC1.zarr/
CAHYDRO,CAHYDRO_IVRC1,s3://cadcat/histwxstns/CAHYDRO/CAHYDRO_IVRC1.zarr/
CAHYDRO,CAHYDRO_IYOC1,s3://cadcat/histwxstns/CAHYDRO/CAHYDRO_IYOC1.zarr/
CAHYDRO,CAHYDRO_JLNC1,s3://cadcat/histwxstns/CAHYDRO/CAHYDRO_JLNC1.zarr/
CAHYDRO,CAHYDRO_KCLN2,s3://cadcat/histwxstns/CAHYDRO/CAHYDRO_KCLN2.zarr/
CAHYDRO,CAHYDRO_KSFC1,s3://cadcat/histwxstns/CAHYDRO/CAHYDRO_KSFC1.zarr/
CAHYDRO,CAHYDRO_KTTC1,s3://cadcat/histwxstns/CAHYDRO/CAHYDRO_KTTC1.zarr/
CAHYDRO,CAHYDRO_LANC1,s3://cadcat/histwxstns/CAHYDRO/CAHYDRO_LANC1.zarr/
CAHYDRO,CAHYDRO_LBON2,s3://cadcat/histwxstns/CAHYDRO/CAHYDRO_LBON2.zarr/
CAHYDRO,CAHYDRO_LDGC1,s3://cadcat/histwxstns/CAHYDRO/CAHYDRO_LDGC1.zarr/
CAHYDRO,CAHYDRO_LEBC1,s3://cadcat/histwxstns/CAHYDRO/CAHYDRO_LEBC1.zarr/
CAHYDRO,CAHYDRO_LEMC1,s3://cadcat/histwxstns/CAHYDRO/CAHYDRO_LEMC1.zarr/
CAHYDRO,CAHYDRO_LINC1,s3://cadcat/histwxstns/CAHYDRO/CAHYDRO_LINC1.zarr/
CAHYDRO,CAHYDRO_LKSN2,s3://cadcat/histwxstns/CAHYDRO/CAHYDRO_LKSN2.zarr/
CAHYDRO,CAHYDRO_LLLC1,s3://cadcat/histwxstns/CAHYDRO/CAHYDRO_LLLC1.zarr/
CAHYDRO,CAHYDRO_LMGC1,s3://cadcat/histwxstns/CAHYDRO/CAHYDRO_LMGC1.zarr/
CAHYDRO,CAHYDRO_LOLC1,s3://cadcat/histwxstns/CAHYDRO/CAHYDRO_LOLC1.zarr/
CAHYDRO,CAHYDRO_LOSC1,s3://cadcat/histwxstns/CAHYDRO/CAHYDRO_LOSC1.zarr/
CAHYDRO,CAHYDRO_LOTC1,s3://cadcat/histwxstns/CAHYDRO/CAHYDRO_LOTC1.zarr/
CAHYDRO,CAHYDRO_MAZC1,s3://cadcat/histwxstns/CAHYDRO/CAHYDRO_MAZC1.zarr/
CAHYDRO,CAHYDRO_MCEC1,s3://cadcat/histwxstns/CAHYDRO/CAHYDRO_MCEC1.zarr/
CAHYDRO,CAHYDRO_MDNN2,s3://cadcat/histwxstns/CAHYDRO/CAHYDRO_MDNN2.zarr/
CAHYDRO,CAHYDRO_MLNC1,s3://cadcat/histwxstns/CAHYDRO/CAHYDRO_MLNC1.zarr/
CAHYDRO,CAHYDRO_MMRC1,s3://cadcat/histwxstns/CAHYDRO/CAHYDRO_MMRC1.zarr/
CAHYDRO,CAHYDRO_MRAC1,s3://cadcat/histwxstns/CAHYDRO/CAHYDRO_MRAC1.zarr/
CAHYDRO,CAHYDRO_MUYC1,s3://cadcat/histwxstns/CAHYDRO/CAHYDRO_MUYC1.zarr/
CAHYDRO,CAHYDRO_NMLC1,s3://cadcat/histwxstns/CAHYDRO/CAHYDRO_NMLC1.zarr/
CAHYDRO,CAHYDRO_NOFC1,s3://cadcat/histwxstns/CAHYDRO/CAHYDRO_NOFC1.zarr/
CAHYDRO,CAHYDRO_OCTC1,s3://cadcat/histwxstns/CAHYDRO/CAHYDRO_OCTC1.zarr/
CAHYDRO,CAHYDRO_OCWC1,s3://cadcat/histwxstns/CAHYDRO/CAHYDRO_OCWC1.zarr/
CAHYDRO,CAHYDRO_PNTN2,s3://cadcat/histwxstns/CAHYDRO/CAHYDRO_PNTN2.zarr/
CAHYDRO,CAHYDRO_POWC1,s3://cadcat/histwxstns/CAHYDRO/CAHYDRO_POWC1.zarr/
CAHYDRO,CAHYDRO_PRBC1,s3://cadcat/histwxstns/CAHYDRO/CAHYDRO_PRBC1.zarr/
CAHYDRO,CAHYDRO_RANC1,s3://cadcat/histwxstns/CAHYDRO/CAHYDRO_RANC1.zarr/
CAHYDRO,CAHYDRO_RLTC1,s3://cadcat/histwxstns/CAHYDRO/CAHYDRO_RLTC1.zarr/
CAHYDRO,CAHYDRO_SBYC1,s3://cadcat/histwxstns/CAHYDRO/CAHYDRO_SBYC1.zarr/
CAHYDRO,CAHYDRO_SDEC1,s3://cadcat/histwxstns/CAHYDRO/CAHYDRO_SDEC1.zarr/
CAHYDRO,CAHYDRO_SJRC1,s3://cadcat/histwxstns/CAHYDRO/CAHYDRO_SJRC1.zarr/
CAHYDRO,CAHYDRO_SNPC1,s3://cadcat/histwxstns/CAHYDRO/CAHYDRO_SNPC1.zarr/
CAHYDRO,CAHYDRO_SPNN2,s3://cadcat/histwxstns/CAHYDRO/CAHYDRO_SPNN2.zarr/
CAHYDRO,CAHYDRO_SQBC1,s3://cadcat/histwxstns/CAHYDRO/CAHYDRO_SQBC1.zarr/
CAHYDRO,CAHYDRO_SSVC1,s3://cadcat/histwxstns/CAHYDRO/CAHYDRO_SSVC1.zarr/
CAHYDRO,CAHYDRO_STAC1,s3://cadcat/histwxstns/CAHYDRO/CAHYDRO_STAC1.zarr/
CAHYDRO,CAHYDRO_STIC1,s3://cadcat/histwxstns/CAHYDRO/CAHYDRO_STIC1.zarr/
CAHYDRO,CAHYDRO_SUDC1,s3://cadcat/histwxstns/CAHYDRO/CAHYDRO_SUDC1.zarr/
CAHYDRO,CAHYDRO_SVPN2,s3://cadcat/histwxstns/CAHYDRO/CAHYDRO_SVPN2.zarr/
CAHYDRO,CAHYDRO_SYCC1,s3://cadcat/histwxstns/CAHYDRO/CAHYDRO_SYCC1.zarr/
CAHYDRO,CAHYDRO_TFTC1,s3://cadcat/histwxstns/CAHYDRO/CAHYDRO_TFTC1.zarr/
CAHYDRO,CAHYDRO_THPC1,s3://cadcat/histwxstns/CAHYDRO/CAHYDRO_THPC1.zarr/
CAHYDRO,CAHYDRO_TREC1,s3://cadcat/histwxstns/CAHYDRO/CAHYDRO_TREC1.zarr/
CAHYDRO,CAHYDRO_UCRC1,s3://cadcat/histwxstns/CAHYDRO/CAHYDRO_UCRC1.zarr/
CAHYDRO,CAHYDRO_UPSC1,s3://cadcat/histwxstns/CAHYDRO/CAHYDRO_UPSC1.zarr/
CAHYDRO,CAHYDRO_VCEN2,s3://cadcat/histwxstns/CAHYDRO/CAHYDRO_VCEN2.zarr/
CAHYDRO,CAHYDRO_VLLC1,s3://cadcat/histwxstns/CAHYDRO/CAHYDRO_VLLC1.zarr/
CAHYDRO,CAHYDRO_VSTC1,s3://cadcat/histwxstns/CAHYDRO/CAHYDRO_VSTC1.zarr/
CAHYDRO,CAHYDRO_WASC1,s3://cadcat/histwxstns/CAHYDRO/CAHYDRO_WASC1.zarr/
CAHYDRO,CAHYDRO_WRPC1,s3://cadcat/histwxstns/CAHYDRO/CAHYDRO_WRPC1.zarr/
CAHYDRO,CAHYDRO_YSDC1,s3://cadcat/histwxstns/CAHYDRO/CAHYDRO_YSDC1.zarr/
CAHYDRO,CAHYDRO_YUCC1,s3://cadcat/histwxstns/CAHYDRO/CAHYDRO_YUCC1.zarr/
CDEC,CDEC_BLB,s3://cadcat/histwxstns/CDEC/CDEC_BLB.zarr/
CDEC,CDEC_CDW,s3://cadcat/histwxstns/CDEC/CDEC_CDW.zarr/
CDEC,CDEC_CWD,s3://cadcat/histwxstns/CDEC/CDEC_CWD.zarr/
CDEC,CDEC_DPO,s3://cadcat/histwxstns/CDEC/CDEC_DPO.zarr/
CDEC,CDEC_EPK,s3://cadcat/histwxstns/CDEC/CDEC_EPK.zarr/
CDEC,CDEC_PVP,s3://cadcat/histwxstns/CDEC/CDEC_PVP.zarr/
CDEC,CDEC_RBW,s3://cadcat/histwxstns/CDEC/CDEC_RBW.zarr/
CDEC,CDEC_STG,s3://cadcat/histwxstns/CDEC/CDEC_STG.zarr/
CIMIS,CIMIS_1,s3://cadcat/histwxstns/CIMIS/CIMIS_1.zarr/
CIMIS,CIMIS_10,s3://cadcat/histwxstns/CIMIS/CIMIS_10.zarr/
CIMIS,CIMIS_100,s3://cadcat/histwxstns/CIMIS/CIMIS_100.zarr/
CIMIS,CIMIS_101,s3://cadcat/histwxstns/CIMIS/CIMIS_101.zarr/
CIMIS,CIMIS_102,s3://cadcat/histwxstns/CIMIS/CIMIS_102.zarr/
CIMIS,CIMIS_103,s3://cadcat/histwxstns/CIMIS/CIMIS_103.zarr/
CIMIS,CIMIS_104,s3://cadcat/histwxstns/CIMIS/CIMIS_104.zarr/
CIMIS,CIMIS_105,s3://cadcat/histwxstns/CIMIS/CIMIS_105.zarr/
CIMIS,CIMIS_106,s3://cadcat/histwxstns/CIMIS/CIMIS_106.zarr/
CIMIS,CIMIS_107,s3://cadcat/histwxstns/CIMIS/CIMIS_107.zarr/
CIMIS,CIMIS_108,s3://cadcat/histwxstns/CIMIS/CIMIS_108.zarr/
CIMIS,CIMIS_109,s3://cadcat/histwxstns/CIMIS/CIMIS_109.zarr/
CIMIS,CIMIS_11,s3://cadcat/histwxstns/CIMIS/CIMIS_11.zarr/
CIMIS,CIMIS_110,s3://cadcat/histwxstns/CIMIS/CIMIS_110.zarr/
CIMIS,CIMIS_111,s3://cadcat/histwxstns/CIMIS/CIMIS_111.zarr/
CIMIS,CIMIS_112,s3://cadcat/histwxstns/CIMIS/CIMIS_112.zarr/
CIMIS,CIMIS_113,s3://cadcat/histwxstns/CIMIS/CIMIS_113.zarr/
CIMIS,CIMIS_114,s3://cadcat/histwxstns/CIMIS/CIMIS_114.zarr/
CIMIS,CIMIS_115,s3://cadcat/histwxstns/CIMIS/CIMIS_115.zarr/
CIMIS,CIMIS_116,s3://cadcat/histwxstns/CIMIS/CIMIS_116.zarr/
CIMIS,CIMIS_117,s3://cadcat/histwxstns/CIMIS/CIMIS_117.zarr/
CIMIS,CIMIS_118,s3://cadcat/histwxstns/CIMIS/CIMIS_118.zarr/
CIMIS,CIMIS_119,s3://cadcat/histwxstns/CIMIS/CIMIS_119.zarr/
CIMIS,CIMIS_12,s3://cadcat/histwxstns/CIMIS/CIMIS_12.zarr/
CIMIS,CIMIS_120,s3://cadcat/histwxstns/CIMIS/CIMIS_120.zarr/
CIMIS,CIMIS_121,s3://cadcat/histwxstns/CIMIS/CIMIS_121.zarr/
CIMIS,CIMIS_122,s3://cadcat/histwxstns/CIMIS/CIMIS_122.zarr/
CIMIS,CIMIS_123,s3://cadcat/histwxstns/CIMIS/CIMIS_123.zarr/
CIMIS,CIMIS_124,s3://cadcat/histwxstns/CIMIS/CIMIS_124.zarr/
CIMIS,CIMIS_125,s3://cadcat/histwxstns/CIMIS/CIMIS_125.zarr/
CIMIS,CIMIS_126,s3://cadcat/histwxstns/CIMIS/CIMIS_126.zarr/
CIMIS,CIMIS_127,s3://cadcat/histwxstns/CIMIS/CIMIS_127.zarr/
CIMIS,CIMIS_128,s3://cadcat/histwxstns/CIMIS/CIMIS_128.zarr/
CIMIS,CIMIS_129,s3://cadcat/histwxstns/CIMIS/CIMIS_129.zarr/
CIMIS,CIMIS_13,s3://cadcat/histwxstns/CIMIS/CIMIS_13.zarr/
CIMIS,CIMIS_130,s3://cadcat/histwxstns/CIMIS/CIMIS_130.zarr/
CIMIS,CIMIS_131,s3://cadcat/histwxstns/CIMIS/CIMIS_131.zarr/
CIMIS,CIMIS_132,s3://cadcat/histwxstns/CIMIS/CIMIS_132.zarr/
CIMIS,CIMIS_133,s3://cadcat/histwxstns/CIMIS/CIMIS_133.zarr/
CIMIS,CIMIS_134,s3://cadcat/histwxstns/CIMIS/CIMIS_134.zarr/
CIMIS,CIMIS_135,s3://cadcat/histwxstns/CIMIS/CIMIS_135.zarr/
CIMIS,CIMIS_136,s3://cadcat/histwxstns/CIMIS/CIMIS_136.zarr/
CIMIS,CIMIS_137,s3://cadcat/histwxstns/CIMIS/CIMIS_137.zarr/
CIMIS,CIMIS_138,s3://cadcat/histwxstns/CIMIS/CIMIS_138.zarr/
CIMIS,CIMIS_139,s3://cadcat/histwxstns/CIMIS/CIMIS_139.zarr/
CIMIS,CIMIS_14,s3://cadcat/histwxstns/CIMIS/CIMIS_14.zarr/
CIMIS,CIMIS_140,s3://cadcat/histwxstns/CIMIS/CIMIS_140.zarr/
CIMIS,CIMIS_141,s3://cadcat/histwxstns/CIMIS/CIMIS_141.zarr/
CIMIS,CIMIS_142,s3://cadcat/histwxstns/CIMIS/CIMIS_142.zarr/
CIMIS,CIMIS_143,s3://cadcat/histwxstns/CIMIS/CIMIS_143.zarr/
CIMIS,CIMIS_144,s3://cadcat/histwxstns/CIMIS/CIMIS_144.zarr/
CIMIS,CIMIS_145,s3://cadcat/histwxstns/CIMIS/CIMIS_145.zarr/
CIMIS,CIMIS_146,s3://cadcat/histwxstns/CIMIS/CIMIS_146.zarr/
CIMIS,CIMIS_147,s3://cadcat/histwxstns/CIMIS/CIMIS_147.zarr/
CIMIS,CIMIS_148,s3://cadcat/histwxstns/CIMIS/CIMIS_148.zarr/
CIMIS,CIMIS_149,s3://cadcat/histwxstns/CIMIS/CIMIS_149.zarr/
CIMIS,CIMIS_15,s3://cadcat/histwxstns/CIMIS/CIMIS_15.zarr/
CIMIS,CIMIS_150,s3://cadcat/histwxstns/CIMIS/CIMIS_150.zarr/
CIMIS,CIMIS_151,s3://cadcat/histwxstns/CIMIS/CIMIS_151.zarr/
CIMIS,CIMIS_152,s3://cadcat/histwxstns/CIMIS/CIMIS_152.zarr/
CIMIS,CIMIS_153,s3://cadcat/histwxstns/CIMIS/CIMIS_153.zarr/
CIMIS,CIMIS_154,s3://cadcat/histwxstns/CIMIS/CIMIS_154.zarr/
CIMIS,CIMIS_155,s3://cadcat/histwxstns/CIMIS/CIMIS_155.zarr/
CIMIS,CIMIS_156,s3://cadcat/histwxstns/CIMIS/CIMIS_156.zarr/
CIMIS,CIMIS_157,s3://cadcat/histwxstns/CIMIS/CIMIS_157.zarr/
CIMIS,CIMIS_158,s3://cadcat/histwxstns/CIMIS/CIMIS_158.zarr/
CIMIS,CIMIS_159,s3://cadcat/histwxstns/CIMIS/CIMIS_159.zarr/
CIMIS,CIMIS_16,s3://cadcat/histwxstns/CIMIS/CIMIS_16.zarr/
CIMIS,CIMIS_160,s3://cadcat/histwxstns/CIMIS/CIMIS_160.zarr/
CIMIS,CIMIS_161,s3://cadcat/histwxstns/CIMIS/CIMIS_161.zarr/
CIMIS,CIMIS_162,s3://cadcat/histwxstns/CIMIS/CIMIS_162.zarr/
CIMIS,CIMIS_163,s3://cadcat/histwxstns/CIMIS/CIMIS_163.zarr/
CIMIS,CIMIS_164,s3://cadcat/histwxstns/CIMIS/CIMIS_164.zarr/
CIMIS,CIMIS_165,s3://cadcat/histwxstns/CIMIS/CIMIS_165.zarr/
CIMIS,CIMIS_166,s3://cadcat/histwxstns/CIMIS/CIMIS_166.zarr/
CIMIS,CIMIS_167,s3://cadcat/histwxstns/CIMIS/CIMIS_167.zarr/
CIMIS,CIMIS_168,s3://cadcat/histwxstns/CIMIS/CIMIS_168.zarr/
CIMIS,CIMIS_169,s3://cadcat/histwxstns/CIMIS/CIMIS_169.zarr/
CIMIS,CIMIS_17,s3://cadcat/histwxstns/CIMIS/CIMIS_17.zarr/
CIMIS,CIMIS_170,s3://cadcat/histwxstns/CIMIS/CIMIS_170.zarr/
CIMIS,CIMIS_171,s3://cadcat/histwxstns/CIMIS/CIMIS_171.zarr/
CIMIS,CIMIS_172,s3://cadcat/histwxstns/CIMIS/CIMIS_172.zarr/
CIMIS,CIMIS_173,s3://cadcat/histwxstns/CIMIS/CIMIS_173.zarr/
CIMIS,CIMIS_174,s3://cadcat/histwxstns/CIMIS/CIMIS_174.zarr/
CIMIS,CIMIS_175,s3://cadcat/histwxstns/CIMIS/CIMIS_175.zarr/
CIMIS,CIMIS_176,s3://cadcat/histwxstns/CIMIS/CIMIS_176.zarr/
CIMIS,CIMIS_177,s3://cadcat/histwxstns/CIMIS/CIMIS_177.zarr/
CIMIS,CIMIS_178,s3://cadcat/histwxstns/CIMIS/CIMIS_178.zarr/
CIMIS,CIMIS_179,s3://cadcat/histwxstns/CIMIS/CIMIS_179.zarr/
CIMIS,CIMIS_18,s3://cadcat/histwxstns/CIMIS/CIMIS_18.zarr/
CIMIS,CIMIS_180,s3://cadcat/histwxstns/CIMIS/CIMIS_180.zarr/
CIMIS,CIMIS_181,s3://cadcat/histwxstns/CIMIS/CIMIS_181.zarr/
CIMIS,CIMIS_182,s3://cadcat/histwxstns/CIMIS/CIMIS_182.zarr/
CIMIS,CIMIS_183,s3://cadcat/histwxstns/CIMIS/CIMIS_183.zarr/
CIMIS,CIMIS_184,s3://cadcat/histwxstns/CIMIS/CIMIS_184.zarr/
CIMIS,CIMIS_185,s3://cadcat/histwxstns/CIMIS/CIMIS_185.zarr/
CIMIS,CIMIS_186,s3://cadcat/histwxstns/CIMIS/CIMIS_186.zarr/
CIMIS,CIMIS_187,s3://cadcat/histwxstns/CIMIS/CIMIS_187.zarr/
CIMIS,CIMIS_188,s3://cadcat/histwxstns/CIMIS/CIMIS_188.zarr/
CIMIS,CIMIS_189,s3://cadcat/histwxstns/CIMIS/CIMIS_189.zarr/
CIMIS,CIMIS_19,s3://cadcat/histwxstns/CIMIS/CIMIS_19.zarr/
CIMIS,CIMIS_190,s3://cadcat/histwxstns/CIMIS/CIMIS_190.zarr/
CIMIS,CIMIS_191,s3://cadcat/histwxstns/CIMIS/CIMIS_191.zarr/
CIMIS,CIMIS_192,s3://cadcat/histwxstns/CIMIS/CIMIS_192.zarr/
CIMIS,CIMIS_193,s3://cadcat/histwxstns/CIMIS/CIMIS_193.zarr/
CIMIS,CIMIS_194,s3://cadcat/histwxstns/CIMIS/CIMIS_194.zarr/
CIMIS,CIMIS_195,s3://cadcat/histwxstns/CIMIS/CIMIS_195.zarr/
CIMIS,CIMIS_196,s3://cadcat/histwxstns/CIMIS/CIMIS_196.zarr/
CIMIS,CIMIS_197,s3://cadcat/histwxstns/CIMIS/CIMIS_197.zarr/
CIMIS,CIMIS_198,s3://cadcat/histwxstns/CIMIS/CIMIS_198.zarr/
CIMIS,CIMIS_199,s3://cadcat/histwxstns/CIMIS/CIMIS_199.zarr/
CIMIS,CIMIS_2,s3://cadcat/histwxstns/CIMIS/CIMIS_2.zarr/
CIMIS,CIMIS_20,s3://cadcat/histwxstns/CIMIS/CIMIS_20.zarr/
CIMIS,CIMIS_200,s3://cadcat/histwxstns/CIMIS/CIMIS_200.zarr/
CIMIS,CIMIS_201,s3://cadcat/histwxstns/CIMIS/CIMIS_201.zarr/
CIMIS,CIMIS_202,s3://cadcat/histwxstns/CIMIS/CIMIS_202.zarr/
CIMIS,CIMIS_203,s3://cadcat/histwxstns/CIMIS/CIMIS_203.zarr/
CIMIS,CIMIS_204,s3://cadcat/histwxstns/CIMIS/CIMIS_204.zarr/
CIMIS,CIMIS_205,s3://cadcat/histwxstns/CIMIS/CIMIS_205.zarr/
CIMIS,CIMIS_206,s3://cadcat/histwxstns/CIMIS/CIMIS_206.zarr/
CIMIS,CIMIS_207,s3://cadcat/histwxstns/CIMIS/CIMIS_207.zarr/
CIMIS,CIMIS_208,s3://cadcat/histwxstns/CIMIS/CIMIS_208.zarr/
CIMIS,CIMIS_209,s3://cadcat/histwxstns/CIMIS/CIMIS_209.zarr/
CIMIS,CIMIS_21,s3://cadcat/histwxstns/CIMIS/CIMIS_21.zarr/
CIMIS,CIMIS_210,s3://cadcat/histwxstns/CIMIS/CIMIS_210.zarr/
CIMIS,CIMIS_211,s3://cadcat/histwxstns/CIMIS/CIMIS_211.zarr/
CIMIS,CIMIS_212,s3://cadcat/histwxstns/CIMIS/CIMIS_212.zarr/
CIMIS,CIMIS_213,s3://cadcat/histwxstns/CIMIS/CIMIS_213.zarr/
CIMIS,CIMIS_214,s3://cadcat/histwxstns/CIMIS/CIMIS_214.zarr/
CIMIS,CIMIS_215,s3://cadcat/histwxstns/CIMIS/CIMIS_215.zarr/
CIMIS,CIMIS_216,s3://cadcat/histwxstns/CIMIS/CIMIS_216.zarr/
CIMIS,CIMIS_217,s3://cadcat/histwxstns/CIMIS/CIMIS_217.zarr/
CIMIS,CIMIS_218,s3://cadcat/histwxstns/CIMIS/CIMIS_218.zarr/
CIMIS,CIMIS_219,s3://cadcat/histwxstns/CIMIS/CIMIS_219.zarr/
CIMIS,CIMIS_22,s3://cadcat/histwxstns/CIMIS/CIMIS_22.zarr/
CIMIS,CIMIS_220,s3://cadcat/histwxstns/CIMIS/CIMIS_220.zarr/
CIMIS,CIMIS_221,s3://cadcat/histwxstns/CIMIS/CIMIS_221.zarr/
CIMIS,CIMIS_222,s3://cadcat/histwxstns/CIMIS/CIMIS_222.zarr/
CIMIS,CIMIS_223,s3://cadcat/histwxstns/CIMIS/CIMIS_223.zarr/
CIMIS,CIMIS_224,s3://cadcat/histwxstns/CIMIS/CIMIS_224.zarr/
CIMIS,CIMIS_225,s3://cadcat/histwxstns/CIMIS/CIMIS_225.zarr/
CIMIS,CIMIS_226,s3://cadcat/histwxstns/CIMIS/CIMIS_226.zarr/
CIMIS,CIMIS_227,s3://cadcat/histwxstns/CIMIS/CIMIS_227.zarr/
CIMIS,CIMIS_228,s3://cadcat/histwxstns/CIMIS/CIMIS_228.zarr/
CIMIS,CIMIS_229,s3://cadcat/histwxstns/CIMIS/CIMIS_229.zarr/
CIMIS,CIMIS_23,s3://cadcat/histwxstns/CIMIS/CIMIS_23.zarr/
CIMIS,CIMIS_230,s3://cadcat/histwxstns/CIMIS/CIMIS_230.zarr/
CIMIS,CIMIS_231,s3://cadcat/histwxstns/CIMIS/CIMIS_231.zarr/
CIMIS,CIMIS_232,s3://cadcat/histwxstns/CIMIS/CIMIS_232.zarr/
CIMIS,CIMIS_233,s3://cadcat/histwxstns/CIMIS/CIMIS_233.zarr/
CIMIS,CIMIS_234,s3://cadcat/histwxstns/CIMIS/CIMIS_234.zarr/
CIMIS,CIMIS_235,s3://cadcat/histwxstns/CIMIS/CIMIS_235.zarr/
CIMIS,CIMIS_236,s3://cadcat/histwxstns/CIMIS/CIMIS_236.zarr/
CIMIS,CIMIS_237,s3://cadcat/histwxstns/CIMIS/CIMIS_237.zarr/
CIMIS,CIMIS_238,s3://cadcat/histwxstns/CIMIS/CIMIS_238.zarr/
CIMIS,CIMIS_239,s3://cadcat/histwxstns/CIMIS/CIMIS_239.zarr/
CIMIS,CIMIS_24,s3://cadcat/histwxstns/CIMIS/CIMIS_24.zarr/
CIMIS,CIMIS_240,s3://cadcat/histwxstns/CIMIS/CIMIS_240.zarr/
CIMIS,CIMIS_241,s3://cadcat/histwxstns/CIMIS/CIMIS_241.zarr/
CIMIS,CIMIS_242,s3://cadcat/histwxstns/CIMIS/CIMIS_242.zarr/
CIMIS,CIMIS_243,s3://cadcat/histwxstns/CIMIS/CIMIS_243.zarr/
CIMIS,CIMIS_244,s3://cadcat/histwxstns/CIMIS/CIMIS_244.zarr/
CIMIS,CIMIS_245,s3://cadcat/histwxstns/CIMIS/CIMIS_245.zarr/
CIMIS,CIMIS_246,s3://cadcat/histwxstns/CIMIS/CIMIS_246.zarr/
CIMIS,CIMIS_247,s3://cadcat/histwxstns/CIMIS/CIMIS_247.zarr/
CIMIS,CIMIS_248,s3://cadcat/histwxstns/CIMIS/CIMIS_248.zarr/
CIMIS,CIMIS_249,s3://cadcat/histwxstns/CIMIS/CIMIS_249.zarr/
CIMIS,CIMIS_25,s3://cadcat/histwxstns/CIMIS/CIMIS_25.zarr/
CIMIS,CIMIS_250,s3://cadcat/histwxstns/CIMIS/CIMIS_250.zarr/
CIMIS,CIMIS_251,s3://cadcat/histwxstns/CIMIS/CIMIS_251.zarr/
CIMIS,CIMIS_252,s3://cadcat/histwxstns/CIMIS/CIMIS_252.zarr/
CIMIS,CIMIS_253,s3://cadcat/histwxstns/CIMIS/CIMIS_253.zarr/
CIMIS,CIMIS_254,s3://cadcat/histwxstns/CIMIS/CIMIS_254.zarr/
CIMIS,CIMIS_255,s3://cadcat/histwxstns/CIMIS/CIMIS_255.zarr/
CIMIS,CIMIS_256,s3://cadcat/histwxstns/CIMIS/CIMIS_256.zarr/
CIMIS,CIMIS_257,s3://cadcat/histwxstns/CIMIS/CIMIS_257.zarr/
CIMIS,CIMIS_258,s3://cadcat/histwxstns/CIMIS/CIMIS_258.zarr/
CIMIS,CIMIS_259,s3://cadcat/histwxstns/CIMIS/CIMIS_259.zarr/
CIMIS,CIMIS_26,s3://cadcat/histwxstns/CIMIS/CIMIS_26.zarr/
CIMIS,CIMIS_260,s3://cadcat/histwxstns/CIMIS/CIMIS_260.zarr/
CIMIS,CIMIS_261,s3://cadcat/histwxstns/CIMIS/CIMIS_261.zarr/
CIMIS,CIMIS_27,s3://cadcat/histwxstns/CIMIS/CIMIS_27.zarr/
CIMIS,CIMIS_28,s3://cadcat/histwxstns/CIMIS/CIMIS_28.zarr/
CIMIS,CIMIS_29,s3://cadcat/histwxstns/CIMIS/CIMIS_29.zarr/
CIMIS,CIMIS_3,s3://cadcat/histwxstns/CIMIS/CIMIS_3.zarr/
CIMIS,CIMIS_30,s3://cadcat/histwxstns/CIMIS/CIMIS_30.zarr/
CIMIS,CIMIS_31,s3://cadcat/histwxstns/CIMIS/CIMIS_31.zarr/
CIMIS,CIMIS_32,s3://cadcat/histwxstns/CIMIS/CIMIS_32.zarr/
CIMIS,CIMIS_33,s3://cadcat/histwxstns/CIMIS/CIMIS_33.zarr/
CIMIS,CIMIS_34,s3://cadcat/histwxstns/CIMIS/CIMIS_34.zarr/
CIMIS,CIMIS_35,s3://cadcat/histwxstns/CIMIS/CIMIS_35.zarr/
CIMIS,CIMIS_36,s3://cadcat/histwxstns/CIMIS/CIMIS_36.zarr/
CIMIS,CIMIS_37,s3://cadcat/histwxstns/CIMIS/CIMIS_37.zarr/
CIMIS,CIMIS_38,s3://cadcat/histwxstns/CIMIS/CIMIS_38.zarr/
CIMIS,CIMIS_39,s3://cadcat/histwxstns/CIMIS/CIMIS_39.zarr/
CIMIS,CIMIS_4,s3://cadcat/histwxstns/CIMIS/CIMIS_4.zarr/
CIMIS,CIMIS_40,s3://cadcat/histwxstns/CIMIS/CIMIS_40.zarr/
CIMIS,CIMIS_41,s3://cadcat/histwxstns/CIMIS/CIMIS_41.zarr/
CIMIS,CIMIS_42,s3://cadcat/histwxstns/CIMIS/CIMIS_42.zarr/
CIMIS,CIMIS_43,s3://cadcat/histwxstns/CIMIS/CIMIS_43.zarr/
CIMIS,CIMIS_44,s3://cadcat/histwxstns/CIMIS/CIMIS_44.zarr/
CIMIS,CIMIS_45,s3://cadcat/histwxstns/CIMIS/CIMIS_45.zarr/
CIMIS,CIMIS_47,s3://cadcat/histwxstns/CIMIS/CIMIS_47.zarr/
CIMIS,CIMIS_48,s3://cadcat/histwxstns/CIMIS/CIMIS_48.zarr/
CIMIS,CIMIS_49,s3://cadcat/histwxstns/CIMIS/CIMIS_49.zarr/
CIMIS,CIMIS_5,s3://cadcat/histwxstns/CIMIS/CIMIS_5.zarr/
CIMIS,CIMIS_50,s3://cadcat/histwxstns/CIMIS/CIMIS_50.zarr/
CIMIS,CIMIS_51,s3://cadcat/histwxstns/CIMIS/CIMIS_51.zarr/
CIMIS,CIMIS_52,s3://cadcat/histwxstns/CIMIS/CIMIS_52.zarr/
CIMIS,CIMIS_53,s3://cadcat/histwxstns/CIMIS/CIMIS_53.zarr/
CIMIS,CIMIS_54,s3://cadcat/histwxstns/CIMIS/CIMIS_54.zarr/
CIMIS,CIMIS_55,s3://cadcat/histwxstns/CIMIS/CIMIS_55.zarr/
CIMIS,CIMIS_56,s3://cadcat/histwxstns/CIMIS/CIMIS_56.zarr/
CIMIS,CIMIS_57,s3://cadcat/histwxstns/CIMIS/CIMIS_57.zarr/
CIMIS,CIMIS_58,s3://cadcat/histwxstns/CIMIS/CIMIS_58.zarr/
CIMIS,CIMIS_59,s3://cadcat/histwxstns/CIMIS/CIMIS_59.zarr/
CIMIS,CIMIS_6,s3://cadcat/histwxstns/CIMIS/CIMIS_6.zarr/
CIMIS,CIMIS_60,s3://cadcat/histwxstns/CIMIS/CIMIS_60.zarr/
CIMIS,CIMIS_61,s3://cadcat/histwxstns/CIMIS/CIMIS_61.zarr/
CIMIS,CIMIS_62,s3://cadcat/histwxstns/CIMIS/CIMIS_62.zarr/
CIMIS,CIMIS_63,s3://cadcat/histwxstns/CIMIS/CIMIS_63.zarr/
CIMIS,CIMIS_64,s3://cadcat/histwxstns/CIMIS/CIMIS_64.zarr/
CIMIS,CIMIS_65,s3://cadcat/histwxstns/CIMIS/CIMIS_65.zarr/
CIMIS,CIMIS_66,s3://cadcat/histwxstns/CIMIS/CIMIS_66.zarr/
CIMIS,CIMIS_67,s3://cadcat/histwxstns/CIMIS/CIMIS_67.zarr/
CIMIS,CIMIS_68,s3://cadcat/histwxstns/CIMIS/CIMIS_68.zarr/
CIMIS,CIMIS_69,s3://cadcat/histwxstns/CIMIS/CIMIS_69.zarr/
CIMIS,CIMIS_7,s3://cadcat/histwxstns/CIMIS/CIMIS_7.zarr/
CIMIS,CIMIS_70,s3://cadcat/histwxstns/CIMIS/CIMIS_70.zarr/
CIMIS,CIMIS_71,s3://cadcat/histwxstns/CIMIS/CIMIS_71.zarr/
CIMIS,CIMIS_72,s3://cadcat/histwxstns/CIMIS/CIMIS_72.zarr/
CIMIS,CIMIS_73,s3://cadcat/histwxstns/CIMIS/CIMIS_73.zarr/
CIMIS,CIMIS_74,s3://cadcat/histwxstns/CIMIS/CIMIS_74.zarr/
CIMIS,CIMIS_75,s3://cadcat/histwxstns/CIMIS/CIMIS_75.zarr/
CIMIS,CIMIS_76,s3://cadcat/histwxstns/CIMIS/CIMIS_76.zarr/
CIMIS,CIMIS_77,s3://cadcat/histwxstns/CIMIS/CIMIS_77.zarr/
CIMIS,CIMIS_78,s3://cadcat/histwxstns/CIMIS/CIMIS_78.zarr/
CIMIS,CIMIS_79,s3://cadcat/histwxstns/CIMIS/CIMIS_79.zarr/
CIMIS,CIMIS_8,s3://cadcat/histwxstns/CIMIS/CIMIS_8.zarr/
CIMIS,CIMIS_80,s3://cadcat/histwxstns/CIMIS/CIMIS_80.zarr/
CIMIS,CIMIS_81,s3://cadcat/histwxstns/CIMIS/CIMIS_81.zarr/
CIMIS,CIMIS_82,s3://cadcat/histwxstns/CIMIS/CIMIS_82.zarr/
CIMIS,CIMIS_83,s3://cadcat/histwxstns/CIMIS/CIMIS_83.zarr/
CIMIS,CIMIS_84,s3://cadcat/histwxstns/CIMIS/CIMIS_84.zarr/
CIMIS,CIMIS_85,s3://cadcat/histwxstns/CIMIS/CIMIS_85.zarr/
CIMIS,CIMIS_86,s3://cadcat/histwxstns/CIMIS/CIMIS_86.zarr/
CIMIS,CIMIS_87,s3://cadcat/histwxstns/CIMIS/CIMIS_87.zarr/
CIMIS,CIMIS_88,s3://cadcat/histwxstns/CIMIS/CIMIS_88.zarr/
CIMIS,CIMIS_89,s3://cadcat/histwxstns/CIMIS/CIMIS_89.zarr/
CIMIS,CIMIS_9,s3://cadcat/histwxstns/CIMIS/CIMIS_9.zarr/
CIMIS,CIMIS_90,s3://cadcat/histwxstns/CIMIS/CIMIS_90.zarr/
CIMIS,CIMIS_91,s3://cadcat/histwxstns/CIMIS/CIMIS_91.zarr/
CIMIS,CIMIS_92,s3://cadcat/histwxstns/CIMIS/CIMIS_92.zarr/
CIMIS,CIMIS_93,s3://cadcat/histwxstns/CIMIS/CIMIS_93.zarr/
CIMIS,CIMIS_94,s3://cadcat/histwxstns/CIMIS/CIMIS_94.zarr/
CIMIS,CIMIS_95,s3://cadcat/histwxstns/CIMIS/CIMIS_95.zarr/
CIMIS,CIMIS_96,s3://cadcat/histwxstns/CIMIS/CIMIS_96.zarr/
CIMIS,CIMIS_97,s3://cadcat/histwxstns/CIMIS/CIMIS_97.zarr/
CIMIS,CIMIS_98,s3://cadcat/histwxstns/CIMIS/CIMIS_98.zarr/
CIMIS,CIMIS_99,s3://cadcat/histwxstns/CIMIS/CIMIS_99.zarr/
CNRFC,CNRFC_AACC1,s3://cadcat/histwxstns/CNRFC/CNRFC_AACC1.zarr/
CNRFC,CNRFC_AAPC1,s3://cadcat/histwxstns/CNRFC/CNRFC_AAPC1.zarr/
CNRFC,CNRFC_ABAC1,s3://cadcat/histwxstns/CNRFC/CNRFC_ABAC1.zarr/
CNRFC,CNRFC_ACCC1,s3://cadcat/histwxstns/CNRFC/CNRFC_ACCC1.zarr/
CNRFC,CNRFC_ACKC1,s3://cadcat/histwxstns/CNRFC/CNRFC_ACKC1.zarr/
CNRFC,CNRFC_ACLC1,s3://cadcat/histwxstns/CNRFC/CNRFC_ACLC1.zarr/
CNRFC,CNRFC_ACRC1,s3://cadcat/histwxstns/CNRFC/CNRFC_ACRC1.zarr/
CNRFC,CNRFC_ACTC1,s3://cadcat/histwxstns/CNRFC/CNRFC_ACTC1.zarr/
CNRFC,CNRFC_ACUN2,s3://cadcat/histwxstns/CNRFC/CNRFC_ACUN2.zarr/
CNRFC,CNRFC_ACWC1,s3://cadcat/histwxstns/CNRFC/CNRFC_ACWC1.zarr/
CNRFC,CNRFC_ADWC1,s3://cadcat/histwxstns/CNRFC/CNRFC_ADWC1.zarr/
CNRFC,CNRFC_AGAC1,s3://cadcat/histwxstns/CNRFC/CNRFC_AGAC1.zarr/
CNRFC,CNRFC_AGBC1,s3://cadcat/histwxstns/CNRFC/CNRFC_AGBC1.zarr/
CNRFC,CNRFC_AGEC1,s3://cadcat/histwxstns/CNRFC/CNRFC_AGEC1.zarr/
CNRFC,CNRFC_AGLC1,s3://cadcat/histwxstns/CNRFC/CNRFC_AGLC1.zarr/
CNRFC,CNRFC_AGRC1,s3://cadcat/histwxstns/CNRFC/CNRFC_AGRC1.zarr/
CNRFC,CNRFC_AGUC1,s3://cadcat/histwxstns/CNRFC/CNRFC_AGUC1.zarr/
CNRFC,CNRFC_AGVC1,s3://cadcat/histwxstns/CNRFC/CNRFC_AGVC1.zarr/
CNRFC,CNRFC_AHRC1,s3://cadcat/histwxstns/CNRFC/CNRFC_AHRC1.zarr/
CNRFC,CNRFC_ALMN2,s3://cadcat/histwxstns/CNRFC/CNRFC_ALMN2.zarr/
CNRFC,CNRFC_ALNC1,s3://cadcat/histwxstns/CNRFC/CNRFC_ALNC1.zarr/
CNRFC,CNRFC_ALOC1,s3://cadcat/histwxstns/CNRFC/CNRFC_ALOC1.zarr/
CNRFC,CNRFC_ALSC1,s3://cadcat/histwxstns/CNRFC/CNRFC_ALSC1.zarr/
CNRFC,CNRFC_AMBC1,s3://cadcat/histwxstns/CNRFC/CNRFC_AMBC1.zarr/
CNRFC,CNRFC_AMDC1,s3://cadcat/histwxstns/CNRFC/CNRFC_AMDC1.zarr/
CNRFC,CNRFC_AMPC1,s3://cadcat/histwxstns/CNRFC/CNRFC_AMPC1.zarr/
CNRFC,CNRFC_AMRC1,s3://cadcat/histwxstns/CNRFC/CNRFC_AMRC1.zarr/
CNRFC,CNRFC_AMSC1,s3://cadcat/histwxstns/CNRFC/CNRFC_AMSC1.zarr/
CNRFC,CNRFC_ANDC1,s3://cadcat/histwxstns/CNRFC/CNRFC_ANDC1.zarr/
CNRFC,CNRFC_ANPC1,s3://cadcat/histwxstns/CNRFC/CNRFC_ANPC1.zarr/
CNRFC,CNRFC_APAC1,s3://cadcat/histwxstns/CNRFC/CNRFC_APAC1.zarr/
CNRFC,CNRFC_APNC1,s3://cadcat/histwxstns/CNRFC/CNRFC_APNC1.zarr/
CNRFC,CNRFC_APTC1,s3://cadcat/histwxstns/CNRFC/CNRFC_APTC1.zarr/
CNRFC,CNRFC_APZC1,s3://cadcat/histwxstns/CNRFC/CNRFC_APZC1.zarr/
CNRFC,CNRFC_AQUC1,s3://cadcat/histwxstns/CNRFC/CNRFC_AQUC1.zarr/
CNRFC,CNRFC_ASIC1,s3://cadcat/histwxstns/CNRFC/CNRFC_ASIC1.zarr/
CNRFC,CNRFC_ASMC1,s3://cadcat/histwxstns/CNRFC/CNRFC_ASMC1.zarr/
CNRFC,CNRFC_ATAC1,s3://cadcat/histwxstns/CNRFC/CNRFC_ATAC1.zarr/
CNRFC,CNRFC_ATCC1,s3://cadcat/histwxstns/CNRFC/CNRFC_ATCC1.zarr/
CNRFC,CNRFC_AVKC1,s3://cadcat/histwxstns/CNRFC/CNRFC_AVKC1.zarr/
CNRFC,CNRFC_AYDC1,s3://cadcat/histwxstns/CNRFC/CNRFC_AYDC1.zarr/
CNRFC,CNRFC_BAAC1,s3://cadcat/histwxstns/CNRFC/CNRFC_BAAC1.zarr/
CNRFC,CNRFC_BACC1,s3://cadcat/histwxstns/CNRFC/CNRFC_BACC1.zarr/
CNRFC,CNRFC_BAHC1,s3://cadcat/histwxstns/CNRFC/CNRFC_BAHC1.zarr/
CNRFC,CNRFC_BAMC1,s3://cadcat/histwxstns/CNRFC/CNRFC_BAMC1.zarr/
CNRFC,CNRFC_BAPC1,s3://cadcat/histwxstns/CNRFC/CNRFC_BAPC1.zarr/
CNRFC,CNRFC_BASC1,s3://cadcat/histwxstns/CNRFC/CNRFC_BASC1.zarr/
CNRFC,CNRFC_BATC1,s3://cadcat/histwxstns/CNRFC/CNRFC_BATC1.zarr/
CNRFC,CNRFC_BCKC1,s3://cadcat/histwxstns/CNRFC/CNRFC_BCKC1.zarr/
CNRFC,CNRFC_BCOC1,s3://cadcat/histwxstns/CNRFC/CNRFC_BCOC1.zarr/
CNRFC,CNRFC_BDDC1,s3://cadcat/histwxstns/CNRFC/CNRFC_BDDC1.zarr/
CNRFC,CNRFC_BEAC1,s3://cadcat/histwxstns/CNRFC/CNRFC_BEAC1.zarr/
CNRFC,CNRFC_BECC1,s3://cadcat/histwxstns/CNRFC/CNRFC_BECC1.zarr/
CNRFC,CNRFC_BELC1,s3://cadcat/histwxstns/CNRFC/CNRFC_BELC1.zarr/
CNRFC,CNRFC_BFFC1,s3://cadcat/histwxstns/CNRFC/CNRFC_BFFC1.zarr/
CNRFC,CNRFC_BFRC1,s3://cadcat/histwxstns/CNRFC/CNRFC_BFRC1.zarr/
CNRFC,CNRFC_BFSC1,s3://cadcat/histwxstns/CNRFC/CNRFC_BFSC1.zarr/
CNRFC,CNRFC_BGOC1,s3://cadcat/histwxstns/CNRFC/CNRFC_BGOC1.zarr/
CNRFC,CNRFC_BGSC1,s3://cadcat/histwxstns/CNRFC/CNRFC_BGSC1.zarr/
CNRFC,CNRFC_BHCC1,s3://cadcat/histwxstns/CNRFC/CNRFC_BHCC1.zarr/
CNRFC,CNRFC_BHNC1,s3://cadcat/histwxstns/CNRFC/CNRFC_BHNC1.zarr/
CNRFC,CNRFC_BIEC1,s3://cadcat/histwxstns/CNRFC/CNRFC_BIEC1.zarr/
CNRFC,CNRFC_BLRC1,s3://cadcat/histwxstns/CNRFC/CNRFC_BLRC1.zarr/
CNRFC,CNRFC_BLUC1,s3://cadcat/histwxstns/CNRFC/CNRFC_BLUC1.zarr/
CNRFC,CNRFC_BLYN2,s3://cadcat/histwxstns/CNRFC/CNRFC_BLYN2.zarr/
CNRFC,CNRFC_BMFC1,s3://cadcat/histwxstns/CNRFC/CNRFC_BMFC1.zarr/
CNRFC,CNRFC_BNAC1,s3://cadcat/histwxstns/CNRFC/CNRFC_BNAC1.zarr/
CNRFC,CNRFC_BNBC1,s3://cadcat/histwxstns/CNRFC/CNRFC_BNBC1.zarr/
CNRFC,CNRFC_BNCC1,s3://cadcat/histwxstns/CNRFC/CNRFC_BNCC1.zarr/
CNRFC,CNRFC_BNRC1,s3://cadcat/histwxstns/CNRFC/CNRFC_BNRC1.zarr/
CNRFC,CNRFC_BOSC1,s3://cadcat/histwxstns/CNRFC/CNRFC_BOSC1.zarr/
CNRFC,CNRFC_BOUC1,s3://cadcat/histwxstns/CNRFC/CNRFC_BOUC1.zarr/
CNRFC,CNRFC_BPSC1,s3://cadcat/histwxstns/CNRFC/CNRFC_BPSC1.zarr/
CNRFC,CNRFC_BQTC1,s3://cadcat/histwxstns/CNRFC/CNRFC_BQTC1.zarr/
CNRFC,CNRFC_BRBC1,s3://cadcat/histwxstns/CNRFC/CNRFC_BRBC1.zarr/
CNRFC,CNRFC_BRCC1,s3://cadcat/histwxstns/CNRFC/CNRFC_BRCC1.zarr/
CNRFC,CNRFC_BRKC1,s3://cadcat/histwxstns/CNRFC/CNRFC_BRKC1.zarr/
CNRFC,CNRFC_BRMC1,s3://cadcat/histwxstns/CNRFC/CNRFC_BRMC1.zarr/
CNRFC,CNRFC_BRPC1,s3://cadcat/histwxstns/CNRFC/CNRFC_BRPC1.zarr/
CNRFC,CNRFC_BRTC1,s3://cadcat/histwxstns/CNRFC/CNRFC_BRTC1.zarr/
CNRFC,CNRFC_BSSC1,s3://cadcat/histwxstns/CNRFC/CNRFC_BSSC1.zarr/
CNRFC,CNRFC_BTAC1,s3://cadcat/histwxstns/CNRFC/CNRFC_BTAC1.zarr/
CNRFC,CNRFC_BTDC1,s3://cadcat/histwxstns/CNRFC/CNRFC_BTDC1.zarr/
CNRFC,CNRFC_BTJC1,s3://cadcat/histwxstns/CNRFC/CNRFC_BTJC1.zarr/
CNRFC,CNRFC_BUCC1,s3://cadcat/histwxstns/CNRFC/CNRFC_BUCC1.zarr/
CNRFC,CNRFC_BUDC1,s3://cadcat/histwxstns/CNRFC/CNRFC_BUDC1.zarr/
CNRFC,CNRFC_BWNC1,s3://cadcat/histwxstns/CNRFC/CNRFC_BWNC1.zarr/
CNRFC,CNRFC_BXRC1,s3://cadcat/histwxstns/CNRFC/CNRFC_BXRC1.zarr/
CNRFC,CNRFC_CAEC1,s3://cadcat/histwxstns/CNRFC/CNRFC_CAEC1.zarr/
CNRFC,CNRFC_CAKC1,s3://cadcat/histwxstns/CNRFC/CNRFC_CAKC1.zarr/
CNRFC,CNRFC_CAPN2,s3://cadcat/histwxstns/CNRFC/CNRFC_CAPN2.zarr/
CNRFC,CNRFC_CBEC1,s3://cadcat/histwxstns/CNRFC/CNRFC_CBEC1.zarr/
CNRFC,CNRFC_CBHC1,s3://cadcat/histwxstns/CNRFC/CNRFC_CBHC1.zarr/
CNRFC,CNRFC_CBOC1,s3://cadcat/histwxstns/CNRFC/CNRFC_CBOC1.zarr/
CNRFC,CNRFC_CCAC1,s3://cadcat/histwxstns/CNRFC/CNRFC_CCAC1.zarr/
CNRFC,CNRFC_CCFC1,s3://cadcat/histwxstns/CNRFC/CNRFC_CCFC1.zarr/
CNRFC,CNRFC_CCIC1,s3://cadcat/histwxstns/CNRFC/CNRFC_CCIC1.zarr/
CNRFC,CNRFC_CCOC1,s3://cadcat/histwxstns/CNRFC/CNRFC_CCOC1.zarr/
CNRFC,CNRFC_CCPC1,s3://cadcat/histwxstns/CNRFC/CNRFC_CCPC1.zarr/
CNRFC,CNRFC_CCUN2,s3://cadcat/histwxstns/CNRFC/CNRFC_CCUN2.zarr/
CNRFC,CNRFC_CCYC1,s3://cadcat/histwxstns/CNRFC/CNRFC_CCYC1.zarr/
CNRFC,CNRFC_CDHC1,s3://cadcat/histwxstns/CNRFC/CNRFC_CDHC1.zarr/
CNRFC,CNRFC_CDTC1,s3://cadcat/histwxstns/CNRFC/CNRFC_CDTC1.zarr/
CNRFC,CNRFC_CDWC1,s3://cadcat/histwxstns/CNRFC/CNRFC_CDWC1.zarr/
CNRFC,CNRFC_CDZC1,s3://cadcat/histwxstns/CNRFC/CNRFC_CDZC1.zarr/
CNRFC,CNRFC_CELC1,s3://cadcat/histwxstns/CNRFC/CNRFC_CELC1.zarr/
CNRFC,CNRFC_CGSC1,s3://cadcat/histwxstns/CNRFC/CNRFC_CGSC1.zarr/
CNRFC,CNRFC_CHCC1,s3://cadcat/histwxstns/CNRFC/CNRFC_CHCC1.zarr/
CNRFC,CNRFC_CHHC1,s3://cadcat/histwxstns/CNRFC/CNRFC_CHHC1.zarr/
CNRFC,CNRFC_CHWC1,s3://cadcat/histwxstns/CNRFC/CNRFC_CHWC1.zarr/
CNRFC,CNRFC_CHXC1,s3://cadcat/histwxstns/CNRFC/CNRFC_CHXC1.zarr/
CNRFC,CNRFC_CIKC1,s3://cadcat/histwxstns/CNRFC/CNRFC_CIKC1.zarr/
CNRFC,CNRFC_CKLC1,s3://cadcat/histwxstns/CNRFC/CNRFC_CKLC1.zarr/
CNRFC,CNRFC_CLLC1,s3://cadcat/histwxstns/CNRFC/CNRFC_CLLC1.zarr/
CNRFC,CNRFC_CLQC1,s3://cadcat/histwxstns/CNRFC/CNRFC_CLQC1.zarr/
CNRFC,CNRFC_CLYC1,s3://cadcat/histwxstns/CNRFC/CNRFC_CLYC1.zarr/
CNRFC,CNRFC_CMCC1,s3://cadcat/histwxstns/CNRFC/CNRFC_CMCC1.zarr/
CNRFC,CNRFC_CMFC1,s3://cadcat/histwxstns/CNRFC/CNRFC_CMFC1.zarr/
CNRFC,CNRFC_CMJC1,s3://cadcat/histwxstns/CNRFC/CNRFC_CMJC1.zarr/
CNRFC,CNRFC_CMLC1,s3://cadcat/histwxstns/CNRFC/CNRFC_CMLC1.zarr/
CNRFC,CNRFC_CNDC1,s3://cadcat/histwxstns/CNRFC/CNRFC_CNDC1.zarr/
CNRFC,CNRFC_CNPC1,s3://cadcat/histwxstns/CNRFC/CNRFC_CNPC1.zarr/
CNRFC,CNRFC_COBC1,s3://cadcat/histwxstns/CNRFC/CNRFC_COBC1.zarr/
CNRFC,CNRFC_COCC1,s3://cadcat/histwxstns/CNRFC/CNRFC_COCC1.zarr/
CNRFC,CNRFC_CODC1,s3://cadcat/histwxstns/CNRFC/CNRFC_CODC1.zarr/
CNRFC,CNRFC_COEC1,s3://cadcat/histwxstns/CNRFC/CNRFC_COEC1.zarr/
CNRFC,CNRFC_COOC1,s3://cadcat/histwxstns/CNRFC/CNRFC_COOC1.zarr/
CNRFC,CNRFC_COSC1,s3://cadcat/histwxstns/CNRFC/CNRFC_COSC1.zarr/
CNRFC,CNRFC_COUC1,s3://cadcat/histwxstns/CNRFC/CNRFC_COUC1.zarr/
CNRFC,CNRFC_COYC1,s3://cadcat/histwxstns/CNRFC/CNRFC_COYC1.zarr/
CNRFC,CNRFC_CPBC1,s3://cadcat/histwxstns/CNRFC/CNRFC_CPBC1.zarr/
CNRFC,CNRFC_CPFC1,s3://cadcat/histwxstns/CNRFC/CNRFC_CPFC1.zarr/
CNRFC,CNRFC_CPPC1,s3://cadcat/histwxstns/CNRFC/CNRFC_CPPC1.zarr/
CNRFC,CNRFC_CPRC1,s3://cadcat/histwxstns/CNRFC/CNRFC_CPRC1.zarr/
CNRFC,CNRFC_CPWC1,s3://cadcat/histwxstns/CNRFC/CNRFC_CPWC1.zarr/
CNRFC,CNRFC_CRBC1,s3://cadcat/histwxstns/CNRFC/CNRFC_CRBC1.zarr/
CNRFC,CNRFC_CRCC1,s3://cadcat/histwxstns/CNRFC/CNRFC_CRCC1.zarr/
CNRFC,CNRFC_CRHC1,s3://cadcat/histwxstns/CNRFC/CNRFC_CRHC1.zarr/
CNRFC,CNRFC_CRJC1,s3://cadcat/histwxstns/CNRFC/CNRFC_CRJC1.zarr/
CNRFC,CNRFC_CRLO3,s3://cadcat/histwxstns/CNRFC/CNRFC_CRLO3.zarr/
CNRFC,CNRFC_CRPC1,s3://cadcat/histwxstns/CNRFC/CNRFC_CRPC1.zarr/
CNRFC,CNRFC_CRSC1,s3://cadcat/histwxstns/CNRFC/CNRFC_CRSC1.zarr/
CNRFC,CNRFC_CSDC1,s3://cadcat/histwxstns/CNRFC/CNRFC_CSDC1.zarr/
CNRFC,CNRFC_CSJC1,s3://cadcat/histwxstns/CNRFC/CNRFC_CSJC1.zarr/
CNRFC,CNRFC_CSKC1,s3://cadcat/histwxstns/CNRFC/CNRFC_CSKC1.zarr/
CNRFC,CNRFC_CSLC1,s3://cadcat/histwxstns/CNRFC/CNRFC_CSLC1.zarr/
CNRFC,CNRFC_CTRC1,s3://cadcat/histwxstns/CNRFC/CNRFC_CTRC1.zarr/
CNRFC,CNRFC_CUMC1,s3://cadcat/histwxstns/CNRFC/CNRFC_CUMC1.zarr/
CNRFC,CNRFC_CUPC1,s3://cadcat/histwxstns/CNRFC/CNRFC_CUPC1.zarr/
CNRFC,CNRFC_CVCC1,s3://cadcat/histwxstns/CNRFC/CNRFC_CVCC1.zarr/
CNRFC,CNRFC_CWOC1,s3://cadcat/histwxstns/CNRFC/CNRFC_CWOC1.zarr/
CNRFC,CNRFC_CYAC1,s3://cadcat/histwxstns/CNRFC/CNRFC_CYAC1.zarr/
CNRFC,CNRFC_DAPC1,s3://cadcat/histwxstns/CNRFC/CNRFC_DAPC1.zarr/
CNRFC,CNRFC_DBEC1,s3://cadcat/histwxstns/CNRFC/CNRFC_DBEC1.zarr/
CNRFC,CNRFC_DBNC1,s3://cadcat/histwxstns/CNRFC/CNRFC_DBNC1.zarr/
CNRFC,CNRFC_DCFC1,s3://cadcat/histwxstns/CNRFC/CNRFC_DCFC1.zarr/
CNRFC,CNRFC_DCHC1,s3://cadcat/histwxstns/CNRFC/CNRFC_DCHC1.zarr/
CNRFC,CNRFC_DCTC1,s3://cadcat/histwxstns/CNRFC/CNRFC_DCTC1.zarr/
CNRFC,CNRFC_DDIC1,s3://cadcat/histwxstns/CNRFC/CNRFC_DDIC1.zarr/
CNRFC,CNRFC_DEAC1,s3://cadcat/histwxstns/CNRFC/CNRFC_DEAC1.zarr/
CNRFC,CNRFC_DFBC1,s3://cadcat/histwxstns/CNRFC/CNRFC_DFBC1.zarr/
CNRFC,CNRFC_DGDC1,s3://cadcat/histwxstns/CNRFC/CNRFC_DGDC1.zarr/
CNRFC,CNRFC_DHTC1,s3://cadcat/histwxstns/CNRFC/CNRFC_DHTC1.zarr/
CNRFC,CNRFC_DIAC1,s3://cadcat/histwxstns/CNRFC/CNRFC_DIAC1.zarr/
CNRFC,CNRFC_DIVC1,s3://cadcat/histwxstns/CNRFC/CNRFC_DIVC1.zarr/
CNRFC,CNRFC_DMDC1,s3://cadcat/histwxstns/CNRFC/CNRFC_DMDC1.zarr/
CNRFC,CNRFC_DOTC1,s3://cadcat/histwxstns/CNRFC/CNRFC_DOTC1.zarr/
CNRFC,CNRFC_DRCC1,s3://cadcat/histwxstns/CNRFC/CNRFC_DRCC1.zarr/
CNRFC,CNRFC_DRGC1,s3://cadcat/histwxstns/CNRFC/CNRFC_DRGC1.zarr/
CNRFC,CNRFC_DRSC1,s3://cadcat/histwxstns/CNRFC/CNRFC_DRSC1.zarr/
CNRFC,CNRFC_DSCC1,s3://cadcat/histwxstns/CNRFC/CNRFC_DSCC1.zarr/
CNRFC,CNRFC_DSOC1,s3://cadcat/histwxstns/CNRFC/CNRFC_DSOC1.zarr/
CNRFC,CNRFC_DSRC1,s3://cadcat/histwxstns/CNRFC/CNRFC_DSRC1.zarr/
CNRFC,CNRFC_DTRC1,s3://cadcat/histwxstns/CNRFC/CNRFC_DTRC1.zarr/
CNRFC,CNRFC_DULC1,s3://cadcat/histwxstns/CNRFC/CNRFC_DULC1.zarr/
CNRFC,CNRFC_DVBC1,s3://cadcat/histwxstns/CNRFC/CNRFC_DVBC1.zarr/
CNRFC,CNRFC_DVCC1,s3://cadcat/histwxstns/CNRFC/CNRFC_DVCC1.zarr/
CNRFC,CNRFC_DVLC1,s3://cadcat/histwxstns/CNRFC/CNRFC_DVLC1.zarr/
CNRFC,CNRFC_DVSC1,s3://cadcat/histwxstns/CNRFC/CNRFC_DVSC1.zarr/
CNRFC,CNRFC_DVVC1,s3://cadcat/histwxstns/CNRFC/CNRFC_DVVC1.zarr/
CNRFC,CNRFC_DWCC1,s3://cadcat/histwxstns/CNRFC/CNRFC_DWCC1.zarr/
CNRFC,CNRFC_DYCN2,s3://cadcat/histwxstns/CNRFC/CNRFC_DYCN2.zarr/
CNRFC,CNRFC_DYSC1,s3://cadcat/histwxstns/CNRFC/CNRFC_DYSC1.zarr/
CNRFC,CNRFC_EATC1,s3://cadcat/histwxstns/CNRFC/CNRFC_EATC1.zarr/
CNRFC,CNRFC_ECDC1,s3://cadcat/histwxstns/CNRFC/CNRFC_ECDC1.zarr/
CNRFC,CNRFC_ECIC1,s3://cadcat/histwxstns/CNRFC/CNRFC_ECIC1.zarr/
CNRFC,CNRFC_ECMC1,s3://cadcat/histwxstns/CNRFC/CNRFC_ECMC1.zarr/
CNRFC,CNRFC_ECUN2,s3://cadcat/histwxstns/CNRFC/CNRFC_ECUN2.zarr/
CNRFC,CNRFC_EDIC1,s3://cadcat/histwxstns/CNRFC/CNRFC_EDIC1.zarr/
CNRFC,CNRFC_EDMC1,s3://cadcat/histwxstns/CNRFC/CNRFC_EDMC1.zarr/
CNRFC,CNRFC_EDNC1,s3://cadcat/histwxstns/CNRFC/CNRFC_EDNC1.zarr/
CNRFC,CNRFC_EGRC1,s3://cadcat/histwxstns/CNRFC/CNRFC_EGRC1.zarr/
CNRFC,CNRFC_EKHC1,s3://cadcat/histwxstns/CNRFC/CNRFC_EKHC1.zarr/
CNRFC,CNRFC_EKNC1,s3://cadcat/histwxstns/CNRFC/CNRFC_EKNC1.zarr/
CNRFC,CNRFC_ELGC1,s3://cadcat/histwxstns/CNRFC/CNRFC_ELGC1.zarr/
CNRFC,CNRFC_ELOC1,s3://cadcat/histwxstns/CNRFC/CNRFC_ELOC1.zarr/
CNRFC,CNRFC_ELPC1,s3://cadcat/histwxstns/CNRFC/CNRFC_ELPC1.zarr/
CNRFC,CNRFC_ELSC1,s3://cadcat/histwxstns/CNRFC/CNRFC_ELSC1.zarr/
CNRFC,CNRFC_EMTC1,s3://cadcat/histwxstns/CNRFC/CNRFC_EMTC1.zarr/
CNRFC,CNRFC_ENCC1,s3://cadcat/histwxstns/CNRFC/CNRFC_ENCC1.zarr/
CNRFC,CNRFC_ENRC1,s3://cadcat/histwxstns/CNRFC/CNRFC_ENRC1.zarr/
CNRFC,CNRFC_ERSC1,s3://cadcat/histwxstns/CNRFC/CNRFC_ERSC1.zarr/
CNRFC,CNRFC_ESOC1,s3://cadcat/histwxstns/CNRFC/CNRFC_ESOC1.zarr/
CNRFC,CNRFC_ESTC1,s3://cadcat/histwxstns/CNRFC/CNRFC_ESTC1.zarr/
CNRFC,CNRFC_ETWC1,s3://cadcat/histwxstns/CNRFC/CNRFC_ETWC1.zarr/
CNRFC,CNRFC_EVGC1,s3://cadcat/histwxstns/CNRFC/CNRFC_EVGC1.zarr/
CNRFC,CNRFC_FCCC1,s3://cadcat/histwxstns/CNRFC/CNRFC_FCCC1.zarr/
CNRFC,CNRFC_FDLC1,s3://cadcat/histwxstns/CNRFC/CNRFC_FDLC1.zarr/
CNRFC,CNRFC_FGRC1,s3://cadcat/histwxstns/CNRFC/CNRFC_FGRC1.zarr/
CNRFC,CNRFC_FGWC1,s3://cadcat/histwxstns/CNRFC/CNRFC_FGWC1.zarr/
CNRFC,CNRFC_FLBC1,s3://cadcat/histwxstns/CNRFC/CNRFC_FLBC1.zarr/
CNRFC,CNRFC_FLTC1,s3://cadcat/histwxstns/CNRFC/CNRFC_FLTC1.zarr/
CNRFC,CNRFC_FLYC1,s3://cadcat/histwxstns/CNRFC/CNRFC_FLYC1.zarr/
CNRFC,CNRFC_FPDC1,s3://cadcat/histwxstns/CNRFC/CNRFC_FPDC1.zarr/
CNRFC,CNRFC_FRMC1,s3://cadcat/histwxstns/CNRFC/CNRFC_FRMC1.zarr/
CNRFC,CNRFC_FSEC1,s3://cadcat/histwxstns/CNRFC/CNRFC_FSEC1.zarr/
CNRFC,CNRFC_FSLC1,s3://cadcat/histwxstns/CNRFC/CNRFC_FSLC1.zarr/
CNRFC,CNRFC_FSNC1,s3://cadcat/histwxstns/CNRFC/CNRFC_FSNC1.zarr/
CNRFC,CNRFC_FTTC1,s3://cadcat/histwxstns/CNRFC/CNRFC_FTTC1.zarr/
CNRFC,CNRFC_FVAC1,s3://cadcat/histwxstns/CNRFC/CNRFC_FVAC1.zarr/
CNRFC,CNRFC_FWPC1,s3://cadcat/histwxstns/CNRFC/CNRFC_FWPC1.zarr/
CNRFC,CNRFC_FWTC1,s3://cadcat/histwxstns/CNRFC/CNRFC_FWTC1.zarr/
CNRFC,CNRFC_GCDC1,s3://cadcat/histwxstns/CNRFC/CNRFC_GCDC1.zarr/
CNRFC,CNRFC_GCPN2,s3://cadcat/histwxstns/CNRFC/CNRFC_GCPN2.zarr/
CNRFC,CNRFC_GDLC1,s3://cadcat/histwxstns/CNRFC/CNRFC_GDLC1.zarr/
CNRFC,CNRFC_GDPC1,s3://cadcat/histwxstns/CNRFC/CNRFC_GDPC1.zarr/
CNRFC,CNRFC_GDYC1,s3://cadcat/histwxstns/CNRFC/CNRFC_GDYC1.zarr/
CNRFC,CNRFC_GGRC1,s3://cadcat/histwxstns/CNRFC/CNRFC_GGRC1.zarr/
CNRFC,CNRFC_GGSC1,s3://cadcat/histwxstns/CNRFC/CNRFC_GGSC1.zarr/
CNRFC,CNRFC_GLTC1,s3://cadcat/histwxstns/CNRFC/CNRFC_GLTC1.zarr/
CNRFC,CNRFC_GNFC1,s3://cadcat/histwxstns/CNRFC/CNRFC_GNFC1.zarr/
CNRFC,CNRFC_GNHC1,s3://cadcat/histwxstns/CNRFC/CNRFC_GNHC1.zarr/
CNRFC,CNRFC_GOCC1,s3://cadcat/histwxstns/CNRFC/CNRFC_GOCC1.zarr/
CNRFC,CNRFC_GOYC1,s3://cadcat/histwxstns/CNRFC/CNRFC_GOYC1.zarr/
CNRFC,CNRFC_GPCC1,s3://cadcat/histwxstns/CNRFC/CNRFC_GPCC1.zarr/
CNRFC,CNRFC_GRHC1,s3://cadcat/histwxstns/CNRFC/CNRFC_GRHC1.zarr/
CNRFC,CNRFC_GSSC1,s3://cadcat/histwxstns/CNRFC/CNRFC_GSSC1.zarr/
CNRFC,CNRFC_GTWC1,s3://cadcat/histwxstns/CNRFC/CNRFC_GTWC1.zarr/
CNRFC,CNRFC_GULC1,s3://cadcat/histwxstns/CNRFC/CNRFC_GULC1.zarr/
CNRFC,CNRFC_GUPC1,s3://cadcat/histwxstns/CNRFC/CNRFC_GUPC1.zarr/
CNRFC,CNRFC_GWDC1,s3://cadcat/histwxstns/CNRFC/CNRFC_GWDC1.zarr/
CNRFC,CNRFC_GYDC1,s3://cadcat/histwxstns/CNRFC/CNRFC_GYDC1.zarr/
CNRFC,CNRFC_HAHC1,s3://cadcat/histwxstns/CNRFC/CNRFC_HAHC1.zarr/
CNRFC,CNRFC_HARC1,s3://cadcat/histwxstns/CNRFC/CNRFC_HARC1.zarr/
CNRFC,CNRFC_HATC1,s3://cadcat/histwxstns/CNRFC/CNRFC_HATC1.zarr/
CNRFC,CNRFC_HAWC1,s3://cadcat/histwxstns/CNRFC/CNRFC_HAWC1.zarr/
CNRFC,CNRFC_HCBC1,s3://cadcat/histwxstns/CNRFC/CNRFC_HCBC1.zarr/
CNRFC,CNRFC_HCOC1,s3://cadcat/histwxstns/CNRFC/CNRFC_HCOC1.zarr/
CNRFC,CNRFC_HDVN2,s3://cadcat/histwxstns/CNRFC/CNRFC_HDVN2.zarr/
CNRFC,CNRFC_HFSC1,s3://cadcat/histwxstns/CNRFC/CNRFC_HFSC1.zarr/
CNRFC,CNRFC_HGRC1,s3://cadcat/histwxstns/CNRFC/CNRFC_HGRC1.zarr/
CNRFC,CNRFC_HHAC1,s3://cadcat/histwxstns/CNRFC/CNRFC_HHAC1.zarr/
CNRFC,CNRFC_HIDC1,s3://cadcat/histwxstns/CNRFC/CNRFC_HIDC1.zarr/
CNRFC,CNRFC_HLYC1,s3://cadcat/histwxstns/CNRFC/CNRFC_HLYC1.zarr/
CNRFC,CNRFC_HMGC1,s3://cadcat/histwxstns/CNRFC/CNRFC_HMGC1.zarr/
CNRFC,CNRFC_HNDC1,s3://cadcat/histwxstns/CNRFC/CNRFC_HNDC1.zarr/
CNRFC,CNRFC_HODC1,s3://cadcat/histwxstns/CNRFC/CNRFC_HODC1.zarr/
CNRFC,CNRFC_HOGC1,s3://cadcat/histwxstns/CNRFC/CNRFC_HOGC1.zarr/
CNRFC,CNRFC_HOTC1,s3://cadcat/histwxstns/CNRFC/CNRFC_HOTC1.zarr/
CNRFC,CNRFC_HRCC1,s3://cadcat/histwxstns/CNRFC/CNRFC_HRCC1.zarr/
CNRFC,CNRFC_HRLC1,s3://cadcat/histwxstns/CNRFC/CNRFC_HRLC1.zarr/
CNRFC,CNRFC_HRYC1,s3://cadcat/histwxstns/CNRFC/CNRFC_HRYC1.zarr/
CNRFC,CNRFC_HSKC1,s3://cadcat/histwxstns/CNRFC/CNRFC_HSKC1.zarr/
CNRFC,CNRFC_HUDC1,s3://cadcat/histwxstns/CNRFC/CNRFC_HUDC1.zarr/
CNRFC,CNRFC_HVFC1,s3://cadcat/histwxstns/CNRFC/CNRFC_HVFC1.zarr/
CNRFC,CNRFC_HWDC1,s3://cadcat/histwxstns/CNRFC/CNRFC_HWDC1.zarr/
CNRFC,CNRFC_HYKC1,s3://cadcat/histwxstns/CNRFC/CNRFC_HYKC1.zarr/
CNRFC,CNRFC_IMLC1,s3://cadcat/histwxstns/CNRFC/CNRFC_IMLC1.zarr/
CNRFC,CNRFC_INCC1,s3://cadcat/histwxstns/CNRFC/CNRFC_INCC1.zarr/
CNRFC,CNRFC_INGC1,s3://cadcat/histwxstns/CNRFC/CNRFC_INGC1.zarr/
CNRFC,CNRFC_INOC1,s3://cadcat/histwxstns/CNRFC/CNRFC_INOC1.zarr/
CNRFC,CNRFC_INSC1,s3://cadcat/histwxstns/CNRFC/CNRFC_INSC1.zarr/
CNRFC,CNRFC_IONC1,s3://cadcat/histwxstns/CNRFC/CNRFC_IONC1.zarr/
CNRFC,CNRFC_IPPC1,s3://cadcat/histwxstns/CNRFC/CNRFC_IPPC1.zarr/
CNRFC,CNRFC_IPWC1,s3://cadcat/histwxstns/CNRFC/CNRFC_IPWC1.zarr/
CNRFC,CNRFC_IRCC1,s3://cadcat/histwxstns/CNRFC/CNRFC_IRCC1.zarr/
CNRFC,CNRFC_IRWC1,s3://cadcat/histwxstns/CNRFC/CNRFC_IRWC1.zarr/
CNRFC,CNRFC_ISDC1,s3://cadcat/histwxstns/CNRFC/CNRFC_ISDC1.zarr/
CNRFC,CNRFC_JNDC1,s3://cadcat/histwxstns/CNRFC/CNRFC_JNDC1.zarr/
CNRFC,CNRFC_JNLC1,s3://cadcat/histwxstns/CNRFC/CNRFC_JNLC1.zarr/
CNRFC,CNRFC_JONC1,s3://cadcat/histwxstns/CNRFC/CNRFC_JONC1.zarr/
CNRFC,CNRFC_JUMN2,s3://cadcat/histwxstns/CNRFC/CNRFC_JUMN2.zarr/
CNRFC,CNRFC_KBDC1,s3://cadcat/histwxstns/CNRFC/CNRFC_KBDC1.zarr/
CNRFC,CNRFC_KCNN2,s3://cadcat/histwxstns/CNRFC/CNRFC_KCNN2.zarr/
CNRFC,CNRFC_KEAC1,s3://cadcat/histwxstns/CNRFC/CNRFC_KEAC1.zarr/
CNRFC,CNRFC_KGDC1,s3://cadcat/histwxstns/CNRFC/CNRFC_KGDC1.zarr/
CNRFC,CNRFC_KGRC1,s3://cadcat/histwxstns/CNRFC/CNRFC_KGRC1.zarr/
CNRFC,CNRFC_KRFC1,s3://cadcat/histwxstns/CNRFC/CNRFC_KRFC1.zarr/
CNRFC,CNRFC_KSMC1,s3://cadcat/histwxstns/CNRFC/CNRFC_KSMC1.zarr/
CNRFC,CNRFC_KSYC1,s3://cadcat/histwxstns/CNRFC/CNRFC_KSYC1.zarr/
CNRFC,CNRFC_KTFC1,s3://cadcat/histwxstns/CNRFC/CNRFC_KTFC1.zarr/
CNRFC,CNRFC_LADC1,s3://cadcat/histwxstns/CNRFC/CNRFC_LADC1.zarr/
CNRFC,CNRFC_LALC1,s3://cadcat/histwxstns/CNRFC/CNRFC_LALC1.zarr/
CNRFC,CNRFC_LAMC1,s3://cadcat/histwxstns/CNRFC/CNRFC_LAMC1.zarr/
CNRFC,CNRFC_LBSC1,s3://cadcat/histwxstns/CNRFC/CNRFC_LBSC1.zarr/
CNRFC,CNRFC_LBTC1,s3://cadcat/histwxstns/CNRFC/CNRFC_LBTC1.zarr/
CNRFC,CNRFC_LCAC1,s3://cadcat/histwxstns/CNRFC/CNRFC_LCAC1.zarr/
CNRFC,CNRFC_LCHC1,s3://cadcat/histwxstns/CNRFC/CNRFC_LCHC1.zarr/
CNRFC,CNRFC_LCKC1,s3://cadcat/histwxstns/CNRFC/CNRFC_LCKC1.zarr/
CNRFC,CNRFC_LCRC1,s3://cadcat/histwxstns/CNRFC/CNRFC_LCRC1.zarr/
CNRFC,CNRFC_LCUC1,s3://cadcat/histwxstns/CNRFC/CNRFC_LCUC1.zarr/
CNRFC,CNRFC_LCYC1,s3://cadcat/histwxstns/CNRFC/CNRFC_LCYC1.zarr/
CNRFC,CNRFC_LCZC1,s3://cadcat/histwxstns/CNRFC/CNRFC_LCZC1.zarr/
CNRFC,CNRFC_LDCC1,s3://cadcat/histwxstns/CNRFC/CNRFC_LDCC1.zarr/
CNRFC,CNRFC_LDOC1,s3://cadcat/histwxstns/CNRFC/CNRFC_LDOC1.zarr/
CNRFC,CNRFC_LDTC1,s3://cadcat/histwxstns/CNRFC/CNRFC_LDTC1.zarr/
CNRFC,CNRFC_LEOC1,s3://cadcat/histwxstns/CNRFC/CNRFC_LEOC1.zarr/
CNRFC,CNRFC_LEXC1,s3://cadcat/histwxstns/CNRFC/CNRFC_LEXC1.zarr/
CNRFC,CNRFC_LFSC1,s3://cadcat/histwxstns/CNRFC/CNRFC_LFSC1.zarr/
CNRFC,CNRFC_LGMC1,s3://cadcat/histwxstns/CNRFC/CNRFC_LGMC1.zarr/
CNRFC,CNRFC_LHAC1,s3://cadcat/histwxstns/CNRFC/CNRFC_LHAC1.zarr/
CNRFC,CNRFC_LHHC1,s3://cadcat/histwxstns/CNRFC/CNRFC_LHHC1.zarr/
CNRFC,CNRFC_LIGC1,s3://cadcat/histwxstns/CNRFC/CNRFC_LIGC1.zarr/
CNRFC,CNRFC_LJOC1,s3://cadcat/histwxstns/CNRFC/CNRFC_LJOC1.zarr/
CNRFC,CNRFC_LKEC1,s3://cadcat/histwxstns/CNRFC/CNRFC_LKEC1.zarr/
CNRFC,CNRFC_LLDC1,s3://cadcat/histwxstns/CNRFC/CNRFC_LLDC1.zarr/
CNRFC,CNRFC_LLHC1,s3://cadcat/histwxstns/CNRFC/CNRFC_LLHC1.zarr/
CNRFC,CNRFC_LLOC1,s3://cadcat/histwxstns/CNRFC/CNRFC_LLOC1.zarr/
CNRFC,CNRFC_LLZC1,s3://cadcat/histwxstns/CNRFC/CNRFC_LLZC1.zarr/
CNRFC,CNRFC_LMFC1,s3://cadcat/histwxstns/CNRFC/CNRFC_LMFC1.zarr/
CNRFC,CNRFC_LMPC1,s3://cadcat/histwxstns/CNRFC/CNRFC_LMPC1.zarr/
CNRFC,CNRFC_LMRC1,s3://cadcat/histwxstns/CNRFC/CNRFC_LMRC1.zarr/
CNRFC,CNRFC_LMSC1,s3://cadcat/histwxstns/CNRFC/CNRFC_LMSC1.zarr/
CNRFC,CNRFC_LMTB1,s3://cadcat/histwxstns/CNRFC/CNRFC_LMTB1.zarr/
CNRFC,CNRFC_LNCC1,s3://cadcat/histwxstns/CNRFC/CNRFC_LNCC1.zarr/
CNRFC,CNRFC_LNLC1,s3://cadcat/histwxstns/CNRFC/CNRFC_LNLC1.zarr/
CNRFC,CNRFC_LNSC1,s3://cadcat/histwxstns/CNRFC/CNRFC_LNSC1.zarr/
CNRFC,CNRFC_LOOC1,s3://cadcat/histwxstns/CNRFC/CNRFC_LOOC1.zarr/
CNRFC,CNRFC_LORC1,s3://cadcat/histwxstns/CNRFC/CNRFC_LORC1.zarr/
CNRFC,CNRFC_LOWC1,s3://cadcat/histwxstns/CNRFC/CNRFC_LOWC1.zarr/
CNRFC,CNRFC_LOXC1,s3://cadcat/histwxstns/CNRFC/CNRFC_LOXC1.zarr/
CNRFC,CNRFC_LPAC1,s3://cadcat/histwxstns/CNRFC/CNRFC_LPAC1.zarr/
CNRFC,CNRFC_LPRC1,s3://cadcat/histwxstns/CNRFC/CNRFC_LPRC1.zarr/
CNRFC,CNRFC_LRFC1,s3://cadcat/histwxstns/CNRFC/CNRFC_LRFC1.zarr/
CNRFC,CNRFC_LRSC1,s3://cadcat/histwxstns/CNRFC/CNRFC_LRSC1.zarr/
CNRFC,CNRFC_LRWC1,s3://cadcat/histwxstns/CNRFC/CNRFC_LRWC1.zarr/
CNRFC,CNRFC_LSPC1,s3://cadcat/histwxstns/CNRFC/CNRFC_LSPC1.zarr/
CNRFC,CNRFC_LSRC1,s3://cadcat/histwxstns/CNRFC/CNRFC_LSRC1.zarr/
CNRFC,CNRFC_LSTC1,s3://cadcat/histwxstns/CNRFC/CNRFC_LSTC1.zarr/
CNRFC,CNRFC_LSWC1,s3://cadcat/histwxstns/CNRFC/CNRFC_LSWC1.zarr/
CNRFC,CNRFC_LTAC1,s3://cadcat/histwxstns/CNRFC/CNRFC_LTAC1.zarr/
CNRFC,CNRFC_LTKC1,s3://cadcat/histwxstns/CNRFC/CNRFC_LTKC1.zarr/
CNRFC,CNRFC_LTPC1,s3://cadcat/histwxstns/CNRFC/CNRFC_LTPC1.zarr/
CNRFC,CNRFC_LVDC1,s3://cadcat/histwxstns/CNRFC/CNRFC_LVDC1.zarr/
CNRFC,CNRFC_LVOC1,s3://cadcat/histwxstns/CNRFC/CNRFC_LVOC1.zarr/
CNRFC,CNRFC_LWDC1,s3://cadcat/histwxstns/CNRFC/CNRFC_LWDC1.zarr/
CNRFC,CNRFC_LWRC1,s3://cadcat/histwxstns/CNRFC/CNRFC_LWRC1.zarr/
CNRFC,CNRFC_LWTC1,s3://cadcat/histwxstns/CNRFC/CNRFC_LWTC1.zarr/
CNRFC,CNRFC_LYMC1,s3://cadcat/histwxstns/CNRFC/CNRFC_LYMC1.zarr/
CNRFC,CNRFC_MAVC1,s3://cadcat/histwxstns/CNRFC/CNRFC_MAVC1.zarr/
CNRFC,CNRFC_MBKC1,s3://cadcat/histwxstns/CNRFC/CNRFC_MBKC1.zarr/
CNRFC,CNRFC_MBNC1,s3://cadcat/histwxstns/CNRFC/CNRFC_MBNC1.zarr/
CNRFC,CNRFC_MBZC1,s3://cadcat/histwxstns/CNRFC/CNRFC_MBZC1.zarr/
CNRFC,CNRFC_MCBC1,s3://cadcat/histwxstns/CNRFC/CNRFC_MCBC1.zarr/
CNRFC,CNRFC_MCIC1,s3://cadcat/histwxstns/CNRFC/CNRFC_MCIC1.zarr/
CNRFC,CNRFC_MCSC1,s3://cadcat/histwxstns/CNRFC/CNRFC_MCSC1.zarr/
CNRFC,CNRFC_MCYC1,s3://cadcat/histwxstns/CNRFC/CNRFC_MCYC1.zarr/
CNRFC,CNRFC_MEGC1,s3://cadcat/histwxstns/CNRFC/CNRFC_MEGC1.zarr/
CNRFC,CNRFC_MGTC1,s3://cadcat/histwxstns/CNRFC/CNRFC_MGTC1.zarr/
CNRFC,CNRFC_MHBC1,s3://cadcat/histwxstns/CNRFC/CNRFC_MHBC1.zarr/
CNRFC,CNRFC_MHCC1,s3://cadcat/histwxstns/CNRFC/CNRFC_MHCC1.zarr/
CNRFC,CNRFC_MHMC1,s3://cadcat/histwxstns/CNRFC/CNRFC_MHMC1.zarr/
CNRFC,CNRFC_MINC1,s3://cadcat/histwxstns/CNRFC/CNRFC_MINC1.zarr/
CNRFC,CNRFC_MISC1,s3://cadcat/histwxstns/CNRFC/CNRFC_MISC1.zarr/
CNRFC,CNRFC_MITC1,s3://cadcat/histwxstns/CNRFC/CNRFC_MITC1.zarr/
CNRFC,CNRFC_MIVC1,s3://cadcat/histwxstns/CNRFC/CNRFC_MIVC1.zarr/
CNRFC,CNRFC_MKHC1,s3://cadcat/histwxstns/CNRFC/CNRFC_MKHC1.zarr/
CNRFC,CNRFC_MLDC1,s3://cadcat/histwxstns/CNRFC/CNRFC_MLDC1.zarr/
CNRFC,CNRFC_MLUC1,s3://cadcat/histwxstns/CNRFC/CNRFC_MLUC1.zarr/
CNRFC,CNRFC_MNFC1,s3://cadcat/histwxstns/CNRFC/CNRFC_MNFC1.zarr/
CNRFC,CNRFC_MNRC1,s3://cadcat/histwxstns/CNRFC/CNRFC_MNRC1.zarr/
CNRFC,CNRFC_MNRN2,s3://cadcat/histwxstns/CNRFC/CNRFC_MNRN2.zarr/
CNRFC,CNRFC_MNYC1,s3://cadcat/histwxstns/CNRFC/CNRFC_MNYC1.zarr/
CNRFC,CNRFC_MOKC1,s3://cadcat/histwxstns/CNRFC/CNRFC_MOKC1.zarr/
CNRFC,CNRFC_MORC1,s3://cadcat/histwxstns/CNRFC/CNRFC_MORC1.zarr/
CNRFC,CNRFC_MREC1,s3://cadcat/histwxstns/CNRFC/CNRFC_MREC1.zarr/
CNRFC,CNRFC_MRGC1,s3://cadcat/histwxstns/CNRFC/CNRFC_MRGC1.zarr/
CNRFC,CNRFC_MRIC1,s3://cadcat/histwxstns/CNRFC/CNRFC_MRIC1.zarr/
CNRFC,CNRFC_MRRC1,s3://cadcat/histwxstns/CNRFC/CNRFC_MRRC1.zarr/
CNRFC,CNRFC_MRTC1,s3://cadcat/histwxstns/CNRFC/CNRFC_MRTC1.zarr/
CNRFC,CNRFC_MSDC1,s3://cadcat/histwxstns/CNRFC/CNRFC_MSDC1.zarr/
CNRFC,CNRFC_MSKC1,s3://cadcat/histwxstns/CNRFC/CNRFC_MSKC1.zarr/
CNRFC,CNRFC_MSMC1,s3://cadcat/histwxstns/CNRFC/CNRFC_MSMC1.zarr/
CNRFC,CNRFC_MTFC1,s3://cadcat/histwxstns/CNRFC/CNRFC_MTFC1.zarr/
CNRFC,CNRFC_MTJC1,s3://cadcat/histwxstns/CNRFC/CNRFC_MTJC1.zarr/
CNRFC,CNRFC_MTMC1,s3://cadcat/histwxstns/CNRFC/CNRFC_MTMC1.zarr/
CNRFC,CNRFC_MTRC1,s3://cadcat/histwxstns/CNRFC/CNRFC_MTRC1.zarr/
CNRFC,CNRFC_MTVC1,s3://cadcat/histwxstns/CNRFC/CNRFC_MTVC1.zarr/
CNRFC,CNRFC_MURC1,s3://cadcat/histwxstns/CNRFC/CNRFC_MURC1.zarr/
CNRFC,CNRFC_MVRC1,s3://cadcat/histwxstns/CNRFC/CNRFC_MVRC1.zarr/
CNRFC,CNRFC_MWRC1,s3://cadcat/histwxstns/CNRFC/CNRFC_MWRC1.zarr/
CNRFC,CNRFC_MWTC1,s3://cadcat/histwxstns/CNRFC/CNRFC_MWTC1.zarr/
CNRFC,CNRFC_MZNC1,s3://cadcat/histwxstns/CNRFC/CNRFC_MZNC1.zarr/
CNRFC,CNRFC_NACC1,s3://cadcat/histwxstns/CNRFC/CNRFC_NACC1.zarr/
CNRFC,CNRFC_NADC1,s3://cadcat/histwxstns/CNRFC/CNRFC_NADC1.zarr/
CNRFC,CNRFC_NEEC1,s3://cadcat/histwxstns/CNRFC/CNRFC_NEEC1.zarr/
CNRFC,CNRFC_NFMC1,s3://cadcat/histwxstns/CNRFC/CNRFC_NFMC1.zarr/
CNRFC,CNRFC_NIEC1,s3://cadcat/histwxstns/CNRFC/CNRFC_NIEC1.zarr/
CNRFC,CNRFC_NIOC1,s3://cadcat/histwxstns/CNRFC/CNRFC_NIOC1.zarr/
CNRFC,CNRFC_NIPC1,s3://cadcat/histwxstns/CNRFC/CNRFC_NIPC1.zarr/
CNRFC,CNRFC_NLNC1,s3://cadcat/histwxstns/CNRFC/CNRFC_NLNC1.zarr/
CNRFC,CNRFC_NNCC1,s3://cadcat/histwxstns/CNRFC/CNRFC_NNCC1.zarr/
CNRFC,CNRFC_NPYC1,s3://cadcat/histwxstns/CNRFC/CNRFC_NPYC1.zarr/
CNRFC,CNRFC_NRDC1,s3://cadcat/histwxstns/CNRFC/CNRFC_NRDC1.zarr/
CNRFC,CNRFC_NSCC1,s3://cadcat/histwxstns/CNRFC/CNRFC_NSCC1.zarr/
CNRFC,CNRFC_NTHC1,s3://cadcat/histwxstns/CNRFC/CNRFC_NTHC1.zarr/
CNRFC,CNRFC_NVLC1,s3://cadcat/histwxstns/CNRFC/CNRFC_NVLC1.zarr/
CNRFC,CNRFC_NWCC1,s3://cadcat/histwxstns/CNRFC/CNRFC_NWCC1.zarr/
CNRFC,CNRFC_OCEC1,s3://cadcat/histwxstns/CNRFC/CNRFC_OCEC1.zarr/
CNRFC,CNRFC_OCNC1,s3://cadcat/histwxstns/CNRFC/CNRFC_OCNC1.zarr/
CNRFC,CNRFC_ODAC1,s3://cadcat/histwxstns/CNRFC/CNRFC_ODAC1.zarr/
CNRFC,CNRFC_OFLC1,s3://cadcat/histwxstns/CNRFC/CNRFC_OFLC1.zarr/
CNRFC,CNRFC_OFSC1,s3://cadcat/histwxstns/CNRFC/CNRFC_OFSC1.zarr/
CNRFC,CNRFC_OHVC1,s3://cadcat/histwxstns/CNRFC/CNRFC_OHVC1.zarr/
CNRFC,CNRFC_OITC1,s3://cadcat/histwxstns/CNRFC/CNRFC_OITC1.zarr/
CNRFC,CNRFC_OJSC1,s3://cadcat/histwxstns/CNRFC/CNRFC_OJSC1.zarr/
CNRFC,CNRFC_OKVC1,s3://cadcat/histwxstns/CNRFC/CNRFC_OKVC1.zarr/
CNRFC,CNRFC_OLDC1,s3://cadcat/histwxstns/CNRFC/CNRFC_OLDC1.zarr/
CNRFC,CNRFC_OLEC1,s3://cadcat/histwxstns/CNRFC/CNRFC_OLEC1.zarr/
CNRFC,CNRFC_OLVC1,s3://cadcat/histwxstns/CNRFC/CNRFC_OLVC1.zarr/
CNRFC,CNRFC_ORGC1,s3://cadcat/histwxstns/CNRFC/CNRFC_ORGC1.zarr/
CNRFC,CNRFC_ORMC1,s3://cadcat/histwxstns/CNRFC/CNRFC_ORMC1.zarr/
CNRFC,CNRFC_ORTC1,s3://cadcat/histwxstns/CNRFC/CNRFC_ORTC1.zarr/
CNRFC,CNRFC_OSXC1,s3://cadcat/histwxstns/CNRFC/CNRFC_OSXC1.zarr/
CNRFC,CNRFC_OTTC1,s3://cadcat/histwxstns/CNRFC/CNRFC_OTTC1.zarr/
CNRFC,CNRFC_OUSC1,s3://cadcat/histwxstns/CNRFC/CNRFC_OUSC1.zarr/
CNRFC,CNRFC_OXDC1,s3://cadcat/histwxstns/CNRFC/CNRFC_OXDC1.zarr/
CNRFC,CNRFC_OXTC1,s3://cadcat/histwxstns/CNRFC/CNRFC_OXTC1.zarr/
CNRFC,CNRFC_PAAC1,s3://cadcat/histwxstns/CNRFC/CNRFC_PAAC1.zarr/
CNRFC,CNRFC_PAXC1,s3://cadcat/histwxstns/CNRFC/CNRFC_PAXC1.zarr/
CNRFC,CNRFC_PAZC1,s3://cadcat/histwxstns/CNRFC/CNRFC_PAZC1.zarr/
CNRFC,CNRFC_PBLC1,s3://cadcat/histwxstns/CNRFC/CNRFC_PBLC1.zarr/
CNRFC,CNRFC_PBRC1,s3://cadcat/histwxstns/CNRFC/CNRFC_PBRC1.zarr/
CNRFC,CNRFC_PCBC1,s3://cadcat/histwxstns/CNRFC/CNRFC_PCBC1.zarr/
CNRFC,CNRFC_PCDC1,s3://cadcat/histwxstns/CNRFC/CNRFC_PCDC1.zarr/
CNRFC,CNRFC_PCHC1,s3://cadcat/histwxstns/CNRFC/CNRFC_PCHC1.zarr/
CNRFC,CNRFC_PCNC1,s3://cadcat/histwxstns/CNRFC/CNRFC_PCNC1.zarr/
CNRFC,CNRFC_PDGC1,s3://cadcat/histwxstns/CNRFC/CNRFC_PDGC1.zarr/
CNRFC,CNRFC_PDLC1,s3://cadcat/histwxstns/CNRFC/CNRFC_PDLC1.zarr/
CNRFC,CNRFC_PENC1,s3://cadcat/histwxstns/CNRFC/CNRFC_PENC1.zarr/
CNRFC,CNRFC_PEOC1,s3://cadcat/histwxstns/CNRFC/CNRFC_PEOC1.zarr/
CNRFC,CNRFC_PFRC1,s3://cadcat/histwxstns/CNRFC/CNRFC_PFRC1.zarr/
CNRFC,CNRFC_PGLC1,s3://cadcat/histwxstns/CNRFC/CNRFC_PGLC1.zarr/
CNRFC,CNRFC_PHIC1,s3://cadcat/histwxstns/CNRFC/CNRFC_PHIC1.zarr/
CNRFC,CNRFC_PLKC1,s3://cadcat/histwxstns/CNRFC/CNRFC_PLKC1.zarr/
CNRFC,CNRFC_PLMC1,s3://cadcat/histwxstns/CNRFC/CNRFC_PLMC1.zarr/
CNRFC,CNRFC_PLRC1,s3://cadcat/histwxstns/CNRFC/CNRFC_PLRC1.zarr/
CNRFC,CNRFC_PMHC1,s3://cadcat/histwxstns/CNRFC/CNRFC_PMHC1.zarr/
CNRFC,CNRFC_PMIC1,s3://cadcat/histwxstns/CNRFC/CNRFC_PMIC1.zarr/
CNRFC,CNRFC_PMMC1,s3://cadcat/histwxstns/CNRFC/CNRFC_PMMC1.zarr/
CNRFC,CNRFC_PMRC1,s3://cadcat/histwxstns/CNRFC/CNRFC_PMRC1.zarr/
CNRFC,CNRFC_PMSC1,s3://cadcat/histwxstns/CNRFC/CNRFC_PMSC1.zarr/
CNRFC,CNRFC_PMVC1,s3://cadcat/histwxstns/CNRFC/CNRFC_PMVC1.zarr/
CNRFC,CNRFC_PNRC1,s3://cadcat/histwxstns/CNRFC/CNRFC_PNRC1.zarr/
CNRFC,CNRFC_PNVC1,s3://cadcat/histwxstns/CNRFC/CNRFC_PNVC1.zarr/
CNRFC,CNRFC_PNYC1,s3://cadcat/histwxstns/CNRFC/CNRFC_PNYC1.zarr/
CNRFC,CNRFC_PORC1,s3://cadcat/histwxstns/CNRFC/CNRFC_PORC1.zarr/
CNRFC,CNRFC_PRCC1,s3://cadcat/histwxstns/CNRFC/CNRFC_PRCC1.zarr/
CNRFC,CNRFC_PRMC1,s3://cadcat/histwxstns/CNRFC/CNRFC_PRMC1.zarr/
CNRFC,CNRFC_PRPC1,s3://cadcat/histwxstns/CNRFC/CNRFC_PRPC1.zarr/
CNRFC,CNRFC_PRRC1,s3://cadcat/histwxstns/CNRFC/CNRFC_PRRC1.zarr/
CNRFC,CNRFC_PRVC1,s3://cadcat/histwxstns/CNRFC/CNRFC_PRVC1.zarr/
CNRFC,CNRFC_PSCC1,s3://cadcat/histwxstns/CNRFC/CNRFC_PSCC1.zarr/
CNRFC,CNRFC_PSDC1,s3://cadcat/histwxstns/CNRFC/CNRFC_PSDC1.zarr/
CNRFC,CNRFC_PSJB1,s3://cadcat/histwxstns/CNRFC/CNRFC_PSJB1.zarr/
CNRFC,CNRFC_PSTC1,s3://cadcat/histwxstns/CNRFC/CNRFC_PSTC1.zarr/
CNRFC,CNRFC_PTBC1,s3://cadcat/histwxstns/CNRFC/CNRFC_PTBC1.zarr/
CNRFC,CNRFC_PTPC1,s3://cadcat/histwxstns/CNRFC/CNRFC_PTPC1.zarr/
CNRFC,CNRFC_PTRC1,s3://cadcat/histwxstns/CNRFC/CNRFC_PTRC1.zarr/
CNRFC,CNRFC_PTWC1,s3://cadcat/histwxstns/CNRFC/CNRFC_PTWC1.zarr/
CNRFC,CNRFC_PUDC1,s3://cadcat/histwxstns/CNRFC/CNRFC_PUDC1.zarr/
CNRFC,CNRFC_PUMC1,s3://cadcat/histwxstns/CNRFC/CNRFC_PUMC1.zarr/
CNRFC,CNRFC_PVEN2,s3://cadcat/histwxstns/CNRFC/CNRFC_PVEN2.zarr/
CNRFC,CNRFC_PVLC1,s3://cadcat/histwxstns/CNRFC/CNRFC_PVLC1.zarr/
CNRFC,CNRFC_PVNC1,s3://cadcat/histwxstns/CNRFC/CNRFC_PVNC1.zarr/
CNRFC,CNRFC_PVWC1,s3://cadcat/histwxstns/CNRFC/CNRFC_PVWC1.zarr/
CNRFC,CNRFC_PVYC1,s3://cadcat/histwxstns/CNRFC/CNRFC_PVYC1.zarr/
CNRFC,CNRFC_PWDC1,s3://cadcat/histwxstns/CNRFC/CNRFC_PWDC1.zarr/
CNRFC,CNRFC_PWYC1,s3://cadcat/histwxstns/CNRFC/CNRFC_PWYC1.zarr/
CNRFC,CNRFC_PYPC1,s3://cadcat/histwxstns/CNRFC/CNRFC_PYPC1.zarr/
CNRFC,CNRFC_QZHC1,s3://cadcat/histwxstns/CNRFC/CNRFC_QZHC1.zarr/
CNRFC,CNRFC_RABC1,s3://cadcat/histwxstns/CNRFC/CNRFC_RABC1.zarr/
CNRFC,CNRFC_RAIC1,s3://cadcat/histwxstns/CNRFC/CNRFC_RAIC1.zarr/
CNRFC,CNRFC_RALC1,s3://cadcat/histwxstns/CNRFC/CNRFC_RALC1.zarr/
CNRFC,CNRFC_RANB1,s3://cadcat/histwxstns/CNRFC/CNRFC_RANB1.zarr/
CNRFC,CNRFC_RBAC1,s3://cadcat/histwxstns/CNRFC/CNRFC_RBAC1.zarr/
CNRFC,CNRFC_RBPC1,s3://cadcat/histwxstns/CNRFC/CNRFC_RBPC1.zarr/
CNRFC,CNRFC_RBTC1,s3://cadcat/histwxstns/CNRFC/CNRFC_RBTC1.zarr/
CNRFC,CNRFC_RCNC1,s3://cadcat/histwxstns/CNRFC/CNRFC_RCNC1.zarr/
CNRFC,CNRFC_RDEC1,s3://cadcat/histwxstns/CNRFC/CNRFC_RDEC1.zarr/
CNRFC,CNRFC_RDHC1,s3://cadcat/histwxstns/CNRFC/CNRFC_RDHC1.zarr/
CNRFC,CNRFC_RDTC1,s3://cadcat/histwxstns/CNRFC/CNRFC_RDTC1.zarr/
CNRFC,CNRFC_RDYC1,s3://cadcat/histwxstns/CNRFC/CNRFC_RDYC1.zarr/
CNRFC,CNRFC_REFC1,s3://cadcat/histwxstns/CNRFC/CNRFC_REFC1.zarr/
CNRFC,CNRFC_REMC1,s3://cadcat/histwxstns/CNRFC/CNRFC_REMC1.zarr/
CNRFC,CNRFC_REOC1,s3://cadcat/histwxstns/CNRFC/CNRFC_REOC1.zarr/
CNRFC,CNRFC_RETC1,s3://cadcat/histwxstns/CNRFC/CNRFC_RETC1.zarr/
CNRFC,CNRFC_REYC1,s3://cadcat/histwxstns/CNRFC/CNRFC_REYC1.zarr/
CNRFC,CNRFC_RGEC1,s3://cadcat/histwxstns/CNRFC/CNRFC_RGEC1.zarr/
CNRFC,CNRFC_RGPC1,s3://cadcat/histwxstns/CNRFC/CNRFC_RGPC1.zarr/
CNRFC,CNRFC_RHLC1,s3://cadcat/histwxstns/CNRFC/CNRFC_RHLC1.zarr/
CNRFC,CNRFC_RIDC1,s3://cadcat/histwxstns/CNRFC/CNRFC_RIDC1.zarr/
CNRFC,CNRFC_RILC1,s3://cadcat/histwxstns/CNRFC/CNRFC_RILC1.zarr/
CNRFC,CNRFC_RINC1,s3://cadcat/histwxstns/CNRFC/CNRFC_RINC1.zarr/
CNRFC,CNRFC_RKBC1,s3://cadcat/histwxstns/CNRFC/CNRFC_RKBC1.zarr/
CNRFC,CNRFC_RLHC1,s3://cadcat/histwxstns/CNRFC/CNRFC_RLHC1.zarr/
CNRFC,CNRFC_RLNC1,s3://cadcat/histwxstns/CNRFC/CNRFC_RLNC1.zarr/
CNRFC,CNRFC_RLYC1,s3://cadcat/histwxstns/CNRFC/CNRFC_RLYC1.zarr/
CNRFC,CNRFC_RMAC1,s3://cadcat/histwxstns/CNRFC/CNRFC_RMAC1.zarr/
CNRFC,CNRFC_RMGC1,s3://cadcat/histwxstns/CNRFC/CNRFC_RMGC1.zarr/
CNRFC,CNRFC_RMNC1,s3://cadcat/histwxstns/CNRFC/CNRFC_RMNC1.zarr/
CNRFC,CNRFC_RMTC1,s3://cadcat/histwxstns/CNRFC/CNRFC_RMTC1.zarr/
CNRFC,CNRFC_RNBC1,s3://cadcat/histwxstns/CNRFC/CNRFC_RNBC1.zarr/
CNRFC,CNRFC_RNCC1,s3://cadcat/histwxstns/CNRFC/CNRFC_RNCC1.zarr/
CNRFC,CNRFC_ROCC1,s3://cadcat/histwxstns/CNRFC/CNRFC_ROCC1.zarr/
CNRFC,CNRFC_RPRC1,s3://cadcat/histwxstns/CNRFC/CNRFC_RPRC1.zarr/
CNRFC,CNRFC_RQEC1,s3://cadcat/histwxstns/CNRFC/CNRFC_RQEC1.zarr/
CNRFC,CNRFC_RRCC1,s3://cadcat/histwxstns/CNRFC/CNRFC_RRCC1.zarr/
CNRFC,CNRFC_RSOC1,s3://cadcat/histwxstns/CNRFC/CNRFC_RSOC1.zarr/
CNRFC,CNRFC_RSSC1,s3://cadcat/histwxstns/CNRFC/CNRFC_RSSC1.zarr/
CNRFC,CNRFC_RTAC1,s3://cadcat/histwxstns/CNRFC/CNRFC_RTAC1.zarr/
CNRFC,CNRFC_RTPC1,s3://cadcat/histwxstns/CNRFC/CNRFC_RTPC1.zarr/
CNRFC,CNRFC_RVCC1,s3://cadcat/histwxstns/CNRFC/CNRFC_RVCC1.zarr/
CNRFC,CNRFC_RVLC1,s3://cadcat/histwxstns/CNRFC/CNRFC_RVLC1.zarr/
CNRFC,CNRFC_RVOC1,s3://cadcat/histwxstns/CNRFC/CNRFC_RVOC1.zarr/
CNRFC,CNRFC_RVRC1,s3://cadcat/histwxstns/CNRFC/CNRFC_RVRC1.zarr/
CNRFC,CNRFC_RWAC1,s3://cadcat/histwxstns/CNRFC/CNRFC_RWAC1.zarr/
CNRFC,CNRFC_RWDC1,s3://cadcat/histwxstns/CNRFC/CNRFC_RWDC1.zarr/
CNRFC,CNRFC_RYNC1,s3://cadcat/histwxstns/CNRFC/CNRFC_RYNC1.zarr/
CNRFC,CNRFC_SADC1,s3://cadcat/histwxstns/CNRFC/CNRFC_SADC1.zarr/
CNRFC,CNRFC_SALC1,s3://cadcat/histwxstns/CNRFC/CNRFC_SALC1.zarr/
CNRFC,CNRFC_SAPC1,s3://cadcat/histwxstns/CNRFC/CNRFC_SAPC1.zarr/
CNRFC,CNRFC_SAZC1,s3://cadcat/histwxstns/CNRFC/CNRFC_SAZC1.zarr/
CNRFC,CNRFC_SBEC1,s3://cadcat/histwxstns/CNRFC/CNRFC_SBEC1.zarr/
CNRFC,CNRFC_SBFC1,s3://cadcat/histwxstns/CNRFC/CNRFC_SBFC1.zarr/
CNRFC,CNRFC_SBKC1,s3://cadcat/histwxstns/CNRFC/CNRFC_SBKC1.zarr/
CNRFC,CNRFC_SCFN2,s3://cadcat/histwxstns/CNRFC/CNRFC_SCFN2.zarr/
CNRFC,CNRFC_SCHC1,s3://cadcat/histwxstns/CNRFC/CNRFC_SCHC1.zarr/
CNRFC,CNRFC_SCLC1,s3://cadcat/histwxstns/CNRFC/CNRFC_SCLC1.zarr/
CNRFC,CNRFC_SCRN2,s3://cadcat/histwxstns/CNRFC/CNRFC_SCRN2.zarr/
CNRFC,CNRFC_SCVC1,s3://cadcat/histwxstns/CNRFC/CNRFC_SCVC1.zarr/
CNRFC,CNRFC_SDHC1,s3://cadcat/histwxstns/CNRFC/CNRFC_SDHC1.zarr/
CNRFC,CNRFC_SDIC1,s3://cadcat/histwxstns/CNRFC/CNRFC_SDIC1.zarr/
CNRFC,CNRFC_SDNC1,s3://cadcat/histwxstns/CNRFC/CNRFC_SDNC1.zarr/
CNRFC,CNRFC_SDTC1,s3://cadcat/histwxstns/CNRFC/CNRFC_SDTC1.zarr/
CNRFC,CNRFC_SECC1,s3://cadcat/histwxstns/CNRFC/CNRFC_SECC1.zarr/
CNRFC,CNRFC_SEMC1,s3://cadcat/histwxstns/CNRFC/CNRFC_SEMC1.zarr/
CNRFC,CNRFC_SESC1,s3://cadcat/histwxstns/CNRFC/CNRFC_SESC1.zarr/
CNRFC,CNRFC_SFBC1,s3://cadcat/histwxstns/CNRFC/CNRFC_SFBC1.zarr/
CNRFC,CNRFC_SFFC1,s3://cadcat/histwxstns/CNRFC/CNRFC_SFFC1.zarr/
CNRFC,CNRFC_SFQC1,s3://cadcat/histwxstns/CNRFC/CNRFC_SFQC1.zarr/
CNRFC,CNRFC_SFVC1,s3://cadcat/histwxstns/CNRFC/CNRFC_SFVC1.zarr/
CNRFC,CNRFC_SGAC1,s3://cadcat/histwxstns/CNRFC/CNRFC_SGAC1.zarr/
CNRFC,CNRFC_SGBC1,s3://cadcat/histwxstns/CNRFC/CNRFC_SGBC1.zarr/
CNRFC,CNRFC_SGDC1,s3://cadcat/histwxstns/CNRFC/CNRFC_SGDC1.zarr/
CNRFC,CNRFC_SGKC1,s3://cadcat/histwxstns/CNRFC/CNRFC_SGKC1.zarr/
CNRFC,CNRFC_SGLC1,s3://cadcat/histwxstns/CNRFC/CNRFC_SGLC1.zarr/
CNRFC,CNRFC_SGRC1,s3://cadcat/histwxstns/CNRFC/CNRFC_SGRC1.zarr/
CNRFC,CNRFC_SGVC1,s3://cadcat/histwxstns/CNRFC/CNRFC_SGVC1.zarr/
CNRFC,CNRFC_SHAC1,s3://cadcat/histwxstns/CNRFC/CNRFC_SHAC1.zarr/
CNRFC,CNRFC_SHCC1,s3://cadcat/histwxstns/CNRFC/CNRFC_SHCC1.zarr/
CNRFC,CNRFC_SHLC1,s3://cadcat/histwxstns/CNRFC/CNRFC_SHLC1.zarr/
CNRFC,CNRFC_SHNC1,s3://cadcat/histwxstns/CNRFC/CNRFC_SHNC1.zarr/
CNRFC,CNRFC_SHPC1,s3://cadcat/histwxstns/CNRFC/CNRFC_SHPC1.zarr/
CNRFC,CNRFC_SIDC1,s3://cadcat/histwxstns/CNRFC/CNRFC_SIDC1.zarr/
CNRFC,CNRFC_SIIC1,s3://cadcat/histwxstns/CNRFC/CNRFC_SIIC1.zarr/
CNRFC,CNRFC_SIYC1,s3://cadcat/histwxstns/CNRFC/CNRFC_SIYC1.zarr/
CNRFC,CNRFC_SJBC1,s3://cadcat/histwxstns/CNRFC/CNRFC_SJBC1.zarr/
CNRFC,CNRFC_SJCC1,s3://cadcat/histwxstns/CNRFC/CNRFC_SJCC1.zarr/
CNRFC,CNRFC_SJTC1,s3://cadcat/histwxstns/CNRFC/CNRFC_SJTC1.zarr/
CNRFC,CNRFC_SKLC1,s3://cadcat/histwxstns/CNRFC/CNRFC_SKLC1.zarr/
CNRFC,CNRFC_SKNC1,s3://cadcat/histwxstns/CNRFC/CNRFC_SKNC1.zarr/
CNRFC,CNRFC_SLHC1,s3://cadcat/histwxstns/CNRFC/CNRFC_SLHC1.zarr/
CNRFC,CNRFC_SLNC1,s3://cadcat/histwxstns/CNRFC/CNRFC_SLNC1.zarr/
CNRFC,CNRFC_SLYC1,s3://cadcat/histwxstns/CNRFC/CNRFC_SLYC1.zarr/
CNRFC,CNRFC_SMCC1,s3://cadcat/histwxstns/CNRFC/CNRFC_SMCC1.zarr/
CNRFC,CNRFC_SMEC1,s3://cadcat/histwxstns/CNRFC/CNRFC_SMEC1.zarr/
CNRFC,CNRFC_SMMC1,s3://cadcat/histwxstns/CNRFC/CNRFC_SMMC1.zarr/
CNRFC,CNRFC_SMQC1,s3://cadcat/histwxstns/CNRFC/CNRFC_SMQC1.zarr/
CNRFC,CNRFC_SMXC1,s3://cadcat/histwxstns/CNRFC/CNRFC_SMXC1.zarr/
CNRFC,CNRFC_SNRC1,s3://cadcat/histwxstns/CNRFC/CNRFC_SNRC1.zarr/
CNRFC,CNRFC_SODC1,s3://cadcat/histwxstns/CNRFC/CNRFC_SODC1.zarr/
CNRFC,CNRFC_SOFC1,s3://cadcat/histwxstns/CNRFC/CNRFC_SOFC1.zarr/
CNRFC,CNRFC_SOQC1,s3://cadcat/histwxstns/CNRFC/CNRFC_SOQC1.zarr/
CNRFC,CNRFC_SORC1,s3://cadcat/histwxstns/CNRFC/CNRFC_SORC1.zarr/
CNRFC,CNRFC_SPDC1,s3://cadcat/histwxstns/CNRFC/CNRFC_SPDC1.zarr/
CNRFC,CNRFC_SPGC1,s3://cadcat/histwxstns/CNRFC/CNRFC_SPGC1.zarr/
CNRFC,CNRFC_SPNC1,s3://cadcat/histwxstns/CNRFC/CNRFC_SPNC1.zarr/
CNRFC,CNRFC_SPOC1,s3://cadcat/histwxstns/CNRFC/CNRFC_SPOC1.zarr/
CNRFC,CNRFC_SQFC1,s3://cadcat/histwxstns/CNRFC/CNRFC_SQFC1.zarr/
CNRFC,CNRFC_SRBC1,s3://cadcat/histwxstns/CNRFC/CNRFC_SRBC1.zarr/
CNRFC,CNRFC_SROC1,s3://cadcat/histwxstns/CNRFC/CNRFC_SROC1.zarr/
CNRFC,CNRFC_SSLN2,s3://cadcat/histwxstns/CNRFC/CNRFC_SSLN2.zarr/
CNRFC,CNRFC_SSRC1,s3://cadcat/histwxstns/CNRFC/CNRFC_SSRC1.zarr/
CNRFC,CNRFC_STAN2,s3://cadcat/histwxstns/CNRFC/CNRFC_STAN2.zarr/
CNRFC,CNRFC_STBC1,s3://cadcat/histwxstns/CNRFC/CNRFC_STBC1.zarr/
CNRFC,CNRFC_STCC1,s3://cadcat/histwxstns/CNRFC/CNRFC_STCC1.zarr/
CNRFC,CNRFC_STEC1,s3://cadcat/histwxstns/CNRFC/CNRFC_STEC1.zarr/
CNRFC,CNRFC_STJC1,s3://cadcat/histwxstns/CNRFC/CNRFC_STJC1.zarr/
CNRFC,CNRFC_STZC1,s3://cadcat/histwxstns/CNRFC/CNRFC_STZC1.zarr/
CNRFC,CNRFC_SULC1,s3://cadcat/histwxstns/CNRFC/CNRFC_SULC1.zarr/
CNRFC,CNRFC_SUUC1,s3://cadcat/histwxstns/CNRFC/CNRFC_SUUC1.zarr/
CNRFC,CNRFC_SVDC1,s3://cadcat/histwxstns/CNRFC/CNRFC_SVDC1.zarr/
CNRFC,CNRFC_SVPC1,s3://cadcat/histwxstns/CNRFC/CNRFC_SVPC1.zarr/
CNRFC,CNRFC_SVTC1,s3://cadcat/histwxstns/CNRFC/CNRFC_SVTC1.zarr/
CNRFC,CNRFC_SVVC1,s3://cadcat/histwxstns/CNRFC/CNRFC_SVVC1.zarr/
CNRFC,CNRFC_SWHC1,s3://cadcat/histwxstns/CNRFC/CNRFC_SWHC1.zarr/
CNRFC,CNRFC_SXDC1,s3://cadcat/histwxstns/CNRFC/CNRFC_SXDC1.zarr/
CNRFC,CNRFC_SYAC1,s3://cadcat/histwxstns/CNRFC/CNRFC_SYAC1.zarr/
CNRFC,CNRFC_SYFC1,s3://cadcat/histwxstns/CNRFC/CNRFC_SYFC1.zarr/
CNRFC,CNRFC_SYLC1,s3://cadcat/histwxstns/CNRFC/CNRFC_SYLC1.zarr/
CNRFC,CNRFC_SYSC1,s3://cadcat/histwxstns/CNRFC/CNRFC_SYSC1.zarr/
CNRFC,CNRFC_SYUC1,s3://cadcat/histwxstns/CNRFC/CNRFC_SYUC1.zarr/
CNRFC,CNRFC_SZCC1,s3://cadcat/histwxstns/CNRFC/CNRFC_SZCC1.zarr/
CNRFC,CNRFC_TASC1,s3://cadcat/histwxstns/CNRFC/CNRFC_TASC1.zarr/
CNRFC,CNRFC_TBFC1,s3://cadcat/histwxstns/CNRFC/CNRFC_TBFC1.zarr/
CNRFC,CNRFC_TCBC1,s3://cadcat/histwxstns/CNRFC/CNRFC_TCBC1.zarr/
CNRFC,CNRFC_TCTC1,s3://cadcat/histwxstns/CNRFC/CNRFC_TCTC1.zarr/
CNRFC,CNRFC_TEMC1,s3://cadcat/histwxstns/CNRFC/CNRFC_TEMC1.zarr/
CNRFC,CNRFC_THLN2,s3://cadcat/histwxstns/CNRFC/CNRFC_THLN2.zarr/
CNRFC,CNRFC_THMC1,s3://cadcat/histwxstns/CNRFC/CNRFC_THMC1.zarr/
CNRFC,CNRFC_THTC1,s3://cadcat/histwxstns/CNRFC/CNRFC_THTC1.zarr/
CNRFC,CNRFC_TJEC1,s3://cadcat/histwxstns/CNRFC/CNRFC_TJEC1.zarr/
CNRFC,CNRFC_TLDC1,s3://cadcat/histwxstns/CNRFC/CNRFC_TLDC1.zarr/
CNRFC,CNRFC_TLNC1,s3://cadcat/histwxstns/CNRFC/CNRFC_TLNC1.zarr/
CNRFC,CNRFC_TMPC1,s3://cadcat/histwxstns/CNRFC/CNRFC_TMPC1.zarr/
CNRFC,CNRFC_TOCC1,s3://cadcat/histwxstns/CNRFC/CNRFC_TOCC1.zarr/
CNRFC,CNRFC_TOQN2,s3://cadcat/histwxstns/CNRFC/CNRFC_TOQN2.zarr/
CNRFC,CNRFC_TORC1,s3://cadcat/histwxstns/CNRFC/CNRFC_TORC1.zarr/
CNRFC,CNRFC_TPAC1,s3://cadcat/histwxstns/CNRFC/CNRFC_TPAC1.zarr/
CNRFC,CNRFC_TPKC1,s3://cadcat/histwxstns/CNRFC/CNRFC_TPKC1.zarr/
CNRFC,CNRFC_TRBC1,s3://cadcat/histwxstns/CNRFC/CNRFC_TRBC1.zarr/
CNRFC,CNRFC_TRCC1,s3://cadcat/histwxstns/CNRFC/CNRFC_TRCC1.zarr/
CNRFC,CNRFC_TRIC1,s3://cadcat/histwxstns/CNRFC/CNRFC_TRIC1.zarr/
CNRFC,CNRFC_TRRC1,s3://cadcat/histwxstns/CNRFC/CNRFC_TRRC1.zarr/
CNRFC,CNRFC_TTLC1,s3://cadcat/histwxstns/CNRFC/CNRFC_TTLC1.zarr/
CNRFC,CNRFC_TUJC1,s3://cadcat/histwxstns/CNRFC/CNRFC_TUJC1.zarr/
CNRFC,CNRFC_TWDC1,s3://cadcat/histwxstns/CNRFC/CNRFC_TWDC1.zarr/
CNRFC,CNRFC_UCTC1,s3://cadcat/histwxstns/CNRFC/CNRFC_UCTC1.zarr/
CNRFC,CNRFC_UGGC1,s3://cadcat/histwxstns/CNRFC/CNRFC_UGGC1.zarr/
CNRFC,CNRFC_UMGC1,s3://cadcat/histwxstns/CNRFC/CNRFC_UMGC1.zarr/
CNRFC,CNRFC_UMKC1,s3://cadcat/histwxstns/CNRFC/CNRFC_UMKC1.zarr/
CNRFC,CNRFC_UMNC1,s3://cadcat/histwxstns/CNRFC/CNRFC_UMNC1.zarr/
CNRFC,CNRFC_UPOC1,s3://cadcat/histwxstns/CNRFC/CNRFC_UPOC1.zarr/
CNRFC,CNRFC_UPYC1,s3://cadcat/histwxstns/CNRFC/CNRFC_UPYC1.zarr/
CNRFC,CNRFC_USBC1,s3://cadcat/histwxstns/CNRFC/CNRFC_USBC1.zarr/
CNRFC,CNRFC_UTCC1,s3://cadcat/histwxstns/CNRFC/CNRFC_UTCC1.zarr/
CNRFC,CNRFC_UTYC1,s3://cadcat/histwxstns/CNRFC/CNRFC_UTYC1.zarr/
CNRFC,CNRFC_UVAC1,s3://cadcat/histwxstns/CNRFC/CNRFC_UVAC1.zarr/
CNRFC,CNRFC_UVSC1,s3://cadcat/histwxstns/CNRFC/CNRFC_UVSC1.zarr/
CNRFC,CNRFC_VALC1,s3://cadcat/histwxstns/CNRFC/CNRFC_VALC1.zarr/
CNRFC,CNRFC_VAUC1,s3://cadcat/histwxstns/CNRFC/CNRFC_VAUC1.zarr/
CNRFC,CNRFC_VCHC1,s3://cadcat/histwxstns/CNRFC/CNRFC_VCHC1.zarr/
CNRFC,CNRFC_VCIC1,s3://cadcat/histwxstns/CNRFC/CNRFC_VCIC1.zarr/
CNRFC,CNRFC_VCNC1,s3://cadcat/histwxstns/CNRFC/CNRFC_VCNC1.zarr/
CNRFC,CNRFC_VHCC1,s3://cadcat/histwxstns/CNRFC/CNRFC_VHCC1.zarr/
CNRFC,CNRFC_VICC1,s3://cadcat/histwxstns/CNRFC/CNRFC_VICC1.zarr/
CNRFC,CNRFC_VKRC1,s3://cadcat/histwxstns/CNRFC/CNRFC_VKRC1.zarr/
CNRFC,CNRFC_VNEC1,s3://cadcat/histwxstns/CNRFC/CNRFC_VNEC1.zarr/
CNRFC,CNRFC_VNMC1,s3://cadcat/histwxstns/CNRFC/CNRFC_VNMC1.zarr/
CNRFC,CNRFC_VPMC1,s3://cadcat/histwxstns/CNRFC/CNRFC_VPMC1.zarr/
CNRFC,CNRFC_VTGC1,s3://cadcat/histwxstns/CNRFC/CNRFC_VTGC1.zarr/
CNRFC,CNRFC_VTHC1,s3://cadcat/histwxstns/CNRFC/CNRFC_VTHC1.zarr/
CNRFC,CNRFC_VWTC1,s3://cadcat/histwxstns/CNRFC/CNRFC_VWTC1.zarr/
CNRFC,CNRFC_WBRC1,s3://cadcat/histwxstns/CNRFC/CNRFC_WBRC1.zarr/
CNRFC,CNRFC_WCCC1,s3://cadcat/histwxstns/CNRFC/CNRFC_WCCC1.zarr/
CNRFC,CNRFC_WCDC1,s3://cadcat/histwxstns/CNRFC/CNRFC_WCDC1.zarr/
CNRFC,CNRFC_WCHC1,s3://cadcat/histwxstns/CNRFC/CNRFC_WCHC1.zarr/
CNRFC,CNRFC_WCKC1,s3://cadcat/histwxstns/CNRFC/CNRFC_WCKC1.zarr/
CNRFC,CNRFC_WCRC1,s3://cadcat/histwxstns/CNRFC/CNRFC_WCRC1.zarr/
CNRFC,CNRFC_WDCC1,s3://cadcat/histwxstns/CNRFC/CNRFC_WDCC1.zarr/
CNRFC,CNRFC_WDDC1,s3://cadcat/histwxstns/CNRFC/CNRFC_WDDC1.zarr/
CNRFC,CNRFC_WDFC1,s3://cadcat/histwxstns/CNRFC/CNRFC_WDFC1.zarr/
CNRFC,CNRFC_WDPC1,s3://cadcat/histwxstns/CNRFC/CNRFC_WDPC1.zarr/
CNRFC,CNRFC_WFBC1,s3://cadcat/histwxstns/CNRFC/CNRFC_WFBC1.zarr/
CNRFC,CNRFC_WFKC1,s3://cadcat/histwxstns/CNRFC/CNRFC_WFKC1.zarr/
CNRFC,CNRFC_WGRC1,s3://cadcat/histwxstns/CNRFC/CNRFC_WGRC1.zarr/
CNRFC,CNRFC_WHBC1,s3://cadcat/histwxstns/CNRFC/CNRFC_WHBC1.zarr/
CNRFC,CNRFC_WHLC1,s3://cadcat/histwxstns/CNRFC/CNRFC_WHLC1.zarr/
CNRFC,CNRFC_WLGC1,s3://cadcat/histwxstns/CNRFC/CNRFC_WLGC1.zarr/
CNRFC,CNRFC_WLNC1,s3://cadcat/histwxstns/CNRFC/CNRFC_WLNC1.zarr/
CNRFC,CNRFC_WLPC1,s3://cadcat/histwxstns/CNRFC/CNRFC_WLPC1.zarr/
CNRFC,CNRFC_WLRC1,s3://cadcat/histwxstns/CNRFC/CNRFC_WLRC1.zarr/
CNRFC,CNRFC_WOBC1,s3://cadcat/histwxstns/CNRFC/CNRFC_WOBC1.zarr/
CNRFC,CNRFC_WPNC1,s3://cadcat/histwxstns/CNRFC/CNRFC_WPNC1.zarr/
CNRFC,CNRFC_WRRC1,s3://cadcat/histwxstns/CNRFC/CNRFC_WRRC1.zarr/
CNRFC,CNRFC_WSCC1,s3://cadcat/histwxstns/CNRFC/CNRFC_WSCC1.zarr/
CNRFC,CNRFC_WSGC1,s3://cadcat/histwxstns/CNRFC/CNRFC_WSGC1.zarr/
CNRFC,CNRFC_WSHN2,s3://cadcat/histwxstns/CNRFC/CNRFC_WSHN2.zarr/
CNRFC,CNRFC_WTMC1,s3://cadcat/histwxstns/CNRFC/CNRFC_WTMC1.zarr/
CNRFC,CNRFC_WWTC1,s3://cadcat/histwxstns/CNRFC/CNRFC_WWTC1.zarr/
CNRFC,CNRFC_YGNC1,s3://cadcat/histwxstns/CNRFC/CNRFC_YGNC1.zarr/
CNRFC,CNRFC_YOUC1,s3://cadcat/histwxstns/CNRFC/CNRFC_YOUC1.zarr/
CRN,CRN_ADRA3,s3://cadcat/histwxstns/CRN/CRN_ADRA3.zarr/
CRN,CRN_AGPC2,s3://cadcat/histwxstns/CRN/CRN_AGPC2.zarr/
CRN,CRN_AMDA3,s3://cadcat/histwxstns/CRN/CRN_AMDA3.zarr/
CRN,CRN_ATNN5,s3://cadcat/histwxstns/CRN/CRN_ATNN5.zarr/
CRN,CRN_BBYC1,s3://cadcat/histwxstns/CRN/CRN_BBYC1.zarr/
CRN,CRN_BHAU1,s3://cadcat/histwxstns/CRN/CRN_BHAU1.zarr/
CRN,CRN_BKRN2,s3://cadcat/histwxstns/CRN/CRN_BKRN2.zarr/
CRN,CRN_BNCN2,s3://cadcat/histwxstns/CRN/CRN_BNCN2.zarr/
CRN,CRN_BSPM8,s3://cadcat/histwxstns/CRN/CRN_BSPM8.zarr/
CRN,CRN_BVAC2,s3://cadcat/histwxstns/CRN/CRN_BVAC2.zarr/
CRN,CRN_CETC2,s3://cadcat/histwxstns/CRN/CRN_CETC2.zarr/
CRN,CRN_CEZC2,s3://cadcat/histwxstns/CRN/CRN_CEZC2.zarr/
CRN,CRN_CLIN5,s3://cadcat/histwxstns/CRN/CRN_CLIN5.zarr/
CRN,CRN_COSO3,s3://cadcat/histwxstns/CRN/CRN_COSO3.zarr/
CRN,CRN_CRMI1,s3://cadcat/histwxstns/CRN/CRN_CRMI1.zarr/
CRN,CRN_CRTI1,s3://cadcat/histwxstns/CRN/CRN_CRTI1.zarr/
CRN,CRN_CVDA3,s3://cadcat/histwxstns/CRN/CRN_CVDA3.zarr/
CRN,CRN_CVSO3,s3://cadcat/histwxstns/CRN/CRN_CVSO3.zarr/
CRN,CRN_CZZN5,s3://cadcat/histwxstns/CRN/CRN_CZZN5.zarr/
CRN,CRN_DNOC2,s3://cadcat/histwxstns/CRN/CRN_DNOC2.zarr/
CRN,CRN_ELIN5,s3://cadcat/histwxstns/CRN/CRN_ELIN5.zarr/
CRN,CRN_ESAC2,s3://cadcat/histwxstns/CRN/CRN_ESAC2.zarr/
CRN,CRN_ESLC2,s3://cadcat/histwxstns/CRN/CRN_ESLC2.zarr/
CRN,CRN_FBOC1,s3://cadcat/histwxstns/CRN/CRN_FBOC1.zarr/
CRN,CRN_FBRC2,s3://cadcat/histwxstns/CRN/CRN_FBRC2.zarr/
CRN,CRN_FNXA3,s3://cadcat/histwxstns/CRN/CRN_FNXA3.zarr/
CRN,CRN_FRDA3,s3://cadcat/histwxstns/CRN/CRN_FRDA3.zarr/
CRN,CRN_GJXC2,s3://cadcat/histwxstns/CRN/CRN_GJXC2.zarr/
CRN,CRN_GNAC2,s3://cadcat/histwxstns/CRN/CRN_GNAC2.zarr/
CRN,CRN_GOMM8,s3://cadcat/histwxstns/CRN/CRN_GOMM8.zarr/
CRN,CRN_GRAN5,s3://cadcat/histwxstns/CRN/CRN_GRAN5.zarr/
CRN,CRN_GSGN2,s3://cadcat/histwxstns/CRN/CRN_GSGN2.zarr/
CRN,CRN_GSTC1,s3://cadcat/histwxstns/CRN/CRN_GSTC1.zarr/
CRN,CRN_GTPW4,s3://cadcat/histwxstns/CRN/CRN_GTPW4.zarr/
CRN,CRN_HEBA3,s3://cadcat/histwxstns/CRN/CRN_HEBA3.zarr/
CRN,CRN_HPEC1,s3://cadcat/histwxstns/CRN/CRN_HPEC1.zarr/
CRN,CRN_HTAN5,s3://cadcat/histwxstns/CRN/CRN_HTAN5.zarr/
CRN,CRN_HVSA3,s3://cadcat/histwxstns/CRN/CRN_HVSA3.zarr/
CRN,CRN_IFLC2,s3://cadcat/histwxstns/CRN/CRN_IFLC2.zarr/
CRN,CRN_ISWC1,s3://cadcat/histwxstns/CRN/CRN_ISWC1.zarr/
CRN,CRN_JRWM8,s3://cadcat/histwxstns/CRN/CRN_JRWM8.zarr/
CRN,CRN_KCGC2,s3://cadcat/histwxstns/CRN/CRN_KCGC2.zarr/
CRN,CRN_KMNA3,s3://cadcat/histwxstns/CRN/CRN_KMNA3.zarr/
CRN,CRN_KNTA3,s3://cadcat/histwxstns/CRN/CRN_KNTA3.zarr/
CRN,CRN_KRGC2,s3://cadcat/histwxstns/CRN/CRN_KRGC2.zarr/
CRN,CRN_LCHN2,s3://cadcat/histwxstns/CRN/CRN_LCHN2.zarr/
CRN,CRN_LCRC2,s3://cadcat/histwxstns/CRN/CRN_LCRC2.zarr/
CRN,CRN_LCSN5,s3://cadcat/histwxstns/CRN/CRN_LCSN5.zarr/
CRN,CRN_LVGN5,s3://cadcat/histwxstns/CRN/CRN_LVGN5.zarr/
CRN,CRN_MKRC2,s3://cadcat/histwxstns/CRN/CRN_MKRC2.zarr/
CRN,CRN_MMCW1,s3://cadcat/histwxstns/CRN/CRN_MMCW1.zarr/
CRN,CRN_MNRN5,s3://cadcat/histwxstns/CRN/CRN_MNRN5.zarr/
CRN,CRN_MRYM8,s3://cadcat/histwxstns/CRN/CRN_MRYM8.zarr/
CRN,CRN_MRYN2,s3://cadcat/histwxstns/CRN/CRN_MRYN2.zarr/
CRN,CRN_MTSC2,s3://cadcat/histwxstns/CRN/CRN_MTSC2.zarr/
CRN,CRN_MVWA3,s3://cadcat/histwxstns/CRN/CRN_MVWA3.zarr/
CRN,CRN_NAGN5,s3://cadcat/histwxstns/CRN/CRN_NAGN5.zarr/
CRN,CRN_NFEN5,s3://cadcat/histwxstns/CRN/CRN_NFEN5.zarr/
CRN,CRN_NNWC2,s3://cadcat/histwxstns/CRN/CRN_NNWC2.zarr/
CRN,CRN_NTUC2,s3://cadcat/histwxstns/CRN/CRN_NTUC2.zarr/
CRN,CRN_ONCC1,s3://cadcat/histwxstns/CRN/CRN_ONCC1.zarr/
CRN,CRN_PGEA3,s3://cadcat/histwxstns/CRN/CRN_PGEA3.zarr/
CRN,CRN_PNMN5,s3://cadcat/histwxstns/CRN/CRN_PNMN5.zarr/
CRN,CRN_PRSM8,s3://cadcat/histwxstns/CRN/CRN_PRSM8.zarr/
CRN,CRN_QTCW1,s3://cadcat/histwxstns/CRN/CRN_QTCW1.zarr/
CRN,CRN_RCHW4,s3://cadcat/histwxstns/CRN/CRN_RCHW4.zarr/
CRN,CRN_RENI1,s3://cadcat/histwxstns/CRN/CRN_RENI1.zarr/
CRN,CRN_RFOC2,s3://cadcat/histwxstns/CRN/CRN_RFOC2.zarr/
CRN,CRN_RLYO3,s3://cadcat/histwxstns/CRN/CRN_RLYO3.zarr/
CRN,CRN_RMHN5,s3://cadcat/histwxstns/CRN/CRN_RMHN5.zarr/
CRN,CRN_RPSA3,s3://cadcat/histwxstns/CRN/CRN_RPSA3.zarr/
CRN,CRN_RRSN5,s3://cadcat/histwxstns/CRN/CRN_RRSN5.zarr/
CRN,CRN_RTJN5,s3://cadcat/histwxstns/CRN/CRN_RTJN5.zarr/
CRN,CRN_SBZC1,s3://cadcat/histwxstns/CRN/CRN_SBZC1.zarr/
CRN,CRN_SDMA3,s3://cadcat/histwxstns/CRN/CRN_SDMA3.zarr/
CRN,CRN_SFDC2,s3://cadcat/histwxstns/CRN/CRN_SFDC2.zarr/
CRN,CRN_SFRA3,s3://cadcat/histwxstns/CRN/CRN_SFRA3.zarr/
CRN,CRN_SGGU1,s3://cadcat/histwxstns/CRN/CRN_SGGU1.zarr/
CRN,CRN_SGHC2,s3://cadcat/histwxstns/CRN/CRN_SGHC2.zarr/
CRN,CRN_SHRO3,s3://cadcat/histwxstns/CRN/CRN_SHRO3.zarr/
CRN,CRN_SKKC2,s3://cadcat/histwxstns/CRN/CRN_SKKC2.zarr/
CRN,CRN_SVLN5,s3://cadcat/histwxstns/CRN/CRN_SVLN5.zarr/
CRN,CRN_TORU1,s3://cadcat/histwxstns/CRN/CRN_TORU1.zarr/
CRN,CRN_TRNW1,s3://cadcat/histwxstns/CRN/CRN_TRNW1.zarr/
CRN,CRN_TSNN5,s3://cadcat/histwxstns/CRN/CRN_TSNN5.zarr/
CRN,CRN_VLCN5,s3://cadcat/histwxstns/CRN/CRN_VLCN5.zarr/
CRN,CRN_WPFC2,s3://cadcat/histwxstns/CRN/CRN_WPFC2.zarr/
CRN,CRN_WPOC1,s3://cadcat/histwxstns/CRN/CRN_WPOC1.zarr/
CRN,CRN_WRBC2,s3://cadcat/histwxstns/CRN/CRN_WRBC2.zarr/
CRN,CRN_WTRA3,s3://cadcat/histwxstns/CRN/CRN_WTRA3.zarr/
CRN,CRN_WYTC1,s3://cadcat/histwxstns/CRN/CRN_WYTC1.zarr/
CRN,CRN_YVVC1,s3://cadcat/histwxstns/CRN/CRN_YVVC1.zarr/
CRN,CRN_ZTCN5,s3://cadcat/histwxstns/CRN/CRN_ZTCN5.zarr/
CW3E,CW3E_BCC,s3://cadcat/histwxstns/CW3E/CW3E_BCC.zarr/
CW3E,CW3E_BVS,s3://cadcat/histwxstns/CW3E/CW3E_BVS.zarr/
CW3E,CW3E_CAT,s3://cadcat/histwxstns/CW3E/CW3E_CAT.zarr/
CW3E,CW3E_DLA,s3://cadcat/histwxstns/CW3E/CW3E_DLA.zarr/
CW3E,CW3E_DRW,s3://cadcat/histwxstns/CW3E/CW3E_DRW.zarr/
CW3E,CW3E_FRC,s3://cadcat/histwxstns/CW3E/CW3E_FRC.zarr/
CW3E,CW3E_GPO,s3://cadcat/histwxstns/CW3E/CW3E_GPO.zarr/
CW3E,CW3E_HDC,s3://cadcat/histwxstns/CW3E/CW3E_HDC.zarr/
CW3E,CW3E_HRD,s3://cadcat/histwxstns/CW3E/CW3E_HRD.zarr/
CW3E,CW3E_NBB,s3://cadcat/histwxstns/CW3E/CW3E_NBB.zarr/
CW3E,CW3E_NCM,s3://cadcat/histwxstns/CW3E/CW3E_NCM.zarr/
CW3E,CW3E_POR,s3://cadcat/histwxstns/CW3E/CW3E_POR.zarr/
CW3E,CW3E_PVN,s3://cadcat/histwxstns/CW3E/CW3E_PVN.zarr/
CWOP,CWOP_AP001,s3://cadcat/histwxstns/CWOP/CWOP_AP001.zarr/
CWOP,CWOP_AP003,s3://cadcat/histwxstns/CWOP/CWOP_AP003.zarr/
CWOP,CWOP_AP009,s3://cadcat/histwxstns/CWOP/CWOP_AP009.zarr/
CWOP,CWOP_AP017,s3://cadcat/histwxstns/CWOP/CWOP_AP017.zarr/
CWOP,CWOP_AP020,s3://cadcat/histwxstns/CWOP/CWOP_AP020.zarr/
CWOP,CWOP_AP021,s3://cadcat/histwxstns/CWOP/CWOP_AP021.zarr/
CWOP,CWOP_AP023,s3://cadcat/histwxstns/CWOP/CWOP_AP023.zarr/
CWOP,CWOP_AP035,s3://cadcat/histwxstns/CWOP/CWOP_AP035.zarr/
CWOP,CWOP_AP036,s3://cadcat/histwxstns/CWOP/CWOP_AP036.zarr/
CWOP,CWOP_AP056,s3://cadcat/histwxstns/CWOP/CWOP_AP056.zarr/
CWOP,CWOP_AP059,s3://cadcat/histwxstns/CWOP/CWOP_AP059.zarr/
CWOP,CWOP_AP061,s3://cadcat/histwxstns/CWOP/CWOP_AP061.zarr/
CWOP,CWOP_AP075,s3://cadcat/histwxstns/CWOP/CWOP_AP075.zarr/
CWOP,CWOP_AP080,s3://cadcat/histwxstns/CWOP/CWOP_AP080.zarr/
CWOP,CWOP_AP102,s3://cadcat/histwxstns/CWOP/CWOP_AP102.zarr/
CWOP,CWOP_AP115,s3://cadcat/histwxstns/CWOP/CWOP_AP115.zarr/
CWOP,CWOP_AP117,s3://cadcat/histwxstns/CWOP/CWOP_AP117.zarr/
CWOP,CWOP_AP137,s3://cadcat/histwxstns/CWOP/CWOP_AP137.zarr/
CWOP,CWOP_AP139,s3://cadcat/histwxstns/CWOP/CWOP_AP139.zarr/
CWOP,CWOP_AP141,s3://cadcat/histwxstns/CWOP/CWOP_AP141.zarr/
CWOP,CWOP_AP153,s3://cadcat/histwxstns/CWOP/CWOP_AP153.zarr/
CWOP,CWOP_AP156,s3://cadcat/histwxstns/CWOP/CWOP_AP156.zarr/
CWOP,CWOP_AP160,s3://cadcat/histwxstns/CWOP/CWOP_AP160.zarr/
CWOP,CWOP_AP164,s3://cadcat/histwxstns/CWOP/CWOP_AP164.zarr/
CWOP,CWOP_AP171,s3://cadcat/histwxstns/CWOP/CWOP_AP171.zarr/
CWOP,CWOP_AP172,s3://cadcat/histwxstns/CWOP/CWOP_AP172.zarr/
CWOP,CWOP_AP176,s3://cadcat/histwxstns/CWOP/CWOP_AP176.zarr/
CWOP,CWOP_AP180,s3://cadcat/histwxstns/CWOP/CWOP_AP180.zarr/
CWOP,CWOP_AP182,s3://cadcat/histwxstns/CWOP/CWOP_AP182.zarr/
CWOP,CWOP_AP190,s3://cadcat/histwxstns/CWOP/CWOP_AP190.zarr/
CWOP,CWOP_AP191,s3://cadcat/histwxstns/CWOP/CWOP_AP191.zarr/
CWOP,CWOP_AP198,s3://cadcat/histwxstns/CWOP/CWOP_AP198.zarr/
CWOP,CWOP_AP199,s3://cadcat/histwxstns/CWOP/CWOP_AP199.zarr/
CWOP,CWOP_AP200,s3://cadcat/histwxstns/CWOP/CWOP_AP200.zarr/
CWOP,CWOP_AP201,s3://cadcat/histwxstns/CWOP/CWOP_AP201.zarr/
CWOP,CWOP_AP202,s3://cadcat/histwxstns/CWOP/CWOP_AP202.zarr/
CWOP,CWOP_AP203,s3://cadcat/histwxstns/CWOP/CWOP_AP203.zarr/
CWOP,CWOP_AP204,s3://cadcat/histwxstns/CWOP/CWOP_AP204.zarr/
CWOP,CWOP_AP208,s3://cadcat/histwxstns/CWOP/CWOP_AP208.zarr/
CWOP,CWOP_AP212,s3://cadcat/histwxstns/CWOP/CWOP_AP212.zarr/
CWOP,CWOP_AP213,s3://cadcat/histwxstns/CWOP/CWOP_AP213.zarr/
CWOP,CWOP_AP222,s3://cadcat/histwxstns/CWOP/CWOP_AP222.zarr/
CWOP,CWOP_AP223,s3://cadcat/histwxstns/CWOP/CWOP_AP223.zarr/
CWOP,CWOP_AP224,s3://cadcat/histwxstns/CWOP/CWOP_AP224.zarr/
CWOP,CWOP_AP250,s3://cadcat/histwxstns/CWOP/CWOP_AP250.zarr/
CWOP,CWOP_AP251,s3://cadcat/histwxstns/CWOP/CWOP_AP251.zarr/
CWOP,CWOP_AP253,s3://cadcat/histwxstns/CWOP/CWOP_AP253.zarr/
CWOP,CWOP_AP255,s3://cadcat/histwxstns/CWOP/CWOP_AP255.zarr/
CWOP,CWOP_AP263,s3://cadcat/histwxstns/CWOP/CWOP_AP263.zarr/
CWOP,CWOP_AP268,s3://cadcat/histwxstns/CWOP/CWOP_AP268.zarr/
CWOP,CWOP_AP269,s3://cadcat/histwxstns/CWOP/CWOP_AP269.zarr/
CWOP,CWOP_AP274,s3://cadcat/histwxstns/CWOP/CWOP_AP274.zarr/
CWOP,CWOP_AP277,s3://cadcat/histwxstns/CWOP/CWOP_AP277.zarr/
CWOP,CWOP_AP291,s3://cadcat/histwxstns/CWOP/CWOP_AP291.zarr/
CWOP,CWOP_AP323,s3://cadcat/histwxstns/CWOP/CWOP_AP323.zarr/
CWOP,CWOP_AP359,s3://cadcat/histwxstns/CWOP/CWOP_AP359.zarr/
CWOP,CWOP_AP390,s3://cadcat/histwxstns/CWOP/CWOP_AP390.zarr/
CWOP,CWOP_AP408,s3://cadcat/histwxstns/CWOP/CWOP_AP408.zarr/
CWOP,CWOP_AP409,s3://cadcat/histwxstns/CWOP/CWOP_AP409.zarr/
CWOP,CWOP_AP417,s3://cadcat/histwxstns/CWOP/CWOP_AP417.zarr/
CWOP,CWOP_AP421,s3://cadcat/histwxstns/CWOP/CWOP_AP421.zarr/
CWOP,CWOP_AP423,s3://cadcat/histwxstns/CWOP/CWOP_AP423.zarr/
CWOP,CWOP_AP469,s3://cadcat/histwxstns/CWOP/CWOP_AP469.zarr/
CWOP,CWOP_AP471,s3://cadcat/histwxstns/CWOP/CWOP_AP471.zarr/
CWOP,CWOP_AP472,s3://cadcat/histwxstns/CWOP/CWOP_AP472.zarr/
CWOP,CWOP_AP473,s3://cadcat/histwxstns/CWOP/CWOP_AP473.zarr/
CWOP,CWOP_AP474,s3://cadcat/histwxstns/CWOP/CWOP_AP474.zarr/
CWOP,CWOP_AP475,s3://cadcat/histwxstns/CWOP/CWOP_AP475.zarr/
CWOP,CWOP_AP476,s3://cadcat/histwxstns/CWOP/CWOP_AP476.zarr/
CWOP,CWOP_AP477,s3://cadcat/histwxstns/CWOP/CWOP_AP477.zarr/
CWOP,CWOP_AP478,s3://cadcat/histwxstns/CWOP/CWOP_AP478.zarr/
CWOP,CWOP_AP479,s3://cadcat/histwxstns/CWOP/CWOP_AP479.zarr/
CWOP,CWOP_AP490,s3://cadcat/histwxstns/CWOP/CWOP_AP490.zarr/
CWOP,CWOP_AP492,s3://cadcat/histwxstns/CWOP/CWOP_AP492.zarr/
CWOP,CWOP_AP510,s3://cadcat/histwxstns/CWOP/CWOP_AP510.zarr/
CWOP,CWOP_AP516,s3://cadcat/histwxstns/CWOP/CWOP_AP516.zarr/
CWOP,CWOP_AP517,s3://cadcat/histwxstns/CWOP/CWOP_AP517.zarr/
CWOP,CWOP_AP523,s3://cadcat/histwxstns/CWOP/CWOP_AP523.zarr/
CWOP,CWOP_AP525,s3://cadcat/histwxstns/CWOP/CWOP_AP525.zarr/
CWOP,CWOP_AP542,s3://cadcat/histwxstns/CWOP/CWOP_AP542.zarr/
CWOP,CWOP_AP571,s3://cadcat/histwxstns/CWOP/CWOP_AP571.zarr/
CWOP,CWOP_AP612,s3://cadcat/histwxstns/CWOP/CWOP_AP612.zarr/
CWOP,CWOP_AP660,s3://cadcat/histwxstns/CWOP/CWOP_AP660.zarr/
CWOP,CWOP_AP681,s3://cadcat/histwxstns/CWOP/CWOP_AP681.zarr/
CWOP,CWOP_AP684,s3://cadcat/histwxstns/CWOP/CWOP_AP684.zarr/
CWOP,CWOP_AP685,s3://cadcat/histwxstns/CWOP/CWOP_AP685.zarr/
CWOP,CWOP_AP699,s3://cadcat/histwxstns/CWOP/CWOP_AP699.zarr/
CWOP,CWOP_AP707,s3://cadcat/histwxstns/CWOP/CWOP_AP707.zarr/
CWOP,CWOP_AP710,s3://cadcat/histwxstns/CWOP/CWOP_AP710.zarr/
CWOP,CWOP_AP711,s3://cadcat/histwxstns/CWOP/CWOP_AP711.zarr/
CWOP,CWOP_AP713,s3://cadcat/histwxstns/CWOP/CWOP_AP713.zarr/
CWOP,CWOP_AP730,s3://cadcat/histwxstns/CWOP/CWOP_AP730.zarr/
CWOP,CWOP_AP731,s3://cadcat/histwxstns/CWOP/CWOP_AP731.zarr/
CWOP,CWOP_AP738,s3://cadcat/histwxstns/CWOP/CWOP_AP738.zarr/
CWOP,CWOP_AP739,s3://cadcat/histwxstns/CWOP/CWOP_AP739.zarr/
CWOP,CWOP_AP741,s3://cadcat/histwxstns/CWOP/CWOP_AP741.zarr/
CWOP,CWOP_AP744,s3://cadcat/histwxstns/CWOP/CWOP_AP744.zarr/
CWOP,CWOP_AP758,s3://cadcat/histwxstns/CWOP/CWOP_AP758.zarr/
CWOP,CWOP_AP759,s3://cadcat/histwxstns/CWOP/CWOP_AP759.zarr/
CWOP,CWOP_AP760,s3://cadcat/histwxstns/CWOP/CWOP_AP760.zarr/
CWOP,CWOP_AP788,s3://cadcat/histwxstns/CWOP/CWOP_AP788.zarr/
CWOP,CWOP_AP792,s3://cadcat/histwxstns/CWOP/CWOP_AP792.zarr/
CWOP,CWOP_AP795,s3://cadcat/histwxstns/CWOP/CWOP_AP795.zarr/
CWOP,CWOP_AP803,s3://cadcat/histwxstns/CWOP/CWOP_AP803.zarr/
CWOP,CWOP_AP804,s3://cadcat/histwxstns/CWOP/CWOP_AP804.zarr/
CWOP,CWOP_AP806,s3://cadcat/histwxstns/CWOP/CWOP_AP806.zarr/
CWOP,CWOP_AP820,s3://cadcat/histwxstns/CWOP/CWOP_AP820.zarr/
CWOP,CWOP_AP840,s3://cadcat/histwxstns/CWOP/CWOP_AP840.zarr/
CWOP,CWOP_AP841,s3://cadcat/histwxstns/CWOP/CWOP_AP841.zarr/
CWOP,CWOP_AP844,s3://cadcat/histwxstns/CWOP/CWOP_AP844.zarr/
CWOP,CWOP_AP845,s3://cadcat/histwxstns/CWOP/CWOP_AP845.zarr/
CWOP,CWOP_AP883,s3://cadcat/histwxstns/CWOP/CWOP_AP883.zarr/
CWOP,CWOP_AP884,s3://cadcat/histwxstns/CWOP/CWOP_AP884.zarr/
CWOP,CWOP_AP885,s3://cadcat/histwxstns/CWOP/CWOP_AP885.zarr/
CWOP,CWOP_AP886,s3://cadcat/histwxstns/CWOP/CWOP_AP886.zarr/
CWOP,CWOP_AP887,s3://cadcat/histwxstns/CWOP/CWOP_AP887.zarr/
CWOP,CWOP_AP888,s3://cadcat/histwxstns/CWOP/CWOP_AP888.zarr/
CWOP,CWOP_AP889,s3://cadcat/histwxstns/CWOP/CWOP_AP889.zarr/
CWOP,CWOP_AP890,s3://cadcat/histwxstns/CWOP/CWOP_AP890.zarr/
CWOP,CWOP_AP891,s3://cadcat/histwxstns/CWOP/CWOP_AP891.zarr/
CWOP,CWOP_AP892,s3://cadcat/histwxstns/CWOP/CWOP_AP892.zarr/
CWOP,CWOP_AP893,s3://cadcat/histwxstns/CWOP/CWOP_AP893.zarr/
CWOP,CWOP_AP894,s3://cadcat/histwxstns/CWOP/CWOP_AP894.zarr/
CWOP,CWOP_AP895,s3://cadcat/histwxstns/CWOP/CWOP_AP895.zarr/
CWOP,CWOP_AP896,s3://cadcat/histwxstns/CWOP/CWOP_AP896.zarr/
CWOP,CWOP_AP897,s3://cadcat/histwxstns/CWOP/CWOP_AP897.zarr/
CWOP,CWOP_AP898,s3://cadcat/histwxstns/CWOP/CWOP_AP898.zarr/
CWOP,CWOP_AP899,s3://cadcat/histwxstns/CWOP/CWOP_AP899.zarr/
CWOP,CWOP_AP900,s3://cadcat/histwxstns/CWOP/CWOP_AP900.zarr/
CWOP,CWOP_AP901,s3://cadcat/histwxstns/CWOP/CWOP_AP901.zarr/
CWOP,CWOP_AP902,s3://cadcat/histwxstns/CWOP/CWOP_AP902.zarr/
CWOP,CWOP_AP903,s3://cadcat/histwxstns/CWOP/CWOP_AP903.zarr/
CWOP,CWOP_AP904,s3://cadcat/histwxstns/CWOP/CWOP_AP904.zarr/
CWOP,CWOP_AP906,s3://cadcat/histwxstns/CWOP/CWOP_AP906.zarr/
CWOP,CWOP_AP907,s3://cadcat/histwxstns/CWOP/CWOP_AP907.zarr/
CWOP,CWOP_AP917,s3://cadcat/histwxstns/CWOP/CWOP_AP917.zarr/
CWOP,CWOP_AP943,s3://cadcat/histwxstns/CWOP/CWOP_AP943.zarr/
CWOP,CWOP_AP954,s3://cadcat/histwxstns/CWOP/CWOP_AP954.zarr/
CWOP,CWOP_AP959,s3://cadcat/histwxstns/CWOP/CWOP_AP959.zarr/
CWOP,CWOP_AP983,s3://cadcat/histwxstns/CWOP/CWOP_AP983.zarr/
CWOP,CWOP_AP990,s3://cadcat/histwxstns/CWOP/CWOP_AP990.zarr/
CWOP,CWOP_AR044,s3://cadcat/histwxstns/CWOP/CWOP_AR044.zarr/
CWOP,CWOP_AR051,s3://cadcat/histwxstns/CWOP/CWOP_AR051.zarr/
CWOP,CWOP_AR066,s3://cadcat/histwxstns/CWOP/CWOP_AR066.zarr/
CWOP,CWOP_AR067,s3://cadcat/histwxstns/CWOP/CWOP_AR067.zarr/
CWOP,CWOP_AR069,s3://cadcat/histwxstns/CWOP/CWOP_AR069.zarr/
CWOP,CWOP_AR070,s3://cadcat/histwxstns/CWOP/CWOP_AR070.zarr/
CWOP,CWOP_AR106,s3://cadcat/histwxstns/CWOP/CWOP_AR106.zarr/
CWOP,CWOP_AR115,s3://cadcat/histwxstns/CWOP/CWOP_AR115.zarr/
CWOP,CWOP_AR121,s3://cadcat/histwxstns/CWOP/CWOP_AR121.zarr/
CWOP,CWOP_AR135,s3://cadcat/histwxstns/CWOP/CWOP_AR135.zarr/
CWOP,CWOP_AR136,s3://cadcat/histwxstns/CWOP/CWOP_AR136.zarr/
CWOP,CWOP_AR137,s3://cadcat/histwxstns/CWOP/CWOP_AR137.zarr/
CWOP,CWOP_AR138,s3://cadcat/histwxstns/CWOP/CWOP_AR138.zarr/
CWOP,CWOP_AR144,s3://cadcat/histwxstns/CWOP/CWOP_AR144.zarr/
CWOP,CWOP_AR146,s3://cadcat/histwxstns/CWOP/CWOP_AR146.zarr/
CWOP,CWOP_AR148,s3://cadcat/histwxstns/CWOP/CWOP_AR148.zarr/
CWOP,CWOP_AR159,s3://cadcat/histwxstns/CWOP/CWOP_AR159.zarr/
CWOP,CWOP_AR161,s3://cadcat/histwxstns/CWOP/CWOP_AR161.zarr/
CWOP,CWOP_AR163,s3://cadcat/histwxstns/CWOP/CWOP_AR163.zarr/
CWOP,CWOP_AR164,s3://cadcat/histwxstns/CWOP/CWOP_AR164.zarr/
CWOP,CWOP_AR165,s3://cadcat/histwxstns/CWOP/CWOP_AR165.zarr/
CWOP,CWOP_AR167,s3://cadcat/histwxstns/CWOP/CWOP_AR167.zarr/
CWOP,CWOP_AR169,s3://cadcat/histwxstns/CWOP/CWOP_AR169.zarr/
CWOP,CWOP_AR172,s3://cadcat/histwxstns/CWOP/CWOP_AR172.zarr/
CWOP,CWOP_AR177,s3://cadcat/histwxstns/CWOP/CWOP_AR177.zarr/
CWOP,CWOP_AR180,s3://cadcat/histwxstns/CWOP/CWOP_AR180.zarr/
CWOP,CWOP_AR181,s3://cadcat/histwxstns/CWOP/CWOP_AR181.zarr/
CWOP,CWOP_AR183,s3://cadcat/histwxstns/CWOP/CWOP_AR183.zarr/
CWOP,CWOP_AR184,s3://cadcat/histwxstns/CWOP/CWOP_AR184.zarr/
CWOP,CWOP_AR190,s3://cadcat/histwxstns/CWOP/CWOP_AR190.zarr/
CWOP,CWOP_AR193,s3://cadcat/histwxstns/CWOP/CWOP_AR193.zarr/
CWOP,CWOP_AR195,s3://cadcat/histwxstns/CWOP/CWOP_AR195.zarr/
CWOP,CWOP_AR196,s3://cadcat/histwxstns/CWOP/CWOP_AR196.zarr/
CWOP,CWOP_AR197,s3://cadcat/histwxstns/CWOP/CWOP_AR197.zarr/
CWOP,CWOP_AR199,s3://cadcat/histwxstns/CWOP/CWOP_AR199.zarr/
CWOP,CWOP_AR200,s3://cadcat/histwxstns/CWOP/CWOP_AR200.zarr/
CWOP,CWOP_AR208,s3://cadcat/histwxstns/CWOP/CWOP_AR208.zarr/
CWOP,CWOP_AR216,s3://cadcat/histwxstns/CWOP/CWOP_AR216.zarr/
CWOP,CWOP_AR218,s3://cadcat/histwxstns/CWOP/CWOP_AR218.zarr/
CWOP,CWOP_AR219,s3://cadcat/histwxstns/CWOP/CWOP_AR219.zarr/
CWOP,CWOP_AR220,s3://cadcat/histwxstns/CWOP/CWOP_AR220.zarr/
CWOP,CWOP_AR221,s3://cadcat/histwxstns/CWOP/CWOP_AR221.zarr/
CWOP,CWOP_AR225,s3://cadcat/histwxstns/CWOP/CWOP_AR225.zarr/
CWOP,CWOP_AR227,s3://cadcat/histwxstns/CWOP/CWOP_AR227.zarr/
CWOP,CWOP_AR228,s3://cadcat/histwxstns/CWOP/CWOP_AR228.zarr/
CWOP,CWOP_AR231,s3://cadcat/histwxstns/CWOP/CWOP_AR231.zarr/
CWOP,CWOP_AR232,s3://cadcat/histwxstns/CWOP/CWOP_AR232.zarr/
CWOP,CWOP_AR234,s3://cadcat/histwxstns/CWOP/CWOP_AR234.zarr/
CWOP,CWOP_AR235,s3://cadcat/histwxstns/CWOP/CWOP_AR235.zarr/
CWOP,CWOP_AR246,s3://cadcat/histwxstns/CWOP/CWOP_AR246.zarr/
CWOP,CWOP_AR248,s3://cadcat/histwxstns/CWOP/CWOP_AR248.zarr/
CWOP,CWOP_AR252,s3://cadcat/histwxstns/CWOP/CWOP_AR252.zarr/
CWOP,CWOP_AR261,s3://cadcat/histwxstns/CWOP/CWOP_AR261.zarr/
CWOP,CWOP_AR262,s3://cadcat/histwxstns/CWOP/CWOP_AR262.zarr/
CWOP,CWOP_AR264,s3://cadcat/histwxstns/CWOP/CWOP_AR264.zarr/
CWOP,CWOP_AR266,s3://cadcat/histwxstns/CWOP/CWOP_AR266.zarr/
CWOP,CWOP_AR269,s3://cadcat/histwxstns/CWOP/CWOP_AR269.zarr/
CWOP,CWOP_AR281,s3://cadcat/histwxstns/CWOP/CWOP_AR281.zarr/
CWOP,CWOP_AR282,s3://cadcat/histwxstns/CWOP/CWOP_AR282.zarr/
CWOP,CWOP_AR283,s3://cadcat/histwxstns/CWOP/CWOP_AR283.zarr/
CWOP,CWOP_AR284,s3://cadcat/histwxstns/CWOP/CWOP_AR284.zarr/
CWOP,CWOP_AR287,s3://cadcat/histwxstns/CWOP/CWOP_AR287.zarr/
CWOP,CWOP_AR304,s3://cadcat/histwxstns/CWOP/CWOP_AR304.zarr/
CWOP,CWOP_AR305,s3://cadcat/histwxstns/CWOP/CWOP_AR305.zarr/
CWOP,CWOP_AR306,s3://cadcat/histwxstns/CWOP/CWOP_AR306.zarr/
CWOP,CWOP_AR307,s3://cadcat/histwxstns/CWOP/CWOP_AR307.zarr/
CWOP,CWOP_AR309,s3://cadcat/histwxstns/CWOP/CWOP_AR309.zarr/
CWOP,CWOP_AR312,s3://cadcat/histwxstns/CWOP/CWOP_AR312.zarr/
CWOP,CWOP_AR313,s3://cadcat/histwxstns/CWOP/CWOP_AR313.zarr/
CWOP,CWOP_AR314,s3://cadcat/histwxstns/CWOP/CWOP_AR314.zarr/
CWOP,CWOP_AR316,s3://cadcat/histwxstns/CWOP/CWOP_AR316.zarr/
CWOP,CWOP_AR320,s3://cadcat/histwxstns/CWOP/CWOP_AR320.zarr/
CWOP,CWOP_AR323,s3://cadcat/histwxstns/CWOP/CWOP_AR323.zarr/
CWOP,CWOP_AR335,s3://cadcat/histwxstns/CWOP/CWOP_AR335.zarr/
CWOP,CWOP_AR350,s3://cadcat/histwxstns/CWOP/CWOP_AR350.zarr/
CWOP,CWOP_AR352,s3://cadcat/histwxstns/CWOP/CWOP_AR352.zarr/
CWOP,CWOP_AR354,s3://cadcat/histwxstns/CWOP/CWOP_AR354.zarr/
CWOP,CWOP_AR364,s3://cadcat/histwxstns/CWOP/CWOP_AR364.zarr/
CWOP,CWOP_AR365,s3://cadcat/histwxstns/CWOP/CWOP_AR365.zarr/
CWOP,CWOP_AR368,s3://cadcat/histwxstns/CWOP/CWOP_AR368.zarr/
CWOP,CWOP_AR370,s3://cadcat/histwxstns/CWOP/CWOP_AR370.zarr/
CWOP,CWOP_AR371,s3://cadcat/histwxstns/CWOP/CWOP_AR371.zarr/
CWOP,CWOP_AR373,s3://cadcat/histwxstns/CWOP/CWOP_AR373.zarr/
CWOP,CWOP_AR390,s3://cadcat/histwxstns/CWOP/CWOP_AR390.zarr/
CWOP,CWOP_AR403,s3://cadcat/histwxstns/CWOP/CWOP_AR403.zarr/
CWOP,CWOP_AR412,s3://cadcat/histwxstns/CWOP/CWOP_AR412.zarr/
CWOP,CWOP_AR434,s3://cadcat/histwxstns/CWOP/CWOP_AR434.zarr/
CWOP,CWOP_AR453,s3://cadcat/histwxstns/CWOP/CWOP_AR453.zarr/
CWOP,CWOP_AR454,s3://cadcat/histwxstns/CWOP/CWOP_AR454.zarr/
CWOP,CWOP_AR455,s3://cadcat/histwxstns/CWOP/CWOP_AR455.zarr/
CWOP,CWOP_AR456,s3://cadcat/histwxstns/CWOP/CWOP_AR456.zarr/
CWOP,CWOP_AR463,s3://cadcat/histwxstns/CWOP/CWOP_AR463.zarr/
CWOP,CWOP_AR464,s3://cadcat/histwxstns/CWOP/CWOP_AR464.zarr/
CWOP,CWOP_AR482,s3://cadcat/histwxstns/CWOP/CWOP_AR482.zarr/
CWOP,CWOP_AR500,s3://cadcat/histwxstns/CWOP/CWOP_AR500.zarr/
CWOP,CWOP_AR513,s3://cadcat/histwxstns/CWOP/CWOP_AR513.zarr/
CWOP,CWOP_AR523,s3://cadcat/histwxstns/CWOP/CWOP_AR523.zarr/
CWOP,CWOP_AR531,s3://cadcat/histwxstns/CWOP/CWOP_AR531.zarr/
CWOP,CWOP_AR534,s3://cadcat/histwxstns/CWOP/CWOP_AR534.zarr/
CWOP,CWOP_AR536,s3://cadcat/histwxstns/CWOP/CWOP_AR536.zarr/
CWOP,CWOP_AR537,s3://cadcat/histwxstns/CWOP/CWOP_AR537.zarr/
CWOP,CWOP_AR539,s3://cadcat/histwxstns/CWOP/CWOP_AR539.zarr/
CWOP,CWOP_AR540,s3://cadcat/histwxstns/CWOP/CWOP_AR540.zarr/
CWOP,CWOP_AR541,s3://cadcat/histwxstns/CWOP/CWOP_AR541.zarr/
CWOP,CWOP_AR549,s3://cadcat/histwxstns/CWOP/CWOP_AR549.zarr/
CWOP,CWOP_AR551,s3://cadcat/histwxstns/CWOP/CWOP_AR551.zarr/
CWOP,CWOP_AR560,s3://cadcat/histwxstns/CWOP/CWOP_AR560.zarr/
CWOP,CWOP_AR566,s3://cadcat/histwxstns/CWOP/CWOP_AR566.zarr/
CWOP,CWOP_AR568,s3://cadcat/histwxstns/CWOP/CWOP_AR568.zarr/
CWOP,CWOP_AR570,s3://cadcat/histwxstns/CWOP/CWOP_AR570.zarr/
CWOP,CWOP_AR590,s3://cadcat/histwxstns/CWOP/CWOP_AR590.zarr/
CWOP,CWOP_AR622,s3://cadcat/histwxstns/CWOP/CWOP_AR622.zarr/
CWOP,CWOP_AR623,s3://cadcat/histwxstns/CWOP/CWOP_AR623.zarr/
CWOP,CWOP_AR628,s3://cadcat/histwxstns/CWOP/CWOP_AR628.zarr/
CWOP,CWOP_AR634,s3://cadcat/histwxstns/CWOP/CWOP_AR634.zarr/
CWOP,CWOP_AR638,s3://cadcat/histwxstns/CWOP/CWOP_AR638.zarr/
CWOP,CWOP_AR645,s3://cadcat/histwxstns/CWOP/CWOP_AR645.zarr/
CWOP,CWOP_AR646,s3://cadcat/histwxstns/CWOP/CWOP_AR646.zarr/
CWOP,CWOP_AR652,s3://cadcat/histwxstns/CWOP/CWOP_AR652.zarr/
CWOP,CWOP_AR662,s3://cadcat/histwxstns/CWOP/CWOP_AR662.zarr/
CWOP,CWOP_AR667,s3://cadcat/histwxstns/CWOP/CWOP_AR667.zarr/
CWOP,CWOP_AR672,s3://cadcat/histwxstns/CWOP/CWOP_AR672.zarr/
CWOP,CWOP_AR673,s3://cadcat/histwxstns/CWOP/CWOP_AR673.zarr/
CWOP,CWOP_AR674,s3://cadcat/histwxstns/CWOP/CWOP_AR674.zarr/
CWOP,CWOP_AR683,s3://cadcat/histwxstns/CWOP/CWOP_AR683.zarr/
CWOP,CWOP_AR685,s3://cadcat/histwxstns/CWOP/CWOP_AR685.zarr/
CWOP,CWOP_AR701,s3://cadcat/histwxstns/CWOP/CWOP_AR701.zarr/
CWOP,CWOP_AR710,s3://cadcat/histwxstns/CWOP/CWOP_AR710.zarr/
CWOP,CWOP_AR716,s3://cadcat/histwxstns/CWOP/CWOP_AR716.zarr/
CWOP,CWOP_AR718,s3://cadcat/histwxstns/CWOP/CWOP_AR718.zarr/
CWOP,CWOP_AR720,s3://cadcat/histwxstns/CWOP/CWOP_AR720.zarr/
CWOP,CWOP_AR722,s3://cadcat/histwxstns/CWOP/CWOP_AR722.zarr/
CWOP,CWOP_AR728,s3://cadcat/histwxstns/CWOP/CWOP_AR728.zarr/
CWOP,CWOP_AR738,s3://cadcat/histwxstns/CWOP/CWOP_AR738.zarr/
CWOP,CWOP_AR741,s3://cadcat/histwxstns/CWOP/CWOP_AR741.zarr/
CWOP,CWOP_AR742,s3://cadcat/histwxstns/CWOP/CWOP_AR742.zarr/
CWOP,CWOP_AR743,s3://cadcat/histwxstns/CWOP/CWOP_AR743.zarr/
CWOP,CWOP_AR745,s3://cadcat/histwxstns/CWOP/CWOP_AR745.zarr/
CWOP,CWOP_AR746,s3://cadcat/histwxstns/CWOP/CWOP_AR746.zarr/
CWOP,CWOP_AR749,s3://cadcat/histwxstns/CWOP/CWOP_AR749.zarr/
CWOP,CWOP_AR752,s3://cadcat/histwxstns/CWOP/CWOP_AR752.zarr/
CWOP,CWOP_AR753,s3://cadcat/histwxstns/CWOP/CWOP_AR753.zarr/
CWOP,CWOP_AR754,s3://cadcat/histwxstns/CWOP/CWOP_AR754.zarr/
CWOP,CWOP_AR756,s3://cadcat/histwxstns/CWOP/CWOP_AR756.zarr/
CWOP,CWOP_AR758,s3://cadcat/histwxstns/CWOP/CWOP_AR758.zarr/
CWOP,CWOP_AR765,s3://cadcat/histwxstns/CWOP/CWOP_AR765.zarr/
CWOP,CWOP_AR769,s3://cadcat/histwxstns/CWOP/CWOP_AR769.zarr/
CWOP,CWOP_AR770,s3://cadcat/histwxstns/CWOP/CWOP_AR770.zarr/
CWOP,CWOP_AR772,s3://cadcat/histwxstns/CWOP/CWOP_AR772.zarr/
CWOP,CWOP_AR773,s3://cadcat/histwxstns/CWOP/CWOP_AR773.zarr/
CWOP,CWOP_AR774,s3://cadcat/histwxstns/CWOP/CWOP_AR774.zarr/
CWOP,CWOP_AR775,s3://cadcat/histwxstns/CWOP/CWOP_AR775.zarr/
CWOP,CWOP_AR776,s3://cadcat/histwxstns/CWOP/CWOP_AR776.zarr/
CWOP,CWOP_AR778,s3://cadcat/histwxstns/CWOP/CWOP_AR778.zarr/
CWOP,CWOP_AR779,s3://cadcat/histwxstns/CWOP/CWOP_AR779.zarr/
CWOP,CWOP_AR780,s3://cadcat/histwxstns/CWOP/CWOP_AR780.zarr/
CWOP,CWOP_AR786,s3://cadcat/histwxstns/CWOP/CWOP_AR786.zarr/
CWOP,CWOP_AR795,s3://cadcat/histwxstns/CWOP/CWOP_AR795.zarr/
CWOP,CWOP_AR798,s3://cadcat/histwxstns/CWOP/CWOP_AR798.zarr/
CWOP,CWOP_AR807,s3://cadcat/histwxstns/CWOP/CWOP_AR807.zarr/
CWOP,CWOP_AR809,s3://cadcat/histwxstns/CWOP/CWOP_AR809.zarr/
CWOP,CWOP_AR815,s3://cadcat/histwxstns/CWOP/CWOP_AR815.zarr/
CWOP,CWOP_AR826,s3://cadcat/histwxstns/CWOP/CWOP_AR826.zarr/
CWOP,CWOP_AR856,s3://cadcat/histwxstns/CWOP/CWOP_AR856.zarr/
CWOP,CWOP_AR857,s3://cadcat/histwxstns/CWOP/CWOP_AR857.zarr/
CWOP,CWOP_AR858,s3://cadcat/histwxstns/CWOP/CWOP_AR858.zarr/
CWOP,CWOP_AR861,s3://cadcat/histwxstns/CWOP/CWOP_AR861.zarr/
CWOP,CWOP_AR880,s3://cadcat/histwxstns/CWOP/CWOP_AR880.zarr/
CWOP,CWOP_AR887,s3://cadcat/histwxstns/CWOP/CWOP_AR887.zarr/
CWOP,CWOP_AR891,s3://cadcat/histwxstns/CWOP/CWOP_AR891.zarr/
CWOP,CWOP_AR896,s3://cadcat/histwxstns/CWOP/CWOP_AR896.zarr/
CWOP,CWOP_AR904,s3://cadcat/histwxstns/CWOP/CWOP_AR904.zarr/
CWOP,CWOP_AR915,s3://cadcat/histwxstns/CWOP/CWOP_AR915.zarr/
CWOP,CWOP_AR944,s3://cadcat/histwxstns/CWOP/CWOP_AR944.zarr/
CWOP,CWOP_AR969,s3://cadcat/histwxstns/CWOP/CWOP_AR969.zarr/
CWOP,CWOP_AR983,s3://cadcat/histwxstns/CWOP/CWOP_AR983.zarr/
CWOP,CWOP_AR987,s3://cadcat/histwxstns/CWOP/CWOP_AR987.zarr/
CWOP,CWOP_AR999,s3://cadcat/histwxstns/CWOP/CWOP_AR999.zarr/
CWOP,CWOP_AS014,s3://cadcat/histwxstns/CWOP/CWOP_AS014.zarr/
CWOP,CWOP_AS015,s3://cadcat/histwxstns/CWOP/CWOP_AS015.zarr/
CWOP,CWOP_AS028,s3://cadcat/histwxstns/CWOP/CWOP_AS028.zarr/
CWOP,CWOP_AS030,s3://cadcat/histwxstns/CWOP/CWOP_AS030.zarr/
CWOP,CWOP_AS033,s3://cadcat/histwxstns/CWOP/CWOP_AS033.zarr/
CWOP,CWOP_AS035,s3://cadcat/histwxstns/CWOP/CWOP_AS035.zarr/
CWOP,CWOP_AS051,s3://cadcat/histwxstns/CWOP/CWOP_AS051.zarr/
CWOP,CWOP_AS058,s3://cadcat/histwxstns/CWOP/CWOP_AS058.zarr/
CWOP,CWOP_AS061,s3://cadcat/histwxstns/CWOP/CWOP_AS061.zarr/
CWOP,CWOP_AS062,s3://cadcat/histwxstns/CWOP/CWOP_AS062.zarr/
CWOP,CWOP_AS063,s3://cadcat/histwxstns/CWOP/CWOP_AS063.zarr/
CWOP,CWOP_AS070,s3://cadcat/histwxstns/CWOP/CWOP_AS070.zarr/
CWOP,CWOP_AS072,s3://cadcat/histwxstns/CWOP/CWOP_AS072.zarr/
CWOP,CWOP_AS084,s3://cadcat/histwxstns/CWOP/CWOP_AS084.zarr/
CWOP,CWOP_AS088,s3://cadcat/histwxstns/CWOP/CWOP_AS088.zarr/
CWOP,CWOP_AS095,s3://cadcat/histwxstns/CWOP/CWOP_AS095.zarr/
CWOP,CWOP_AS105,s3://cadcat/histwxstns/CWOP/CWOP_AS105.zarr/
CWOP,CWOP_AS106,s3://cadcat/histwxstns/CWOP/CWOP_AS106.zarr/
CWOP,CWOP_AS109,s3://cadcat/histwxstns/CWOP/CWOP_AS109.zarr/
CWOP,CWOP_AS112,s3://cadcat/histwxstns/CWOP/CWOP_AS112.zarr/
CWOP,CWOP_AS128,s3://cadcat/histwxstns/CWOP/CWOP_AS128.zarr/
CWOP,CWOP_AS133,s3://cadcat/histwxstns/CWOP/CWOP_AS133.zarr/
CWOP,CWOP_AS142,s3://cadcat/histwxstns/CWOP/CWOP_AS142.zarr/
CWOP,CWOP_AS144,s3://cadcat/histwxstns/CWOP/CWOP_AS144.zarr/
CWOP,CWOP_AS145,s3://cadcat/histwxstns/CWOP/CWOP_AS145.zarr/
CWOP,CWOP_AS151,s3://cadcat/histwxstns/CWOP/CWOP_AS151.zarr/
CWOP,CWOP_AS153,s3://cadcat/histwxstns/CWOP/CWOP_AS153.zarr/
CWOP,CWOP_AS156,s3://cadcat/histwxstns/CWOP/CWOP_AS156.zarr/
CWOP,CWOP_AS186,s3://cadcat/histwxstns/CWOP/CWOP_AS186.zarr/
CWOP,CWOP_AS189,s3://cadcat/histwxstns/CWOP/CWOP_AS189.zarr/
CWOP,CWOP_AS191,s3://cadcat/histwxstns/CWOP/CWOP_AS191.zarr/
CWOP,CWOP_AS192,s3://cadcat/histwxstns/CWOP/CWOP_AS192.zarr/
CWOP,CWOP_AS198,s3://cadcat/histwxstns/CWOP/CWOP_AS198.zarr/
CWOP,CWOP_AS201,s3://cadcat/histwxstns/CWOP/CWOP_AS201.zarr/
CWOP,CWOP_AS206,s3://cadcat/histwxstns/CWOP/CWOP_AS206.zarr/
CWOP,CWOP_AS213,s3://cadcat/histwxstns/CWOP/CWOP_AS213.zarr/
CWOP,CWOP_AS223,s3://cadcat/histwxstns/CWOP/CWOP_AS223.zarr/
CWOP,CWOP_AS224,s3://cadcat/histwxstns/CWOP/CWOP_AS224.zarr/
CWOP,CWOP_AS225,s3://cadcat/histwxstns/CWOP/CWOP_AS225.zarr/
CWOP,CWOP_AS230,s3://cadcat/histwxstns/CWOP/CWOP_AS230.zarr/
CWOP,CWOP_AS240,s3://cadcat/histwxstns/CWOP/CWOP_AS240.zarr/
CWOP,CWOP_AS249,s3://cadcat/histwxstns/CWOP/CWOP_AS249.zarr/
CWOP,CWOP_AS252,s3://cadcat/histwxstns/CWOP/CWOP_AS252.zarr/
CWOP,CWOP_AS264,s3://cadcat/histwxstns/CWOP/CWOP_AS264.zarr/
CWOP,CWOP_AS268,s3://cadcat/histwxstns/CWOP/CWOP_AS268.zarr/
CWOP,CWOP_AS275,s3://cadcat/histwxstns/CWOP/CWOP_AS275.zarr/
CWOP,CWOP_AS290,s3://cadcat/histwxstns/CWOP/CWOP_AS290.zarr/
CWOP,CWOP_AS293,s3://cadcat/histwxstns/CWOP/CWOP_AS293.zarr/
CWOP,CWOP_AS296,s3://cadcat/histwxstns/CWOP/CWOP_AS296.zarr/
CWOP,CWOP_AS298,s3://cadcat/histwxstns/CWOP/CWOP_AS298.zarr/
CWOP,CWOP_AS303,s3://cadcat/histwxstns/CWOP/CWOP_AS303.zarr/
CWOP,CWOP_AS304,s3://cadcat/histwxstns/CWOP/CWOP_AS304.zarr/
CWOP,CWOP_AS308,s3://cadcat/histwxstns/CWOP/CWOP_AS308.zarr/
CWOP,CWOP_AS312,s3://cadcat/histwxstns/CWOP/CWOP_AS312.zarr/
CWOP,CWOP_AS316,s3://cadcat/histwxstns/CWOP/CWOP_AS316.zarr/
CWOP,CWOP_AS319,s3://cadcat/histwxstns/CWOP/CWOP_AS319.zarr/
CWOP,CWOP_AS320,s3://cadcat/histwxstns/CWOP/CWOP_AS320.zarr/
CWOP,CWOP_AS324,s3://cadcat/histwxstns/CWOP/CWOP_AS324.zarr/
CWOP,CWOP_AS325,s3://cadcat/histwxstns/CWOP/CWOP_AS325.zarr/
CWOP,CWOP_AS326,s3://cadcat/histwxstns/CWOP/CWOP_AS326.zarr/
CWOP,CWOP_AS335,s3://cadcat/histwxstns/CWOP/CWOP_AS335.zarr/
CWOP,CWOP_AS336,s3://cadcat/histwxstns/CWOP/CWOP_AS336.zarr/
CWOP,CWOP_AS339,s3://cadcat/histwxstns/CWOP/CWOP_AS339.zarr/
CWOP,CWOP_AS341,s3://cadcat/histwxstns/CWOP/CWOP_AS341.zarr/
CWOP,CWOP_AS349,s3://cadcat/histwxstns/CWOP/CWOP_AS349.zarr/
CWOP,CWOP_AS357,s3://cadcat/histwxstns/CWOP/CWOP_AS357.zarr/
CWOP,CWOP_AS360,s3://cadcat/histwxstns/CWOP/CWOP_AS360.zarr/
CWOP,CWOP_AS363,s3://cadcat/histwxstns/CWOP/CWOP_AS363.zarr/
CWOP,CWOP_AS386,s3://cadcat/histwxstns/CWOP/CWOP_AS386.zarr/
CWOP,CWOP_AS397,s3://cadcat/histwxstns/CWOP/CWOP_AS397.zarr/
CWOP,CWOP_AS399,s3://cadcat/histwxstns/CWOP/CWOP_AS399.zarr/
CWOP,CWOP_AS405,s3://cadcat/histwxstns/CWOP/CWOP_AS405.zarr/
CWOP,CWOP_AS408,s3://cadcat/histwxstns/CWOP/CWOP_AS408.zarr/
CWOP,CWOP_AS414,s3://cadcat/histwxstns/CWOP/CWOP_AS414.zarr/
CWOP,CWOP_AS416,s3://cadcat/histwxstns/CWOP/CWOP_AS416.zarr/
CWOP,CWOP_AS418,s3://cadcat/histwxstns/CWOP/CWOP_AS418.zarr/
CWOP,CWOP_AS419,s3://cadcat/histwxstns/CWOP/CWOP_AS419.zarr/
CWOP,CWOP_AS426,s3://cadcat/histwxstns/CWOP/CWOP_AS426.zarr/
CWOP,CWOP_AS432,s3://cadcat/histwxstns/CWOP/CWOP_AS432.zarr/
CWOP,CWOP_AS436,s3://cadcat/histwxstns/CWOP/CWOP_AS436.zarr/
CWOP,CWOP_AS439,s3://cadcat/histwxstns/CWOP/CWOP_AS439.zarr/
CWOP,CWOP_AS445,s3://cadcat/histwxstns/CWOP/CWOP_AS445.zarr/
CWOP,CWOP_AS446,s3://cadcat/histwxstns/CWOP/CWOP_AS446.zarr/
CWOP,CWOP_AS455,s3://cadcat/histwxstns/CWOP/CWOP_AS455.zarr/
CWOP,CWOP_AS456,s3://cadcat/histwxstns/CWOP/CWOP_AS456.zarr/
CWOP,CWOP_AS457,s3://cadcat/histwxstns/CWOP/CWOP_AS457.zarr/
CWOP,CWOP_AS459,s3://cadcat/histwxstns/CWOP/CWOP_AS459.zarr/
CWOP,CWOP_AS461,s3://cadcat/histwxstns/CWOP/CWOP_AS461.zarr/
CWOP,CWOP_AS462,s3://cadcat/histwxstns/CWOP/CWOP_AS462.zarr/
CWOP,CWOP_AS463,s3://cadcat/histwxstns/CWOP/CWOP_AS463.zarr/
CWOP,CWOP_AS469,s3://cadcat/histwxstns/CWOP/CWOP_AS469.zarr/
CWOP,CWOP_AS472,s3://cadcat/histwxstns/CWOP/CWOP_AS472.zarr/
CWOP,CWOP_AS474,s3://cadcat/histwxstns/CWOP/CWOP_AS474.zarr/
CWOP,CWOP_AS478,s3://cadcat/histwxstns/CWOP/CWOP_AS478.zarr/
CWOP,CWOP_AS482,s3://cadcat/histwxstns/CWOP/CWOP_AS482.zarr/
CWOP,CWOP_AS485,s3://cadcat/histwxstns/CWOP/CWOP_AS485.zarr/
CWOP,CWOP_AS488,s3://cadcat/histwxstns/CWOP/CWOP_AS488.zarr/
CWOP,CWOP_AS490,s3://cadcat/histwxstns/CWOP/CWOP_AS490.zarr/
CWOP,CWOP_AS493,s3://cadcat/histwxstns/CWOP/CWOP_AS493.zarr/
CWOP,CWOP_AS498,s3://cadcat/histwxstns/CWOP/CWOP_AS498.zarr/
CWOP,CWOP_AS500,s3://cadcat/histwxstns/CWOP/CWOP_AS500.zarr/
CWOP,CWOP_AS504,s3://cadcat/histwxstns/CWOP/CWOP_AS504.zarr/
CWOP,CWOP_AS509,s3://cadcat/histwxstns/CWOP/CWOP_AS509.zarr/
CWOP,CWOP_AS514,s3://cadcat/histwxstns/CWOP/CWOP_AS514.zarr/
CWOP,CWOP_AS515,s3://cadcat/histwxstns/CWOP/CWOP_AS515.zarr/
CWOP,CWOP_AS516,s3://cadcat/histwxstns/CWOP/CWOP_AS516.zarr/
CWOP,CWOP_AS517,s3://cadcat/histwxstns/CWOP/CWOP_AS517.zarr/
CWOP,CWOP_AS520,s3://cadcat/histwxstns/CWOP/CWOP_AS520.zarr/
CWOP,CWOP_AS522,s3://cadcat/histwxstns/CWOP/CWOP_AS522.zarr/
CWOP,CWOP_AS524,s3://cadcat/histwxstns/CWOP/CWOP_AS524.zarr/
CWOP,CWOP_AS530,s3://cadcat/histwxstns/CWOP/CWOP_AS530.zarr/
CWOP,CWOP_AS532,s3://cadcat/histwxstns/CWOP/CWOP_AS532.zarr/
CWOP,CWOP_AS533,s3://cadcat/histwxstns/CWOP/CWOP_AS533.zarr/
CWOP,CWOP_AS536,s3://cadcat/histwxstns/CWOP/CWOP_AS536.zarr/
CWOP,CWOP_AS538,s3://cadcat/histwxstns/CWOP/CWOP_AS538.zarr/
CWOP,CWOP_AS539,s3://cadcat/histwxstns/CWOP/CWOP_AS539.zarr/
CWOP,CWOP_AS543,s3://cadcat/histwxstns/CWOP/CWOP_AS543.zarr/
CWOP,CWOP_AS553,s3://cadcat/histwxstns/CWOP/CWOP_AS553.zarr/
CWOP,CWOP_AS557,s3://cadcat/histwxstns/CWOP/CWOP_AS557.zarr/
CWOP,CWOP_AS558,s3://cadcat/histwxstns/CWOP/CWOP_AS558.zarr/
CWOP,CWOP_AS562,s3://cadcat/histwxstns/CWOP/CWOP_AS562.zarr/
CWOP,CWOP_AS564,s3://cadcat/histwxstns/CWOP/CWOP_AS564.zarr/
CWOP,CWOP_AS566,s3://cadcat/histwxstns/CWOP/CWOP_AS566.zarr/
CWOP,CWOP_AS568,s3://cadcat/histwxstns/CWOP/CWOP_AS568.zarr/
CWOP,CWOP_AS587,s3://cadcat/histwxstns/CWOP/CWOP_AS587.zarr/
CWOP,CWOP_AS598,s3://cadcat/histwxstns/CWOP/CWOP_AS598.zarr/
CWOP,CWOP_AS607,s3://cadcat/histwxstns/CWOP/CWOP_AS607.zarr/
CWOP,CWOP_AS608,s3://cadcat/histwxstns/CWOP/CWOP_AS608.zarr/
CWOP,CWOP_AS611,s3://cadcat/histwxstns/CWOP/CWOP_AS611.zarr/
CWOP,CWOP_AS621,s3://cadcat/histwxstns/CWOP/CWOP_AS621.zarr/
CWOP,CWOP_AS624,s3://cadcat/histwxstns/CWOP/CWOP_AS624.zarr/
CWOP,CWOP_AS625,s3://cadcat/histwxstns/CWOP/CWOP_AS625.zarr/
CWOP,CWOP_AS629,s3://cadcat/histwxstns/CWOP/CWOP_AS629.zarr/
CWOP,CWOP_AS637,s3://cadcat/histwxstns/CWOP/CWOP_AS637.zarr/
CWOP,CWOP_AS646,s3://cadcat/histwxstns/CWOP/CWOP_AS646.zarr/
CWOP,CWOP_AS654,s3://cadcat/histwxstns/CWOP/CWOP_AS654.zarr/
CWOP,CWOP_AS661,s3://cadcat/histwxstns/CWOP/CWOP_AS661.zarr/
CWOP,CWOP_AS671,s3://cadcat/histwxstns/CWOP/CWOP_AS671.zarr/
CWOP,CWOP_AS678,s3://cadcat/histwxstns/CWOP/CWOP_AS678.zarr/
CWOP,CWOP_AS679,s3://cadcat/histwxstns/CWOP/CWOP_AS679.zarr/
CWOP,CWOP_AS698,s3://cadcat/histwxstns/CWOP/CWOP_AS698.zarr/
CWOP,CWOP_AS699,s3://cadcat/histwxstns/CWOP/CWOP_AS699.zarr/
CWOP,CWOP_AS702,s3://cadcat/histwxstns/CWOP/CWOP_AS702.zarr/
CWOP,CWOP_AS712,s3://cadcat/histwxstns/CWOP/CWOP_AS712.zarr/
CWOP,CWOP_AS714,s3://cadcat/histwxstns/CWOP/CWOP_AS714.zarr/
CWOP,CWOP_AS716,s3://cadcat/histwxstns/CWOP/CWOP_AS716.zarr/
CWOP,CWOP_AS719,s3://cadcat/histwxstns/CWOP/CWOP_AS719.zarr/
CWOP,CWOP_AS723,s3://cadcat/histwxstns/CWOP/CWOP_AS723.zarr/
CWOP,CWOP_AS725,s3://cadcat/histwxstns/CWOP/CWOP_AS725.zarr/
CWOP,CWOP_AS728,s3://cadcat/histwxstns/CWOP/CWOP_AS728.zarr/
CWOP,CWOP_AS732,s3://cadcat/histwxstns/CWOP/CWOP_AS732.zarr/
CWOP,CWOP_AS733,s3://cadcat/histwxstns/CWOP/CWOP_AS733.zarr/
CWOP,CWOP_AS735,s3://cadcat/histwxstns/CWOP/CWOP_AS735.zarr/
CWOP,CWOP_AS741,s3://cadcat/histwxstns/CWOP/CWOP_AS741.zarr/
CWOP,CWOP_AS744,s3://cadcat/histwxstns/CWOP/CWOP_AS744.zarr/
CWOP,CWOP_AS751,s3://cadcat/histwxstns/CWOP/CWOP_AS751.zarr/
CWOP,CWOP_AS753,s3://cadcat/histwxstns/CWOP/CWOP_AS753.zarr/
CWOP,CWOP_AS760,s3://cadcat/histwxstns/CWOP/CWOP_AS760.zarr/
CWOP,CWOP_AS764,s3://cadcat/histwxstns/CWOP/CWOP_AS764.zarr/
CWOP,CWOP_AS768,s3://cadcat/histwxstns/CWOP/CWOP_AS768.zarr/
CWOP,CWOP_AS769,s3://cadcat/histwxstns/CWOP/CWOP_AS769.zarr/
CWOP,CWOP_AS776,s3://cadcat/histwxstns/CWOP/CWOP_AS776.zarr/
CWOP,CWOP_AS782,s3://cadcat/histwxstns/CWOP/CWOP_AS782.zarr/
CWOP,CWOP_AS785,s3://cadcat/histwxstns/CWOP/CWOP_AS785.zarr/
CWOP,CWOP_AS789,s3://cadcat/histwxstns/CWOP/CWOP_AS789.zarr/
CWOP,CWOP_AS790,s3://cadcat/histwxstns/CWOP/CWOP_AS790.zarr/
CWOP,CWOP_AS793,s3://cadcat/histwxstns/CWOP/CWOP_AS793.zarr/
CWOP,CWOP_AS800,s3://cadcat/histwxstns/CWOP/CWOP_AS800.zarr/
CWOP,CWOP_AS801,s3://cadcat/histwxstns/CWOP/CWOP_AS801.zarr/
CWOP,CWOP_AS802,s3://cadcat/histwxstns/CWOP/CWOP_AS802.zarr/
CWOP,CWOP_AS803,s3://cadcat/histwxstns/CWOP/CWOP_AS803.zarr/
CWOP,CWOP_AS806,s3://cadcat/histwxstns/CWOP/CWOP_AS806.zarr/
CWOP,CWOP_AS807,s3://cadcat/histwxstns/CWOP/CWOP_AS807.zarr/
CWOP,CWOP_AS809,s3://cadcat/histwxstns/CWOP/CWOP_AS809.zarr/
CWOP,CWOP_AS815,s3://cadcat/histwxstns/CWOP/CWOP_AS815.zarr/
CWOP,CWOP_AS818,s3://cadcat/histwxstns/CWOP/CWOP_AS818.zarr/
CWOP,CWOP_AS826,s3://cadcat/histwxstns/CWOP/CWOP_AS826.zarr/
CWOP,CWOP_AS830,s3://cadcat/histwxstns/CWOP/CWOP_AS830.zarr/
CWOP,CWOP_AS832,s3://cadcat/histwxstns/CWOP/CWOP_AS832.zarr/
CWOP,CWOP_AS833,s3://cadcat/histwxstns/CWOP/CWOP_AS833.zarr/
CWOP,CWOP_AS834,s3://cadcat/histwxstns/CWOP/CWOP_AS834.zarr/
CWOP,CWOP_AS835,s3://cadcat/histwxstns/CWOP/CWOP_AS835.zarr/
CWOP,CWOP_AS836,s3://cadcat/histwxstns/CWOP/CWOP_AS836.zarr/
CWOP,CWOP_AS841,s3://cadcat/histwxstns/CWOP/CWOP_AS841.zarr/
CWOP,CWOP_AS846,s3://cadcat/histwxstns/CWOP/CWOP_AS846.zarr/
CWOP,CWOP_AS850,s3://cadcat/histwxstns/CWOP/CWOP_AS850.zarr/
CWOP,CWOP_AS855,s3://cadcat/histwxstns/CWOP/CWOP_AS855.zarr/
CWOP,CWOP_AS856,s3://cadcat/histwxstns/CWOP/CWOP_AS856.zarr/
CWOP,CWOP_AS857,s3://cadcat/histwxstns/CWOP/CWOP_AS857.zarr/
CWOP,CWOP_AS859,s3://cadcat/histwxstns/CWOP/CWOP_AS859.zarr/
CWOP,CWOP_AS861,s3://cadcat/histwxstns/CWOP/CWOP_AS861.zarr/
CWOP,CWOP_AS864,s3://cadcat/histwxstns/CWOP/CWOP_AS864.zarr/
CWOP,CWOP_AS877,s3://cadcat/histwxstns/CWOP/CWOP_AS877.zarr/
CWOP,CWOP_AS881,s3://cadcat/histwxstns/CWOP/CWOP_AS881.zarr/
CWOP,CWOP_AS882,s3://cadcat/histwxstns/CWOP/CWOP_AS882.zarr/
CWOP,CWOP_AS887,s3://cadcat/histwxstns/CWOP/CWOP_AS887.zarr/
CWOP,CWOP_AS889,s3://cadcat/histwxstns/CWOP/CWOP_AS889.zarr/
CWOP,CWOP_AS891,s3://cadcat/histwxstns/CWOP/CWOP_AS891.zarr/
CWOP,CWOP_AS895,s3://cadcat/histwxstns/CWOP/CWOP_AS895.zarr/
CWOP,CWOP_AS899,s3://cadcat/histwxstns/CWOP/CWOP_AS899.zarr/
CWOP,CWOP_AS903,s3://cadcat/histwxstns/CWOP/CWOP_AS903.zarr/
CWOP,CWOP_AS913,s3://cadcat/histwxstns/CWOP/CWOP_AS913.zarr/
CWOP,CWOP_AS921,s3://cadcat/histwxstns/CWOP/CWOP_AS921.zarr/
CWOP,CWOP_AS923,s3://cadcat/histwxstns/CWOP/CWOP_AS923.zarr/
CWOP,CWOP_AS931,s3://cadcat/histwxstns/CWOP/CWOP_AS931.zarr/
CWOP,CWOP_AS938,s3://cadcat/histwxstns/CWOP/CWOP_AS938.zarr/
CWOP,CWOP_AS944,s3://cadcat/histwxstns/CWOP/CWOP_AS944.zarr/
CWOP,CWOP_AS948,s3://cadcat/histwxstns/CWOP/CWOP_AS948.zarr/
CWOP,CWOP_AS952,s3://cadcat/histwxstns/CWOP/CWOP_AS952.zarr/
CWOP,CWOP_AS959,s3://cadcat/histwxstns/CWOP/CWOP_AS959.zarr/
CWOP,CWOP_AS979,s3://cadcat/histwxstns/CWOP/CWOP_AS979.zarr/
CWOP,CWOP_AT002,s3://cadcat/histwxstns/CWOP/CWOP_AT002.zarr/
CWOP,CWOP_AT007,s3://cadcat/histwxstns/CWOP/CWOP_AT007.zarr/
CWOP,CWOP_AT016,s3://cadcat/histwxstns/CWOP/CWOP_AT016.zarr/
CWOP,CWOP_AT021,s3://cadcat/histwxstns/CWOP/CWOP_AT021.zarr/
CWOP,CWOP_AT023,s3://cadcat/histwxstns/CWOP/CWOP_AT023.zarr/
CWOP,CWOP_AT046,s3://cadcat/histwxstns/CWOP/CWOP_AT046.zarr/
CWOP,CWOP_AT047,s3://cadcat/histwxstns/CWOP/CWOP_AT047.zarr/
CWOP,CWOP_AT057,s3://cadcat/histwxstns/CWOP/CWOP_AT057.zarr/
CWOP,CWOP_AT060,s3://cadcat/histwxstns/CWOP/CWOP_AT060.zarr/
CWOP,CWOP_AT065,s3://cadcat/histwxstns/CWOP/CWOP_AT065.zarr/
CWOP,CWOP_AT067,s3://cadcat/histwxstns/CWOP/CWOP_AT067.zarr/
CWOP,CWOP_AT068,s3://cadcat/histwxstns/CWOP/CWOP_AT068.zarr/
CWOP,CWOP_AT077,s3://cadcat/histwxstns/CWOP/CWOP_AT077.zarr/
CWOP,CWOP_AT078,s3://cadcat/histwxstns/CWOP/CWOP_AT078.zarr/
CWOP,CWOP_AT085,s3://cadcat/histwxstns/CWOP/CWOP_AT085.zarr/
CWOP,CWOP_AT093,s3://cadcat/histwxstns/CWOP/CWOP_AT093.zarr/
CWOP,CWOP_AT094,s3://cadcat/histwxstns/CWOP/CWOP_AT094.zarr/
CWOP,CWOP_AT095,s3://cadcat/histwxstns/CWOP/CWOP_AT095.zarr/
CWOP,CWOP_AT096,s3://cadcat/histwxstns/CWOP/CWOP_AT096.zarr/
CWOP,CWOP_AT097,s3://cadcat/histwxstns/CWOP/CWOP_AT097.zarr/
CWOP,CWOP_AT108,s3://cadcat/histwxstns/CWOP/CWOP_AT108.zarr/
CWOP,CWOP_AT115,s3://cadcat/histwxstns/CWOP/CWOP_AT115.zarr/
CWOP,CWOP_AT118,s3://cadcat/histwxstns/CWOP/CWOP_AT118.zarr/
CWOP,CWOP_AT122,s3://cadcat/histwxstns/CWOP/CWOP_AT122.zarr/
CWOP,CWOP_AT124,s3://cadcat/histwxstns/CWOP/CWOP_AT124.zarr/
CWOP,CWOP_AT125,s3://cadcat/histwxstns/CWOP/CWOP_AT125.zarr/
CWOP,CWOP_AT135,s3://cadcat/histwxstns/CWOP/CWOP_AT135.zarr/
CWOP,CWOP_AT148,s3://cadcat/histwxstns/CWOP/CWOP_AT148.zarr/
CWOP,CWOP_AT162,s3://cadcat/histwxstns/CWOP/CWOP_AT162.zarr/
CWOP,CWOP_AT167,s3://cadcat/histwxstns/CWOP/CWOP_AT167.zarr/
CWOP,CWOP_AT171,s3://cadcat/histwxstns/CWOP/CWOP_AT171.zarr/
CWOP,CWOP_AT172,s3://cadcat/histwxstns/CWOP/CWOP_AT172.zarr/
CWOP,CWOP_AT183,s3://cadcat/histwxstns/CWOP/CWOP_AT183.zarr/
CWOP,CWOP_AT184,s3://cadcat/histwxstns/CWOP/CWOP_AT184.zarr/
CWOP,CWOP_AT185,s3://cadcat/histwxstns/CWOP/CWOP_AT185.zarr/
CWOP,CWOP_AT200,s3://cadcat/histwxstns/CWOP/CWOP_AT200.zarr/
CWOP,CWOP_AT202,s3://cadcat/histwxstns/CWOP/CWOP_AT202.zarr/
CWOP,CWOP_AT207,s3://cadcat/histwxstns/CWOP/CWOP_AT207.zarr/
CWOP,CWOP_AT215,s3://cadcat/histwxstns/CWOP/CWOP_AT215.zarr/
CWOP,CWOP_AT223,s3://cadcat/histwxstns/CWOP/CWOP_AT223.zarr/
CWOP,CWOP_AT226,s3://cadcat/histwxstns/CWOP/CWOP_AT226.zarr/
CWOP,CWOP_AT229,s3://cadcat/histwxstns/CWOP/CWOP_AT229.zarr/
CWOP,CWOP_AT233,s3://cadcat/histwxstns/CWOP/CWOP_AT233.zarr/
CWOP,CWOP_AT237,s3://cadcat/histwxstns/CWOP/CWOP_AT237.zarr/
CWOP,CWOP_AT249,s3://cadcat/histwxstns/CWOP/CWOP_AT249.zarr/
CWOP,CWOP_AT259,s3://cadcat/histwxstns/CWOP/CWOP_AT259.zarr/
CWOP,CWOP_AT266,s3://cadcat/histwxstns/CWOP/CWOP_AT266.zarr/
CWOP,CWOP_AT272,s3://cadcat/histwxstns/CWOP/CWOP_AT272.zarr/
CWOP,CWOP_AT280,s3://cadcat/histwxstns/CWOP/CWOP_AT280.zarr/
CWOP,CWOP_AT283,s3://cadcat/histwxstns/CWOP/CWOP_AT283.zarr/
CWOP,CWOP_AT289,s3://cadcat/histwxstns/CWOP/CWOP_AT289.zarr/
CWOP,CWOP_AT291,s3://cadcat/histwxstns/CWOP/CWOP_AT291.zarr/
CWOP,CWOP_AT312,s3://cadcat/histwxstns/CWOP/CWOP_AT312.zarr/
CWOP,CWOP_AT315,s3://cadcat/histwxstns/CWOP/CWOP_AT315.zarr/
CWOP,CWOP_AT317,s3://cadcat/histwxstns/CWOP/CWOP_AT317.zarr/
CWOP,CWOP_AT318,s3://cadcat/histwxstns/CWOP/CWOP_AT318.zarr/
CWOP,CWOP_AT319,s3://cadcat/histwxstns/CWOP/CWOP_AT319.zarr/
CWOP,CWOP_AT336,s3://cadcat/histwxstns/CWOP/CWOP_AT336.zarr/
CWOP,CWOP_AT343,s3://cadcat/histwxstns/CWOP/CWOP_AT343.zarr/
CWOP,CWOP_AT345,s3://cadcat/histwxstns/CWOP/CWOP_AT345.zarr/
CWOP,CWOP_AT347,s3://cadcat/histwxstns/CWOP/CWOP_AT347.zarr/
CWOP,CWOP_AT354,s3://cadcat/histwxstns/CWOP/CWOP_AT354.zarr/
CWOP,CWOP_AT355,s3://cadcat/histwxstns/CWOP/CWOP_AT355.zarr/
CWOP,CWOP_AT368,s3://cadcat/histwxstns/CWOP/CWOP_AT368.zarr/
CWOP,CWOP_AT382,s3://cadcat/histwxstns/CWOP/CWOP_AT382.zarr/
CWOP,CWOP_AT391,s3://cadcat/histwxstns/CWOP/CWOP_AT391.zarr/
CWOP,CWOP_AT394,s3://cadcat/histwxstns/CWOP/CWOP_AT394.zarr/
CWOP,CWOP_AT410,s3://cadcat/histwxstns/CWOP/CWOP_AT410.zarr/
CWOP,CWOP_AT438,s3://cadcat/histwxstns/CWOP/CWOP_AT438.zarr/
CWOP,CWOP_AT442,s3://cadcat/histwxstns/CWOP/CWOP_AT442.zarr/
CWOP,CWOP_AT450,s3://cadcat/histwxstns/CWOP/CWOP_AT450.zarr/
CWOP,CWOP_AT482,s3://cadcat/histwxstns/CWOP/CWOP_AT482.zarr/
CWOP,CWOP_AT490,s3://cadcat/histwxstns/CWOP/CWOP_AT490.zarr/
CWOP,CWOP_AT491,s3://cadcat/histwxstns/CWOP/CWOP_AT491.zarr/
CWOP,CWOP_AT498,s3://cadcat/histwxstns/CWOP/CWOP_AT498.zarr/
CWOP,CWOP_AT510,s3://cadcat/histwxstns/CWOP/CWOP_AT510.zarr/
CWOP,CWOP_AT526,s3://cadcat/histwxstns/CWOP/CWOP_AT526.zarr/
CWOP,CWOP_AT543,s3://cadcat/histwxstns/CWOP/CWOP_AT543.zarr/
CWOP,CWOP_AT552,s3://cadcat/histwxstns/CWOP/CWOP_AT552.zarr/
CWOP,CWOP_AT569,s3://cadcat/histwxstns/CWOP/CWOP_AT569.zarr/
CWOP,CWOP_AT571,s3://cadcat/histwxstns/CWOP/CWOP_AT571.zarr/
CWOP,CWOP_AT582,s3://cadcat/histwxstns/CWOP/CWOP_AT582.zarr/
CWOP,CWOP_AT595,s3://cadcat/histwxstns/CWOP/CWOP_AT595.zarr/
CWOP,CWOP_AT600,s3://cadcat/histwxstns/CWOP/CWOP_AT600.zarr/
CWOP,CWOP_AT601,s3://cadcat/histwxstns/CWOP/CWOP_AT601.zarr/
CWOP,CWOP_AT606,s3://cadcat/histwxstns/CWOP/CWOP_AT606.zarr/
CWOP,CWOP_AT616,s3://cadcat/histwxstns/CWOP/CWOP_AT616.zarr/
CWOP,CWOP_AT620,s3://cadcat/histwxstns/CWOP/CWOP_AT620.zarr/
CWOP,CWOP_AT622,s3://cadcat/histwxstns/CWOP/CWOP_AT622.zarr/
CWOP,CWOP_AT628,s3://cadcat/histwxstns/CWOP/CWOP_AT628.zarr/
CWOP,CWOP_AT638,s3://cadcat/histwxstns/CWOP/CWOP_AT638.zarr/
CWOP,CWOP_AT639,s3://cadcat/histwxstns/CWOP/CWOP_AT639.zarr/
CWOP,CWOP_AT651,s3://cadcat/histwxstns/CWOP/CWOP_AT651.zarr/
CWOP,CWOP_AT670,s3://cadcat/histwxstns/CWOP/CWOP_AT670.zarr/
CWOP,CWOP_AT676,s3://cadcat/histwxstns/CWOP/CWOP_AT676.zarr/
CWOP,CWOP_AT680,s3://cadcat/histwxstns/CWOP/CWOP_AT680.zarr/
CWOP,CWOP_AT682,s3://cadcat/histwxstns/CWOP/CWOP_AT682.zarr/
CWOP,CWOP_AT688,s3://cadcat/histwxstns/CWOP/CWOP_AT688.zarr/
CWOP,CWOP_AT690,s3://cadcat/histwxstns/CWOP/CWOP_AT690.zarr/
CWOP,CWOP_AT691,s3://cadcat/histwxstns/CWOP/CWOP_AT691.zarr/
CWOP,CWOP_AT693,s3://cadcat/histwxstns/CWOP/CWOP_AT693.zarr/
CWOP,CWOP_AT696,s3://cadcat/histwxstns/CWOP/CWOP_AT696.zarr/
CWOP,CWOP_AT709,s3://cadcat/histwxstns/CWOP/CWOP_AT709.zarr/
CWOP,CWOP_AT725,s3://cadcat/histwxstns/CWOP/CWOP_AT725.zarr/
CWOP,CWOP_AT726,s3://cadcat/histwxstns/CWOP/CWOP_AT726.zarr/
CWOP,CWOP_AT730,s3://cadcat/histwxstns/CWOP/CWOP_AT730.zarr/
CWOP,CWOP_AT731,s3://cadcat/histwxstns/CWOP/CWOP_AT731.zarr/
CWOP,CWOP_AT732,s3://cadcat/histwxstns/CWOP/CWOP_AT732.zarr/
CWOP,CWOP_AT738,s3://cadcat/histwxstns/CWOP/CWOP_AT738.zarr/
CWOP,CWOP_AT739,s3://cadcat/histwxstns/CWOP/CWOP_AT739.zarr/
CWOP,CWOP_AT745,s3://cadcat/histwxstns/CWOP/CWOP_AT745.zarr/
CWOP,CWOP_AT774,s3://cadcat/histwxstns/CWOP/CWOP_AT774.zarr/
CWOP,CWOP_AT775,s3://cadcat/histwxstns/CWOP/CWOP_AT775.zarr/
CWOP,CWOP_AT787,s3://cadcat/histwxstns/CWOP/CWOP_AT787.zarr/
CWOP,CWOP_AT793,s3://cadcat/histwxstns/CWOP/CWOP_AT793.zarr/
CWOP,CWOP_AT795,s3://cadcat/histwxstns/CWOP/CWOP_AT795.zarr/
CWOP,CWOP_AT799,s3://cadcat/histwxstns/CWOP/CWOP_AT799.zarr/
CWOP,CWOP_AT827,s3://cadcat/histwxstns/CWOP/CWOP_AT827.zarr/
CWOP,CWOP_AT828,s3://cadcat/histwxstns/CWOP/CWOP_AT828.zarr/
CWOP,CWOP_AT832,s3://cadcat/histwxstns/CWOP/CWOP_AT832.zarr/
CWOP,CWOP_AT842,s3://cadcat/histwxstns/CWOP/CWOP_AT842.zarr/
CWOP,CWOP_AT844,s3://cadcat/histwxstns/CWOP/CWOP_AT844.zarr/
CWOP,CWOP_AT847,s3://cadcat/histwxstns/CWOP/CWOP_AT847.zarr/
CWOP,CWOP_AT849,s3://cadcat/histwxstns/CWOP/CWOP_AT849.zarr/
CWOP,CWOP_AT850,s3://cadcat/histwxstns/CWOP/CWOP_AT850.zarr/
CWOP,CWOP_AT852,s3://cadcat/histwxstns/CWOP/CWOP_AT852.zarr/
CWOP,CWOP_AT864,s3://cadcat/histwxstns/CWOP/CWOP_AT864.zarr/
CWOP,CWOP_AT879,s3://cadcat/histwxstns/CWOP/CWOP_AT879.zarr/
CWOP,CWOP_AT882,s3://cadcat/histwxstns/CWOP/CWOP_AT882.zarr/
CWOP,CWOP_AT889,s3://cadcat/histwxstns/CWOP/CWOP_AT889.zarr/
CWOP,CWOP_AT894,s3://cadcat/histwxstns/CWOP/CWOP_AT894.zarr/
CWOP,CWOP_AT900,s3://cadcat/histwxstns/CWOP/CWOP_AT900.zarr/
CWOP,CWOP_AT903,s3://cadcat/histwxstns/CWOP/CWOP_AT903.zarr/
CWOP,CWOP_AT904,s3://cadcat/histwxstns/CWOP/CWOP_AT904.zarr/
CWOP,CWOP_AT922,s3://cadcat/histwxstns/CWOP/CWOP_AT922.zarr/
CWOP,CWOP_AT923,s3://cadcat/histwxstns/CWOP/CWOP_AT923.zarr/
CWOP,CWOP_AT925,s3://cadcat/histwxstns/CWOP/CWOP_AT925.zarr/
CWOP,CWOP_AT931,s3://cadcat/histwxstns/CWOP/CWOP_AT931.zarr/
CWOP,CWOP_AT932,s3://cadcat/histwxstns/CWOP/CWOP_AT932.zarr/
CWOP,CWOP_AT933,s3://cadcat/histwxstns/CWOP/CWOP_AT933.zarr/
CWOP,CWOP_AT936,s3://cadcat/histwxstns/CWOP/CWOP_AT936.zarr/
CWOP,CWOP_AT945,s3://cadcat/histwxstns/CWOP/CWOP_AT945.zarr/
CWOP,CWOP_AT954,s3://cadcat/histwxstns/CWOP/CWOP_AT954.zarr/
CWOP,CWOP_AT957,s3://cadcat/histwxstns/CWOP/CWOP_AT957.zarr/
CWOP,CWOP_AT965,s3://cadcat/histwxstns/CWOP/CWOP_AT965.zarr/
CWOP,CWOP_AT972,s3://cadcat/histwxstns/CWOP/CWOP_AT972.zarr/
CWOP,CWOP_AT973,s3://cadcat/histwxstns/CWOP/CWOP_AT973.zarr/
CWOP,CWOP_AT974,s3://cadcat/histwxstns/CWOP/CWOP_AT974.zarr/
CWOP,CWOP_AT978,s3://cadcat/histwxstns/CWOP/CWOP_AT978.zarr/
CWOP,CWOP_AT979,s3://cadcat/histwxstns/CWOP/CWOP_AT979.zarr/
CWOP,CWOP_AT990,s3://cadcat/histwxstns/CWOP/CWOP_AT990.zarr/
CWOP,CWOP_AT998,s3://cadcat/histwxstns/CWOP/CWOP_AT998.zarr/
CWOP,CWOP_AT999,s3://cadcat/histwxstns/CWOP/CWOP_AT999.zarr/
CWOP,CWOP_AU013,s3://cadcat/histwxstns/CWOP/CWOP_AU013.zarr/
CWOP,CWOP_AU021,s3://cadcat/histwxstns/CWOP/CWOP_AU021.zarr/
CWOP,CWOP_AU031,s3://cadcat/histwxstns/CWOP/CWOP_AU031.zarr/
CWOP,CWOP_AU032,s3://cadcat/histwxstns/CWOP/CWOP_AU032.zarr/
CWOP,CWOP_AU034,s3://cadcat/histwxstns/CWOP/CWOP_AU034.zarr/
CWOP,CWOP_AU052,s3://cadcat/histwxstns/CWOP/CWOP_AU052.zarr/
CWOP,CWOP_AU053,s3://cadcat/histwxstns/CWOP/CWOP_AU053.zarr/
CWOP,CWOP_AU054,s3://cadcat/histwxstns/CWOP/CWOP_AU054.zarr/
CWOP,CWOP_AU064,s3://cadcat/histwxstns/CWOP/CWOP_AU064.zarr/
CWOP,CWOP_AU066,s3://cadcat/histwxstns/CWOP/CWOP_AU066.zarr/
CWOP,CWOP_AU074,s3://cadcat/histwxstns/CWOP/CWOP_AU074.zarr/
CWOP,CWOP_AU075,s3://cadcat/histwxstns/CWOP/CWOP_AU075.zarr/
CWOP,CWOP_AU080,s3://cadcat/histwxstns/CWOP/CWOP_AU080.zarr/
CWOP,CWOP_AU083,s3://cadcat/histwxstns/CWOP/CWOP_AU083.zarr/
CWOP,CWOP_AU088,s3://cadcat/histwxstns/CWOP/CWOP_AU088.zarr/
CWOP,CWOP_AU093,s3://cadcat/histwxstns/CWOP/CWOP_AU093.zarr/
CWOP,CWOP_AU102,s3://cadcat/histwxstns/CWOP/CWOP_AU102.zarr/
CWOP,CWOP_AU125,s3://cadcat/histwxstns/CWOP/CWOP_AU125.zarr/
CWOP,CWOP_AU128,s3://cadcat/histwxstns/CWOP/CWOP_AU128.zarr/
CWOP,CWOP_AU133,s3://cadcat/histwxstns/CWOP/CWOP_AU133.zarr/
CWOP,CWOP_AU138,s3://cadcat/histwxstns/CWOP/CWOP_AU138.zarr/
CWOP,CWOP_AU149,s3://cadcat/histwxstns/CWOP/CWOP_AU149.zarr/
CWOP,CWOP_AU176,s3://cadcat/histwxstns/CWOP/CWOP_AU176.zarr/
CWOP,CWOP_AU183,s3://cadcat/histwxstns/CWOP/CWOP_AU183.zarr/
CWOP,CWOP_AU187,s3://cadcat/histwxstns/CWOP/CWOP_AU187.zarr/
CWOP,CWOP_AU195,s3://cadcat/histwxstns/CWOP/CWOP_AU195.zarr/
CWOP,CWOP_AU196,s3://cadcat/histwxstns/CWOP/CWOP_AU196.zarr/
CWOP,CWOP_AU207,s3://cadcat/histwxstns/CWOP/CWOP_AU207.zarr/
CWOP,CWOP_AU219,s3://cadcat/histwxstns/CWOP/CWOP_AU219.zarr/
CWOP,CWOP_AU248,s3://cadcat/histwxstns/CWOP/CWOP_AU248.zarr/
CWOP,CWOP_AU249,s3://cadcat/histwxstns/CWOP/CWOP_AU249.zarr/
CWOP,CWOP_AU252,s3://cadcat/histwxstns/CWOP/CWOP_AU252.zarr/
CWOP,CWOP_AU263,s3://cadcat/histwxstns/CWOP/CWOP_AU263.zarr/
CWOP,CWOP_AU267,s3://cadcat/histwxstns/CWOP/CWOP_AU267.zarr/
CWOP,CWOP_AU268,s3://cadcat/histwxstns/CWOP/CWOP_AU268.zarr/
CWOP,CWOP_AU269,s3://cadcat/histwxstns/CWOP/CWOP_AU269.zarr/
CWOP,CWOP_AU271,s3://cadcat/histwxstns/CWOP/CWOP_AU271.zarr/
CWOP,CWOP_AU273,s3://cadcat/histwxstns/CWOP/CWOP_AU273.zarr/
CWOP,CWOP_AU274,s3://cadcat/histwxstns/CWOP/CWOP_AU274.zarr/
CWOP,CWOP_AU275,s3://cadcat/histwxstns/CWOP/CWOP_AU275.zarr/
CWOP,CWOP_AU279,s3://cadcat/histwxstns/CWOP/CWOP_AU279.zarr/
CWOP,CWOP_AU280,s3://cadcat/histwxstns/CWOP/CWOP_AU280.zarr/
CWOP,CWOP_AU289,s3://cadcat/histwxstns/CWOP/CWOP_AU289.zarr/
CWOP,CWOP_AU291,s3://cadcat/histwxstns/CWOP/CWOP_AU291.zarr/
CWOP,CWOP_AU300,s3://cadcat/histwxstns/CWOP/CWOP_AU300.zarr/
CWOP,CWOP_AU308,s3://cadcat/histwxstns/CWOP/CWOP_AU308.zarr/
CWOP,CWOP_AU310,s3://cadcat/histwxstns/CWOP/CWOP_AU310.zarr/
CWOP,CWOP_AU311,s3://cadcat/histwxstns/CWOP/CWOP_AU311.zarr/
CWOP,CWOP_AU312,s3://cadcat/histwxstns/CWOP/CWOP_AU312.zarr/
CWOP,CWOP_AU316,s3://cadcat/histwxstns/CWOP/CWOP_AU316.zarr/
CWOP,CWOP_AU317,s3://cadcat/histwxstns/CWOP/CWOP_AU317.zarr/
CWOP,CWOP_AU332,s3://cadcat/histwxstns/CWOP/CWOP_AU332.zarr/
CWOP,CWOP_AU340,s3://cadcat/histwxstns/CWOP/CWOP_AU340.zarr/
CWOP,CWOP_AU342,s3://cadcat/histwxstns/CWOP/CWOP_AU342.zarr/
CWOP,CWOP_AU344,s3://cadcat/histwxstns/CWOP/CWOP_AU344.zarr/
CWOP,CWOP_AU354,s3://cadcat/histwxstns/CWOP/CWOP_AU354.zarr/
CWOP,CWOP_AU363,s3://cadcat/histwxstns/CWOP/CWOP_AU363.zarr/
CWOP,CWOP_AU373,s3://cadcat/histwxstns/CWOP/CWOP_AU373.zarr/
CWOP,CWOP_AU377,s3://cadcat/histwxstns/CWOP/CWOP_AU377.zarr/
CWOP,CWOP_AU381,s3://cadcat/histwxstns/CWOP/CWOP_AU381.zarr/
CWOP,CWOP_AU385,s3://cadcat/histwxstns/CWOP/CWOP_AU385.zarr/
CWOP,CWOP_AU395,s3://cadcat/histwxstns/CWOP/CWOP_AU395.zarr/
CWOP,CWOP_AU396,s3://cadcat/histwxstns/CWOP/CWOP_AU396.zarr/
CWOP,CWOP_AU400,s3://cadcat/histwxstns/CWOP/CWOP_AU400.zarr/
CWOP,CWOP_AU414,s3://cadcat/histwxstns/CWOP/CWOP_AU414.zarr/
CWOP,CWOP_AU415,s3://cadcat/histwxstns/CWOP/CWOP_AU415.zarr/
CWOP,CWOP_AU443,s3://cadcat/histwxstns/CWOP/CWOP_AU443.zarr/
CWOP,CWOP_AU445,s3://cadcat/histwxstns/CWOP/CWOP_AU445.zarr/
CWOP,CWOP_AU449,s3://cadcat/histwxstns/CWOP/CWOP_AU449.zarr/
CWOP,CWOP_AU453,s3://cadcat/histwxstns/CWOP/CWOP_AU453.zarr/
CWOP,CWOP_AU455,s3://cadcat/histwxstns/CWOP/CWOP_AU455.zarr/
CWOP,CWOP_AU456,s3://cadcat/histwxstns/CWOP/CWOP_AU456.zarr/
CWOP,CWOP_AU458,s3://cadcat/histwxstns/CWOP/CWOP_AU458.zarr/
CWOP,CWOP_AU461,s3://cadcat/histwxstns/CWOP/CWOP_AU461.zarr/
CWOP,CWOP_AU467,s3://cadcat/histwxstns/CWOP/CWOP_AU467.zarr/
CWOP,CWOP_AU472,s3://cadcat/histwxstns/CWOP/CWOP_AU472.zarr/
CWOP,CWOP_AU480,s3://cadcat/histwxstns/CWOP/CWOP_AU480.zarr/
CWOP,CWOP_AU481,s3://cadcat/histwxstns/CWOP/CWOP_AU481.zarr/
CWOP,CWOP_AU487,s3://cadcat/histwxstns/CWOP/CWOP_AU487.zarr/
CWOP,CWOP_AU503,s3://cadcat/histwxstns/CWOP/CWOP_AU503.zarr/
CWOP,CWOP_AU517,s3://cadcat/histwxstns/CWOP/CWOP_AU517.zarr/
CWOP,CWOP_AU518,s3://cadcat/histwxstns/CWOP/CWOP_AU518.zarr/
CWOP,CWOP_AU519,s3://cadcat/histwxstns/CWOP/CWOP_AU519.zarr/
CWOP,CWOP_AU524,s3://cadcat/histwxstns/CWOP/CWOP_AU524.zarr/
CWOP,CWOP_AU536,s3://cadcat/histwxstns/CWOP/CWOP_AU536.zarr/
CWOP,CWOP_AU544,s3://cadcat/histwxstns/CWOP/CWOP_AU544.zarr/
CWOP,CWOP_AU552,s3://cadcat/histwxstns/CWOP/CWOP_AU552.zarr/
CWOP,CWOP_AU555,s3://cadcat/histwxstns/CWOP/CWOP_AU555.zarr/
CWOP,CWOP_AU557,s3://cadcat/histwxstns/CWOP/CWOP_AU557.zarr/
CWOP,CWOP_AU558,s3://cadcat/histwxstns/CWOP/CWOP_AU558.zarr/
CWOP,CWOP_AU561,s3://cadcat/histwxstns/CWOP/CWOP_AU561.zarr/
CWOP,CWOP_AU563,s3://cadcat/histwxstns/CWOP/CWOP_AU563.zarr/
CWOP,CWOP_AU564,s3://cadcat/histwxstns/CWOP/CWOP_AU564.zarr/
CWOP,CWOP_AU566,s3://cadcat/histwxstns/CWOP/CWOP_AU566.zarr/
CWOP,CWOP_AU570,s3://cadcat/histwxstns/CWOP/CWOP_AU570.zarr/
CWOP,CWOP_AU572,s3://cadcat/histwxstns/CWOP/CWOP_AU572.zarr/
CWOP,CWOP_AU582,s3://cadcat/histwxstns/CWOP/CWOP_AU582.zarr/
CWOP,CWOP_AU588,s3://cadcat/histwxstns/CWOP/CWOP_AU588.zarr/
CWOP,CWOP_AU594,s3://cadcat/histwxstns/CWOP/CWOP_AU594.zarr/
CWOP,CWOP_AU597,s3://cadcat/histwxstns/CWOP/CWOP_AU597.zarr/
CWOP,CWOP_AU598,s3://cadcat/histwxstns/CWOP/CWOP_AU598.zarr/
CWOP,CWOP_AU601,s3://cadcat/histwxstns/CWOP/CWOP_AU601.zarr/
CWOP,CWOP_AU609,s3://cadcat/histwxstns/CWOP/CWOP_AU609.zarr/
CWOP,CWOP_AU612,s3://cadcat/histwxstns/CWOP/CWOP_AU612.zarr/
CWOP,CWOP_AU615,s3://cadcat/histwxstns/CWOP/CWOP_AU615.zarr/
CWOP,CWOP_AU639,s3://cadcat/histwxstns/CWOP/CWOP_AU639.zarr/
CWOP,CWOP_AU650,s3://cadcat/histwxstns/CWOP/CWOP_AU650.zarr/
CWOP,CWOP_AU651,s3://cadcat/histwxstns/CWOP/CWOP_AU651.zarr/
CWOP,CWOP_AU654,s3://cadcat/histwxstns/CWOP/CWOP_AU654.zarr/
CWOP,CWOP_AU658,s3://cadcat/histwxstns/CWOP/CWOP_AU658.zarr/
CWOP,CWOP_AU669,s3://cadcat/histwxstns/CWOP/CWOP_AU669.zarr/
CWOP,CWOP_AU671,s3://cadcat/histwxstns/CWOP/CWOP_AU671.zarr/
CWOP,CWOP_AU672,s3://cadcat/histwxstns/CWOP/CWOP_AU672.zarr/
CWOP,CWOP_AU675,s3://cadcat/histwxstns/CWOP/CWOP_AU675.zarr/
CWOP,CWOP_AU679,s3://cadcat/histwxstns/CWOP/CWOP_AU679.zarr/
CWOP,CWOP_AU685,s3://cadcat/histwxstns/CWOP/CWOP_AU685.zarr/
CWOP,CWOP_AU692,s3://cadcat/histwxstns/CWOP/CWOP_AU692.zarr/
CWOP,CWOP_AU699,s3://cadcat/histwxstns/CWOP/CWOP_AU699.zarr/
CWOP,CWOP_AU700,s3://cadcat/histwxstns/CWOP/CWOP_AU700.zarr/
CWOP,CWOP_AU710,s3://cadcat/histwxstns/CWOP/CWOP_AU710.zarr/
CWOP,CWOP_AU715,s3://cadcat/histwxstns/CWOP/CWOP_AU715.zarr/
CWOP,CWOP_AU719,s3://cadcat/histwxstns/CWOP/CWOP_AU719.zarr/
CWOP,CWOP_AU720,s3://cadcat/histwxstns/CWOP/CWOP_AU720.zarr/
CWOP,CWOP_AU727,s3://cadcat/histwxstns/CWOP/CWOP_AU727.zarr/
CWOP,CWOP_AU732,s3://cadcat/histwxstns/CWOP/CWOP_AU732.zarr/
CWOP,CWOP_AU741,s3://cadcat/histwxstns/CWOP/CWOP_AU741.zarr/
CWOP,CWOP_AU751,s3://cadcat/histwxstns/CWOP/CWOP_AU751.zarr/
CWOP,CWOP_AU758,s3://cadcat/histwxstns/CWOP/CWOP_AU758.zarr/
CWOP,CWOP_AU760,s3://cadcat/histwxstns/CWOP/CWOP_AU760.zarr/
CWOP,CWOP_AU761,s3://cadcat/histwxstns/CWOP/CWOP_AU761.zarr/
CWOP,CWOP_AU762,s3://cadcat/histwxstns/CWOP/CWOP_AU762.zarr/
CWOP,CWOP_AU764,s3://cadcat/histwxstns/CWOP/CWOP_AU764.zarr/
CWOP,CWOP_AU774,s3://cadcat/histwxstns/CWOP/CWOP_AU774.zarr/
CWOP,CWOP_AU782,s3://cadcat/histwxstns/CWOP/CWOP_AU782.zarr/
CWOP,CWOP_AU783,s3://cadcat/histwxstns/CWOP/CWOP_AU783.zarr/
CWOP,CWOP_AU785,s3://cadcat/histwxstns/CWOP/CWOP_AU785.zarr/
CWOP,CWOP_AU786,s3://cadcat/histwxstns/CWOP/CWOP_AU786.zarr/
CWOP,CWOP_AU792,s3://cadcat/histwxstns/CWOP/CWOP_AU792.zarr/
CWOP,CWOP_AU799,s3://cadcat/histwxstns/CWOP/CWOP_AU799.zarr/
CWOP,CWOP_AU809,s3://cadcat/histwxstns/CWOP/CWOP_AU809.zarr/
CWOP,CWOP_AU814,s3://cadcat/histwxstns/CWOP/CWOP_AU814.zarr/
CWOP,CWOP_AU816,s3://cadcat/histwxstns/CWOP/CWOP_AU816.zarr/
CWOP,CWOP_AU817,s3://cadcat/histwxstns/CWOP/CWOP_AU817.zarr/
CWOP,CWOP_AU823,s3://cadcat/histwxstns/CWOP/CWOP_AU823.zarr/
CWOP,CWOP_AU824,s3://cadcat/histwxstns/CWOP/CWOP_AU824.zarr/
CWOP,CWOP_AU833,s3://cadcat/histwxstns/CWOP/CWOP_AU833.zarr/
CWOP,CWOP_AU836,s3://cadcat/histwxstns/CWOP/CWOP_AU836.zarr/
CWOP,CWOP_AU839,s3://cadcat/histwxstns/CWOP/CWOP_AU839.zarr/
CWOP,CWOP_AU849,s3://cadcat/histwxstns/CWOP/CWOP_AU849.zarr/
CWOP,CWOP_AU854,s3://cadcat/histwxstns/CWOP/CWOP_AU854.zarr/
CWOP,CWOP_AU857,s3://cadcat/histwxstns/CWOP/CWOP_AU857.zarr/
CWOP,CWOP_AU858,s3://cadcat/histwxstns/CWOP/CWOP_AU858.zarr/
CWOP,CWOP_AU859,s3://cadcat/histwxstns/CWOP/CWOP_AU859.zarr/
CWOP,CWOP_AU862,s3://cadcat/histwxstns/CWOP/CWOP_AU862.zarr/
CWOP,CWOP_AU867,s3://cadcat/histwxstns/CWOP/CWOP_AU867.zarr/
CWOP,CWOP_AU868,s3://cadcat/histwxstns/CWOP/CWOP_AU868.zarr/
CWOP,CWOP_AU869,s3://cadcat/histwxstns/CWOP/CWOP_AU869.zarr/
CWOP,CWOP_AU870,s3://cadcat/histwxstns/CWOP/CWOP_AU870.zarr/
CWOP,CWOP_AU871,s3://cadcat/histwxstns/CWOP/CWOP_AU871.zarr/
CWOP,CWOP_AU872,s3://cadcat/histwxstns/CWOP/CWOP_AU872.zarr/
CWOP,CWOP_AU884,s3://cadcat/histwxstns/CWOP/CWOP_AU884.zarr/
CWOP,CWOP_AU891,s3://cadcat/histwxstns/CWOP/CWOP_AU891.zarr/
CWOP,CWOP_AU893,s3://cadcat/histwxstns/CWOP/CWOP_AU893.zarr/
CWOP,CWOP_AU898,s3://cadcat/histwxstns/CWOP/CWOP_AU898.zarr/
CWOP,CWOP_AU899,s3://cadcat/histwxstns/CWOP/CWOP_AU899.zarr/
CWOP,CWOP_AU910,s3://cadcat/histwxstns/CWOP/CWOP_AU910.zarr/
CWOP,CWOP_AU912,s3://cadcat/histwxstns/CWOP/CWOP_AU912.zarr/
CWOP,CWOP_AU915,s3://cadcat/histwxstns/CWOP/CWOP_AU915.zarr/
CWOP,CWOP_AU919,s3://cadcat/histwxstns/CWOP/CWOP_AU919.zarr/
CWOP,CWOP_AU920,s3://cadcat/histwxstns/CWOP/CWOP_AU920.zarr/
CWOP,CWOP_AU921,s3://cadcat/histwxstns/CWOP/CWOP_AU921.zarr/
CWOP,CWOP_AU923,s3://cadcat/histwxstns/CWOP/CWOP_AU923.zarr/
CWOP,CWOP_AU930,s3://cadcat/histwxstns/CWOP/CWOP_AU930.zarr/
CWOP,CWOP_AU933,s3://cadcat/histwxstns/CWOP/CWOP_AU933.zarr/
CWOP,CWOP_AU943,s3://cadcat/histwxstns/CWOP/CWOP_AU943.zarr/
CWOP,CWOP_AU944,s3://cadcat/histwxstns/CWOP/CWOP_AU944.zarr/
CWOP,CWOP_AU952,s3://cadcat/histwxstns/CWOP/CWOP_AU952.zarr/
CWOP,CWOP_AU955,s3://cadcat/histwxstns/CWOP/CWOP_AU955.zarr/
CWOP,CWOP_AU957,s3://cadcat/histwxstns/CWOP/CWOP_AU957.zarr/
CWOP,CWOP_AU958,s3://cadcat/histwxstns/CWOP/CWOP_AU958.zarr/
CWOP,CWOP_AU962,s3://cadcat/histwxstns/CWOP/CWOP_AU962.zarr/
CWOP,CWOP_AU963,s3://cadcat/histwxstns/CWOP/CWOP_AU963.zarr/
CWOP,CWOP_AU964,s3://cadcat/histwxstns/CWOP/CWOP_AU964.zarr/
CWOP,CWOP_AU972,s3://cadcat/histwxstns/CWOP/CWOP_AU972.zarr/
CWOP,CWOP_AU975,s3://cadcat/histwxstns/CWOP/CWOP_AU975.zarr/
CWOP,CWOP_AU976,s3://cadcat/histwxstns/CWOP/CWOP_AU976.zarr/
CWOP,CWOP_AU981,s3://cadcat/histwxstns/CWOP/CWOP_AU981.zarr/
CWOP,CWOP_AU982,s3://cadcat/histwxstns/CWOP/CWOP_AU982.zarr/
CWOP,CWOP_AU995,s3://cadcat/histwxstns/CWOP/CWOP_AU995.zarr/
CWOP,CWOP_AU997,s3://cadcat/histwxstns/CWOP/CWOP_AU997.zarr/
CWOP,CWOP_AU998,s3://cadcat/histwxstns/CWOP/CWOP_AU998.zarr/
CWOP,CWOP_AV001,s3://cadcat/histwxstns/CWOP/CWOP_AV001.zarr/
CWOP,CWOP_AV005,s3://cadcat/histwxstns/CWOP/CWOP_AV005.zarr/
CWOP,CWOP_AV007,s3://cadcat/histwxstns/CWOP/CWOP_AV007.zarr/
CWOP,CWOP_AV011,s3://cadcat/histwxstns/CWOP/CWOP_AV011.zarr/
CWOP,CWOP_AV014,s3://cadcat/histwxstns/CWOP/CWOP_AV014.zarr/
CWOP,CWOP_AV015,s3://cadcat/histwxstns/CWOP/CWOP_AV015.zarr/
CWOP,CWOP_AV017,s3://cadcat/histwxstns/CWOP/CWOP_AV017.zarr/
CWOP,CWOP_AV024,s3://cadcat/histwxstns/CWOP/CWOP_AV024.zarr/
CWOP,CWOP_AV031,s3://cadcat/histwxstns/CWOP/CWOP_AV031.zarr/
CWOP,CWOP_AV034,s3://cadcat/histwxstns/CWOP/CWOP_AV034.zarr/
CWOP,CWOP_AV036,s3://cadcat/histwxstns/CWOP/CWOP_AV036.zarr/
CWOP,CWOP_AV037,s3://cadcat/histwxstns/CWOP/CWOP_AV037.zarr/
CWOP,CWOP_AV049,s3://cadcat/histwxstns/CWOP/CWOP_AV049.zarr/
CWOP,CWOP_AV075,s3://cadcat/histwxstns/CWOP/CWOP_AV075.zarr/
CWOP,CWOP_AV077,s3://cadcat/histwxstns/CWOP/CWOP_AV077.zarr/
CWOP,CWOP_AV081,s3://cadcat/histwxstns/CWOP/CWOP_AV081.zarr/
CWOP,CWOP_AV084,s3://cadcat/histwxstns/CWOP/CWOP_AV084.zarr/
CWOP,CWOP_AV088,s3://cadcat/histwxstns/CWOP/CWOP_AV088.zarr/
CWOP,CWOP_AV093,s3://cadcat/histwxstns/CWOP/CWOP_AV093.zarr/
CWOP,CWOP_AV095,s3://cadcat/histwxstns/CWOP/CWOP_AV095.zarr/
CWOP,CWOP_AV097,s3://cadcat/histwxstns/CWOP/CWOP_AV097.zarr/
CWOP,CWOP_AV115,s3://cadcat/histwxstns/CWOP/CWOP_AV115.zarr/
CWOP,CWOP_AV118,s3://cadcat/histwxstns/CWOP/CWOP_AV118.zarr/
CWOP,CWOP_AV123,s3://cadcat/histwxstns/CWOP/CWOP_AV123.zarr/
CWOP,CWOP_AV127,s3://cadcat/histwxstns/CWOP/CWOP_AV127.zarr/
CWOP,CWOP_AV129,s3://cadcat/histwxstns/CWOP/CWOP_AV129.zarr/
CWOP,CWOP_AV134,s3://cadcat/histwxstns/CWOP/CWOP_AV134.zarr/
CWOP,CWOP_AV140,s3://cadcat/histwxstns/CWOP/CWOP_AV140.zarr/
CWOP,CWOP_AV151,s3://cadcat/histwxstns/CWOP/CWOP_AV151.zarr/
CWOP,CWOP_AV157,s3://cadcat/histwxstns/CWOP/CWOP_AV157.zarr/
CWOP,CWOP_AV171,s3://cadcat/histwxstns/CWOP/CWOP_AV171.zarr/
CWOP,CWOP_AV173,s3://cadcat/histwxstns/CWOP/CWOP_AV173.zarr/
CWOP,CWOP_AV174,s3://cadcat/histwxstns/CWOP/CWOP_AV174.zarr/
CWOP,CWOP_AV175,s3://cadcat/histwxstns/CWOP/CWOP_AV175.zarr/
CWOP,CWOP_AV179,s3://cadcat/histwxstns/CWOP/CWOP_AV179.zarr/
CWOP,CWOP_AV185,s3://cadcat/histwxstns/CWOP/CWOP_AV185.zarr/
CWOP,CWOP_AV186,s3://cadcat/histwxstns/CWOP/CWOP_AV186.zarr/
CWOP,CWOP_AV193,s3://cadcat/histwxstns/CWOP/CWOP_AV193.zarr/
CWOP,CWOP_AV201,s3://cadcat/histwxstns/CWOP/CWOP_AV201.zarr/
CWOP,CWOP_AV203,s3://cadcat/histwxstns/CWOP/CWOP_AV203.zarr/
CWOP,CWOP_AV218,s3://cadcat/histwxstns/CWOP/CWOP_AV218.zarr/
CWOP,CWOP_AV224,s3://cadcat/histwxstns/CWOP/CWOP_AV224.zarr/
CWOP,CWOP_AV225,s3://cadcat/histwxstns/CWOP/CWOP_AV225.zarr/
CWOP,CWOP_AV238,s3://cadcat/histwxstns/CWOP/CWOP_AV238.zarr/
CWOP,CWOP_AV241,s3://cadcat/histwxstns/CWOP/CWOP_AV241.zarr/
CWOP,CWOP_AV243,s3://cadcat/histwxstns/CWOP/CWOP_AV243.zarr/
CWOP,CWOP_AV247,s3://cadcat/histwxstns/CWOP/CWOP_AV247.zarr/
CWOP,CWOP_AV249,s3://cadcat/histwxstns/CWOP/CWOP_AV249.zarr/
CWOP,CWOP_AV255,s3://cadcat/histwxstns/CWOP/CWOP_AV255.zarr/
CWOP,CWOP_AV258,s3://cadcat/histwxstns/CWOP/CWOP_AV258.zarr/
CWOP,CWOP_AV259,s3://cadcat/histwxstns/CWOP/CWOP_AV259.zarr/
CWOP,CWOP_AV267,s3://cadcat/histwxstns/CWOP/CWOP_AV267.zarr/
CWOP,CWOP_AV268,s3://cadcat/histwxstns/CWOP/CWOP_AV268.zarr/
CWOP,CWOP_AV271,s3://cadcat/histwxstns/CWOP/CWOP_AV271.zarr/
CWOP,CWOP_AV272,s3://cadcat/histwxstns/CWOP/CWOP_AV272.zarr/
CWOP,CWOP_AV285,s3://cadcat/histwxstns/CWOP/CWOP_AV285.zarr/
CWOP,CWOP_AV295,s3://cadcat/histwxstns/CWOP/CWOP_AV295.zarr/
CWOP,CWOP_AV306,s3://cadcat/histwxstns/CWOP/CWOP_AV306.zarr/
CWOP,CWOP_AV307,s3://cadcat/histwxstns/CWOP/CWOP_AV307.zarr/
CWOP,CWOP_AV310,s3://cadcat/histwxstns/CWOP/CWOP_AV310.zarr/
CWOP,CWOP_AV313,s3://cadcat/histwxstns/CWOP/CWOP_AV313.zarr/
CWOP,CWOP_AV315,s3://cadcat/histwxstns/CWOP/CWOP_AV315.zarr/
CWOP,CWOP_AV329,s3://cadcat/histwxstns/CWOP/CWOP_AV329.zarr/
CWOP,CWOP_AV330,s3://cadcat/histwxstns/CWOP/CWOP_AV330.zarr/
CWOP,CWOP_AV335,s3://cadcat/histwxstns/CWOP/CWOP_AV335.zarr/
CWOP,CWOP_AV337,s3://cadcat/histwxstns/CWOP/CWOP_AV337.zarr/
CWOP,CWOP_AV338,s3://cadcat/histwxstns/CWOP/CWOP_AV338.zarr/
CWOP,CWOP_AV354,s3://cadcat/histwxstns/CWOP/CWOP_AV354.zarr/
CWOP,CWOP_AV356,s3://cadcat/histwxstns/CWOP/CWOP_AV356.zarr/
CWOP,CWOP_AV359,s3://cadcat/histwxstns/CWOP/CWOP_AV359.zarr/
CWOP,CWOP_AV360,s3://cadcat/histwxstns/CWOP/CWOP_AV360.zarr/
CWOP,CWOP_AV361,s3://cadcat/histwxstns/CWOP/CWOP_AV361.zarr/
CWOP,CWOP_AV362,s3://cadcat/histwxstns/CWOP/CWOP_AV362.zarr/
CWOP,CWOP_AV363,s3://cadcat/histwxstns/CWOP/CWOP_AV363.zarr/
CWOP,CWOP_AV369,s3://cadcat/histwxstns/CWOP/CWOP_AV369.zarr/
CWOP,CWOP_AV370,s3://cadcat/histwxstns/CWOP/CWOP_AV370.zarr/
CWOP,CWOP_AV377,s3://cadcat/histwxstns/CWOP/CWOP_AV377.zarr/
CWOP,CWOP_AV379,s3://cadcat/histwxstns/CWOP/CWOP_AV379.zarr/
CWOP,CWOP_AV380,s3://cadcat/histwxstns/CWOP/CWOP_AV380.zarr/
CWOP,CWOP_AV383,s3://cadcat/histwxstns/CWOP/CWOP_AV383.zarr/
CWOP,CWOP_AV387,s3://cadcat/histwxstns/CWOP/CWOP_AV387.zarr/
CWOP,CWOP_AV389,s3://cadcat/histwxstns/CWOP/CWOP_AV389.zarr/
CWOP,CWOP_AV392,s3://cadcat/histwxstns/CWOP/CWOP_AV392.zarr/
CWOP,CWOP_AV395,s3://cadcat/histwxstns/CWOP/CWOP_AV395.zarr/
CWOP,CWOP_AV402,s3://cadcat/histwxstns/CWOP/CWOP_AV402.zarr/
CWOP,CWOP_AV411,s3://cadcat/histwxstns/CWOP/CWOP_AV411.zarr/
CWOP,CWOP_AV444,s3://cadcat/histwxstns/CWOP/CWOP_AV444.zarr/
CWOP,CWOP_AV447,s3://cadcat/histwxstns/CWOP/CWOP_AV447.zarr/
CWOP,CWOP_AV449,s3://cadcat/histwxstns/CWOP/CWOP_AV449.zarr/
CWOP,CWOP_AV456,s3://cadcat/histwxstns/CWOP/CWOP_AV456.zarr/
CWOP,CWOP_AV457,s3://cadcat/histwxstns/CWOP/CWOP_AV457.zarr/
CWOP,CWOP_AV459,s3://cadcat/histwxstns/CWOP/CWOP_AV459.zarr/
CWOP,CWOP_AV460,s3://cadcat/histwxstns/CWOP/CWOP_AV460.zarr/
CWOP,CWOP_AV467,s3://cadcat/histwxstns/CWOP/CWOP_AV467.zarr/
CWOP,CWOP_AV469,s3://cadcat/histwxstns/CWOP/CWOP_AV469.zarr/
CWOP,CWOP_AV472,s3://cadcat/histwxstns/CWOP/CWOP_AV472.zarr/
CWOP,CWOP_AV476,s3://cadcat/histwxstns/CWOP/CWOP_AV476.zarr/
CWOP,CWOP_AV477,s3://cadcat/histwxstns/CWOP/CWOP_AV477.zarr/
CWOP,CWOP_AV480,s3://cadcat/histwxstns/CWOP/CWOP_AV480.zarr/
CWOP,CWOP_AV482,s3://cadcat/histwxstns/CWOP/CWOP_AV482.zarr/
CWOP,CWOP_AV483,s3://cadcat/histwxstns/CWOP/CWOP_AV483.zarr/
CWOP,CWOP_AV484,s3://cadcat/histwxstns/CWOP/CWOP_AV484.zarr/
CWOP,CWOP_AV493,s3://cadcat/histwxstns/CWOP/CWOP_AV493.zarr/
CWOP,CWOP_AV495,s3://cadcat/histwxstns/CWOP/CWOP_AV495.zarr/
CWOP,CWOP_AV500,s3://cadcat/histwxstns/CWOP/CWOP_AV500.zarr/
CWOP,CWOP_AV504,s3://cadcat/histwxstns/CWOP/CWOP_AV504.zarr/
CWOP,CWOP_AV506,s3://cadcat/histwxstns/CWOP/CWOP_AV506.zarr/
CWOP,CWOP_AV507,s3://cadcat/histwxstns/CWOP/CWOP_AV507.zarr/
CWOP,CWOP_AV510,s3://cadcat/histwxstns/CWOP/CWOP_AV510.zarr/
CWOP,CWOP_AV511,s3://cadcat/histwxstns/CWOP/CWOP_AV511.zarr/
CWOP,CWOP_AV516,s3://cadcat/histwxstns/CWOP/CWOP_AV516.zarr/
CWOP,CWOP_AV517,s3://cadcat/histwxstns/CWOP/CWOP_AV517.zarr/
CWOP,CWOP_AV529,s3://cadcat/histwxstns/CWOP/CWOP_AV529.zarr/
CWOP,CWOP_AV532,s3://cadcat/histwxstns/CWOP/CWOP_AV532.zarr/
CWOP,CWOP_AV533,s3://cadcat/histwxstns/CWOP/CWOP_AV533.zarr/
CWOP,CWOP_AV536,s3://cadcat/histwxstns/CWOP/CWOP_AV536.zarr/
CWOP,CWOP_AV546,s3://cadcat/histwxstns/CWOP/CWOP_AV546.zarr/
CWOP,CWOP_AV549,s3://cadcat/histwxstns/CWOP/CWOP_AV549.zarr/
CWOP,CWOP_AV554,s3://cadcat/histwxstns/CWOP/CWOP_AV554.zarr/
CWOP,CWOP_AV557,s3://cadcat/histwxstns/CWOP/CWOP_AV557.zarr/
CWOP,CWOP_AV562,s3://cadcat/histwxstns/CWOP/CWOP_AV562.zarr/
CWOP,CWOP_AV566,s3://cadcat/histwxstns/CWOP/CWOP_AV566.zarr/
CWOP,CWOP_AV569,s3://cadcat/histwxstns/CWOP/CWOP_AV569.zarr/
CWOP,CWOP_AV577,s3://cadcat/histwxstns/CWOP/CWOP_AV577.zarr/
CWOP,CWOP_AV579,s3://cadcat/histwxstns/CWOP/CWOP_AV579.zarr/
CWOP,CWOP_AV581,s3://cadcat/histwxstns/CWOP/CWOP_AV581.zarr/
CWOP,CWOP_AV601,s3://cadcat/histwxstns/CWOP/CWOP_AV601.zarr/
CWOP,CWOP_AV610,s3://cadcat/histwxstns/CWOP/CWOP_AV610.zarr/
CWOP,CWOP_AV613,s3://cadcat/histwxstns/CWOP/CWOP_AV613.zarr/
CWOP,CWOP_AV616,s3://cadcat/histwxstns/CWOP/CWOP_AV616.zarr/
CWOP,CWOP_AV622,s3://cadcat/histwxstns/CWOP/CWOP_AV622.zarr/
CWOP,CWOP_AV647,s3://cadcat/histwxstns/CWOP/CWOP_AV647.zarr/
CWOP,CWOP_AV650,s3://cadcat/histwxstns/CWOP/CWOP_AV650.zarr/
CWOP,CWOP_AV652,s3://cadcat/histwxstns/CWOP/CWOP_AV652.zarr/
CWOP,CWOP_AV657,s3://cadcat/histwxstns/CWOP/CWOP_AV657.zarr/
CWOP,CWOP_AV660,s3://cadcat/histwxstns/CWOP/CWOP_AV660.zarr/
CWOP,CWOP_AV661,s3://cadcat/histwxstns/CWOP/CWOP_AV661.zarr/
CWOP,CWOP_AV668,s3://cadcat/histwxstns/CWOP/CWOP_AV668.zarr/
CWOP,CWOP_AV670,s3://cadcat/histwxstns/CWOP/CWOP_AV670.zarr/
CWOP,CWOP_AV671,s3://cadcat/histwxstns/CWOP/CWOP_AV671.zarr/
CWOP,CWOP_AV677,s3://cadcat/histwxstns/CWOP/CWOP_AV677.zarr/
CWOP,CWOP_AV684,s3://cadcat/histwxstns/CWOP/CWOP_AV684.zarr/
CWOP,CWOP_AV685,s3://cadcat/histwxstns/CWOP/CWOP_AV685.zarr/
CWOP,CWOP_AV686,s3://cadcat/histwxstns/CWOP/CWOP_AV686.zarr/
CWOP,CWOP_AV688,s3://cadcat/histwxstns/CWOP/CWOP_AV688.zarr/
CWOP,CWOP_AV691,s3://cadcat/histwxstns/CWOP/CWOP_AV691.zarr/
CWOP,CWOP_AV694,s3://cadcat/histwxstns/CWOP/CWOP_AV694.zarr/
CWOP,CWOP_AV698,s3://cadcat/histwxstns/CWOP/CWOP_AV698.zarr/
CWOP,CWOP_AV707,s3://cadcat/histwxstns/CWOP/CWOP_AV707.zarr/
CWOP,CWOP_AV716,s3://cadcat/histwxstns/CWOP/CWOP_AV716.zarr/
CWOP,CWOP_AV719,s3://cadcat/histwxstns/CWOP/CWOP_AV719.zarr/
CWOP,CWOP_AV721,s3://cadcat/histwxstns/CWOP/CWOP_AV721.zarr/
CWOP,CWOP_AV724,s3://cadcat/histwxstns/CWOP/CWOP_AV724.zarr/
CWOP,CWOP_AV725,s3://cadcat/histwxstns/CWOP/CWOP_AV725.zarr/
CWOP,CWOP_AV727,s3://cadcat/histwxstns/CWOP/CWOP_AV727.zarr/
CWOP,CWOP_AV737,s3://cadcat/histwxstns/CWOP/CWOP_AV737.zarr/
CWOP,CWOP_AV744,s3://cadcat/histwxstns/CWOP/CWOP_AV744.zarr/
CWOP,CWOP_AV746,s3://cadcat/histwxstns/CWOP/CWOP_AV746.zarr/
CWOP,CWOP_AV749,s3://cadcat/histwxstns/CWOP/CWOP_AV749.zarr/
CWOP,CWOP_AV752,s3://cadcat/histwxstns/CWOP/CWOP_AV752.zarr/
CWOP,CWOP_AV753,s3://cadcat/histwxstns/CWOP/CWOP_AV753.zarr/
CWOP,CWOP_AV758,s3://cadcat/histwxstns/CWOP/CWOP_AV758.zarr/
CWOP,CWOP_AV768,s3://cadcat/histwxstns/CWOP/CWOP_AV768.zarr/
CWOP,CWOP_AV774,s3://cadcat/histwxstns/CWOP/CWOP_AV774.zarr/
CWOP,CWOP_AV778,s3://cadcat/histwxstns/CWOP/CWOP_AV778.zarr/
CWOP,CWOP_AV788,s3://cadcat/histwxstns/CWOP/CWOP_AV788.zarr/
CWOP,CWOP_AV789,s3://cadcat/histwxstns/CWOP/CWOP_AV789.zarr/
CWOP,CWOP_AV791,s3://cadcat/histwxstns/CWOP/CWOP_AV791.zarr/
CWOP,CWOP_AV793,s3://cadcat/histwxstns/CWOP/CWOP_AV793.zarr/
CWOP,CWOP_AV806,s3://cadcat/histwxstns/CWOP/CWOP_AV806.zarr/
CWOP,CWOP_AV820,s3://cadcat/histwxstns/CWOP/CWOP_AV820.zarr/
CWOP,CWOP_AV826,s3://cadcat/histwxstns/CWOP/CWOP_AV826.zarr/
CWOP,CWOP_AV833,s3://cadcat/histwxstns/CWOP/CWOP_AV833.zarr/
CWOP,CWOP_AV836,s3://cadcat/histwxstns/CWOP/CWOP_AV836.zarr/
CWOP,CWOP_AV837,s3://cadcat/histwxstns/CWOP/CWOP_AV837.zarr/
CWOP,CWOP_AV847,s3://cadcat/histwxstns/CWOP/CWOP_AV847.zarr/
CWOP,CWOP_AV855,s3://cadcat/histwxstns/CWOP/CWOP_AV855.zarr/
CWOP,CWOP_AV860,s3://cadcat/histwxstns/CWOP/CWOP_AV860.zarr/
CWOP,CWOP_AV861,s3://cadcat/histwxstns/CWOP/CWOP_AV861.zarr/
CWOP,CWOP_AV867,s3://cadcat/histwxstns/CWOP/CWOP_AV867.zarr/
CWOP,CWOP_AV868,s3://cadcat/histwxstns/CWOP/CWOP_AV868.zarr/
CWOP,CWOP_AV874,s3://cadcat/histwxstns/CWOP/CWOP_AV874.zarr/
CWOP,CWOP_AV880,s3://cadcat/histwxstns/CWOP/CWOP_AV880.zarr/
CWOP,CWOP_AV883,s3://cadcat/histwxstns/CWOP/CWOP_AV883.zarr/
CWOP,CWOP_AV884,s3://cadcat/histwxstns/CWOP/CWOP_AV884.zarr/
CWOP,CWOP_AV887,s3://cadcat/histwxstns/CWOP/CWOP_AV887.zarr/
CWOP,CWOP_AV888,s3://cadcat/histwxstns/CWOP/CWOP_AV888.zarr/
CWOP,CWOP_AV889,s3://cadcat/histwxstns/CWOP/CWOP_AV889.zarr/
CWOP,CWOP_AV890,s3://cadcat/histwxstns/CWOP/CWOP_AV890.zarr/
CWOP,CWOP_AV897,s3://cadcat/histwxstns/CWOP/CWOP_AV897.zarr/
CWOP,CWOP_AV900,s3://cadcat/histwxstns/CWOP/CWOP_AV900.zarr/
CWOP,CWOP_AV908,s3://cadcat/histwxstns/CWOP/CWOP_AV908.zarr/
CWOP,CWOP_AV914,s3://cadcat/histwxstns/CWOP/CWOP_AV914.zarr/
CWOP,CWOP_AV915,s3://cadcat/histwxstns/CWOP/CWOP_AV915.zarr/
CWOP,CWOP_AV916,s3://cadcat/histwxstns/CWOP/CWOP_AV916.zarr/
CWOP,CWOP_AV921,s3://cadcat/histwxstns/CWOP/CWOP_AV921.zarr/
CWOP,CWOP_AV923,s3://cadcat/histwxstns/CWOP/CWOP_AV923.zarr/
CWOP,CWOP_AV924,s3://cadcat/histwxstns/CWOP/CWOP_AV924.zarr/
CWOP,CWOP_AV926,s3://cadcat/histwxstns/CWOP/CWOP_AV926.zarr/
CWOP,CWOP_AV933,s3://cadcat/histwxstns/CWOP/CWOP_AV933.zarr/
CWOP,CWOP_AV967,s3://cadcat/histwxstns/CWOP/CWOP_AV967.zarr/
CWOP,CWOP_AV971,s3://cadcat/histwxstns/CWOP/CWOP_AV971.zarr/
CWOP,CWOP_C0004,s3://cadcat/histwxstns/CWOP/CWOP_C0004.zarr/
CWOP,CWOP_C0013,s3://cadcat/histwxstns/CWOP/CWOP_C0013.zarr/
CWOP,CWOP_C0053,s3://cadcat/histwxstns/CWOP/CWOP_C0053.zarr/
CWOP,CWOP_C0078,s3://cadcat/histwxstns/CWOP/CWOP_C0078.zarr/
CWOP,CWOP_C0082,s3://cadcat/histwxstns/CWOP/CWOP_C0082.zarr/
CWOP,CWOP_C0120,s3://cadcat/histwxstns/CWOP/CWOP_C0120.zarr/
CWOP,CWOP_C0136,s3://cadcat/histwxstns/CWOP/CWOP_C0136.zarr/
CWOP,CWOP_C0138,s3://cadcat/histwxstns/CWOP/CWOP_C0138.zarr/
CWOP,CWOP_C0181,s3://cadcat/histwxstns/CWOP/CWOP_C0181.zarr/
CWOP,CWOP_C0211,s3://cadcat/histwxstns/CWOP/CWOP_C0211.zarr/
CWOP,CWOP_C0213,s3://cadcat/histwxstns/CWOP/CWOP_C0213.zarr/
CWOP,CWOP_C0222,s3://cadcat/histwxstns/CWOP/CWOP_C0222.zarr/
CWOP,CWOP_C0234,s3://cadcat/histwxstns/CWOP/CWOP_C0234.zarr/
CWOP,CWOP_C0256,s3://cadcat/histwxstns/CWOP/CWOP_C0256.zarr/
CWOP,CWOP_C0260,s3://cadcat/histwxstns/CWOP/CWOP_C0260.zarr/
CWOP,CWOP_C0310,s3://cadcat/histwxstns/CWOP/CWOP_C0310.zarr/
CWOP,CWOP_C0314,s3://cadcat/histwxstns/CWOP/CWOP_C0314.zarr/
CWOP,CWOP_C0325,s3://cadcat/histwxstns/CWOP/CWOP_C0325.zarr/
CWOP,CWOP_C0338,s3://cadcat/histwxstns/CWOP/CWOP_C0338.zarr/
CWOP,CWOP_C0342,s3://cadcat/histwxstns/CWOP/CWOP_C0342.zarr/
CWOP,CWOP_C0346,s3://cadcat/histwxstns/CWOP/CWOP_C0346.zarr/
CWOP,CWOP_C0356,s3://cadcat/histwxstns/CWOP/CWOP_C0356.zarr/
CWOP,CWOP_C0363,s3://cadcat/histwxstns/CWOP/CWOP_C0363.zarr/
CWOP,CWOP_C0406,s3://cadcat/histwxstns/CWOP/CWOP_C0406.zarr/
CWOP,CWOP_C0407,s3://cadcat/histwxstns/CWOP/CWOP_C0407.zarr/
CWOP,CWOP_C0420,s3://cadcat/histwxstns/CWOP/CWOP_C0420.zarr/
CWOP,CWOP_C0425,s3://cadcat/histwxstns/CWOP/CWOP_C0425.zarr/
CWOP,CWOP_C0439,s3://cadcat/histwxstns/CWOP/CWOP_C0439.zarr/
CWOP,CWOP_C0443,s3://cadcat/histwxstns/CWOP/CWOP_C0443.zarr/
CWOP,CWOP_C0458,s3://cadcat/histwxstns/CWOP/CWOP_C0458.zarr/
CWOP,CWOP_C0516,s3://cadcat/histwxstns/CWOP/CWOP_C0516.zarr/
CWOP,CWOP_C0519,s3://cadcat/histwxstns/CWOP/CWOP_C0519.zarr/
CWOP,CWOP_C0538,s3://cadcat/histwxstns/CWOP/CWOP_C0538.zarr/
CWOP,CWOP_C0549,s3://cadcat/histwxstns/CWOP/CWOP_C0549.zarr/
CWOP,CWOP_C0570,s3://cadcat/histwxstns/CWOP/CWOP_C0570.zarr/
CWOP,CWOP_C0597,s3://cadcat/histwxstns/CWOP/CWOP_C0597.zarr/
CWOP,CWOP_C0599,s3://cadcat/histwxstns/CWOP/CWOP_C0599.zarr/
CWOP,CWOP_C0607,s3://cadcat/histwxstns/CWOP/CWOP_C0607.zarr/
CWOP,CWOP_C0622,s3://cadcat/histwxstns/CWOP/CWOP_C0622.zarr/
CWOP,CWOP_C0623,s3://cadcat/histwxstns/CWOP/CWOP_C0623.zarr/
CWOP,CWOP_C0636,s3://cadcat/histwxstns/CWOP/CWOP_C0636.zarr/
CWOP,CWOP_C0657,s3://cadcat/histwxstns/CWOP/CWOP_C0657.zarr/
CWOP,CWOP_C0672,s3://cadcat/histwxstns/CWOP/CWOP_C0672.zarr/
CWOP,CWOP_C0673,s3://cadcat/histwxstns/CWOP/CWOP_C0673.zarr/
CWOP,CWOP_C0682,s3://cadcat/histwxstns/CWOP/CWOP_C0682.zarr/
CWOP,CWOP_C0686,s3://cadcat/histwxstns/CWOP/CWOP_C0686.zarr/
CWOP,CWOP_C0689,s3://cadcat/histwxstns/CWOP/CWOP_C0689.zarr/
CWOP,CWOP_C0693,s3://cadcat/histwxstns/CWOP/CWOP_C0693.zarr/
CWOP,CWOP_C0702,s3://cadcat/histwxstns/CWOP/CWOP_C0702.zarr/
CWOP,CWOP_C0704,s3://cadcat/histwxstns/CWOP/CWOP_C0704.zarr/
CWOP,CWOP_C0706,s3://cadcat/histwxstns/CWOP/CWOP_C0706.zarr/
CWOP,CWOP_C0707,s3://cadcat/histwxstns/CWOP/CWOP_C0707.zarr/
CWOP,CWOP_C0711,s3://cadcat/histwxstns/CWOP/CWOP_C0711.zarr/
CWOP,CWOP_C0720,s3://cadcat/histwxstns/CWOP/CWOP_C0720.zarr/
CWOP,CWOP_C0732,s3://cadcat/histwxstns/CWOP/CWOP_C0732.zarr/
CWOP,CWOP_C0750,s3://cadcat/histwxstns/CWOP/CWOP_C0750.zarr/
CWOP,CWOP_C0756,s3://cadcat/histwxstns/CWOP/CWOP_C0756.zarr/
CWOP,CWOP_C0779,s3://cadcat/histwxstns/CWOP/CWOP_C0779.zarr/
CWOP,CWOP_C0791,s3://cadcat/histwxstns/CWOP/CWOP_C0791.zarr/
CWOP,CWOP_C0793,s3://cadcat/histwxstns/CWOP/CWOP_C0793.zarr/
CWOP,CWOP_C0798,s3://cadcat/histwxstns/CWOP/CWOP_C0798.zarr/
CWOP,CWOP_C0809,s3://cadcat/histwxstns/CWOP/CWOP_C0809.zarr/
CWOP,CWOP_C0810,s3://cadcat/histwxstns/CWOP/CWOP_C0810.zarr/
CWOP,CWOP_C0819,s3://cadcat/histwxstns/CWOP/CWOP_C0819.zarr/
CWOP,CWOP_C0822,s3://cadcat/histwxstns/CWOP/CWOP_C0822.zarr/
CWOP,CWOP_C0830,s3://cadcat/histwxstns/CWOP/CWOP_C0830.zarr/
CWOP,CWOP_C0832,s3://cadcat/histwxstns/CWOP/CWOP_C0832.zarr/
CWOP,CWOP_C0844,s3://cadcat/histwxstns/CWOP/CWOP_C0844.zarr/
CWOP,CWOP_C0870,s3://cadcat/histwxstns/CWOP/CWOP_C0870.zarr/
CWOP,CWOP_C0878,s3://cadcat/histwxstns/CWOP/CWOP_C0878.zarr/
CWOP,CWOP_C0879,s3://cadcat/histwxstns/CWOP/CWOP_C0879.zarr/
CWOP,CWOP_C0882,s3://cadcat/histwxstns/CWOP/CWOP_C0882.zarr/
CWOP,CWOP_C0887,s3://cadcat/histwxstns/CWOP/CWOP_C0887.zarr/
CWOP,CWOP_C0893,s3://cadcat/histwxstns/CWOP/CWOP_C0893.zarr/
CWOP,CWOP_C0899,s3://cadcat/histwxstns/CWOP/CWOP_C0899.zarr/
CWOP,CWOP_C0941,s3://cadcat/histwxstns/CWOP/CWOP_C0941.zarr/
CWOP,CWOP_C0942,s3://cadcat/histwxstns/CWOP/CWOP_C0942.zarr/
CWOP,CWOP_C0958,s3://cadcat/histwxstns/CWOP/CWOP_C0958.zarr/
CWOP,CWOP_C0961,s3://cadcat/histwxstns/CWOP/CWOP_C0961.zarr/
CWOP,CWOP_C0963,s3://cadcat/histwxstns/CWOP/CWOP_C0963.zarr/
CWOP,CWOP_C0973,s3://cadcat/histwxstns/CWOP/CWOP_C0973.zarr/
CWOP,CWOP_C0974,s3://cadcat/histwxstns/CWOP/CWOP_C0974.zarr/
CWOP,CWOP_C0987,s3://cadcat/histwxstns/CWOP/CWOP_C0987.zarr/
CWOP,CWOP_C0988,s3://cadcat/histwxstns/CWOP/CWOP_C0988.zarr/
CWOP,CWOP_C1000,s3://cadcat/histwxstns/CWOP/CWOP_C1000.zarr/
CWOP,CWOP_C1001,s3://cadcat/histwxstns/CWOP/CWOP_C1001.zarr/
CWOP,CWOP_C1002,s3://cadcat/histwxstns/CWOP/CWOP_C1002.zarr/
CWOP,CWOP_C1019,s3://cadcat/histwxstns/CWOP/CWOP_C1019.zarr/
CWOP,CWOP_C1022,s3://cadcat/histwxstns/CWOP/CWOP_C1022.zarr/
CWOP,CWOP_C1038,s3://cadcat/histwxstns/CWOP/CWOP_C1038.zarr/
CWOP,CWOP_C1043,s3://cadcat/histwxstns/CWOP/CWOP_C1043.zarr/
CWOP,CWOP_C1063,s3://cadcat/histwxstns/CWOP/CWOP_C1063.zarr/
CWOP,CWOP_C1073,s3://cadcat/histwxstns/CWOP/CWOP_C1073.zarr/
CWOP,CWOP_C1075,s3://cadcat/histwxstns/CWOP/CWOP_C1075.zarr/
CWOP,CWOP_C1092,s3://cadcat/histwxstns/CWOP/CWOP_C1092.zarr/
CWOP,CWOP_C1102,s3://cadcat/histwxstns/CWOP/CWOP_C1102.zarr/
CWOP,CWOP_C1112,s3://cadcat/histwxstns/CWOP/CWOP_C1112.zarr/
CWOP,CWOP_C1122,s3://cadcat/histwxstns/CWOP/CWOP_C1122.zarr/
CWOP,CWOP_C1130,s3://cadcat/histwxstns/CWOP/CWOP_C1130.zarr/
CWOP,CWOP_C1132,s3://cadcat/histwxstns/CWOP/CWOP_C1132.zarr/
CWOP,CWOP_C1138,s3://cadcat/histwxstns/CWOP/CWOP_C1138.zarr/
CWOP,CWOP_C1144,s3://cadcat/histwxstns/CWOP/CWOP_C1144.zarr/
CWOP,CWOP_C1166,s3://cadcat/histwxstns/CWOP/CWOP_C1166.zarr/
CWOP,CWOP_C1169,s3://cadcat/histwxstns/CWOP/CWOP_C1169.zarr/
CWOP,CWOP_C1176,s3://cadcat/histwxstns/CWOP/CWOP_C1176.zarr/
CWOP,CWOP_C1177,s3://cadcat/histwxstns/CWOP/CWOP_C1177.zarr/
CWOP,CWOP_C1183,s3://cadcat/histwxstns/CWOP/CWOP_C1183.zarr/
CWOP,CWOP_C1193,s3://cadcat/histwxstns/CWOP/CWOP_C1193.zarr/
CWOP,CWOP_C1194,s3://cadcat/histwxstns/CWOP/CWOP_C1194.zarr/
CWOP,CWOP_C1222,s3://cadcat/histwxstns/CWOP/CWOP_C1222.zarr/
CWOP,CWOP_C1226,s3://cadcat/histwxstns/CWOP/CWOP_C1226.zarr/
CWOP,CWOP_C1232,s3://cadcat/histwxstns/CWOP/CWOP_C1232.zarr/
CWOP,CWOP_C1244,s3://cadcat/histwxstns/CWOP/CWOP_C1244.zarr/
CWOP,CWOP_C1247,s3://cadcat/histwxstns/CWOP/CWOP_C1247.zarr/
CWOP,CWOP_C1250,s3://cadcat/histwxstns/CWOP/CWOP_C1250.zarr/
CWOP,CWOP_C1265,s3://cadcat/histwxstns/CWOP/CWOP_C1265.zarr/
CWOP,CWOP_C1268,s3://cadcat/histwxstns/CWOP/CWOP_C1268.zarr/
CWOP,CWOP_C1287,s3://cadcat/histwxstns/CWOP/CWOP_C1287.zarr/
CWOP,CWOP_C1293,s3://cadcat/histwxstns/CWOP/CWOP_C1293.zarr/
CWOP,CWOP_C1301,s3://cadcat/histwxstns/CWOP/CWOP_C1301.zarr/
CWOP,CWOP_C1306,s3://cadcat/histwxstns/CWOP/CWOP_C1306.zarr/
CWOP,CWOP_C1311,s3://cadcat/histwxstns/CWOP/CWOP_C1311.zarr/
CWOP,CWOP_C1334,s3://cadcat/histwxstns/CWOP/CWOP_C1334.zarr/
CWOP,CWOP_C1356,s3://cadcat/histwxstns/CWOP/CWOP_C1356.zarr/
CWOP,CWOP_C1362,s3://cadcat/histwxstns/CWOP/CWOP_C1362.zarr/
CWOP,CWOP_C1393,s3://cadcat/histwxstns/CWOP/CWOP_C1393.zarr/
CWOP,CWOP_C1395,s3://cadcat/histwxstns/CWOP/CWOP_C1395.zarr/
CWOP,CWOP_C1397,s3://cadcat/histwxstns/CWOP/CWOP_C1397.zarr/
CWOP,CWOP_C1403,s3://cadcat/histwxstns/CWOP/CWOP_C1403.zarr/
CWOP,CWOP_C1412,s3://cadcat/histwxstns/CWOP/CWOP_C1412.zarr/
CWOP,CWOP_C1415,s3://cadcat/histwxstns/CWOP/CWOP_C1415.zarr/
CWOP,CWOP_C1428,s3://cadcat/histwxstns/CWOP/CWOP_C1428.zarr/
CWOP,CWOP_C1430,s3://cadcat/histwxstns/CWOP/CWOP_C1430.zarr/
CWOP,CWOP_C1438,s3://cadcat/histwxstns/CWOP/CWOP_C1438.zarr/
CWOP,CWOP_C1442,s3://cadcat/histwxstns/CWOP/CWOP_C1442.zarr/
CWOP,CWOP_C1456,s3://cadcat/histwxstns/CWOP/CWOP_C1456.zarr/
CWOP,CWOP_C1499,s3://cadcat/histwxstns/CWOP/CWOP_C1499.zarr/
CWOP,CWOP_C1505,s3://cadcat/histwxstns/CWOP/CWOP_C1505.zarr/
CWOP,CWOP_C1508,s3://cadcat/histwxstns/CWOP/CWOP_C1508.zarr/
CWOP,CWOP_C1515,s3://cadcat/histwxstns/CWOP/CWOP_C1515.zarr/
CWOP,CWOP_C1520,s3://cadcat/histwxstns/CWOP/CWOP_C1520.zarr/
CWOP,CWOP_C1521,s3://cadcat/histwxstns/CWOP/CWOP_C1521.zarr/
CWOP,CWOP_C1522,s3://cadcat/histwxstns/CWOP/CWOP_C1522.zarr/
CWOP,CWOP_C1528,s3://cadcat/histwxstns/CWOP/CWOP_C1528.zarr/
CWOP,CWOP_C1537,s3://cadcat/histwxstns/CWOP/CWOP_C1537.zarr/
CWOP,CWOP_C1552,s3://cadcat/histwxstns/CWOP/CWOP_C1552.zarr/
CWOP,CWOP_C1554,s3://cadcat/histwxstns/CWOP/CWOP_C1554.zarr/
CWOP,CWOP_C1560,s3://cadcat/histwxstns/CWOP/CWOP_C1560.zarr/
CWOP,CWOP_C1561,s3://cadcat/histwxstns/CWOP/CWOP_C1561.zarr/
CWOP,CWOP_C1577,s3://cadcat/histwxstns/CWOP/CWOP_C1577.zarr/
CWOP,CWOP_C1579,s3://cadcat/histwxstns/CWOP/CWOP_C1579.zarr/
CWOP,CWOP_C1584,s3://cadcat/histwxstns/CWOP/CWOP_C1584.zarr/
CWOP,CWOP_C1588,s3://cadcat/histwxstns/CWOP/CWOP_C1588.zarr/
CWOP,CWOP_C1591,s3://cadcat/histwxstns/CWOP/CWOP_C1591.zarr/
CWOP,CWOP_C1593,s3://cadcat/histwxstns/CWOP/CWOP_C1593.zarr/
CWOP,CWOP_C1595,s3://cadcat/histwxstns/CWOP/CWOP_C1595.zarr/
CWOP,CWOP_C1597,s3://cadcat/histwxstns/CWOP/CWOP_C1597.zarr/
CWOP,CWOP_C1601,s3://cadcat/histwxstns/CWOP/CWOP_C1601.zarr/
CWOP,CWOP_C1603,s3://cadcat/histwxstns/CWOP/CWOP_C1603.zarr/
CWOP,CWOP_C1614,s3://cadcat/histwxstns/CWOP/CWOP_C1614.zarr/
CWOP,CWOP_C1617,s3://cadcat/histwxstns/CWOP/CWOP_C1617.zarr/
CWOP,CWOP_C1621,s3://cadcat/histwxstns/CWOP/CWOP_C1621.zarr/
CWOP,CWOP_C1625,s3://cadcat/histwxstns/CWOP/CWOP_C1625.zarr/
CWOP,CWOP_C1634,s3://cadcat/histwxstns/CWOP/CWOP_C1634.zarr/
CWOP,CWOP_C1650,s3://cadcat/histwxstns/CWOP/CWOP_C1650.zarr/
CWOP,CWOP_C1654,s3://cadcat/histwxstns/CWOP/CWOP_C1654.zarr/
CWOP,CWOP_C1655,s3://cadcat/histwxstns/CWOP/CWOP_C1655.zarr/
CWOP,CWOP_C1657,s3://cadcat/histwxstns/CWOP/CWOP_C1657.zarr/
CWOP,CWOP_C1661,s3://cadcat/histwxstns/CWOP/CWOP_C1661.zarr/
CWOP,CWOP_C1671,s3://cadcat/histwxstns/CWOP/CWOP_C1671.zarr/
CWOP,CWOP_C1685,s3://cadcat/histwxstns/CWOP/CWOP_C1685.zarr/
CWOP,CWOP_C1686,s3://cadcat/histwxstns/CWOP/CWOP_C1686.zarr/
CWOP,CWOP_C1699,s3://cadcat/histwxstns/CWOP/CWOP_C1699.zarr/
CWOP,CWOP_C1704,s3://cadcat/histwxstns/CWOP/CWOP_C1704.zarr/
CWOP,CWOP_C1705,s3://cadcat/histwxstns/CWOP/CWOP_C1705.zarr/
CWOP,CWOP_C1716,s3://cadcat/histwxstns/CWOP/CWOP_C1716.zarr/
CWOP,CWOP_C1717,s3://cadcat/histwxstns/CWOP/CWOP_C1717.zarr/
CWOP,CWOP_C1718,s3://cadcat/histwxstns/CWOP/CWOP_C1718.zarr/
CWOP,CWOP_C1720,s3://cadcat/histwxstns/CWOP/CWOP_C1720.zarr/
CWOP,CWOP_C1724,s3://cadcat/histwxstns/CWOP/CWOP_C1724.zarr/
CWOP,CWOP_C1730,s3://cadcat/histwxstns/CWOP/CWOP_C1730.zarr/
CWOP,CWOP_C1737,s3://cadcat/histwxstns/CWOP/CWOP_C1737.zarr/
CWOP,CWOP_C1748,s3://cadcat/histwxstns/CWOP/CWOP_C1748.zarr/
CWOP,CWOP_C1751,s3://cadcat/histwxstns/CWOP/CWOP_C1751.zarr/
CWOP,CWOP_C1753,s3://cadcat/histwxstns/CWOP/CWOP_C1753.zarr/
CWOP,CWOP_C1755,s3://cadcat/histwxstns/CWOP/CWOP_C1755.zarr/
CWOP,CWOP_C1763,s3://cadcat/histwxstns/CWOP/CWOP_C1763.zarr/
CWOP,CWOP_C1766,s3://cadcat/histwxstns/CWOP/CWOP_C1766.zarr/
CWOP,CWOP_C1772,s3://cadcat/histwxstns/CWOP/CWOP_C1772.zarr/
CWOP,CWOP_C1778,s3://cadcat/histwxstns/CWOP/CWOP_C1778.zarr/
CWOP,CWOP_C1789,s3://cadcat/histwxstns/CWOP/CWOP_C1789.zarr/
CWOP,CWOP_C1791,s3://cadcat/histwxstns/CWOP/CWOP_C1791.zarr/
CWOP,CWOP_C1795,s3://cadcat/histwxstns/CWOP/CWOP_C1795.zarr/
CWOP,CWOP_C1799,s3://cadcat/histwxstns/CWOP/CWOP_C1799.zarr/
CWOP,CWOP_C1800,s3://cadcat/histwxstns/CWOP/CWOP_C1800.zarr/
CWOP,CWOP_C1809,s3://cadcat/histwxstns/CWOP/CWOP_C1809.zarr/
CWOP,CWOP_C1821,s3://cadcat/histwxstns/CWOP/CWOP_C1821.zarr/
CWOP,CWOP_C1823,s3://cadcat/histwxstns/CWOP/CWOP_C1823.zarr/
CWOP,CWOP_C1824,s3://cadcat/histwxstns/CWOP/CWOP_C1824.zarr/
CWOP,CWOP_C1828,s3://cadcat/histwxstns/CWOP/CWOP_C1828.zarr/
CWOP,CWOP_C1830,s3://cadcat/histwxstns/CWOP/CWOP_C1830.zarr/
CWOP,CWOP_C1832,s3://cadcat/histwxstns/CWOP/CWOP_C1832.zarr/
CWOP,CWOP_C1841,s3://cadcat/histwxstns/CWOP/CWOP_C1841.zarr/
CWOP,CWOP_C1844,s3://cadcat/histwxstns/CWOP/CWOP_C1844.zarr/
CWOP,CWOP_C1855,s3://cadcat/histwxstns/CWOP/CWOP_C1855.zarr/
CWOP,CWOP_C1861,s3://cadcat/histwxstns/CWOP/CWOP_C1861.zarr/
CWOP,CWOP_C1868,s3://cadcat/histwxstns/CWOP/CWOP_C1868.zarr/
CWOP,CWOP_C1869,s3://cadcat/histwxstns/CWOP/CWOP_C1869.zarr/
CWOP,CWOP_C1870,s3://cadcat/histwxstns/CWOP/CWOP_C1870.zarr/
CWOP,CWOP_C1871,s3://cadcat/histwxstns/CWOP/CWOP_C1871.zarr/
CWOP,CWOP_C1874,s3://cadcat/histwxstns/CWOP/CWOP_C1874.zarr/
CWOP,CWOP_C1892,s3://cadcat/histwxstns/CWOP/CWOP_C1892.zarr/
CWOP,CWOP_C1897,s3://cadcat/histwxstns/CWOP/CWOP_C1897.zarr/
CWOP,CWOP_C1904,s3://cadcat/histwxstns/CWOP/CWOP_C1904.zarr/
CWOP,CWOP_C1907,s3://cadcat/histwxstns/CWOP/CWOP_C1907.zarr/
CWOP,CWOP_C1918,s3://cadcat/histwxstns/CWOP/CWOP_C1918.zarr/
CWOP,CWOP_C1919,s3://cadcat/histwxstns/CWOP/CWOP_C1919.zarr/
CWOP,CWOP_C1929,s3://cadcat/histwxstns/CWOP/CWOP_C1929.zarr/
CWOP,CWOP_C1938,s3://cadcat/histwxstns/CWOP/CWOP_C1938.zarr/
CWOP,CWOP_C1940,s3://cadcat/histwxstns/CWOP/CWOP_C1940.zarr/
CWOP,CWOP_C1943,s3://cadcat/histwxstns/CWOP/CWOP_C1943.zarr/
CWOP,CWOP_C1950,s3://cadcat/histwxstns/CWOP/CWOP_C1950.zarr/
CWOP,CWOP_C1964,s3://cadcat/histwxstns/CWOP/CWOP_C1964.zarr/
CWOP,CWOP_C1973,s3://cadcat/histwxstns/CWOP/CWOP_C1973.zarr/
CWOP,CWOP_C1981,s3://cadcat/histwxstns/CWOP/CWOP_C1981.zarr/
CWOP,CWOP_C1991,s3://cadcat/histwxstns/CWOP/CWOP_C1991.zarr/
CWOP,CWOP_C1999,s3://cadcat/histwxstns/CWOP/CWOP_C1999.zarr/
CWOP,CWOP_C2002,s3://cadcat/histwxstns/CWOP/CWOP_C2002.zarr/
CWOP,CWOP_C2006,s3://cadcat/histwxstns/CWOP/CWOP_C2006.zarr/
CWOP,CWOP_C2013,s3://cadcat/histwxstns/CWOP/CWOP_C2013.zarr/
CWOP,CWOP_C2014,s3://cadcat/histwxstns/CWOP/CWOP_C2014.zarr/
CWOP,CWOP_C2017,s3://cadcat/histwxstns/CWOP/CWOP_C2017.zarr/
CWOP,CWOP_C2020,s3://cadcat/histwxstns/CWOP/CWOP_C2020.zarr/
CWOP,CWOP_C2023,s3://cadcat/histwxstns/CWOP/CWOP_C2023.zarr/
CWOP,CWOP_C2024,s3://cadcat/histwxstns/CWOP/CWOP_C2024.zarr/
CWOP,CWOP_C2034,s3://cadcat/histwxstns/CWOP/CWOP_C2034.zarr/
CWOP,CWOP_C2038,s3://cadcat/histwxstns/CWOP/CWOP_C2038.zarr/
CWOP,CWOP_C2039,s3://cadcat/histwxstns/CWOP/CWOP_C2039.zarr/
CWOP,CWOP_C2042,s3://cadcat/histwxstns/CWOP/CWOP_C2042.zarr/
CWOP,CWOP_C2045,s3://cadcat/histwxstns/CWOP/CWOP_C2045.zarr/
CWOP,CWOP_C2049,s3://cadcat/histwxstns/CWOP/CWOP_C2049.zarr/
CWOP,CWOP_C2054,s3://cadcat/histwxstns/CWOP/CWOP_C2054.zarr/
CWOP,CWOP_C2056,s3://cadcat/histwxstns/CWOP/CWOP_C2056.zarr/
CWOP,CWOP_C2060,s3://cadcat/histwxstns/CWOP/CWOP_C2060.zarr/
CWOP,CWOP_C2069,s3://cadcat/histwxstns/CWOP/CWOP_C2069.zarr/
CWOP,CWOP_C2088,s3://cadcat/histwxstns/CWOP/CWOP_C2088.zarr/
CWOP,CWOP_C2095,s3://cadcat/histwxstns/CWOP/CWOP_C2095.zarr/
CWOP,CWOP_C2107,s3://cadcat/histwxstns/CWOP/CWOP_C2107.zarr/
CWOP,CWOP_C2108,s3://cadcat/histwxstns/CWOP/CWOP_C2108.zarr/
CWOP,CWOP_C2115,s3://cadcat/histwxstns/CWOP/CWOP_C2115.zarr/
CWOP,CWOP_C2124,s3://cadcat/histwxstns/CWOP/CWOP_C2124.zarr/
CWOP,CWOP_C2128,s3://cadcat/histwxstns/CWOP/CWOP_C2128.zarr/
CWOP,CWOP_C2150,s3://cadcat/histwxstns/CWOP/CWOP_C2150.zarr/
CWOP,CWOP_C2161,s3://cadcat/histwxstns/CWOP/CWOP_C2161.zarr/
CWOP,CWOP_C2167,s3://cadcat/histwxstns/CWOP/CWOP_C2167.zarr/
CWOP,CWOP_C2187,s3://cadcat/histwxstns/CWOP/CWOP_C2187.zarr/
CWOP,CWOP_C2188,s3://cadcat/histwxstns/CWOP/CWOP_C2188.zarr/
CWOP,CWOP_C2197,s3://cadcat/histwxstns/CWOP/CWOP_C2197.zarr/
CWOP,CWOP_C2209,s3://cadcat/histwxstns/CWOP/CWOP_C2209.zarr/
CWOP,CWOP_C2210,s3://cadcat/histwxstns/CWOP/CWOP_C2210.zarr/
CWOP,CWOP_C2224,s3://cadcat/histwxstns/CWOP/CWOP_C2224.zarr/
CWOP,CWOP_C2225,s3://cadcat/histwxstns/CWOP/CWOP_C2225.zarr/
CWOP,CWOP_C2234,s3://cadcat/histwxstns/CWOP/CWOP_C2234.zarr/
CWOP,CWOP_C2247,s3://cadcat/histwxstns/CWOP/CWOP_C2247.zarr/
CWOP,CWOP_C2249,s3://cadcat/histwxstns/CWOP/CWOP_C2249.zarr/
CWOP,CWOP_C2286,s3://cadcat/histwxstns/CWOP/CWOP_C2286.zarr/
CWOP,CWOP_C2288,s3://cadcat/histwxstns/CWOP/CWOP_C2288.zarr/
CWOP,CWOP_C2308,s3://cadcat/histwxstns/CWOP/CWOP_C2308.zarr/
CWOP,CWOP_C2313,s3://cadcat/histwxstns/CWOP/CWOP_C2313.zarr/
CWOP,CWOP_C2314,s3://cadcat/histwxstns/CWOP/CWOP_C2314.zarr/
CWOP,CWOP_C2323,s3://cadcat/histwxstns/CWOP/CWOP_C2323.zarr/
CWOP,CWOP_C2353,s3://cadcat/histwxstns/CWOP/CWOP_C2353.zarr/
CWOP,CWOP_C2363,s3://cadcat/histwxstns/CWOP/CWOP_C2363.zarr/
CWOP,CWOP_C2380,s3://cadcat/histwxstns/CWOP/CWOP_C2380.zarr/
CWOP,CWOP_C2406,s3://cadcat/histwxstns/CWOP/CWOP_C2406.zarr/
CWOP,CWOP_C2408,s3://cadcat/histwxstns/CWOP/CWOP_C2408.zarr/
CWOP,CWOP_C2417,s3://cadcat/histwxstns/CWOP/CWOP_C2417.zarr/
CWOP,CWOP_C2421,s3://cadcat/histwxstns/CWOP/CWOP_C2421.zarr/
CWOP,CWOP_C2422,s3://cadcat/histwxstns/CWOP/CWOP_C2422.zarr/
CWOP,CWOP_C2423,s3://cadcat/histwxstns/CWOP/CWOP_C2423.zarr/
CWOP,CWOP_C2426,s3://cadcat/histwxstns/CWOP/CWOP_C2426.zarr/
CWOP,CWOP_C2427,s3://cadcat/histwxstns/CWOP/CWOP_C2427.zarr/
CWOP,CWOP_C2437,s3://cadcat/histwxstns/CWOP/CWOP_C2437.zarr/
CWOP,CWOP_C2444,s3://cadcat/histwxstns/CWOP/CWOP_C2444.zarr/
CWOP,CWOP_C2458,s3://cadcat/histwxstns/CWOP/CWOP_C2458.zarr/
CWOP,CWOP_C2469,s3://cadcat/histwxstns/CWOP/CWOP_C2469.zarr/
CWOP,CWOP_C2474,s3://cadcat/histwxstns/CWOP/CWOP_C2474.zarr/
CWOP,CWOP_C2506,s3://cadcat/histwxstns/CWOP/CWOP_C2506.zarr/
CWOP,CWOP_C2510,s3://cadcat/histwxstns/CWOP/CWOP_C2510.zarr/
CWOP,CWOP_C2512,s3://cadcat/histwxstns/CWOP/CWOP_C2512.zarr/
CWOP,CWOP_C2527,s3://cadcat/histwxstns/CWOP/CWOP_C2527.zarr/
CWOP,CWOP_C2553,s3://cadcat/histwxstns/CWOP/CWOP_C2553.zarr/
CWOP,CWOP_C2560,s3://cadcat/histwxstns/CWOP/CWOP_C2560.zarr/
CWOP,CWOP_C2568,s3://cadcat/histwxstns/CWOP/CWOP_C2568.zarr/
CWOP,CWOP_C2582,s3://cadcat/histwxstns/CWOP/CWOP_C2582.zarr/
CWOP,CWOP_C2599,s3://cadcat/histwxstns/CWOP/CWOP_C2599.zarr/
CWOP,CWOP_C2610,s3://cadcat/histwxstns/CWOP/CWOP_C2610.zarr/
CWOP,CWOP_C2614,s3://cadcat/histwxstns/CWOP/CWOP_C2614.zarr/
CWOP,CWOP_C2627,s3://cadcat/histwxstns/CWOP/CWOP_C2627.zarr/
CWOP,CWOP_C2632,s3://cadcat/histwxstns/CWOP/CWOP_C2632.zarr/
CWOP,CWOP_C2635,s3://cadcat/histwxstns/CWOP/CWOP_C2635.zarr/
CWOP,CWOP_C2645,s3://cadcat/histwxstns/CWOP/CWOP_C2645.zarr/
CWOP,CWOP_C2654,s3://cadcat/histwxstns/CWOP/CWOP_C2654.zarr/
CWOP,CWOP_C2655,s3://cadcat/histwxstns/CWOP/CWOP_C2655.zarr/
CWOP,CWOP_C2664,s3://cadcat/histwxstns/CWOP/CWOP_C2664.zarr/
CWOP,CWOP_C2674,s3://cadcat/histwxstns/CWOP/CWOP_C2674.zarr/
CWOP,CWOP_C2676,s3://cadcat/histwxstns/CWOP/CWOP_C2676.zarr/
CWOP,CWOP_C2690,s3://cadcat/histwxstns/CWOP/CWOP_C2690.zarr/
CWOP,CWOP_C2707,s3://cadcat/histwxstns/CWOP/CWOP_C2707.zarr/
CWOP,CWOP_C2710,s3://cadcat/histwxstns/CWOP/CWOP_C2710.zarr/
CWOP,CWOP_C2715,s3://cadcat/histwxstns/CWOP/CWOP_C2715.zarr/
CWOP,CWOP_C2717,s3://cadcat/histwxstns/CWOP/CWOP_C2717.zarr/
CWOP,CWOP_C2725,s3://cadcat/histwxstns/CWOP/CWOP_C2725.zarr/
CWOP,CWOP_C2736,s3://cadcat/histwxstns/CWOP/CWOP_C2736.zarr/
CWOP,CWOP_C2737,s3://cadcat/histwxstns/CWOP/CWOP_C2737.zarr/
CWOP,CWOP_C2745,s3://cadcat/histwxstns/CWOP/CWOP_C2745.zarr/
CWOP,CWOP_C2746,s3://cadcat/histwxstns/CWOP/CWOP_C2746.zarr/
CWOP,CWOP_C2748,s3://cadcat/histwxstns/CWOP/CWOP_C2748.zarr/
CWOP,CWOP_C2756,s3://cadcat/histwxstns/CWOP/CWOP_C2756.zarr/
CWOP,CWOP_C2762,s3://cadcat/histwxstns/CWOP/CWOP_C2762.zarr/
CWOP,CWOP_C2768,s3://cadcat/histwxstns/CWOP/CWOP_C2768.zarr/
CWOP,CWOP_C2788,s3://cadcat/histwxstns/CWOP/CWOP_C2788.zarr/
CWOP,CWOP_C2796,s3://cadcat/histwxstns/CWOP/CWOP_C2796.zarr/
CWOP,CWOP_C2809,s3://cadcat/histwxstns/CWOP/CWOP_C2809.zarr/
CWOP,CWOP_C2815,s3://cadcat/histwxstns/CWOP/CWOP_C2815.zarr/
CWOP,CWOP_C2821,s3://cadcat/histwxstns/CWOP/CWOP_C2821.zarr/
CWOP,CWOP_C2838,s3://cadcat/histwxstns/CWOP/CWOP_C2838.zarr/
CWOP,CWOP_C2849,s3://cadcat/histwxstns/CWOP/CWOP_C2849.zarr/
CWOP,CWOP_C2850,s3://cadcat/histwxstns/CWOP/CWOP_C2850.zarr/
CWOP,CWOP_C2854,s3://cadcat/histwxstns/CWOP/CWOP_C2854.zarr/
CWOP,CWOP_C2857,s3://cadcat/histwxstns/CWOP/CWOP_C2857.zarr/
CWOP,CWOP_C2860,s3://cadcat/histwxstns/CWOP/CWOP_C2860.zarr/
CWOP,CWOP_C2863,s3://cadcat/histwxstns/CWOP/CWOP_C2863.zarr/
CWOP,CWOP_C2866,s3://cadcat/histwxstns/CWOP/CWOP_C2866.zarr/
CWOP,CWOP_C2874,s3://cadcat/histwxstns/CWOP/CWOP_C2874.zarr/
CWOP,CWOP_C2876,s3://cadcat/histwxstns/CWOP/CWOP_C2876.zarr/
CWOP,CWOP_C2885,s3://cadcat/histwxstns/CWOP/CWOP_C2885.zarr/
CWOP,CWOP_C2894,s3://cadcat/histwxstns/CWOP/CWOP_C2894.zarr/
CWOP,CWOP_C2897,s3://cadcat/histwxstns/CWOP/CWOP_C2897.zarr/
CWOP,CWOP_C2900,s3://cadcat/histwxstns/CWOP/CWOP_C2900.zarr/
CWOP,CWOP_C2901,s3://cadcat/histwxstns/CWOP/CWOP_C2901.zarr/
CWOP,CWOP_C2905,s3://cadcat/histwxstns/CWOP/CWOP_C2905.zarr/
CWOP,CWOP_C2908,s3://cadcat/histwxstns/CWOP/CWOP_C2908.zarr/
CWOP,CWOP_C2912,s3://cadcat/histwxstns/CWOP/CWOP_C2912.zarr/
CWOP,CWOP_C2918,s3://cadcat/histwxstns/CWOP/CWOP_C2918.zarr/
CWOP,CWOP_C2920,s3://cadcat/histwxstns/CWOP/CWOP_C2920.zarr/
CWOP,CWOP_C2921,s3://cadcat/histwxstns/CWOP/CWOP_C2921.zarr/
CWOP,CWOP_C2926,s3://cadcat/histwxstns/CWOP/CWOP_C2926.zarr/
CWOP,CWOP_C2929,s3://cadcat/histwxstns/CWOP/CWOP_C2929.zarr/
CWOP,CWOP_C2930,s3://cadcat/histwxstns/CWOP/CWOP_C2930.zarr/
CWOP,CWOP_C2934,s3://cadcat/histwxstns/CWOP/CWOP_C2934.zarr/
CWOP,CWOP_C2936,s3://cadcat/histwxstns/CWOP/CWOP_C2936.zarr/
CWOP,CWOP_C2956,s3://cadcat/histwxstns/CWOP/CWOP_C2956.zarr/
CWOP,CWOP_C2959,s3://cadcat/histwxstns/CWOP/CWOP_C2959.zarr/
CWOP,CWOP_C2960,s3://cadcat/histwxstns/CWOP/CWOP_C2960.zarr/
CWOP,CWOP_C2973,s3://cadcat/histwxstns/CWOP/CWOP_C2973.zarr/
CWOP,CWOP_C2974,s3://cadcat/histwxstns/CWOP/CWOP_C2974.zarr/
CWOP,CWOP_C2983,s3://cadcat/histwxstns/CWOP/CWOP_C2983.zarr/
CWOP,CWOP_C2990,s3://cadcat/histwxstns/CWOP/CWOP_C2990.zarr/
CWOP,CWOP_C2996,s3://cadcat/histwxstns/CWOP/CWOP_C2996.zarr/
CWOP,CWOP_C3009,s3://cadcat/histwxstns/CWOP/CWOP_C3009.zarr/
CWOP,CWOP_C3015,s3://cadcat/histwxstns/CWOP/CWOP_C3015.zarr/
CWOP,CWOP_C3020,s3://cadcat/histwxstns/CWOP/CWOP_C3020.zarr/
CWOP,CWOP_C3028,s3://cadcat/histwxstns/CWOP/CWOP_C3028.zarr/
CWOP,CWOP_C3037,s3://cadcat/histwxstns/CWOP/CWOP_C3037.zarr/
CWOP,CWOP_C3040,s3://cadcat/histwxstns/CWOP/CWOP_C3040.zarr/
CWOP,CWOP_C3043,s3://cadcat/histwxstns/CWOP/CWOP_C3043.zarr/
CWOP,CWOP_C3045,s3://cadcat/histwxstns/CWOP/CWOP_C3045.zarr/
CWOP,CWOP_C3046,s3://cadcat/histwxstns/CWOP/CWOP_C3046.zarr/
CWOP,CWOP_C3060,s3://cadcat/histwxstns/CWOP/CWOP_C3060.zarr/
CWOP,CWOP_C3064,s3://cadcat/histwxstns/CWOP/CWOP_C3064.zarr/
CWOP,CWOP_C3067,s3://cadcat/histwxstns/CWOP/CWOP_C3067.zarr/
CWOP,CWOP_C3070,s3://cadcat/histwxstns/CWOP/CWOP_C3070.zarr/
CWOP,CWOP_C3071,s3://cadcat/histwxstns/CWOP/CWOP_C3071.zarr/
CWOP,CWOP_C3073,s3://cadcat/histwxstns/CWOP/CWOP_C3073.zarr/
CWOP,CWOP_C3090,s3://cadcat/histwxstns/CWOP/CWOP_C3090.zarr/
CWOP,CWOP_C3091,s3://cadcat/histwxstns/CWOP/CWOP_C3091.zarr/
CWOP,CWOP_C3102,s3://cadcat/histwxstns/CWOP/CWOP_C3102.zarr/
CWOP,CWOP_C3104,s3://cadcat/histwxstns/CWOP/CWOP_C3104.zarr/
CWOP,CWOP_C3111,s3://cadcat/histwxstns/CWOP/CWOP_C3111.zarr/
CWOP,CWOP_C3113,s3://cadcat/histwxstns/CWOP/CWOP_C3113.zarr/
CWOP,CWOP_C3117,s3://cadcat/histwxstns/CWOP/CWOP_C3117.zarr/
CWOP,CWOP_C3126,s3://cadcat/histwxstns/CWOP/CWOP_C3126.zarr/
CWOP,CWOP_C3130,s3://cadcat/histwxstns/CWOP/CWOP_C3130.zarr/
CWOP,CWOP_C3132,s3://cadcat/histwxstns/CWOP/CWOP_C3132.zarr/
CWOP,CWOP_C3139,s3://cadcat/histwxstns/CWOP/CWOP_C3139.zarr/
CWOP,CWOP_C3145,s3://cadcat/histwxstns/CWOP/CWOP_C3145.zarr/
CWOP,CWOP_C3161,s3://cadcat/histwxstns/CWOP/CWOP_C3161.zarr/
CWOP,CWOP_C3171,s3://cadcat/histwxstns/CWOP/CWOP_C3171.zarr/
CWOP,CWOP_C3178,s3://cadcat/histwxstns/CWOP/CWOP_C3178.zarr/
CWOP,CWOP_C3183,s3://cadcat/histwxstns/CWOP/CWOP_C3183.zarr/
CWOP,CWOP_C3186,s3://cadcat/histwxstns/CWOP/CWOP_C3186.zarr/
CWOP,CWOP_C3190,s3://cadcat/histwxstns/CWOP/CWOP_C3190.zarr/
CWOP,CWOP_C3194,s3://cadcat/histwxstns/CWOP/CWOP_C3194.zarr/
CWOP,CWOP_C3195,s3://cadcat/histwxstns/CWOP/CWOP_C3195.zarr/
CWOP,CWOP_C3196,s3://cadcat/histwxstns/CWOP/CWOP_C3196.zarr/
CWOP,CWOP_C3201,s3://cadcat/histwxstns/CWOP/CWOP_C3201.zarr/
CWOP,CWOP_C3202,s3://cadcat/histwxstns/CWOP/CWOP_C3202.zarr/
CWOP,CWOP_C3218,s3://cadcat/histwxstns/CWOP/CWOP_C3218.zarr/
CWOP,CWOP_C3222,s3://cadcat/histwxstns/CWOP/CWOP_C3222.zarr/
CWOP,CWOP_C3234,s3://cadcat/histwxstns/CWOP/CWOP_C3234.zarr/
CWOP,CWOP_C3236,s3://cadcat/histwxstns/CWOP/CWOP_C3236.zarr/
CWOP,CWOP_C3244,s3://cadcat/histwxstns/CWOP/CWOP_C3244.zarr/
CWOP,CWOP_C3247,s3://cadcat/histwxstns/CWOP/CWOP_C3247.zarr/
CWOP,CWOP_C3250,s3://cadcat/histwxstns/CWOP/CWOP_C3250.zarr/
CWOP,CWOP_C3255,s3://cadcat/histwxstns/CWOP/CWOP_C3255.zarr/
CWOP,CWOP_C3256,s3://cadcat/histwxstns/CWOP/CWOP_C3256.zarr/
CWOP,CWOP_C3261,s3://cadcat/histwxstns/CWOP/CWOP_C3261.zarr/
CWOP,CWOP_C3265,s3://cadcat/histwxstns/CWOP/CWOP_C3265.zarr/
CWOP,CWOP_C3279,s3://cadcat/histwxstns/CWOP/CWOP_C3279.zarr/
CWOP,CWOP_C3291,s3://cadcat/histwxstns/CWOP/CWOP_C3291.zarr/
CWOP,CWOP_C3292,s3://cadcat/histwxstns/CWOP/CWOP_C3292.zarr/
CWOP,CWOP_C3293,s3://cadcat/histwxstns/CWOP/CWOP_C3293.zarr/
CWOP,CWOP_C3294,s3://cadcat/histwxstns/CWOP/CWOP_C3294.zarr/
CWOP,CWOP_C3295,s3://cadcat/histwxstns/CWOP/CWOP_C3295.zarr/
CWOP,CWOP_C3300,s3://cadcat/histwxstns/CWOP/CWOP_C3300.zarr/
CWOP,CWOP_C3301,s3://cadcat/histwxstns/CWOP/CWOP_C3301.zarr/
CWOP,CWOP_C3304,s3://cadcat/histwxstns/CWOP/CWOP_C3304.zarr/
CWOP,CWOP_C3310,s3://cadcat/histwxstns/CWOP/CWOP_C3310.zarr/
CWOP,CWOP_C3338,s3://cadcat/histwxstns/CWOP/CWOP_C3338.zarr/
CWOP,CWOP_C3355,s3://cadcat/histwxstns/CWOP/CWOP_C3355.zarr/
CWOP,CWOP_C3357,s3://cadcat/histwxstns/CWOP/CWOP_C3357.zarr/
CWOP,CWOP_C3375,s3://cadcat/histwxstns/CWOP/CWOP_C3375.zarr/
CWOP,CWOP_C3376,s3://cadcat/histwxstns/CWOP/CWOP_C3376.zarr/
CWOP,CWOP_C3391,s3://cadcat/histwxstns/CWOP/CWOP_C3391.zarr/
CWOP,CWOP_C3408,s3://cadcat/histwxstns/CWOP/CWOP_C3408.zarr/
CWOP,CWOP_C3409,s3://cadcat/histwxstns/CWOP/CWOP_C3409.zarr/
CWOP,CWOP_C3412,s3://cadcat/histwxstns/CWOP/CWOP_C3412.zarr/
CWOP,CWOP_C3413,s3://cadcat/histwxstns/CWOP/CWOP_C3413.zarr/
CWOP,CWOP_C3424,s3://cadcat/histwxstns/CWOP/CWOP_C3424.zarr/
CWOP,CWOP_C3427,s3://cadcat/histwxstns/CWOP/CWOP_C3427.zarr/
CWOP,CWOP_C3428,s3://cadcat/histwxstns/CWOP/CWOP_C3428.zarr/
CWOP,CWOP_C3430,s3://cadcat/histwxstns/CWOP/CWOP_C3430.zarr/
CWOP,CWOP_C3440,s3://cadcat/histwxstns/CWOP/CWOP_C3440.zarr/
CWOP,CWOP_C3444,s3://cadcat/histwxstns/CWOP/CWOP_C3444.zarr/
CWOP,CWOP_C3448,s3://cadcat/histwxstns/CWOP/CWOP_C3448.zarr/
CWOP,CWOP_C3450,s3://cadcat/histwxstns/CWOP/CWOP_C3450.zarr/
CWOP,CWOP_C3459,s3://cadcat/histwxstns/CWOP/CWOP_C3459.zarr/
CWOP,CWOP_C3480,s3://cadcat/histwxstns/CWOP/CWOP_C3480.zarr/
CWOP,CWOP_C3482,s3://cadcat/histwxstns/CWOP/CWOP_C3482.zarr/
CWOP,CWOP_C3485,s3://cadcat/histwxstns/CWOP/CWOP_C3485.zarr/
CWOP,CWOP_C3490,s3://cadcat/histwxstns/CWOP/CWOP_C3490.zarr/
CWOP,CWOP_C3491,s3://cadcat/histwxstns/CWOP/CWOP_C3491.zarr/
CWOP,CWOP_C3501,s3://cadcat/histwxstns/CWOP/CWOP_C3501.zarr/
CWOP,CWOP_C3507,s3://cadcat/histwxstns/CWOP/CWOP_C3507.zarr/
CWOP,CWOP_C3529,s3://cadcat/histwxstns/CWOP/CWOP_C3529.zarr/
CWOP,CWOP_C3537,s3://cadcat/histwxstns/CWOP/CWOP_C3537.zarr/
CWOP,CWOP_C3539,s3://cadcat/histwxstns/CWOP/CWOP_C3539.zarr/
CWOP,CWOP_C3549,s3://cadcat/histwxstns/CWOP/CWOP_C3549.zarr/
CWOP,CWOP_C3550,s3://cadcat/histwxstns/CWOP/CWOP_C3550.zarr/
CWOP,CWOP_C3562,s3://cadcat/histwxstns/CWOP/CWOP_C3562.zarr/
CWOP,CWOP_C3578,s3://cadcat/histwxstns/CWOP/CWOP_C3578.zarr/
CWOP,CWOP_C3580,s3://cadcat/histwxstns/CWOP/CWOP_C3580.zarr/
CWOP,CWOP_C3581,s3://cadcat/histwxstns/CWOP/CWOP_C3581.zarr/
CWOP,CWOP_C3588,s3://cadcat/histwxstns/CWOP/CWOP_C3588.zarr/
CWOP,CWOP_C3602,s3://cadcat/histwxstns/CWOP/CWOP_C3602.zarr/
CWOP,CWOP_C3607,s3://cadcat/histwxstns/CWOP/CWOP_C3607.zarr/
CWOP,CWOP_C3618,s3://cadcat/histwxstns/CWOP/CWOP_C3618.zarr/
CWOP,CWOP_C3623,s3://cadcat/histwxstns/CWOP/CWOP_C3623.zarr/
CWOP,CWOP_C3628,s3://cadcat/histwxstns/CWOP/CWOP_C3628.zarr/
CWOP,CWOP_C3631,s3://cadcat/histwxstns/CWOP/CWOP_C3631.zarr/
CWOP,CWOP_C3640,s3://cadcat/histwxstns/CWOP/CWOP_C3640.zarr/
CWOP,CWOP_C3659,s3://cadcat/histwxstns/CWOP/CWOP_C3659.zarr/
CWOP,CWOP_C3661,s3://cadcat/histwxstns/CWOP/CWOP_C3661.zarr/
CWOP,CWOP_C3668,s3://cadcat/histwxstns/CWOP/CWOP_C3668.zarr/
CWOP,CWOP_C3670,s3://cadcat/histwxstns/CWOP/CWOP_C3670.zarr/
CWOP,CWOP_C3683,s3://cadcat/histwxstns/CWOP/CWOP_C3683.zarr/
CWOP,CWOP_C3687,s3://cadcat/histwxstns/CWOP/CWOP_C3687.zarr/
CWOP,CWOP_C3705,s3://cadcat/histwxstns/CWOP/CWOP_C3705.zarr/
CWOP,CWOP_C3715,s3://cadcat/histwxstns/CWOP/CWOP_C3715.zarr/
CWOP,CWOP_C3724,s3://cadcat/histwxstns/CWOP/CWOP_C3724.zarr/
CWOP,CWOP_C3736,s3://cadcat/histwxstns/CWOP/CWOP_C3736.zarr/
CWOP,CWOP_C3738,s3://cadcat/histwxstns/CWOP/CWOP_C3738.zarr/
CWOP,CWOP_C3739,s3://cadcat/histwxstns/CWOP/CWOP_C3739.zarr/
CWOP,CWOP_C3741,s3://cadcat/histwxstns/CWOP/CWOP_C3741.zarr/
CWOP,CWOP_C3745,s3://cadcat/histwxstns/CWOP/CWOP_C3745.zarr/
CWOP,CWOP_C3746,s3://cadcat/histwxstns/CWOP/CWOP_C3746.zarr/
CWOP,CWOP_C3749,s3://cadcat/histwxstns/CWOP/CWOP_C3749.zarr/
CWOP,CWOP_C3758,s3://cadcat/histwxstns/CWOP/CWOP_C3758.zarr/
CWOP,CWOP_C3759,s3://cadcat/histwxstns/CWOP/CWOP_C3759.zarr/
CWOP,CWOP_C3765,s3://cadcat/histwxstns/CWOP/CWOP_C3765.zarr/
CWOP,CWOP_C3796,s3://cadcat/histwxstns/CWOP/CWOP_C3796.zarr/
CWOP,CWOP_C3797,s3://cadcat/histwxstns/CWOP/CWOP_C3797.zarr/
CWOP,CWOP_C3798,s3://cadcat/histwxstns/CWOP/CWOP_C3798.zarr/
CWOP,CWOP_C3799,s3://cadcat/histwxstns/CWOP/CWOP_C3799.zarr/
CWOP,CWOP_C3807,s3://cadcat/histwxstns/CWOP/CWOP_C3807.zarr/
CWOP,CWOP_C3809,s3://cadcat/histwxstns/CWOP/CWOP_C3809.zarr/
CWOP,CWOP_C3812,s3://cadcat/histwxstns/CWOP/CWOP_C3812.zarr/
CWOP,CWOP_C3857,s3://cadcat/histwxstns/CWOP/CWOP_C3857.zarr/
CWOP,CWOP_C3862,s3://cadcat/histwxstns/CWOP/CWOP_C3862.zarr/
CWOP,CWOP_C3879,s3://cadcat/histwxstns/CWOP/CWOP_C3879.zarr/
CWOP,CWOP_C3885,s3://cadcat/histwxstns/CWOP/CWOP_C3885.zarr/
CWOP,CWOP_C3905,s3://cadcat/histwxstns/CWOP/CWOP_C3905.zarr/
CWOP,CWOP_C3917,s3://cadcat/histwxstns/CWOP/CWOP_C3917.zarr/
CWOP,CWOP_C3920,s3://cadcat/histwxstns/CWOP/CWOP_C3920.zarr/
CWOP,CWOP_C3931,s3://cadcat/histwxstns/CWOP/CWOP_C3931.zarr/
CWOP,CWOP_C3960,s3://cadcat/histwxstns/CWOP/CWOP_C3960.zarr/
CWOP,CWOP_C3976,s3://cadcat/histwxstns/CWOP/CWOP_C3976.zarr/
CWOP,CWOP_C3993,s3://cadcat/histwxstns/CWOP/CWOP_C3993.zarr/
CWOP,CWOP_C3999,s3://cadcat/histwxstns/CWOP/CWOP_C3999.zarr/
CWOP,CWOP_C4012,s3://cadcat/histwxstns/CWOP/CWOP_C4012.zarr/
CWOP,CWOP_C4017,s3://cadcat/histwxstns/CWOP/CWOP_C4017.zarr/
CWOP,CWOP_C4025,s3://cadcat/histwxstns/CWOP/CWOP_C4025.zarr/
CWOP,CWOP_C4038,s3://cadcat/histwxstns/CWOP/CWOP_C4038.zarr/
CWOP,CWOP_C4068,s3://cadcat/histwxstns/CWOP/CWOP_C4068.zarr/
CWOP,CWOP_C4077,s3://cadcat/histwxstns/CWOP/CWOP_C4077.zarr/
CWOP,CWOP_C4078,s3://cadcat/histwxstns/CWOP/CWOP_C4078.zarr/
CWOP,CWOP_C4081,s3://cadcat/histwxstns/CWOP/CWOP_C4081.zarr/
CWOP,CWOP_C4092,s3://cadcat/histwxstns/CWOP/CWOP_C4092.zarr/
CWOP,CWOP_C4098,s3://cadcat/histwxstns/CWOP/CWOP_C4098.zarr/
CWOP,CWOP_C4104,s3://cadcat/histwxstns/CWOP/CWOP_C4104.zarr/
CWOP,CWOP_C4105,s3://cadcat/histwxstns/CWOP/CWOP_C4105.zarr/
CWOP,CWOP_C4108,s3://cadcat/histwxstns/CWOP/CWOP_C4108.zarr/
CWOP,CWOP_C4115,s3://cadcat/histwxstns/CWOP/CWOP_C4115.zarr/
CWOP,CWOP_C4117,s3://cadcat/histwxstns/CWOP/CWOP_C4117.zarr/
CWOP,CWOP_C4139,s3://cadcat/histwxstns/CWOP/CWOP_C4139.zarr/
CWOP,CWOP_C4141,s3://cadcat/histwxstns/CWOP/CWOP_C4141.zarr/
CWOP,CWOP_C4147,s3://cadcat/histwxstns/CWOP/CWOP_C4147.zarr/
CWOP,CWOP_C4155,s3://cadcat/histwxstns/CWOP/CWOP_C4155.zarr/
CWOP,CWOP_C4159,s3://cadcat/histwxstns/CWOP/CWOP_C4159.zarr/
CWOP,CWOP_C4176,s3://cadcat/histwxstns/CWOP/CWOP_C4176.zarr/
CWOP,CWOP_C4177,s3://cadcat/histwxstns/CWOP/CWOP_C4177.zarr/
CWOP,CWOP_C4181,s3://cadcat/histwxstns/CWOP/CWOP_C4181.zarr/
CWOP,CWOP_C4190,s3://cadcat/histwxstns/CWOP/CWOP_C4190.zarr/
CWOP,CWOP_C4191,s3://cadcat/histwxstns/CWOP/CWOP_C4191.zarr/
CWOP,CWOP_C4192,s3://cadcat/histwxstns/CWOP/CWOP_C4192.zarr/
CWOP,CWOP_C4228,s3://cadcat/histwxstns/CWOP/CWOP_C4228.zarr/
CWOP,CWOP_C4232,s3://cadcat/histwxstns/CWOP/CWOP_C4232.zarr/
CWOP,CWOP_C4234,s3://cadcat/histwxstns/CWOP/CWOP_C4234.zarr/
CWOP,CWOP_C4249,s3://cadcat/histwxstns/CWOP/CWOP_C4249.zarr/
CWOP,CWOP_C4253,s3://cadcat/histwxstns/CWOP/CWOP_C4253.zarr/
CWOP,CWOP_C4281,s3://cadcat/histwxstns/CWOP/CWOP_C4281.zarr/
CWOP,CWOP_C4289,s3://cadcat/histwxstns/CWOP/CWOP_C4289.zarr/
CWOP,CWOP_C4298,s3://cadcat/histwxstns/CWOP/CWOP_C4298.zarr/
CWOP,CWOP_C4301,s3://cadcat/histwxstns/CWOP/CWOP_C4301.zarr/
CWOP,CWOP_C4321,s3://cadcat/histwxstns/CWOP/CWOP_C4321.zarr/
CWOP,CWOP_C4329,s3://cadcat/histwxstns/CWOP/CWOP_C4329.zarr/
CWOP,CWOP_C4333,s3://cadcat/histwxstns/CWOP/CWOP_C4333.zarr/
CWOP,CWOP_C4335,s3://cadcat/histwxstns/CWOP/CWOP_C4335.zarr/
CWOP,CWOP_C4342,s3://cadcat/histwxstns/CWOP/CWOP_C4342.zarr/
CWOP,CWOP_C4347,s3://cadcat/histwxstns/CWOP/CWOP_C4347.zarr/
CWOP,CWOP_C4367,s3://cadcat/histwxstns/CWOP/CWOP_C4367.zarr/
CWOP,CWOP_C4376,s3://cadcat/histwxstns/CWOP/CWOP_C4376.zarr/
CWOP,CWOP_C4390,s3://cadcat/histwxstns/CWOP/CWOP_C4390.zarr/
CWOP,CWOP_C4393,s3://cadcat/histwxstns/CWOP/CWOP_C4393.zarr/
CWOP,CWOP_C4404,s3://cadcat/histwxstns/CWOP/CWOP_C4404.zarr/
CWOP,CWOP_C4409,s3://cadcat/histwxstns/CWOP/CWOP_C4409.zarr/
CWOP,CWOP_C4411,s3://cadcat/histwxstns/CWOP/CWOP_C4411.zarr/
CWOP,CWOP_C4425,s3://cadcat/histwxstns/CWOP/CWOP_C4425.zarr/
CWOP,CWOP_C4429,s3://cadcat/histwxstns/CWOP/CWOP_C4429.zarr/
CWOP,CWOP_C4434,s3://cadcat/histwxstns/CWOP/CWOP_C4434.zarr/
CWOP,CWOP_C4435,s3://cadcat/histwxstns/CWOP/CWOP_C4435.zarr/
CWOP,CWOP_C4436,s3://cadcat/histwxstns/CWOP/CWOP_C4436.zarr/
CWOP,CWOP_C4444,s3://cadcat/histwxstns/CWOP/CWOP_C4444.zarr/
CWOP,CWOP_C4448,s3://cadcat/histwxstns/CWOP/CWOP_C4448.zarr/
CWOP,CWOP_C4453,s3://cadcat/histwxstns/CWOP/CWOP_C4453.zarr/
CWOP,CWOP_C4476,s3://cadcat/histwxstns/CWOP/CWOP_C4476.zarr/
CWOP,CWOP_C4478,s3://cadcat/histwxstns/CWOP/CWOP_C4478.zarr/
CWOP,CWOP_C4488,s3://cadcat/histwxstns/CWOP/CWOP_C4488.zarr/
CWOP,CWOP_C4494,s3://cadcat/histwxstns/CWOP/CWOP_C4494.zarr/
CWOP,CWOP_C4498,s3://cadcat/histwxstns/CWOP/CWOP_C4498.zarr/
CWOP,CWOP_C4501,s3://cadcat/histwxstns/CWOP/CWOP_C4501.zarr/
CWOP,CWOP_C4503,s3://cadcat/histwxstns/CWOP/CWOP_C4503.zarr/
CWOP,CWOP_C4507,s3://cadcat/histwxstns/CWOP/CWOP_C4507.zarr/
CWOP,CWOP_C4520,s3://cadcat/histwxstns/CWOP/CWOP_C4520.zarr/
CWOP,CWOP_C4528,s3://cadcat/histwxstns/CWOP/CWOP_C4528.zarr/
CWOP,CWOP_C4530,s3://cadcat/histwxstns/CWOP/CWOP_C4530.zarr/
CWOP,CWOP_C4532,s3://cadcat/histwxstns/CWOP/CWOP_C4532.zarr/
CWOP,CWOP_C4534,s3://cadcat/histwxstns/CWOP/CWOP_C4534.zarr/
CWOP,CWOP_C4541,s3://cadcat/histwxstns/CWOP/CWOP_C4541.zarr/
CWOP,CWOP_C4565,s3://cadcat/histwxstns/CWOP/CWOP_C4565.zarr/
CWOP,CWOP_C4575,s3://cadcat/histwxstns/CWOP/CWOP_C4575.zarr/
CWOP,CWOP_C4577,s3://cadcat/histwxstns/CWOP/CWOP_C4577.zarr/
CWOP,CWOP_C4582,s3://cadcat/histwxstns/CWOP/CWOP_C4582.zarr/
CWOP,CWOP_C4587,s3://cadcat/histwxstns/CWOP/CWOP_C4587.zarr/
CWOP,CWOP_C4598,s3://cadcat/histwxstns/CWOP/CWOP_C4598.zarr/
CWOP,CWOP_C4602,s3://cadcat/histwxstns/CWOP/CWOP_C4602.zarr/
CWOP,CWOP_C4604,s3://cadcat/histwxstns/CWOP/CWOP_C4604.zarr/
CWOP,CWOP_C4605,s3://cadcat/histwxstns/CWOP/CWOP_C4605.zarr/
CWOP,CWOP_C4614,s3://cadcat/histwxstns/CWOP/CWOP_C4614.zarr/
CWOP,CWOP_C4620,s3://cadcat/histwxstns/CWOP/CWOP_C4620.zarr/
CWOP,CWOP_C4622,s3://cadcat/histwxstns/CWOP/CWOP_C4622.zarr/
CWOP,CWOP_C4632,s3://cadcat/histwxstns/CWOP/CWOP_C4632.zarr/
CWOP,CWOP_C4635,s3://cadcat/histwxstns/CWOP/CWOP_C4635.zarr/
CWOP,CWOP_C4636,s3://cadcat/histwxstns/CWOP/CWOP_C4636.zarr/
CWOP,CWOP_C4639,s3://cadcat/histwxstns/CWOP/CWOP_C4639.zarr/
CWOP,CWOP_C4641,s3://cadcat/histwxstns/CWOP/CWOP_C4641.zarr/
CWOP,CWOP_C4643,s3://cadcat/histwxstns/CWOP/CWOP_C4643.zarr/
CWOP,CWOP_C4650,s3://cadcat/histwxstns/CWOP/CWOP_C4650.zarr/
CWOP,CWOP_C4661,s3://cadcat/histwxstns/CWOP/CWOP_C4661.zarr/
CWOP,CWOP_C4663,s3://cadcat/histwxstns/CWOP/CWOP_C4663.zarr/
CWOP,CWOP_C4669,s3://cadcat/histwxstns/CWOP/CWOP_C4669.zarr/
CWOP,CWOP_C4671,s3://cadcat/histwxstns/CWOP/CWOP_C4671.zarr/
CWOP,CWOP_C4672,s3://cadcat/histwxstns/CWOP/CWOP_C4672.zarr/
CWOP,CWOP_C4682,s3://cadcat/histwxstns/CWOP/CWOP_C4682.zarr/
CWOP,CWOP_C4691,s3://cadcat/histwxstns/CWOP/CWOP_C4691.zarr/
CWOP,CWOP_C4704,s3://cadcat/histwxstns/CWOP/CWOP_C4704.zarr/
CWOP,CWOP_C4719,s3://cadcat/histwxstns/CWOP/CWOP_C4719.zarr/
CWOP,CWOP_C4721,s3://cadcat/histwxstns/CWOP/CWOP_C4721.zarr/
CWOP,CWOP_C4743,s3://cadcat/histwxstns/CWOP/CWOP_C4743.zarr/
CWOP,CWOP_C4744,s3://cadcat/histwxstns/CWOP/CWOP_C4744.zarr/
CWOP,CWOP_C4751,s3://cadcat/histwxstns/CWOP/CWOP_C4751.zarr/
CWOP,CWOP_C4759,s3://cadcat/histwxstns/CWOP/CWOP_C4759.zarr/
CWOP,CWOP_C4764,s3://cadcat/histwxstns/CWOP/CWOP_C4764.zarr/
CWOP,CWOP_C4766,s3://cadcat/histwxstns/CWOP/CWOP_C4766.zarr/
CWOP,CWOP_C4784,s3://cadcat/histwxstns/CWOP/CWOP_C4784.zarr/
CWOP,CWOP_C4800,s3://cadcat/histwxstns/CWOP/CWOP_C4800.zarr/
CWOP,CWOP_C4803,s3://cadcat/histwxstns/CWOP/CWOP_C4803.zarr/
CWOP,CWOP_C4805,s3://cadcat/histwxstns/CWOP/CWOP_C4805.zarr/
CWOP,CWOP_C4808,s3://cadcat/histwxstns/CWOP/CWOP_C4808.zarr/
CWOP,CWOP_C4809,s3://cadcat/histwxstns/CWOP/CWOP_C4809.zarr/
CWOP,CWOP_C4813,s3://cadcat/histwxstns/CWOP/CWOP_C4813.zarr/
CWOP,CWOP_C4832,s3://cadcat/histwxstns/CWOP/CWOP_C4832.zarr/
CWOP,CWOP_C4834,s3://cadcat/histwxstns/CWOP/CWOP_C4834.zarr/
CWOP,CWOP_C4835,s3://cadcat/histwxstns/CWOP/CWOP_C4835.zarr/
CWOP,CWOP_C4846,s3://cadcat/histwxstns/CWOP/CWOP_C4846.zarr/
CWOP,CWOP_C4849,s3://cadcat/histwxstns/CWOP/CWOP_C4849.zarr/
CWOP,CWOP_C4879,s3://cadcat/histwxstns/CWOP/CWOP_C4879.zarr/
CWOP,CWOP_C4882,s3://cadcat/histwxstns/CWOP/CWOP_C4882.zarr/
CWOP,CWOP_C4884,s3://cadcat/histwxstns/CWOP/CWOP_C4884.zarr/
CWOP,CWOP_C4887,s3://cadcat/histwxstns/CWOP/CWOP_C4887.zarr/
CWOP,CWOP_C4888,s3://cadcat/histwxstns/CWOP/CWOP_C4888.zarr/
CWOP,CWOP_C4895,s3://cadcat/histwxstns/CWOP/CWOP_C4895.zarr/
CWOP,CWOP_C4896,s3://cadcat/histwxstns/CWOP/CWOP_C4896.zarr/
CWOP,CWOP_C4897,s3://cadcat/histwxstns/CWOP/CWOP_C4897.zarr/
CWOP,CWOP_C4899,s3://cadcat/histwxstns/CWOP/CWOP_C4899.zarr/
CWOP,CWOP_C4907,s3://cadcat/histwxstns/CWOP/CWOP_C4907.zarr/
CWOP,CWOP_C4910,s3://cadcat/histwxstns/CWOP/CWOP_C4910.zarr/
CWOP,CWOP_C4915,s3://cadcat/histwxstns/CWOP/CWOP_C4915.zarr/
CWOP,CWOP_C4930,s3://cadcat/histwxstns/CWOP/CWOP_C4930.zarr/
CWOP,CWOP_C4931,s3://cadcat/histwxstns/CWOP/CWOP_C4931.zarr/
CWOP,CWOP_C4937,s3://cadcat/histwxstns/CWOP/CWOP_C4937.zarr/
CWOP,CWOP_C4941,s3://cadcat/histwxstns/CWOP/CWOP_C4941.zarr/
CWOP,CWOP_C4943,s3://cadcat/histwxstns/CWOP/CWOP_C4943.zarr/
CWOP,CWOP_C4944,s3://cadcat/histwxstns/CWOP/CWOP_C4944.zarr/
CWOP,CWOP_C4951,s3://cadcat/histwxstns/CWOP/CWOP_C4951.zarr/
CWOP,CWOP_C4971,s3://cadcat/histwxstns/CWOP/CWOP_C4971.zarr/
CWOP,CWOP_C4975,s3://cadcat/histwxstns/CWOP/CWOP_C4975.zarr/
CWOP,CWOP_C4995,s3://cadcat/histwxstns/CWOP/CWOP_C4995.zarr/
CWOP,CWOP_C4998,s3://cadcat/histwxstns/CWOP/CWOP_C4998.zarr/
CWOP,CWOP_C5006,s3://cadcat/histwxstns/CWOP/CWOP_C5006.zarr/
CWOP,CWOP_C5010,s3://cadcat/histwxstns/CWOP/CWOP_C5010.zarr/
CWOP,CWOP_C5011,s3://cadcat/histwxstns/CWOP/CWOP_C5011.zarr/
CWOP,CWOP_C5018,s3://cadcat/histwxstns/CWOP/CWOP_C5018.zarr/
CWOP,CWOP_C5024,s3://cadcat/histwxstns/CWOP/CWOP_C5024.zarr/
CWOP,CWOP_C5029,s3://cadcat/histwxstns/CWOP/CWOP_C5029.zarr/
CWOP,CWOP_C5030,s3://cadcat/histwxstns/CWOP/CWOP_C5030.zarr/
CWOP,CWOP_C5031,s3://cadcat/histwxstns/CWOP/CWOP_C5031.zarr/
CWOP,CWOP_C5037,s3://cadcat/histwxstns/CWOP/CWOP_C5037.zarr/
CWOP,CWOP_C5038,s3://cadcat/histwxstns/CWOP/CWOP_C5038.zarr/
CWOP,CWOP_C5044,s3://cadcat/histwxstns/CWOP/CWOP_C5044.zarr/
CWOP,CWOP_C5050,s3://cadcat/histwxstns/CWOP/CWOP_C5050.zarr/
CWOP,CWOP_C5053,s3://cadcat/histwxstns/CWOP/CWOP_C5053.zarr/
CWOP,CWOP_C5075,s3://cadcat/histwxstns/CWOP/CWOP_C5075.zarr/
CWOP,CWOP_C5083,s3://cadcat/histwxstns/CWOP/CWOP_C5083.zarr/
CWOP,CWOP_C5088,s3://cadcat/histwxstns/CWOP/CWOP_C5088.zarr/
CWOP,CWOP_C5096,s3://cadcat/histwxstns/CWOP/CWOP_C5096.zarr/
CWOP,CWOP_C5099,s3://cadcat/histwxstns/CWOP/CWOP_C5099.zarr/
CWOP,CWOP_C5100,s3://cadcat/histwxstns/CWOP/CWOP_C5100.zarr/
CWOP,CWOP_C5101,s3://cadcat/histwxstns/CWOP/CWOP_C5101.zarr/
CWOP,CWOP_C5115,s3://cadcat/histwxstns/CWOP/CWOP_C5115.zarr/
CWOP,CWOP_C5119,s3://cadcat/histwxstns/CWOP/CWOP_C5119.zarr/
CWOP,CWOP_C5121,s3://cadcat/histwxstns/CWOP/CWOP_C5121.zarr/
CWOP,CWOP_C5128,s3://cadcat/histwxstns/CWOP/CWOP_C5128.zarr/
CWOP,CWOP_C5147,s3://cadcat/histwxstns/CWOP/CWOP_C5147.zarr/
CWOP,CWOP_C5171,s3://cadcat/histwxstns/CWOP/CWOP_C5171.zarr/
CWOP,CWOP_C5172,s3://cadcat/histwxstns/CWOP/CWOP_C5172.zarr/
CWOP,CWOP_C5174,s3://cadcat/histwxstns/CWOP/CWOP_C5174.zarr/
CWOP,CWOP_C5176,s3://cadcat/histwxstns/CWOP/CWOP_C5176.zarr/
CWOP,CWOP_C5178,s3://cadcat/histwxstns/CWOP/CWOP_C5178.zarr/
CWOP,CWOP_C5186,s3://cadcat/histwxstns/CWOP/CWOP_C5186.zarr/
CWOP,CWOP_C5188,s3://cadcat/histwxstns/CWOP/CWOP_C5188.zarr/
CWOP,CWOP_C5198,s3://cadcat/histwxstns/CWOP/CWOP_C5198.zarr/
CWOP,CWOP_C5201,s3://cadcat/histwxstns/CWOP/CWOP_C5201.zarr/
CWOP,CWOP_C5206,s3://cadcat/histwxstns/CWOP/CWOP_C5206.zarr/
CWOP,CWOP_C5238,s3://cadcat/histwxstns/CWOP/CWOP_C5238.zarr/
CWOP,CWOP_C5248,s3://cadcat/histwxstns/CWOP/CWOP_C5248.zarr/
CWOP,CWOP_C5252,s3://cadcat/histwxstns/CWOP/CWOP_C5252.zarr/
CWOP,CWOP_C5258,s3://cadcat/histwxstns/CWOP/CWOP_C5258.zarr/
CWOP,CWOP_C5259,s3://cadcat/histwxstns/CWOP/CWOP_C5259.zarr/
CWOP,CWOP_C5272,s3://cadcat/histwxstns/CWOP/CWOP_C5272.zarr/
CWOP,CWOP_C5273,s3://cadcat/histwxstns/CWOP/CWOP_C5273.zarr/
CWOP,CWOP_C5276,s3://cadcat/histwxstns/CWOP/CWOP_C5276.zarr/
CWOP,CWOP_C5285,s3://cadcat/histwxstns/CWOP/CWOP_C5285.zarr/
CWOP,CWOP_C5289,s3://cadcat/histwxstns/CWOP/CWOP_C5289.zarr/
CWOP,CWOP_C5295,s3://cadcat/histwxstns/CWOP/CWOP_C5295.zarr/
CWOP,CWOP_C5298,s3://cadcat/histwxstns/CWOP/CWOP_C5298.zarr/
CWOP,CWOP_C5302,s3://cadcat/histwxstns/CWOP/CWOP_C5302.zarr/
CWOP,CWOP_C5317,s3://cadcat/histwxstns/CWOP/CWOP_C5317.zarr/
CWOP,CWOP_C5332,s3://cadcat/histwxstns/CWOP/CWOP_C5332.zarr/
CWOP,CWOP_C5344,s3://cadcat/histwxstns/CWOP/CWOP_C5344.zarr/
CWOP,CWOP_C5345,s3://cadcat/histwxstns/CWOP/CWOP_C5345.zarr/
CWOP,CWOP_C5355,s3://cadcat/histwxstns/CWOP/CWOP_C5355.zarr/
CWOP,CWOP_C5356,s3://cadcat/histwxstns/CWOP/CWOP_C5356.zarr/
CWOP,CWOP_C5386,s3://cadcat/histwxstns/CWOP/CWOP_C5386.zarr/
CWOP,CWOP_C5392,s3://cadcat/histwxstns/CWOP/CWOP_C5392.zarr/
CWOP,CWOP_C5395,s3://cadcat/histwxstns/CWOP/CWOP_C5395.zarr/
CWOP,CWOP_C5398,s3://cadcat/histwxstns/CWOP/CWOP_C5398.zarr/
CWOP,CWOP_C5427,s3://cadcat/histwxstns/CWOP/CWOP_C5427.zarr/
CWOP,CWOP_C5440,s3://cadcat/histwxstns/CWOP/CWOP_C5440.zarr/
CWOP,CWOP_C5456,s3://cadcat/histwxstns/CWOP/CWOP_C5456.zarr/
CWOP,CWOP_C5464,s3://cadcat/histwxstns/CWOP/CWOP_C5464.zarr/
CWOP,CWOP_C5469,s3://cadcat/histwxstns/CWOP/CWOP_C5469.zarr/
CWOP,CWOP_C5474,s3://cadcat/histwxstns/CWOP/CWOP_C5474.zarr/
CWOP,CWOP_C5478,s3://cadcat/histwxstns/CWOP/CWOP_C5478.zarr/
CWOP,CWOP_C5482,s3://cadcat/histwxstns/CWOP/CWOP_C5482.zarr/
CWOP,CWOP_C5488,s3://cadcat/histwxstns/CWOP/CWOP_C5488.zarr/
CWOP,CWOP_C5490,s3://cadcat/histwxstns/CWOP/CWOP_C5490.zarr/
CWOP,CWOP_C5496,s3://cadcat/histwxstns/CWOP/CWOP_C5496.zarr/
CWOP,CWOP_C5497,s3://cadcat/histwxstns/CWOP/CWOP_C5497.zarr/
CWOP,CWOP_C5502,s3://cadcat/histwxstns/CWOP/CWOP_C5502.zarr/
CWOP,CWOP_C5505,s3://cadcat/histwxstns/CWOP/CWOP_C5505.zarr/
CWOP,CWOP_C5507,s3://cadcat/histwxstns/CWOP/CWOP_C5507.zarr/
CWOP,CWOP_C5508,s3://cadcat/histwxstns/CWOP/CWOP_C5508.zarr/
CWOP,CWOP_C5510,s3://cadcat/histwxstns/CWOP/CWOP_C5510.zarr/
CWOP,CWOP_C5520,s3://cadcat/histwxstns/CWOP/CWOP_C5520.zarr/
CWOP,CWOP_C5533,s3://cadcat/histwxstns/CWOP/CWOP_C5533.zarr/
CWOP,CWOP_C5540,s3://cadcat/histwxstns/CWOP/CWOP_C5540.zarr/
CWOP,CWOP_C5543,s3://cadcat/histwxstns/CWOP/CWOP_C5543.zarr/
CWOP,CWOP_C5551,s3://cadcat/histwxstns/CWOP/CWOP_C5551.zarr/
CWOP,CWOP_C5577,s3://cadcat/histwxstns/CWOP/CWOP_C5577.zarr/
CWOP,CWOP_C5579,s3://cadcat/histwxstns/CWOP/CWOP_C5579.zarr/
CWOP,CWOP_C5581,s3://cadcat/histwxstns/CWOP/CWOP_C5581.zarr/
CWOP,CWOP_C5599,s3://cadcat/histwxstns/CWOP/CWOP_C5599.zarr/
CWOP,CWOP_C5604,s3://cadcat/histwxstns/CWOP/CWOP_C5604.zarr/
CWOP,CWOP_C5608,s3://cadcat/histwxstns/CWOP/CWOP_C5608.zarr/
CWOP,CWOP_C5610,s3://cadcat/histwxstns/CWOP/CWOP_C5610.zarr/
CWOP,CWOP_C5615,s3://cadcat/histwxstns/CWOP/CWOP_C5615.zarr/
CWOP,CWOP_C5621,s3://cadcat/histwxstns/CWOP/CWOP_C5621.zarr/
CWOP,CWOP_C5632,s3://cadcat/histwxstns/CWOP/CWOP_C5632.zarr/
CWOP,CWOP_C5634,s3://cadcat/histwxstns/CWOP/CWOP_C5634.zarr/
CWOP,CWOP_C5635,s3://cadcat/histwxstns/CWOP/CWOP_C5635.zarr/
CWOP,CWOP_C5646,s3://cadcat/histwxstns/CWOP/CWOP_C5646.zarr/
CWOP,CWOP_C5655,s3://cadcat/histwxstns/CWOP/CWOP_C5655.zarr/
CWOP,CWOP_C5668,s3://cadcat/histwxstns/CWOP/CWOP_C5668.zarr/
CWOP,CWOP_C5670,s3://cadcat/histwxstns/CWOP/CWOP_C5670.zarr/
CWOP,CWOP_C5671,s3://cadcat/histwxstns/CWOP/CWOP_C5671.zarr/
CWOP,CWOP_C5676,s3://cadcat/histwxstns/CWOP/CWOP_C5676.zarr/
CWOP,CWOP_C5678,s3://cadcat/histwxstns/CWOP/CWOP_C5678.zarr/
CWOP,CWOP_C5688,s3://cadcat/histwxstns/CWOP/CWOP_C5688.zarr/
CWOP,CWOP_C5693,s3://cadcat/histwxstns/CWOP/CWOP_C5693.zarr/
CWOP,CWOP_C5694,s3://cadcat/histwxstns/CWOP/CWOP_C5694.zarr/
CWOP,CWOP_C5699,s3://cadcat/histwxstns/CWOP/CWOP_C5699.zarr/
CWOP,CWOP_C5702,s3://cadcat/histwxstns/CWOP/CWOP_C5702.zarr/
CWOP,CWOP_C5709,s3://cadcat/histwxstns/CWOP/CWOP_C5709.zarr/
CWOP,CWOP_C5733,s3://cadcat/histwxstns/CWOP/CWOP_C5733.zarr/
CWOP,CWOP_C5754,s3://cadcat/histwxstns/CWOP/CWOP_C5754.zarr/
CWOP,CWOP_C5768,s3://cadcat/histwxstns/CWOP/CWOP_C5768.zarr/
CWOP,CWOP_C5774,s3://cadcat/histwxstns/CWOP/CWOP_C5774.zarr/
CWOP,CWOP_C5778,s3://cadcat/histwxstns/CWOP/CWOP_C5778.zarr/
CWOP,CWOP_C5780,s3://cadcat/histwxstns/CWOP/CWOP_C5780.zarr/
CWOP,CWOP_C5798,s3://cadcat/histwxstns/CWOP/CWOP_C5798.zarr/
CWOP,CWOP_C5809,s3://cadcat/histwxstns/CWOP/CWOP_C5809.zarr/
CWOP,CWOP_C5812,s3://cadcat/histwxstns/CWOP/CWOP_C5812.zarr/
CWOP,CWOP_C5813,s3://cadcat/histwxstns/CWOP/CWOP_C5813.zarr/
CWOP,CWOP_C5817,s3://cadcat/histwxstns/CWOP/CWOP_C5817.zarr/
CWOP,CWOP_C5850,s3://cadcat/histwxstns/CWOP/CWOP_C5850.zarr/
CWOP,CWOP_C5857,s3://cadcat/histwxstns/CWOP/CWOP_C5857.zarr/
CWOP,CWOP_C5858,s3://cadcat/histwxstns/CWOP/CWOP_C5858.zarr/
CWOP,CWOP_C5872,s3://cadcat/histwxstns/CWOP/CWOP_C5872.zarr/
CWOP,CWOP_C5880,s3://cadcat/histwxstns/CWOP/CWOP_C5880.zarr/
CWOP,CWOP_C5905,s3://cadcat/histwxstns/CWOP/CWOP_C5905.zarr/
CWOP,CWOP_C5912,s3://cadcat/histwxstns/CWOP/CWOP_C5912.zarr/
CWOP,CWOP_C5913,s3://cadcat/histwxstns/CWOP/CWOP_C5913.zarr/
CWOP,CWOP_C5914,s3://cadcat/histwxstns/CWOP/CWOP_C5914.zarr/
CWOP,CWOP_C5915,s3://cadcat/histwxstns/CWOP/CWOP_C5915.zarr/
CWOP,CWOP_C5925,s3://cadcat/histwxstns/CWOP/CWOP_C5925.zarr/
CWOP,CWOP_C5931,s3://cadcat/histwxstns/CWOP/CWOP_C5931.zarr/
CWOP,CWOP_C5932,s3://cadcat/histwxstns/CWOP/CWOP_C5932.zarr/
CWOP,CWOP_C5934,s3://cadcat/histwxstns/CWOP/CWOP_C5934.zarr/
CWOP,CWOP_C5935,s3://cadcat/histwxstns/CWOP/CWOP_C5935.zarr/
CWOP,CWOP_C5948,s3://cadcat/histwxstns/CWOP/CWOP_C5948.zarr/
CWOP,CWOP_C5950,s3://cadcat/histwxstns/CWOP/CWOP_C5950.zarr/
CWOP,CWOP_C5959,s3://cadcat/histwxstns/CWOP/CWOP_C5959.zarr/
CWOP,CWOP_C5960,s3://cadcat/histwxstns/CWOP/CWOP_C5960.zarr/
CWOP,CWOP_C5970,s3://cadcat/histwxstns/CWOP/CWOP_C5970.zarr/
CWOP,CWOP_C5972,s3://cadcat/histwxstns/CWOP/CWOP_C5972.zarr/
CWOP,CWOP_C5984,s3://cadcat/histwxstns/CWOP/CWOP_C5984.zarr/
CWOP,CWOP_C5986,s3://cadcat/histwxstns/CWOP/CWOP_C5986.zarr/
CWOP,CWOP_C5991,s3://cadcat/histwxstns/CWOP/CWOP_C5991.zarr/
CWOP,CWOP_C5995,s3://cadcat/histwxstns/CWOP/CWOP_C5995.zarr/
CWOP,CWOP_C6007,s3://cadcat/histwxstns/CWOP/CWOP_C6007.zarr/
CWOP,CWOP_C6023,s3://cadcat/histwxstns/CWOP/CWOP_C6023.zarr/
CWOP,CWOP_C6025,s3://cadcat/histwxstns/CWOP/CWOP_C6025.zarr/
CWOP,CWOP_C6028,s3://cadcat/histwxstns/CWOP/CWOP_C6028.zarr/
CWOP,CWOP_C6044,s3://cadcat/histwxstns/CWOP/CWOP_C6044.zarr/
CWOP,CWOP_C6057,s3://cadcat/histwxstns/CWOP/CWOP_C6057.zarr/
CWOP,CWOP_C6100,s3://cadcat/histwxstns/CWOP/CWOP_C6100.zarr/
CWOP,CWOP_C6103,s3://cadcat/histwxstns/CWOP/CWOP_C6103.zarr/
CWOP,CWOP_C6105,s3://cadcat/histwxstns/CWOP/CWOP_C6105.zarr/
CWOP,CWOP_C6108,s3://cadcat/histwxstns/CWOP/CWOP_C6108.zarr/
CWOP,CWOP_C6114,s3://cadcat/histwxstns/CWOP/CWOP_C6114.zarr/
CWOP,CWOP_C6118,s3://cadcat/histwxstns/CWOP/CWOP_C6118.zarr/
CWOP,CWOP_C6120,s3://cadcat/histwxstns/CWOP/CWOP_C6120.zarr/
CWOP,CWOP_C6136,s3://cadcat/histwxstns/CWOP/CWOP_C6136.zarr/
CWOP,CWOP_C6147,s3://cadcat/histwxstns/CWOP/CWOP_C6147.zarr/
CWOP,CWOP_C6159,s3://cadcat/histwxstns/CWOP/CWOP_C6159.zarr/
CWOP,CWOP_C6163,s3://cadcat/histwxstns/CWOP/CWOP_C6163.zarr/
CWOP,CWOP_C6168,s3://cadcat/histwxstns/CWOP/CWOP_C6168.zarr/
CWOP,CWOP_C6171,s3://cadcat/histwxstns/CWOP/CWOP_C6171.zarr/
CWOP,CWOP_C6180,s3://cadcat/histwxstns/CWOP/CWOP_C6180.zarr/
CWOP,CWOP_C6181,s3://cadcat/histwxstns/CWOP/CWOP_C6181.zarr/
CWOP,CWOP_C6182,s3://cadcat/histwxstns/CWOP/CWOP_C6182.zarr/
CWOP,CWOP_C6192,s3://cadcat/histwxstns/CWOP/CWOP_C6192.zarr/
CWOP,CWOP_C6194,s3://cadcat/histwxstns/CWOP/CWOP_C6194.zarr/
CWOP,CWOP_C6196,s3://cadcat/histwxstns/CWOP/CWOP_C6196.zarr/
CWOP,CWOP_C6197,s3://cadcat/histwxstns/CWOP/CWOP_C6197.zarr/
CWOP,CWOP_C6207,s3://cadcat/histwxstns/CWOP/CWOP_C6207.zarr/
CWOP,CWOP_C6208,s3://cadcat/histwxstns/CWOP/CWOP_C6208.zarr/
CWOP,CWOP_C6223,s3://cadcat/histwxstns/CWOP/CWOP_C6223.zarr/
CWOP,CWOP_C6225,s3://cadcat/histwxstns/CWOP/CWOP_C6225.zarr/
CWOP,CWOP_C6247,s3://cadcat/histwxstns/CWOP/CWOP_C6247.zarr/
CWOP,CWOP_C6251,s3://cadcat/histwxstns/CWOP/CWOP_C6251.zarr/
CWOP,CWOP_C6253,s3://cadcat/histwxstns/CWOP/CWOP_C6253.zarr/
CWOP,CWOP_C6256,s3://cadcat/histwxstns/CWOP/CWOP_C6256.zarr/
CWOP,CWOP_C6262,s3://cadcat/histwxstns/CWOP/CWOP_C6262.zarr/
CWOP,CWOP_C6266,s3://cadcat/histwxstns/CWOP/CWOP_C6266.zarr/
CWOP,CWOP_C6267,s3://cadcat/histwxstns/CWOP/CWOP_C6267.zarr/
CWOP,CWOP_C6278,s3://cadcat/histwxstns/CWOP/CWOP_C6278.zarr/
CWOP,CWOP_C6284,s3://cadcat/histwxstns/CWOP/CWOP_C6284.zarr/
CWOP,CWOP_C6287,s3://cadcat/histwxstns/CWOP/CWOP_C6287.zarr/
CWOP,CWOP_C6293,s3://cadcat/histwxstns/CWOP/CWOP_C6293.zarr/
CWOP,CWOP_C6302,s3://cadcat/histwxstns/CWOP/CWOP_C6302.zarr/
CWOP,CWOP_C6318,s3://cadcat/histwxstns/CWOP/CWOP_C6318.zarr/
CWOP,CWOP_C6324,s3://cadcat/histwxstns/CWOP/CWOP_C6324.zarr/
CWOP,CWOP_C6328,s3://cadcat/histwxstns/CWOP/CWOP_C6328.zarr/
CWOP,CWOP_C6335,s3://cadcat/histwxstns/CWOP/CWOP_C6335.zarr/
CWOP,CWOP_C6336,s3://cadcat/histwxstns/CWOP/CWOP_C6336.zarr/
CWOP,CWOP_C6346,s3://cadcat/histwxstns/CWOP/CWOP_C6346.zarr/
CWOP,CWOP_C6362,s3://cadcat/histwxstns/CWOP/CWOP_C6362.zarr/
CWOP,CWOP_C6379,s3://cadcat/histwxstns/CWOP/CWOP_C6379.zarr/
CWOP,CWOP_C6382,s3://cadcat/histwxstns/CWOP/CWOP_C6382.zarr/
CWOP,CWOP_C6384,s3://cadcat/histwxstns/CWOP/CWOP_C6384.zarr/
CWOP,CWOP_C6399,s3://cadcat/histwxstns/CWOP/CWOP_C6399.zarr/
CWOP,CWOP_C6403,s3://cadcat/histwxstns/CWOP/CWOP_C6403.zarr/
CWOP,CWOP_C6412,s3://cadcat/histwxstns/CWOP/CWOP_C6412.zarr/
CWOP,CWOP_C6425,s3://cadcat/histwxstns/CWOP/CWOP_C6425.zarr/
CWOP,CWOP_C6430,s3://cadcat/histwxstns/CWOP/CWOP_C6430.zarr/
CWOP,CWOP_C6433,s3://cadcat/histwxstns/CWOP/CWOP_C6433.zarr/
CWOP,CWOP_C6434,s3://cadcat/histwxstns/CWOP/CWOP_C6434.zarr/
CWOP,CWOP_C6438,s3://cadcat/histwxstns/CWOP/CWOP_C6438.zarr/
CWOP,CWOP_C6459,s3://cadcat/histwxstns/CWOP/CWOP_C6459.zarr/
CWOP,CWOP_C6478,s3://cadcat/histwxstns/CWOP/CWOP_C6478.zarr/
CWOP,CWOP_C6479,s3://cadcat/histwxstns/CWOP/CWOP_C6479.zarr/
CWOP,CWOP_C6486,s3://cadcat/histwxstns/CWOP/CWOP_C6486.zarr/
CWOP,CWOP_C6490,s3://cadcat/histwxstns/CWOP/CWOP_C6490.zarr/
CWOP,CWOP_C6492,s3://cadcat/histwxstns/CWOP/CWOP_C6492.zarr/
CWOP,CWOP_C6504,s3://cadcat/histwxstns/CWOP/CWOP_C6504.zarr/
CWOP,CWOP_C6507,s3://cadcat/histwxstns/CWOP/CWOP_C6507.zarr/
CWOP,CWOP_C6516,s3://cadcat/histwxstns/CWOP/CWOP_C6516.zarr/
CWOP,CWOP_C6521,s3://cadcat/histwxstns/CWOP/CWOP_C6521.zarr/
CWOP,CWOP_C6531,s3://cadcat/histwxstns/CWOP/CWOP_C6531.zarr/
CWOP,CWOP_C6532,s3://cadcat/histwxstns/CWOP/CWOP_C6532.zarr/
CWOP,CWOP_C6540,s3://cadcat/histwxstns/CWOP/CWOP_C6540.zarr/
CWOP,CWOP_C6544,s3://cadcat/histwxstns/CWOP/CWOP_C6544.zarr/
CWOP,CWOP_C6545,s3://cadcat/histwxstns/CWOP/CWOP_C6545.zarr/
CWOP,CWOP_C6552,s3://cadcat/histwxstns/CWOP/CWOP_C6552.zarr/
CWOP,CWOP_C6556,s3://cadcat/histwxstns/CWOP/CWOP_C6556.zarr/
CWOP,CWOP_C6565,s3://cadcat/histwxstns/CWOP/CWOP_C6565.zarr/
CWOP,CWOP_C6568,s3://cadcat/histwxstns/CWOP/CWOP_C6568.zarr/
CWOP,CWOP_C6576,s3://cadcat/histwxstns/CWOP/CWOP_C6576.zarr/
CWOP,CWOP_C6578,s3://cadcat/histwxstns/CWOP/CWOP_C6578.zarr/
CWOP,CWOP_C6588,s3://cadcat/histwxstns/CWOP/CWOP_C6588.zarr/
CWOP,CWOP_C6590,s3://cadcat/histwxstns/CWOP/CWOP_C6590.zarr/
CWOP,CWOP_C6598,s3://cadcat/histwxstns/CWOP/CWOP_C6598.zarr/
CWOP,CWOP_C6601,s3://cadcat/histwxstns/CWOP/CWOP_C6601.zarr/
CWOP,CWOP_C6602,s3://cadcat/histwxstns/CWOP/CWOP_C6602.zarr/
CWOP,CWOP_C6610,s3://cadcat/histwxstns/CWOP/CWOP_C6610.zarr/
CWOP,CWOP_C6614,s3://cadcat/histwxstns/CWOP/CWOP_C6614.zarr/
CWOP,CWOP_C6620,s3://cadcat/histwxstns/CWOP/CWOP_C6620.zarr/
CWOP,CWOP_C6621,s3://cadcat/histwxstns/CWOP/CWOP_C6621.zarr/
CWOP,CWOP_C6623,s3://cadcat/histwxstns/CWOP/CWOP_C6623.zarr/
CWOP,CWOP_C6627,s3://cadcat/histwxstns/CWOP/CWOP_C6627.zarr/
CWOP,CWOP_C6633,s3://cadcat/histwxstns/CWOP/CWOP_C6633.zarr/
CWOP,CWOP_C6637,s3://cadcat/histwxstns/CWOP/CWOP_C6637.zarr/
CWOP,CWOP_C6660,s3://cadcat/histwxstns/CWOP/CWOP_C6660.zarr/
CWOP,CWOP_C6662,s3://cadcat/histwxstns/CWOP/CWOP_C6662.zarr/
CWOP,CWOP_C6677,s3://cadcat/histwxstns/CWOP/CWOP_C6677.zarr/
CWOP,CWOP_C6681,s3://cadcat/histwxstns/CWOP/CWOP_C6681.zarr/
CWOP,CWOP_C6682,s3://cadcat/histwxstns/CWOP/CWOP_C6682.zarr/
CWOP,CWOP_C6688,s3://cadcat/histwxstns/CWOP/CWOP_C6688.zarr/
CWOP,CWOP_C6700,s3://cadcat/histwxstns/CWOP/CWOP_C6700.zarr/
CWOP,CWOP_C6702,s3://cadcat/histwxstns/CWOP/CWOP_C6702.zarr/
CWOP,CWOP_C6708,s3://cadcat/histwxstns/CWOP/CWOP_C6708.zarr/
CWOP,CWOP_C6719,s3://cadcat/histwxstns/CWOP/CWOP_C6719.zarr/
CWOP,CWOP_C6720,s3://cadcat/histwxstns/CWOP/CWOP_C6720.zarr/
CWOP,CWOP_C6723,s3://cadcat/histwxstns/CWOP/CWOP_C6723.zarr/
CWOP,CWOP_C6724,s3://cadcat/histwxstns/CWOP/CWOP_C6724.zarr/
CWOP,CWOP_C6728,s3://cadcat/histwxstns/CWOP/CWOP_C6728.zarr/
CWOP,CWOP_C6742,s3://cadcat/histwxstns/CWOP/CWOP_C6742.zarr/
CWOP,CWOP_C6753,s3://cadcat/histwxstns/CWOP/CWOP_C6753.zarr/
CWOP,CWOP_C6754,s3://cadcat/histwxstns/CWOP/CWOP_C6754.zarr/
CWOP,CWOP_C6758,s3://cadcat/histwxstns/CWOP/CWOP_C6758.zarr/
CWOP,CWOP_C6768,s3://cadcat/histwxstns/CWOP/CWOP_C6768.zarr/
CWOP,CWOP_C6769,s3://cadcat/histwxstns/CWOP/CWOP_C6769.zarr/
CWOP,CWOP_C6773,s3://cadcat/histwxstns/CWOP/CWOP_C6773.zarr/
CWOP,CWOP_C6780,s3://cadcat/histwxstns/CWOP/CWOP_C6780.zarr/
CWOP,CWOP_C6782,s3://cadcat/histwxstns/CWOP/CWOP_C6782.zarr/
CWOP,CWOP_C6790,s3://cadcat/histwxstns/CWOP/CWOP_C6790.zarr/
CWOP,CWOP_C6808,s3://cadcat/histwxstns/CWOP/CWOP_C6808.zarr/
CWOP,CWOP_C6811,s3://cadcat/histwxstns/CWOP/CWOP_C6811.zarr/
CWOP,CWOP_C6814,s3://cadcat/histwxstns/CWOP/CWOP_C6814.zarr/
CWOP,CWOP_C6816,s3://cadcat/histwxstns/CWOP/CWOP_C6816.zarr/
CWOP,CWOP_C6822,s3://cadcat/histwxstns/CWOP/CWOP_C6822.zarr/
CWOP,CWOP_C6825,s3://cadcat/histwxstns/CWOP/CWOP_C6825.zarr/
CWOP,CWOP_C6828,s3://cadcat/histwxstns/CWOP/CWOP_C6828.zarr/
CWOP,CWOP_C6829,s3://cadcat/histwxstns/CWOP/CWOP_C6829.zarr/
CWOP,CWOP_C6842,s3://cadcat/histwxstns/CWOP/CWOP_C6842.zarr/
CWOP,CWOP_C6844,s3://cadcat/histwxstns/CWOP/CWOP_C6844.zarr/
CWOP,CWOP_C6854,s3://cadcat/histwxstns/CWOP/CWOP_C6854.zarr/
CWOP,CWOP_C6871,s3://cadcat/histwxstns/CWOP/CWOP_C6871.zarr/
CWOP,CWOP_C6873,s3://cadcat/histwxstns/CWOP/CWOP_C6873.zarr/
CWOP,CWOP_C6875,s3://cadcat/histwxstns/CWOP/CWOP_C6875.zarr/
CWOP,CWOP_C6877,s3://cadcat/histwxstns/CWOP/CWOP_C6877.zarr/
CWOP,CWOP_C6881,s3://cadcat/histwxstns/CWOP/CWOP_C6881.zarr/
CWOP,CWOP_C6885,s3://cadcat/histwxstns/CWOP/CWOP_C6885.zarr/
CWOP,CWOP_C6887,s3://cadcat/histwxstns/CWOP/CWOP_C6887.zarr/
CWOP,CWOP_C6893,s3://cadcat/histwxstns/CWOP/CWOP_C6893.zarr/
CWOP,CWOP_C6895,s3://cadcat/histwxstns/CWOP/CWOP_C6895.zarr/
CWOP,CWOP_C6897,s3://cadcat/histwxstns/CWOP/CWOP_C6897.zarr/
CWOP,CWOP_C6898,s3://cadcat/histwxstns/CWOP/CWOP_C6898.zarr/
CWOP,CWOP_C6906,s3://cadcat/histwxstns/CWOP/CWOP_C6906.zarr/
CWOP,CWOP_C6917,s3://cadcat/histwxstns/CWOP/CWOP_C6917.zarr/
CWOP,CWOP_C6937,s3://cadcat/histwxstns/CWOP/CWOP_C6937.zarr/
CWOP,CWOP_C6938,s3://cadcat/histwxstns/CWOP/CWOP_C6938.zarr/
CWOP,CWOP_C6940,s3://cadcat/histwxstns/CWOP/CWOP_C6940.zarr/
CWOP,CWOP_C6942,s3://cadcat/histwxstns/CWOP/CWOP_C6942.zarr/
CWOP,CWOP_C6944,s3://cadcat/histwxstns/CWOP/CWOP_C6944.zarr/
CWOP,CWOP_C6946,s3://cadcat/histwxstns/CWOP/CWOP_C6946.zarr/
CWOP,CWOP_C6962,s3://cadcat/histwxstns/CWOP/CWOP_C6962.zarr/
CWOP,CWOP_C6976,s3://cadcat/histwxstns/CWOP/CWOP_C6976.zarr/
CWOP,CWOP_C6980,s3://cadcat/histwxstns/CWOP/CWOP_C6980.zarr/
CWOP,CWOP_C6988,s3://cadcat/histwxstns/CWOP/CWOP_C6988.zarr/
CWOP,CWOP_C7004,s3://cadcat/histwxstns/CWOP/CWOP_C7004.zarr/
CWOP,CWOP_C7005,s3://cadcat/histwxstns/CWOP/CWOP_C7005.zarr/
CWOP,CWOP_C7021,s3://cadcat/histwxstns/CWOP/CWOP_C7021.zarr/
CWOP,CWOP_C7027,s3://cadcat/histwxstns/CWOP/CWOP_C7027.zarr/
CWOP,CWOP_C7038,s3://cadcat/histwxstns/CWOP/CWOP_C7038.zarr/
CWOP,CWOP_C7039,s3://cadcat/histwxstns/CWOP/CWOP_C7039.zarr/
CWOP,CWOP_C7045,s3://cadcat/histwxstns/CWOP/CWOP_C7045.zarr/
CWOP,CWOP_C7048,s3://cadcat/histwxstns/CWOP/CWOP_C7048.zarr/
CWOP,CWOP_C7050,s3://cadcat/histwxstns/CWOP/CWOP_C7050.zarr/
CWOP,CWOP_C7052,s3://cadcat/histwxstns/CWOP/CWOP_C7052.zarr/
CWOP,CWOP_C7053,s3://cadcat/histwxstns/CWOP/CWOP_C7053.zarr/
CWOP,CWOP_C7060,s3://cadcat/histwxstns/CWOP/CWOP_C7060.zarr/
CWOP,CWOP_C7068,s3://cadcat/histwxstns/CWOP/CWOP_C7068.zarr/
CWOP,CWOP_C7076,s3://cadcat/histwxstns/CWOP/CWOP_C7076.zarr/
CWOP,CWOP_C7078,s3://cadcat/histwxstns/CWOP/CWOP_C7078.zarr/
CWOP,CWOP_C7080,s3://cadcat/histwxstns/CWOP/CWOP_C7080.zarr/
CWOP,CWOP_C7081,s3://cadcat/histwxstns/CWOP/CWOP_C7081.zarr/
CWOP,CWOP_C7090,s3://cadcat/histwxstns/CWOP/CWOP_C7090.zarr/
CWOP,CWOP_C7106,s3://cadcat/histwxstns/CWOP/CWOP_C7106.zarr/
CWOP,CWOP_C7118,s3://cadcat/histwxstns/CWOP/CWOP_C7118.zarr/
CWOP,CWOP_C7119,s3://cadcat/histwxstns/CWOP/CWOP_C7119.zarr/
CWOP,CWOP_C7123,s3://cadcat/histwxstns/CWOP/CWOP_C7123.zarr/
CWOP,CWOP_C7126,s3://cadcat/histwxstns/CWOP/CWOP_C7126.zarr/
CWOP,CWOP_C7130,s3://cadcat/histwxstns/CWOP/CWOP_C7130.zarr/
CWOP,CWOP_C7156,s3://cadcat/histwxstns/CWOP/CWOP_C7156.zarr/
CWOP,CWOP_C7160,s3://cadcat/histwxstns/CWOP/CWOP_C7160.zarr/
CWOP,CWOP_C7166,s3://cadcat/histwxstns/CWOP/CWOP_C7166.zarr/
CWOP,CWOP_C7168,s3://cadcat/histwxstns/CWOP/CWOP_C7168.zarr/
CWOP,CWOP_C7188,s3://cadcat/histwxstns/CWOP/CWOP_C7188.zarr/
CWOP,CWOP_C7194,s3://cadcat/histwxstns/CWOP/CWOP_C7194.zarr/
CWOP,CWOP_C7195,s3://cadcat/histwxstns/CWOP/CWOP_C7195.zarr/
CWOP,CWOP_C7197,s3://cadcat/histwxstns/CWOP/CWOP_C7197.zarr/
CWOP,CWOP_C7209,s3://cadcat/histwxstns/CWOP/CWOP_C7209.zarr/
CWOP,CWOP_C7211,s3://cadcat/histwxstns/CWOP/CWOP_C7211.zarr/
CWOP,CWOP_C7214,s3://cadcat/histwxstns/CWOP/CWOP_C7214.zarr/
CWOP,CWOP_C7233,s3://cadcat/histwxstns/CWOP/CWOP_C7233.zarr/
CWOP,CWOP_C7238,s3://cadcat/histwxstns/CWOP/CWOP_C7238.zarr/
CWOP,CWOP_C7239,s3://cadcat/histwxstns/CWOP/CWOP_C7239.zarr/
CWOP,CWOP_C7260,s3://cadcat/histwxstns/CWOP/CWOP_C7260.zarr/
CWOP,CWOP_C7261,s3://cadcat/histwxstns/CWOP/CWOP_C7261.zarr/
CWOP,CWOP_C7271,s3://cadcat/histwxstns/CWOP/CWOP_C7271.zarr/
CWOP,CWOP_C7272,s3://cadcat/histwxstns/CWOP/CWOP_C7272.zarr/
CWOP,CWOP_C7273,s3://cadcat/histwxstns/CWOP/CWOP_C7273.zarr/
CWOP,CWOP_C7275,s3://cadcat/histwxstns/CWOP/CWOP_C7275.zarr/
CWOP,CWOP_C7280,s3://cadcat/histwxstns/CWOP/CWOP_C7280.zarr/
CWOP,CWOP_C7282,s3://cadcat/histwxstns/CWOP/CWOP_C7282.zarr/
CWOP,CWOP_C7283,s3://cadcat/histwxstns/CWOP/CWOP_C7283.zarr/
CWOP,CWOP_C7286,s3://cadcat/histwxstns/CWOP/CWOP_C7286.zarr/
CWOP,CWOP_C7293,s3://cadcat/histwxstns/CWOP/CWOP_C7293.zarr/
CWOP,CWOP_C7295,s3://cadcat/histwxstns/CWOP/CWOP_C7295.zarr/
CWOP,CWOP_C7296,s3://cadcat/histwxstns/CWOP/CWOP_C7296.zarr/
CWOP,CWOP_C7311,s3://cadcat/histwxstns/CWOP/CWOP_C7311.zarr/
CWOP,CWOP_C7314,s3://cadcat/histwxstns/CWOP/CWOP_C7314.zarr/
CWOP,CWOP_C7320,s3://cadcat/histwxstns/CWOP/CWOP_C7320.zarr/
CWOP,CWOP_C7327,s3://cadcat/histwxstns/CWOP/CWOP_C7327.zarr/
CWOP,CWOP_C7340,s3://cadcat/histwxstns/CWOP/CWOP_C7340.zarr/
CWOP,CWOP_C7350,s3://cadcat/histwxstns/CWOP/CWOP_C7350.zarr/
CWOP,CWOP_C7354,s3://cadcat/histwxstns/CWOP/CWOP_C7354.zarr/
CWOP,CWOP_C7357,s3://cadcat/histwxstns/CWOP/CWOP_C7357.zarr/
CWOP,CWOP_C7360,s3://cadcat/histwxstns/CWOP/CWOP_C7360.zarr/
CWOP,CWOP_C7387,s3://cadcat/histwxstns/CWOP/CWOP_C7387.zarr/
CWOP,CWOP_C7395,s3://cadcat/histwxstns/CWOP/CWOP_C7395.zarr/
CWOP,CWOP_C7401,s3://cadcat/histwxstns/CWOP/CWOP_C7401.zarr/
CWOP,CWOP_C7417,s3://cadcat/histwxstns/CWOP/CWOP_C7417.zarr/
CWOP,CWOP_C7420,s3://cadcat/histwxstns/CWOP/CWOP_C7420.zarr/
CWOP,CWOP_C7425,s3://cadcat/histwxstns/CWOP/CWOP_C7425.zarr/
CWOP,CWOP_C7434,s3://cadcat/histwxstns/CWOP/CWOP_C7434.zarr/
CWOP,CWOP_C7441,s3://cadcat/histwxstns/CWOP/CWOP_C7441.zarr/
CWOP,CWOP_C7454,s3://cadcat/histwxstns/CWOP/CWOP_C7454.zarr/
CWOP,CWOP_C7467,s3://cadcat/histwxstns/CWOP/CWOP_C7467.zarr/
CWOP,CWOP_C7474,s3://cadcat/histwxstns/CWOP/CWOP_C7474.zarr/
CWOP,CWOP_C7476,s3://cadcat/histwxstns/CWOP/CWOP_C7476.zarr/
CWOP,CWOP_C7477,s3://cadcat/histwxstns/CWOP/CWOP_C7477.zarr/
CWOP,CWOP_C7493,s3://cadcat/histwxstns/CWOP/CWOP_C7493.zarr/
CWOP,CWOP_C7496,s3://cadcat/histwxstns/CWOP/CWOP_C7496.zarr/
CWOP,CWOP_C7501,s3://cadcat/histwxstns/CWOP/CWOP_C7501.zarr/
CWOP,CWOP_C7506,s3://cadcat/histwxstns/CWOP/CWOP_C7506.zarr/
CWOP,CWOP_C7508,s3://cadcat/histwxstns/CWOP/CWOP_C7508.zarr/
CWOP,CWOP_C7516,s3://cadcat/histwxstns/CWOP/CWOP_C7516.zarr/
CWOP,CWOP_C7518,s3://cadcat/histwxstns/CWOP/CWOP_C7518.zarr/
CWOP,CWOP_C7522,s3://cadcat/histwxstns/CWOP/CWOP_C7522.zarr/
CWOP,CWOP_C7524,s3://cadcat/histwxstns/CWOP/CWOP_C7524.zarr/
CWOP,CWOP_C7527,s3://cadcat/histwxstns/CWOP/CWOP_C7527.zarr/
CWOP,CWOP_C7530,s3://cadcat/histwxstns/CWOP/CWOP_C7530.zarr/
CWOP,CWOP_C7544,s3://cadcat/histwxstns/CWOP/CWOP_C7544.zarr/
CWOP,CWOP_C7554,s3://cadcat/histwxstns/CWOP/CWOP_C7554.zarr/
CWOP,CWOP_C7555,s3://cadcat/histwxstns/CWOP/CWOP_C7555.zarr/
CWOP,CWOP_C7556,s3://cadcat/histwxstns/CWOP/CWOP_C7556.zarr/
CWOP,CWOP_C7562,s3://cadcat/histwxstns/CWOP/CWOP_C7562.zarr/
CWOP,CWOP_C7563,s3://cadcat/histwxstns/CWOP/CWOP_C7563.zarr/
CWOP,CWOP_C7570,s3://cadcat/histwxstns/CWOP/CWOP_C7570.zarr/
CWOP,CWOP_C7571,s3://cadcat/histwxstns/CWOP/CWOP_C7571.zarr/
CWOP,CWOP_C7581,s3://cadcat/histwxstns/CWOP/CWOP_C7581.zarr/
CWOP,CWOP_C7584,s3://cadcat/histwxstns/CWOP/CWOP_C7584.zarr/
CWOP,CWOP_C7603,s3://cadcat/histwxstns/CWOP/CWOP_C7603.zarr/
CWOP,CWOP_C7610,s3://cadcat/histwxstns/CWOP/CWOP_C7610.zarr/
CWOP,CWOP_C7613,s3://cadcat/histwxstns/CWOP/CWOP_C7613.zarr/
CWOP,CWOP_C7622,s3://cadcat/histwxstns/CWOP/CWOP_C7622.zarr/
CWOP,CWOP_C7626,s3://cadcat/histwxstns/CWOP/CWOP_C7626.zarr/
CWOP,CWOP_C7627,s3://cadcat/histwxstns/CWOP/CWOP_C7627.zarr/
CWOP,CWOP_C7629,s3://cadcat/histwxstns/CWOP/CWOP_C7629.zarr/
CWOP,CWOP_C7649,s3://cadcat/histwxstns/CWOP/CWOP_C7649.zarr/
CWOP,CWOP_C7657,s3://cadcat/histwxstns/CWOP/CWOP_C7657.zarr/
CWOP,CWOP_C7664,s3://cadcat/histwxstns/CWOP/CWOP_C7664.zarr/
CWOP,CWOP_C7672,s3://cadcat/histwxstns/CWOP/CWOP_C7672.zarr/
CWOP,CWOP_C7677,s3://cadcat/histwxstns/CWOP/CWOP_C7677.zarr/
CWOP,CWOP_C7686,s3://cadcat/histwxstns/CWOP/CWOP_C7686.zarr/
CWOP,CWOP_C7696,s3://cadcat/histwxstns/CWOP/CWOP_C7696.zarr/
CWOP,CWOP_C7697,s3://cadcat/histwxstns/CWOP/CWOP_C7697.zarr/
CWOP,CWOP_C7704,s3://cadcat/histwxstns/CWOP/CWOP_C7704.zarr/
CWOP,CWOP_C7710,s3://cadcat/histwxstns/CWOP/CWOP_C7710.zarr/
CWOP,CWOP_C7713,s3://cadcat/histwxstns/CWOP/CWOP_C7713.zarr/
CWOP,CWOP_C7720,s3://cadcat/histwxstns/CWOP/CWOP_C7720.zarr/
CWOP,CWOP_C7724,s3://cadcat/histwxstns/CWOP/CWOP_C7724.zarr/
CWOP,CWOP_C7743,s3://cadcat/histwxstns/CWOP/CWOP_C7743.zarr/
CWOP,CWOP_C7745,s3://cadcat/histwxstns/CWOP/CWOP_C7745.zarr/
CWOP,CWOP_C7749,s3://cadcat/histwxstns/CWOP/CWOP_C7749.zarr/
CWOP,CWOP_C7758,s3://cadcat/histwxstns/CWOP/CWOP_C7758.zarr/
CWOP,CWOP_C7759,s3://cadcat/histwxstns/CWOP/CWOP_C7759.zarr/
CWOP,CWOP_C7763,s3://cadcat/histwxstns/CWOP/CWOP_C7763.zarr/
CWOP,CWOP_C7778,s3://cadcat/histwxstns/CWOP/CWOP_C7778.zarr/
CWOP,CWOP_C7780,s3://cadcat/histwxstns/CWOP/CWOP_C7780.zarr/
CWOP,CWOP_C7786,s3://cadcat/histwxstns/CWOP/CWOP_C7786.zarr/
CWOP,CWOP_C7792,s3://cadcat/histwxstns/CWOP/CWOP_C7792.zarr/
CWOP,CWOP_C7794,s3://cadcat/histwxstns/CWOP/CWOP_C7794.zarr/
CWOP,CWOP_C7798,s3://cadcat/histwxstns/CWOP/CWOP_C7798.zarr/
CWOP,CWOP_C7800,s3://cadcat/histwxstns/CWOP/CWOP_C7800.zarr/
CWOP,CWOP_C7802,s3://cadcat/histwxstns/CWOP/CWOP_C7802.zarr/
CWOP,CWOP_C7811,s3://cadcat/histwxstns/CWOP/CWOP_C7811.zarr/
CWOP,CWOP_C7816,s3://cadcat/histwxstns/CWOP/CWOP_C7816.zarr/
CWOP,CWOP_C7820,s3://cadcat/histwxstns/CWOP/CWOP_C7820.zarr/
CWOP,CWOP_C7826,s3://cadcat/histwxstns/CWOP/CWOP_C7826.zarr/
CWOP,CWOP_C7843,s3://cadcat/histwxstns/CWOP/CWOP_C7843.zarr/
CWOP,CWOP_C7846,s3://cadcat/histwxstns/CWOP/CWOP_C7846.zarr/
CWOP,CWOP_C7857,s3://cadcat/histwxstns/CWOP/CWOP_C7857.zarr/
CWOP,CWOP_C7882,s3://cadcat/histwxstns/CWOP/CWOP_C7882.zarr/
CWOP,CWOP_C7892,s3://cadcat/histwxstns/CWOP/CWOP_C7892.zarr/
CWOP,CWOP_C7901,s3://cadcat/histwxstns/CWOP/CWOP_C7901.zarr/
CWOP,CWOP_C7902,s3://cadcat/histwxstns/CWOP/CWOP_C7902.zarr/
CWOP,CWOP_C7903,s3://cadcat/histwxstns/CWOP/CWOP_C7903.zarr/
CWOP,CWOP_C7907,s3://cadcat/histwxstns/CWOP/CWOP_C7907.zarr/
CWOP,CWOP_C7910,s3://cadcat/histwxstns/CWOP/CWOP_C7910.zarr/
CWOP,CWOP_C7918,s3://cadcat/histwxstns/CWOP/CWOP_C7918.zarr/
CWOP,CWOP_C7923,s3://cadcat/histwxstns/CWOP/CWOP_C7923.zarr/
CWOP,CWOP_C7929,s3://cadcat/histwxstns/CWOP/CWOP_C7929.zarr/
CWOP,CWOP_C7937,s3://cadcat/histwxstns/CWOP/CWOP_C7937.zarr/
CWOP,CWOP_C7939,s3://cadcat/histwxstns/CWOP/CWOP_C7939.zarr/
CWOP,CWOP_C7944,s3://cadcat/histwxstns/CWOP/CWOP_C7944.zarr/
CWOP,CWOP_C7954,s3://cadcat/histwxstns/CWOP/CWOP_C7954.zarr/
CWOP,CWOP_C7985,s3://cadcat/histwxstns/CWOP/CWOP_C7985.zarr/
CWOP,CWOP_C7999,s3://cadcat/histwxstns/CWOP/CWOP_C7999.zarr/
CWOP,CWOP_C8001,s3://cadcat/histwxstns/CWOP/CWOP_C8001.zarr/
CWOP,CWOP_C8003,s3://cadcat/histwxstns/CWOP/CWOP_C8003.zarr/
CWOP,CWOP_C8017,s3://cadcat/histwxstns/CWOP/CWOP_C8017.zarr/
CWOP,CWOP_C8020,s3://cadcat/histwxstns/CWOP/CWOP_C8020.zarr/
CWOP,CWOP_C8028,s3://cadcat/histwxstns/CWOP/CWOP_C8028.zarr/
CWOP,CWOP_C8044,s3://cadcat/histwxstns/CWOP/CWOP_C8044.zarr/
CWOP,CWOP_C8060,s3://cadcat/histwxstns/CWOP/CWOP_C8060.zarr/
CWOP,CWOP_C8064,s3://cadcat/histwxstns/CWOP/CWOP_C8064.zarr/
CWOP,CWOP_C8076,s3://cadcat/histwxstns/CWOP/CWOP_C8076.zarr/
CWOP,CWOP_C8096,s3://cadcat/histwxstns/CWOP/CWOP_C8096.zarr/
CWOP,CWOP_C8099,s3://cadcat/histwxstns/CWOP/CWOP_C8099.zarr/
CWOP,CWOP_C8106,s3://cadcat/histwxstns/CWOP/CWOP_C8106.zarr/
CWOP,CWOP_C8114,s3://cadcat/histwxstns/CWOP/CWOP_C8114.zarr/
CWOP,CWOP_C8125,s3://cadcat/histwxstns/CWOP/CWOP_C8125.zarr/
CWOP,CWOP_C8140,s3://cadcat/histwxstns/CWOP/CWOP_C8140.zarr/
CWOP,CWOP_C8158,s3://cadcat/histwxstns/CWOP/CWOP_C8158.zarr/
CWOP,CWOP_C8175,s3://cadcat/histwxstns/CWOP/CWOP_C8175.zarr/
CWOP,CWOP_C8178,s3://cadcat/histwxstns/CWOP/CWOP_C8178.zarr/
CWOP,CWOP_C8201,s3://cadcat/histwxstns/CWOP/CWOP_C8201.zarr/
CWOP,CWOP_C8221,s3://cadcat/histwxstns/CWOP/CWOP_C8221.zarr/
CWOP,CWOP_C8226,s3://cadcat/histwxstns/CWOP/CWOP_C8226.zarr/
CWOP,CWOP_C8229,s3://cadcat/histwxstns/CWOP/CWOP_C8229.zarr/
CWOP,CWOP_C8242,s3://cadcat/histwxstns/CWOP/CWOP_C8242.zarr/
CWOP,CWOP_C8248,s3://cadcat/histwxstns/CWOP/CWOP_C8248.zarr/
CWOP,CWOP_C8263,s3://cadcat/histwxstns/CWOP/CWOP_C8263.zarr/
CWOP,CWOP_C8286,s3://cadcat/histwxstns/CWOP/CWOP_C8286.zarr/
CWOP,CWOP_C8289,s3://cadcat/histwxstns/CWOP/CWOP_C8289.zarr/
CWOP,CWOP_C8300,s3://cadcat/histwxstns/CWOP/CWOP_C8300.zarr/
CWOP,CWOP_C8316,s3://cadcat/histwxstns/CWOP/CWOP_C8316.zarr/
CWOP,CWOP_C8327,s3://cadcat/histwxstns/CWOP/CWOP_C8327.zarr/
CWOP,CWOP_C8334,s3://cadcat/histwxstns/CWOP/CWOP_C8334.zarr/
CWOP,CWOP_C8344,s3://cadcat/histwxstns/CWOP/CWOP_C8344.zarr/
CWOP,CWOP_C8353,s3://cadcat/histwxstns/CWOP/CWOP_C8353.zarr/
CWOP,CWOP_C8373,s3://cadcat/histwxstns/CWOP/CWOP_C8373.zarr/
CWOP,CWOP_C8389,s3://cadcat/histwxstns/CWOP/CWOP_C8389.zarr/
CWOP,CWOP_C8390,s3://cadcat/histwxstns/CWOP/CWOP_C8390.zarr/
CWOP,CWOP_C8399,s3://cadcat/histwxstns/CWOP/CWOP_C8399.zarr/
CWOP,CWOP_C8405,s3://cadcat/histwxstns/CWOP/CWOP_C8405.zarr/
CWOP,CWOP_C8419,s3://cadcat/histwxstns/CWOP/CWOP_C8419.zarr/
CWOP,CWOP_C8427,s3://cadcat/histwxstns/CWOP/CWOP_C8427.zarr/
CWOP,CWOP_C8428,s3://cadcat/histwxstns/CWOP/CWOP_C8428.zarr/
CWOP,CWOP_C8429,s3://cadcat/histwxstns/CWOP/CWOP_C8429.zarr/
CWOP,CWOP_C8430,s3://cadcat/histwxstns/CWOP/CWOP_C8430.zarr/
CWOP,CWOP_C8436,s3://cadcat/histwxstns/CWOP/CWOP_C8436.zarr/
CWOP,CWOP_C8449,s3://cadcat/histwxstns/CWOP/CWOP_C8449.zarr/
CWOP,CWOP_C8452,s3://cadcat/histwxstns/CWOP/CWOP_C8452.zarr/
CWOP,CWOP_C8453,s3://cadcat/histwxstns/CWOP/CWOP_C8453.zarr/
CWOP,CWOP_C8463,s3://cadcat/histwxstns/CWOP/CWOP_C8463.zarr/
CWOP,CWOP_C8486,s3://cadcat/histwxstns/CWOP/CWOP_C8486.zarr/
CWOP,CWOP_C8494,s3://cadcat/histwxstns/CWOP/CWOP_C8494.zarr/
CWOP,CWOP_C8504,s3://cadcat/histwxstns/CWOP/CWOP_C8504.zarr/
CWOP,CWOP_C8507,s3://cadcat/histwxstns/CWOP/CWOP_C8507.zarr/
CWOP,CWOP_C8508,s3://cadcat/histwxstns/CWOP/CWOP_C8508.zarr/
CWOP,CWOP_C8514,s3://cadcat/histwxstns/CWOP/CWOP_C8514.zarr/
CWOP,CWOP_C8540,s3://cadcat/histwxstns/CWOP/CWOP_C8540.zarr/
CWOP,CWOP_C8541,s3://cadcat/histwxstns/CWOP/CWOP_C8541.zarr/
CWOP,CWOP_C8550,s3://cadcat/histwxstns/CWOP/CWOP_C8550.zarr/
CWOP,CWOP_C8553,s3://cadcat/histwxstns/CWOP/CWOP_C8553.zarr/
CWOP,CWOP_C8562,s3://cadcat/histwxstns/CWOP/CWOP_C8562.zarr/
CWOP,CWOP_C8567,s3://cadcat/histwxstns/CWOP/CWOP_C8567.zarr/
CWOP,CWOP_C8571,s3://cadcat/histwxstns/CWOP/CWOP_C8571.zarr/
CWOP,CWOP_C8576,s3://cadcat/histwxstns/CWOP/CWOP_C8576.zarr/
CWOP,CWOP_C8592,s3://cadcat/histwxstns/CWOP/CWOP_C8592.zarr/
CWOP,CWOP_C8624,s3://cadcat/histwxstns/CWOP/CWOP_C8624.zarr/
CWOP,CWOP_C8628,s3://cadcat/histwxstns/CWOP/CWOP_C8628.zarr/
CWOP,CWOP_C8632,s3://cadcat/histwxstns/CWOP/CWOP_C8632.zarr/
CWOP,CWOP_C8633,s3://cadcat/histwxstns/CWOP/CWOP_C8633.zarr/
CWOP,CWOP_C8634,s3://cadcat/histwxstns/CWOP/CWOP_C8634.zarr/
CWOP,CWOP_C8635,s3://cadcat/histwxstns/CWOP/CWOP_C8635.zarr/
CWOP,CWOP_C8648,s3://cadcat/histwxstns/CWOP/CWOP_C8648.zarr/
CWOP,CWOP_C8656,s3://cadcat/histwxstns/CWOP/CWOP_C8656.zarr/
CWOP,CWOP_C8673,s3://cadcat/histwxstns/CWOP/CWOP_C8673.zarr/
CWOP,CWOP_C8681,s3://cadcat/histwxstns/CWOP/CWOP_C8681.zarr/
CWOP,CWOP_C8685,s3://cadcat/histwxstns/CWOP/CWOP_C8685.zarr/
CWOP,CWOP_C8688,s3://cadcat/histwxstns/CWOP/CWOP_C8688.zarr/
CWOP,CWOP_C8689,s3://cadcat/histwxstns/CWOP/CWOP_C8689.zarr/
CWOP,CWOP_C8692,s3://cadcat/histwxstns/CWOP/CWOP_C8692.zarr/
CWOP,CWOP_C8703,s3://cadcat/histwxstns/CWOP/CWOP_C8703.zarr/
CWOP,CWOP_C8715,s3://cadcat/histwxstns/CWOP/CWOP_C8715.zarr/
CWOP,CWOP_C8717,s3://cadcat/histwxstns/CWOP/CWOP_C8717.zarr/
CWOP,CWOP_C8721,s3://cadcat/histwxstns/CWOP/CWOP_C8721.zarr/
CWOP,CWOP_C8724,s3://cadcat/histwxstns/CWOP/CWOP_C8724.zarr/
CWOP,CWOP_C8730,s3://cadcat/histwxstns/CWOP/CWOP_C8730.zarr/
CWOP,CWOP_C8738,s3://cadcat/histwxstns/CWOP/CWOP_C8738.zarr/
CWOP,CWOP_C8747,s3://cadcat/histwxstns/CWOP/CWOP_C8747.zarr/
CWOP,CWOP_C8757,s3://cadcat/histwxstns/CWOP/CWOP_C8757.zarr/
CWOP,CWOP_C8773,s3://cadcat/histwxstns/CWOP/CWOP_C8773.zarr/
CWOP,CWOP_C8795,s3://cadcat/histwxstns/CWOP/CWOP_C8795.zarr/
CWOP,CWOP_C8796,s3://cadcat/histwxstns/CWOP/CWOP_C8796.zarr/
CWOP,CWOP_C8819,s3://cadcat/histwxstns/CWOP/CWOP_C8819.zarr/
CWOP,CWOP_C8842,s3://cadcat/histwxstns/CWOP/CWOP_C8842.zarr/
CWOP,CWOP_C8843,s3://cadcat/histwxstns/CWOP/CWOP_C8843.zarr/
CWOP,CWOP_C8844,s3://cadcat/histwxstns/CWOP/CWOP_C8844.zarr/
CWOP,CWOP_C8845,s3://cadcat/histwxstns/CWOP/CWOP_C8845.zarr/
CWOP,CWOP_C8846,s3://cadcat/histwxstns/CWOP/CWOP_C8846.zarr/
CWOP,CWOP_C8847,s3://cadcat/histwxstns/CWOP/CWOP_C8847.zarr/
CWOP,CWOP_C8863,s3://cadcat/histwxstns/CWOP/CWOP_C8863.zarr/
CWOP,CWOP_C8864,s3://cadcat/histwxstns/CWOP/CWOP_C8864.zarr/
CWOP,CWOP_C8865,s3://cadcat/histwxstns/CWOP/CWOP_C8865.zarr/
CWOP,CWOP_C8872,s3://cadcat/histwxstns/CWOP/CWOP_C8872.zarr/
CWOP,CWOP_C8874,s3://cadcat/histwxstns/CWOP/CWOP_C8874.zarr/
CWOP,CWOP_C8876,s3://cadcat/histwxstns/CWOP/CWOP_C8876.zarr/
CWOP,CWOP_C8890,s3://cadcat/histwxstns/CWOP/CWOP_C8890.zarr/
CWOP,CWOP_C8892,s3://cadcat/histwxstns/CWOP/CWOP_C8892.zarr/
CWOP,CWOP_C8893,s3://cadcat/histwxstns/CWOP/CWOP_C8893.zarr/
CWOP,CWOP_C8897,s3://cadcat/histwxstns/CWOP/CWOP_C8897.zarr/
CWOP,CWOP_C8906,s3://cadcat/histwxstns/CWOP/CWOP_C8906.zarr/
CWOP,CWOP_C8910,s3://cadcat/histwxstns/CWOP/CWOP_C8910.zarr/
CWOP,CWOP_C8914,s3://cadcat/histwxstns/CWOP/CWOP_C8914.zarr/
CWOP,CWOP_C8916,s3://cadcat/histwxstns/CWOP/CWOP_C8916.zarr/
CWOP,CWOP_C8917,s3://cadcat/histwxstns/CWOP/CWOP_C8917.zarr/
CWOP,CWOP_C8922,s3://cadcat/histwxstns/CWOP/CWOP_C8922.zarr/
CWOP,CWOP_C8926,s3://cadcat/histwxstns/CWOP/CWOP_C8926.zarr/
CWOP,CWOP_C8927,s3://cadcat/histwxstns/CWOP/CWOP_C8927.zarr/
CWOP,CWOP_C8934,s3://cadcat/histwxstns/CWOP/CWOP_C8934.zarr/
CWOP,CWOP_C8935,s3://cadcat/histwxstns/CWOP/CWOP_C8935.zarr/
CWOP,CWOP_C8938,s3://cadcat/histwxstns/CWOP/CWOP_C8938.zarr/
CWOP,CWOP_C8946,s3://cadcat/histwxstns/CWOP/CWOP_C8946.zarr/
CWOP,CWOP_C8947,s3://cadcat/histwxstns/CWOP/CWOP_C8947.zarr/
CWOP,CWOP_C8948,s3://cadcat/histwxstns/CWOP/CWOP_C8948.zarr/
CWOP,CWOP_C8949,s3://cadcat/histwxstns/CWOP/CWOP_C8949.zarr/
CWOP,CWOP_C8954,s3://cadcat/histwxstns/CWOP/CWOP_C8954.zarr/
CWOP,CWOP_C8955,s3://cadcat/histwxstns/CWOP/CWOP_C8955.zarr/
CWOP,CWOP_C8956,s3://cadcat/histwxstns/CWOP/CWOP_C8956.zarr/
CWOP,CWOP_C8979,s3://cadcat/histwxstns/CWOP/CWOP_C8979.zarr/
CWOP,CWOP_C8980,s3://cadcat/histwxstns/CWOP/CWOP_C8980.zarr/
CWOP,CWOP_C8983,s3://cadcat/histwxstns/CWOP/CWOP_C8983.zarr/
CWOP,CWOP_C8984,s3://cadcat/histwxstns/CWOP/CWOP_C8984.zarr/
CWOP,CWOP_C8986,s3://cadcat/histwxstns/CWOP/CWOP_C8986.zarr/
CWOP,CWOP_C8987,s3://cadcat/histwxstns/CWOP/CWOP_C8987.zarr/
CWOP,CWOP_C8990,s3://cadcat/histwxstns/CWOP/CWOP_C8990.zarr/
CWOP,CWOP_C9009,s3://cadcat/histwxstns/CWOP/CWOP_C9009.zarr/
CWOP,CWOP_C9012,s3://cadcat/histwxstns/CWOP/CWOP_C9012.zarr/
CWOP,CWOP_C9015,s3://cadcat/histwxstns/CWOP/CWOP_C9015.zarr/
CWOP,CWOP_C9027,s3://cadcat/histwxstns/CWOP/CWOP_C9027.zarr/
CWOP,CWOP_C9033,s3://cadcat/histwxstns/CWOP/CWOP_C9033.zarr/
CWOP,CWOP_C9048,s3://cadcat/histwxstns/CWOP/CWOP_C9048.zarr/
CWOP,CWOP_C9050,s3://cadcat/histwxstns/CWOP/CWOP_C9050.zarr/
CWOP,CWOP_C9053,s3://cadcat/histwxstns/CWOP/CWOP_C9053.zarr/
CWOP,CWOP_C9058,s3://cadcat/histwxstns/CWOP/CWOP_C9058.zarr/
CWOP,CWOP_C9062,s3://cadcat/histwxstns/CWOP/CWOP_C9062.zarr/
CWOP,CWOP_C9072,s3://cadcat/histwxstns/CWOP/CWOP_C9072.zarr/
CWOP,CWOP_C9075,s3://cadcat/histwxstns/CWOP/CWOP_C9075.zarr/
CWOP,CWOP_C9083,s3://cadcat/histwxstns/CWOP/CWOP_C9083.zarr/
CWOP,CWOP_C9093,s3://cadcat/histwxstns/CWOP/CWOP_C9093.zarr/
CWOP,CWOP_C9094,s3://cadcat/histwxstns/CWOP/CWOP_C9094.zarr/
CWOP,CWOP_C9107,s3://cadcat/histwxstns/CWOP/CWOP_C9107.zarr/
CWOP,CWOP_C9108,s3://cadcat/histwxstns/CWOP/CWOP_C9108.zarr/
CWOP,CWOP_C9120,s3://cadcat/histwxstns/CWOP/CWOP_C9120.zarr/
CWOP,CWOP_C9129,s3://cadcat/histwxstns/CWOP/CWOP_C9129.zarr/
CWOP,CWOP_C9139,s3://cadcat/histwxstns/CWOP/CWOP_C9139.zarr/
CWOP,CWOP_C9140,s3://cadcat/histwxstns/CWOP/CWOP_C9140.zarr/
CWOP,CWOP_C9143,s3://cadcat/histwxstns/CWOP/CWOP_C9143.zarr/
CWOP,CWOP_C9148,s3://cadcat/histwxstns/CWOP/CWOP_C9148.zarr/
CWOP,CWOP_C9149,s3://cadcat/histwxstns/CWOP/CWOP_C9149.zarr/
CWOP,CWOP_C9156,s3://cadcat/histwxstns/CWOP/CWOP_C9156.zarr/
CWOP,CWOP_C9159,s3://cadcat/histwxstns/CWOP/CWOP_C9159.zarr/
CWOP,CWOP_C9161,s3://cadcat/histwxstns/CWOP/CWOP_C9161.zarr/
CWOP,CWOP_C9163,s3://cadcat/histwxstns/CWOP/CWOP_C9163.zarr/
CWOP,CWOP_C9164,s3://cadcat/histwxstns/CWOP/CWOP_C9164.zarr/
CWOP,CWOP_C9165,s3://cadcat/histwxstns/CWOP/CWOP_C9165.zarr/
CWOP,CWOP_C9181,s3://cadcat/histwxstns/CWOP/CWOP_C9181.zarr/
CWOP,CWOP_C9191,s3://cadcat/histwxstns/CWOP/CWOP_C9191.zarr/
CWOP,CWOP_C9196,s3://cadcat/histwxstns/CWOP/CWOP_C9196.zarr/
CWOP,CWOP_C9207,s3://cadcat/histwxstns/CWOP/CWOP_C9207.zarr/
CWOP,CWOP_C9209,s3://cadcat/histwxstns/CWOP/CWOP_C9209.zarr/
CWOP,CWOP_C9222,s3://cadcat/histwxstns/CWOP/CWOP_C9222.zarr/
CWOP,CWOP_C9227,s3://cadcat/histwxstns/CWOP/CWOP_C9227.zarr/
CWOP,CWOP_C9230,s3://cadcat/histwxstns/CWOP/CWOP_C9230.zarr/
CWOP,CWOP_C9232,s3://cadcat/histwxstns/CWOP/CWOP_C9232.zarr/
CWOP,CWOP_C9239,s3://cadcat/histwxstns/CWOP/CWOP_C9239.zarr/
CWOP,CWOP_C9245,s3://cadcat/histwxstns/CWOP/CWOP_C9245.zarr/
CWOP,CWOP_C9252,s3://cadcat/histwxstns/CWOP/CWOP_C9252.zarr/
CWOP,CWOP_C9266,s3://cadcat/histwxstns/CWOP/CWOP_C9266.zarr/
CWOP,CWOP_C9269,s3://cadcat/histwxstns/CWOP/CWOP_C9269.zarr/
CWOP,CWOP_C9281,s3://cadcat/histwxstns/CWOP/CWOP_C9281.zarr/
CWOP,CWOP_C9294,s3://cadcat/histwxstns/CWOP/CWOP_C9294.zarr/
CWOP,CWOP_C9303,s3://cadcat/histwxstns/CWOP/CWOP_C9303.zarr/
CWOP,CWOP_C9307,s3://cadcat/histwxstns/CWOP/CWOP_C9307.zarr/
CWOP,CWOP_C9310,s3://cadcat/histwxstns/CWOP/CWOP_C9310.zarr/
CWOP,CWOP_C9314,s3://cadcat/histwxstns/CWOP/CWOP_C9314.zarr/
CWOP,CWOP_C9315,s3://cadcat/histwxstns/CWOP/CWOP_C9315.zarr/
CWOP,CWOP_C9326,s3://cadcat/histwxstns/CWOP/CWOP_C9326.zarr/
CWOP,CWOP_C9328,s3://cadcat/histwxstns/CWOP/CWOP_C9328.zarr/
CWOP,CWOP_C9332,s3://cadcat/histwxstns/CWOP/CWOP_C9332.zarr/
CWOP,CWOP_C9341,s3://cadcat/histwxstns/CWOP/CWOP_C9341.zarr/
CWOP,CWOP_C9348,s3://cadcat/histwxstns/CWOP/CWOP_C9348.zarr/
CWOP,CWOP_C9350,s3://cadcat/histwxstns/CWOP/CWOP_C9350.zarr/
CWOP,CWOP_C9353,s3://cadcat/histwxstns/CWOP/CWOP_C9353.zarr/
CWOP,CWOP_C9354,s3://cadcat/histwxstns/CWOP/CWOP_C9354.zarr/
CWOP,CWOP_C9355,s3://cadcat/histwxstns/CWOP/CWOP_C9355.zarr/
CWOP,CWOP_C9359,s3://cadcat/histwxstns/CWOP/CWOP_C9359.zarr/
CWOP,CWOP_C9363,s3://cadcat/histwxstns/CWOP/CWOP_C9363.zarr/
CWOP,CWOP_C9368,s3://cadcat/histwxstns/CWOP/CWOP_C9368.zarr/
CWOP,CWOP_C9369,s3://cadcat/histwxstns/CWOP/CWOP_C9369.zarr/
CWOP,CWOP_C9373,s3://cadcat/histwxstns/CWOP/CWOP_C9373.zarr/
CWOP,CWOP_C9374,s3://cadcat/histwxstns/CWOP/CWOP_C9374.zarr/
CWOP,CWOP_C9376,s3://cadcat/histwxstns/CWOP/CWOP_C9376.zarr/
CWOP,CWOP_C9386,s3://cadcat/histwxstns/CWOP/CWOP_C9386.zarr/
CWOP,CWOP_C9396,s3://cadcat/histwxstns/CWOP/CWOP_C9396.zarr/
CWOP,CWOP_C9399,s3://cadcat/histwxstns/CWOP/CWOP_C9399.zarr/
CWOP,CWOP_C9407,s3://cadcat/histwxstns/CWOP/CWOP_C9407.zarr/
CWOP,CWOP_C9408,s3://cadcat/histwxstns/CWOP/CWOP_C9408.zarr/
CWOP,CWOP_C9420,s3://cadcat/histwxstns/CWOP/CWOP_C9420.zarr/
CWOP,CWOP_C9421,s3://cadcat/histwxstns/CWOP/CWOP_C9421.zarr/
CWOP,CWOP_C9422,s3://cadcat/histwxstns/CWOP/CWOP_C9422.zarr/
CWOP,CWOP_C9425,s3://cadcat/histwxstns/CWOP/CWOP_C9425.zarr/
CWOP,CWOP_C9430,s3://cadcat/histwxstns/CWOP/CWOP_C9430.zarr/
CWOP,CWOP_C9432,s3://cadcat/histwxstns/CWOP/CWOP_C9432.zarr/
CWOP,CWOP_C9443,s3://cadcat/histwxstns/CWOP/CWOP_C9443.zarr/
CWOP,CWOP_C9450,s3://cadcat/histwxstns/CWOP/CWOP_C9450.zarr/
CWOP,CWOP_C9461,s3://cadcat/histwxstns/CWOP/CWOP_C9461.zarr/
CWOP,CWOP_C9492,s3://cadcat/histwxstns/CWOP/CWOP_C9492.zarr/
CWOP,CWOP_C9495,s3://cadcat/histwxstns/CWOP/CWOP_C9495.zarr/
CWOP,CWOP_C9496,s3://cadcat/histwxstns/CWOP/CWOP_C9496.zarr/
CWOP,CWOP_C9498,s3://cadcat/histwxstns/CWOP/CWOP_C9498.zarr/
CWOP,CWOP_C9504,s3://cadcat/histwxstns/CWOP/CWOP_C9504.zarr/
CWOP,CWOP_C9505,s3://cadcat/histwxstns/CWOP/CWOP_C9505.zarr/
CWOP,CWOP_C9516,s3://cadcat/histwxstns/CWOP/CWOP_C9516.zarr/
CWOP,CWOP_C9520,s3://cadcat/histwxstns/CWOP/CWOP_C9520.zarr/
CWOP,CWOP_C9521,s3://cadcat/histwxstns/CWOP/CWOP_C9521.zarr/
CWOP,CWOP_C9523,s3://cadcat/histwxstns/CWOP/CWOP_C9523.zarr/
CWOP,CWOP_C9529,s3://cadcat/histwxstns/CWOP/CWOP_C9529.zarr/
CWOP,CWOP_C9538,s3://cadcat/histwxstns/CWOP/CWOP_C9538.zarr/
CWOP,CWOP_C9546,s3://cadcat/histwxstns/CWOP/CWOP_C9546.zarr/
CWOP,CWOP_C9548,s3://cadcat/histwxstns/CWOP/CWOP_C9548.zarr/
CWOP,CWOP_C9561,s3://cadcat/histwxstns/CWOP/CWOP_C9561.zarr/
CWOP,CWOP_C9565,s3://cadcat/histwxstns/CWOP/CWOP_C9565.zarr/
CWOP,CWOP_C9576,s3://cadcat/histwxstns/CWOP/CWOP_C9576.zarr/
CWOP,CWOP_C9580,s3://cadcat/histwxstns/CWOP/CWOP_C9580.zarr/
CWOP,CWOP_C9583,s3://cadcat/histwxstns/CWOP/CWOP_C9583.zarr/
CWOP,CWOP_C9588,s3://cadcat/histwxstns/CWOP/CWOP_C9588.zarr/
CWOP,CWOP_C9594,s3://cadcat/histwxstns/CWOP/CWOP_C9594.zarr/
CWOP,CWOP_C9596,s3://cadcat/histwxstns/CWOP/CWOP_C9596.zarr/
CWOP,CWOP_C9602,s3://cadcat/histwxstns/CWOP/CWOP_C9602.zarr/
CWOP,CWOP_C9603,s3://cadcat/histwxstns/CWOP/CWOP_C9603.zarr/
CWOP,CWOP_C9604,s3://cadcat/histwxstns/CWOP/CWOP_C9604.zarr/
CWOP,CWOP_C9618,s3://cadcat/histwxstns/CWOP/CWOP_C9618.zarr/
CWOP,CWOP_C9619,s3://cadcat/histwxstns/CWOP/CWOP_C9619.zarr/
CWOP,CWOP_C9620,s3://cadcat/histwxstns/CWOP/CWOP_C9620.zarr/
CWOP,CWOP_C9626,s3://cadcat/histwxstns/CWOP/CWOP_C9626.zarr/
CWOP,CWOP_C9629,s3://cadcat/histwxstns/CWOP/CWOP_C9629.zarr/
CWOP,CWOP_C9633,s3://cadcat/histwxstns/CWOP/CWOP_C9633.zarr/
CWOP,CWOP_C9635,s3://cadcat/histwxstns/CWOP/CWOP_C9635.zarr/
CWOP,CWOP_C9642,s3://cadcat/histwxstns/CWOP/CWOP_C9642.zarr/
CWOP,CWOP_C9653,s3://cadcat/histwxstns/CWOP/CWOP_C9653.zarr/
CWOP,CWOP_C9654,s3://cadcat/histwxstns/CWOP/CWOP_C9654.zarr/
CWOP,CWOP_C9664,s3://cadcat/histwxstns/CWOP/CWOP_C9664.zarr/
CWOP,CWOP_C9665,s3://cadcat/histwxstns/CWOP/CWOP_C9665.zarr/
CWOP,CWOP_C9668,s3://cadcat/histwxstns/CWOP/CWOP_C9668.zarr/
CWOP,CWOP_C9669,s3://cadcat/histwxstns/CWOP/CWOP_C9669.zarr/
CWOP,CWOP_C9673,s3://cadcat/histwxstns/CWOP/CWOP_C9673.zarr/
CWOP,CWOP_C9676,s3://cadcat/histwxstns/CWOP/CWOP_C9676.zarr/
CWOP,CWOP_C9682,s3://cadcat/histwxstns/CWOP/CWOP_C9682.zarr/
CWOP,CWOP_C9687,s3://cadcat/histwxstns/CWOP/CWOP_C9687.zarr/
CWOP,CWOP_C9688,s3://cadcat/histwxstns/CWOP/CWOP_C9688.zarr/
CWOP,CWOP_C9689,s3://cadcat/histwxstns/CWOP/CWOP_C9689.zarr/
CWOP,CWOP_C9691,s3://cadcat/histwxstns/CWOP/CWOP_C9691.zarr/
CWOP,CWOP_C9697,s3://cadcat/histwxstns/CWOP/CWOP_C9697.zarr/
CWOP,CWOP_C9700,s3://cadcat/histwxstns/CWOP/CWOP_C9700.zarr/
CWOP,CWOP_C9710,s3://cadcat/histwxstns/CWOP/CWOP_C9710.zarr/
CWOP,CWOP_C9711,s3://cadcat/histwxstns/CWOP/CWOP_C9711.zarr/
CWOP,CWOP_C9715,s3://cadcat/histwxstns/CWOP/CWOP_C9715.zarr/
CWOP,CWOP_C9719,s3://cadcat/histwxstns/CWOP/CWOP_C9719.zarr/
CWOP,CWOP_C9720,s3://cadcat/histwxstns/CWOP/CWOP_C9720.zarr/
CWOP,CWOP_C9729,s3://cadcat/histwxstns/CWOP/CWOP_C9729.zarr/
CWOP,CWOP_C9736,s3://cadcat/histwxstns/CWOP/CWOP_C9736.zarr/
CWOP,CWOP_C9749,s3://cadcat/histwxstns/CWOP/CWOP_C9749.zarr/
CWOP,CWOP_C9752,s3://cadcat/histwxstns/CWOP/CWOP_C9752.zarr/
CWOP,CWOP_C9753,s3://cadcat/histwxstns/CWOP/CWOP_C9753.zarr/
CWOP,CWOP_C9761,s3://cadcat/histwxstns/CWOP/CWOP_C9761.zarr/
CWOP,CWOP_C9763,s3://cadcat/histwxstns/CWOP/CWOP_C9763.zarr/
CWOP,CWOP_C9764,s3://cadcat/histwxstns/CWOP/CWOP_C9764.zarr/
CWOP,CWOP_C9778,s3://cadcat/histwxstns/CWOP/CWOP_C9778.zarr/
CWOP,CWOP_C9779,s3://cadcat/histwxstns/CWOP/CWOP_C9779.zarr/
CWOP,CWOP_C9782,s3://cadcat/histwxstns/CWOP/CWOP_C9782.zarr/
CWOP,CWOP_C9783,s3://cadcat/histwxstns/CWOP/CWOP_C9783.zarr/
CWOP,CWOP_C9786,s3://cadcat/histwxstns/CWOP/CWOP_C9786.zarr/
CWOP,CWOP_C9794,s3://cadcat/histwxstns/CWOP/CWOP_C9794.zarr/
CWOP,CWOP_C9795,s3://cadcat/histwxstns/CWOP/CWOP_C9795.zarr/
CWOP,CWOP_C9796,s3://cadcat/histwxstns/CWOP/CWOP_C9796.zarr/
CWOP,CWOP_C9800,s3://cadcat/histwxstns/CWOP/CWOP_C9800.zarr/
CWOP,CWOP_C9802,s3://cadcat/histwxstns/CWOP/CWOP_C9802.zarr/
CWOP,CWOP_C9803,s3://cadcat/histwxstns/CWOP/CWOP_C9803.zarr/
CWOP,CWOP_C9805,s3://cadcat/histwxstns/CWOP/CWOP_C9805.zarr/
CWOP,CWOP_C9812,s3://cadcat/histwxstns/CWOP/CWOP_C9812.zarr/
CWOP,CWOP_C9814,s3://cadcat/histwxstns/CWOP/CWOP_C9814.zarr/
CWOP,CWOP_C9821,s3://cadcat/histwxstns/CWOP/CWOP_C9821.zarr/
CWOP,CWOP_C9822,s3://cadcat/histwxstns/CWOP/CWOP_C9822.zarr/
CWOP,CWOP_C9831,s3://cadcat/histwxstns/CWOP/CWOP_C9831.zarr/
CWOP,CWOP_C9843,s3://cadcat/histwxstns/CWOP/CWOP_C9843.zarr/
CWOP,CWOP_C9846,s3://cadcat/histwxstns/CWOP/CWOP_C9846.zarr/
CWOP,CWOP_C9853,s3://cadcat/histwxstns/CWOP/CWOP_C9853.zarr/
CWOP,CWOP_C9878,s3://cadcat/histwxstns/CWOP/CWOP_C9878.zarr/
CWOP,CWOP_C9882,s3://cadcat/histwxstns/CWOP/CWOP_C9882.zarr/
CWOP,CWOP_C9890,s3://cadcat/histwxstns/CWOP/CWOP_C9890.zarr/
CWOP,CWOP_C9902,s3://cadcat/histwxstns/CWOP/CWOP_C9902.zarr/
CWOP,CWOP_C9912,s3://cadcat/histwxstns/CWOP/CWOP_C9912.zarr/
CWOP,CWOP_C9925,s3://cadcat/histwxstns/CWOP/CWOP_C9925.zarr/
CWOP,CWOP_C9927,s3://cadcat/histwxstns/CWOP/CWOP_C9927.zarr/
CWOP,CWOP_C9939,s3://cadcat/histwxstns/CWOP/CWOP_C9939.zarr/
CWOP,CWOP_C9948,s3://cadcat/histwxstns/CWOP/CWOP_C9948.zarr/
CWOP,CWOP_C9951,s3://cadcat/histwxstns/CWOP/CWOP_C9951.zarr/
CWOP,CWOP_C9953,s3://cadcat/histwxstns/CWOP/CWOP_C9953.zarr/
CWOP,CWOP_C9969,s3://cadcat/histwxstns/CWOP/CWOP_C9969.zarr/
CWOP,CWOP_C9974,s3://cadcat/histwxstns/CWOP/CWOP_C9974.zarr/
CWOP,CWOP_C9982,s3://cadcat/histwxstns/CWOP/CWOP_C9982.zarr/
CWOP,CWOP_C9991,s3://cadcat/histwxstns/CWOP/CWOP_C9991.zarr/
CWOP,CWOP_D0018,s3://cadcat/histwxstns/CWOP/CWOP_D0018.zarr/
CWOP,CWOP_D0026,s3://cadcat/histwxstns/CWOP/CWOP_D0026.zarr/
CWOP,CWOP_D0044,s3://cadcat/histwxstns/CWOP/CWOP_D0044.zarr/
CWOP,CWOP_D0045,s3://cadcat/histwxstns/CWOP/CWOP_D0045.zarr/
CWOP,CWOP_D0055,s3://cadcat/histwxstns/CWOP/CWOP_D0055.zarr/
CWOP,CWOP_D0062,s3://cadcat/histwxstns/CWOP/CWOP_D0062.zarr/
CWOP,CWOP_D0063,s3://cadcat/histwxstns/CWOP/CWOP_D0063.zarr/
CWOP,CWOP_D0066,s3://cadcat/histwxstns/CWOP/CWOP_D0066.zarr/
CWOP,CWOP_D0069,s3://cadcat/histwxstns/CWOP/CWOP_D0069.zarr/
CWOP,CWOP_D0077,s3://cadcat/histwxstns/CWOP/CWOP_D0077.zarr/
CWOP,CWOP_D0094,s3://cadcat/histwxstns/CWOP/CWOP_D0094.zarr/
CWOP,CWOP_D0096,s3://cadcat/histwxstns/CWOP/CWOP_D0096.zarr/
CWOP,CWOP_D0117,s3://cadcat/histwxstns/CWOP/CWOP_D0117.zarr/
CWOP,CWOP_D0126,s3://cadcat/histwxstns/CWOP/CWOP_D0126.zarr/
CWOP,CWOP_D0140,s3://cadcat/histwxstns/CWOP/CWOP_D0140.zarr/
CWOP,CWOP_D0151,s3://cadcat/histwxstns/CWOP/CWOP_D0151.zarr/
CWOP,CWOP_D0160,s3://cadcat/histwxstns/CWOP/CWOP_D0160.zarr/
CWOP,CWOP_D0162,s3://cadcat/histwxstns/CWOP/CWOP_D0162.zarr/
CWOP,CWOP_D0174,s3://cadcat/histwxstns/CWOP/CWOP_D0174.zarr/
CWOP,CWOP_D0176,s3://cadcat/histwxstns/CWOP/CWOP_D0176.zarr/
CWOP,CWOP_D0185,s3://cadcat/histwxstns/CWOP/CWOP_D0185.zarr/
CWOP,CWOP_D0186,s3://cadcat/histwxstns/CWOP/CWOP_D0186.zarr/
CWOP,CWOP_D0195,s3://cadcat/histwxstns/CWOP/CWOP_D0195.zarr/
CWOP,CWOP_D0207,s3://cadcat/histwxstns/CWOP/CWOP_D0207.zarr/
CWOP,CWOP_D0217,s3://cadcat/histwxstns/CWOP/CWOP_D0217.zarr/
CWOP,CWOP_D0221,s3://cadcat/histwxstns/CWOP/CWOP_D0221.zarr/
CWOP,CWOP_D0228,s3://cadcat/histwxstns/CWOP/CWOP_D0228.zarr/
CWOP,CWOP_D0231,s3://cadcat/histwxstns/CWOP/CWOP_D0231.zarr/
CWOP,CWOP_D0237,s3://cadcat/histwxstns/CWOP/CWOP_D0237.zarr/
CWOP,CWOP_D0244,s3://cadcat/histwxstns/CWOP/CWOP_D0244.zarr/
CWOP,CWOP_D0249,s3://cadcat/histwxstns/CWOP/CWOP_D0249.zarr/
CWOP,CWOP_D0258,s3://cadcat/histwxstns/CWOP/CWOP_D0258.zarr/
CWOP,CWOP_D0263,s3://cadcat/histwxstns/CWOP/CWOP_D0263.zarr/
CWOP,CWOP_D0266,s3://cadcat/histwxstns/CWOP/CWOP_D0266.zarr/
CWOP,CWOP_D0273,s3://cadcat/histwxstns/CWOP/CWOP_D0273.zarr/
CWOP,CWOP_D0274,s3://cadcat/histwxstns/CWOP/CWOP_D0274.zarr/
CWOP,CWOP_D0288,s3://cadcat/histwxstns/CWOP/CWOP_D0288.zarr/
CWOP,CWOP_D0295,s3://cadcat/histwxstns/CWOP/CWOP_D0295.zarr/
CWOP,CWOP_D0310,s3://cadcat/histwxstns/CWOP/CWOP_D0310.zarr/
CWOP,CWOP_D0328,s3://cadcat/histwxstns/CWOP/CWOP_D0328.zarr/
CWOP,CWOP_D0334,s3://cadcat/histwxstns/CWOP/CWOP_D0334.zarr/
CWOP,CWOP_D0353,s3://cadcat/histwxstns/CWOP/CWOP_D0353.zarr/
CWOP,CWOP_D0356,s3://cadcat/histwxstns/CWOP/CWOP_D0356.zarr/
CWOP,CWOP_D0368,s3://cadcat/histwxstns/CWOP/CWOP_D0368.zarr/
CWOP,CWOP_D0370,s3://cadcat/histwxstns/CWOP/CWOP_D0370.zarr/
CWOP,CWOP_D0372,s3://cadcat/histwxstns/CWOP/CWOP_D0372.zarr/
CWOP,CWOP_D0375,s3://cadcat/histwxstns/CWOP/CWOP_D0375.zarr/
CWOP,CWOP_D0376,s3://cadcat/histwxstns/CWOP/CWOP_D0376.zarr/
CWOP,CWOP_D0380,s3://cadcat/histwxstns/CWOP/CWOP_D0380.zarr/
CWOP,CWOP_D0391,s3://cadcat/histwxstns/CWOP/CWOP_D0391.zarr/
CWOP,CWOP_D0394,s3://cadcat/histwxstns/CWOP/CWOP_D0394.zarr/
CWOP,CWOP_D0395,s3://cadcat/histwxstns/CWOP/CWOP_D0395.zarr/
CWOP,CWOP_D0400,s3://cadcat/histwxstns/CWOP/CWOP_D0400.zarr/
CWOP,CWOP_D0409,s3://cadcat/histwxstns/CWOP/CWOP_D0409.zarr/
CWOP,CWOP_D0413,s3://cadcat/histwxstns/CWOP/CWOP_D0413.zarr/
CWOP,CWOP_D0414,s3://cadcat/histwxstns/CWOP/CWOP_D0414.zarr/
CWOP,CWOP_D0415,s3://cadcat/histwxstns/CWOP/CWOP_D0415.zarr/
CWOP,CWOP_D0416,s3://cadcat/histwxstns/CWOP/CWOP_D0416.zarr/
CWOP,CWOP_D0417,s3://cadcat/histwxstns/CWOP/CWOP_D0417.zarr/
CWOP,CWOP_D0428,s3://cadcat/histwxstns/CWOP/CWOP_D0428.zarr/
CWOP,CWOP_D0432,s3://cadcat/histwxstns/CWOP/CWOP_D0432.zarr/
CWOP,CWOP_D0444,s3://cadcat/histwxstns/CWOP/CWOP_D0444.zarr/
CWOP,CWOP_D0445,s3://cadcat/histwxstns/CWOP/CWOP_D0445.zarr/
CWOP,CWOP_D0446,s3://cadcat/histwxstns/CWOP/CWOP_D0446.zarr/
CWOP,CWOP_D0460,s3://cadcat/histwxstns/CWOP/CWOP_D0460.zarr/
CWOP,CWOP_D0462,s3://cadcat/histwxstns/CWOP/CWOP_D0462.zarr/
CWOP,CWOP_D0465,s3://cadcat/histwxstns/CWOP/CWOP_D0465.zarr/
CWOP,CWOP_D0475,s3://cadcat/histwxstns/CWOP/CWOP_D0475.zarr/
CWOP,CWOP_D0480,s3://cadcat/histwxstns/CWOP/CWOP_D0480.zarr/
CWOP,CWOP_D0484,s3://cadcat/histwxstns/CWOP/CWOP_D0484.zarr/
CWOP,CWOP_D0490,s3://cadcat/histwxstns/CWOP/CWOP_D0490.zarr/
CWOP,CWOP_D0493,s3://cadcat/histwxstns/CWOP/CWOP_D0493.zarr/
CWOP,CWOP_D0495,s3://cadcat/histwxstns/CWOP/CWOP_D0495.zarr/
CWOP,CWOP_D0504,s3://cadcat/histwxstns/CWOP/CWOP_D0504.zarr/
CWOP,CWOP_D0505,s3://cadcat/histwxstns/CWOP/CWOP_D0505.zarr/
CWOP,CWOP_D0527,s3://cadcat/histwxstns/CWOP/CWOP_D0527.zarr/
CWOP,CWOP_D0529,s3://cadcat/histwxstns/CWOP/CWOP_D0529.zarr/
CWOP,CWOP_D0539,s3://cadcat/histwxstns/CWOP/CWOP_D0539.zarr/
CWOP,CWOP_D0543,s3://cadcat/histwxstns/CWOP/CWOP_D0543.zarr/
CWOP,CWOP_D0553,s3://cadcat/histwxstns/CWOP/CWOP_D0553.zarr/
CWOP,CWOP_D0558,s3://cadcat/histwxstns/CWOP/CWOP_D0558.zarr/
CWOP,CWOP_D0571,s3://cadcat/histwxstns/CWOP/CWOP_D0571.zarr/
CWOP,CWOP_D0573,s3://cadcat/histwxstns/CWOP/CWOP_D0573.zarr/
CWOP,CWOP_D0579,s3://cadcat/histwxstns/CWOP/CWOP_D0579.zarr/
CWOP,CWOP_D0586,s3://cadcat/histwxstns/CWOP/CWOP_D0586.zarr/
CWOP,CWOP_D0602,s3://cadcat/histwxstns/CWOP/CWOP_D0602.zarr/
CWOP,CWOP_D0603,s3://cadcat/histwxstns/CWOP/CWOP_D0603.zarr/
CWOP,CWOP_D0604,s3://cadcat/histwxstns/CWOP/CWOP_D0604.zarr/
CWOP,CWOP_D0605,s3://cadcat/histwxstns/CWOP/CWOP_D0605.zarr/
CWOP,CWOP_D0609,s3://cadcat/histwxstns/CWOP/CWOP_D0609.zarr/
CWOP,CWOP_D0611,s3://cadcat/histwxstns/CWOP/CWOP_D0611.zarr/
CWOP,CWOP_D0614,s3://cadcat/histwxstns/CWOP/CWOP_D0614.zarr/
CWOP,CWOP_D0618,s3://cadcat/histwxstns/CWOP/CWOP_D0618.zarr/
CWOP,CWOP_D0619,s3://cadcat/histwxstns/CWOP/CWOP_D0619.zarr/
CWOP,CWOP_D0634,s3://cadcat/histwxstns/CWOP/CWOP_D0634.zarr/
CWOP,CWOP_D0643,s3://cadcat/histwxstns/CWOP/CWOP_D0643.zarr/
CWOP,CWOP_D0645,s3://cadcat/histwxstns/CWOP/CWOP_D0645.zarr/
CWOP,CWOP_D0646,s3://cadcat/histwxstns/CWOP/CWOP_D0646.zarr/
CWOP,CWOP_D0649,s3://cadcat/histwxstns/CWOP/CWOP_D0649.zarr/
CWOP,CWOP_D0656,s3://cadcat/histwxstns/CWOP/CWOP_D0656.zarr/
CWOP,CWOP_D0665,s3://cadcat/histwxstns/CWOP/CWOP_D0665.zarr/
CWOP,CWOP_D0677,s3://cadcat/histwxstns/CWOP/CWOP_D0677.zarr/
CWOP,CWOP_D0682,s3://cadcat/histwxstns/CWOP/CWOP_D0682.zarr/
CWOP,CWOP_D0691,s3://cadcat/histwxstns/CWOP/CWOP_D0691.zarr/
CWOP,CWOP_D0694,s3://cadcat/histwxstns/CWOP/CWOP_D0694.zarr/
CWOP,CWOP_D0707,s3://cadcat/histwxstns/CWOP/CWOP_D0707.zarr/
CWOP,CWOP_D0709,s3://cadcat/histwxstns/CWOP/CWOP_D0709.zarr/
CWOP,CWOP_D0710,s3://cadcat/histwxstns/CWOP/CWOP_D0710.zarr/
CWOP,CWOP_D0711,s3://cadcat/histwxstns/CWOP/CWOP_D0711.zarr/
CWOP,CWOP_D0713,s3://cadcat/histwxstns/CWOP/CWOP_D0713.zarr/
CWOP,CWOP_D0718,s3://cadcat/histwxstns/CWOP/CWOP_D0718.zarr/
CWOP,CWOP_D0730,s3://cadcat/histwxstns/CWOP/CWOP_D0730.zarr/
CWOP,CWOP_D0735,s3://cadcat/histwxstns/CWOP/CWOP_D0735.zarr/
CWOP,CWOP_D0739,s3://cadcat/histwxstns/CWOP/CWOP_D0739.zarr/
CWOP,CWOP_D0742,s3://cadcat/histwxstns/CWOP/CWOP_D0742.zarr/
CWOP,CWOP_D0749,s3://cadcat/histwxstns/CWOP/CWOP_D0749.zarr/
CWOP,CWOP_D0755,s3://cadcat/histwxstns/CWOP/CWOP_D0755.zarr/
CWOP,CWOP_D0761,s3://cadcat/histwxstns/CWOP/CWOP_D0761.zarr/
CWOP,CWOP_D0774,s3://cadcat/histwxstns/CWOP/CWOP_D0774.zarr/
CWOP,CWOP_D0776,s3://cadcat/histwxstns/CWOP/CWOP_D0776.zarr/
CWOP,CWOP_D0807,s3://cadcat/histwxstns/CWOP/CWOP_D0807.zarr/
CWOP,CWOP_D0818,s3://cadcat/histwxstns/CWOP/CWOP_D0818.zarr/
CWOP,CWOP_D0821,s3://cadcat/histwxstns/CWOP/CWOP_D0821.zarr/
CWOP,CWOP_D0826,s3://cadcat/histwxstns/CWOP/CWOP_D0826.zarr/
CWOP,CWOP_D0843,s3://cadcat/histwxstns/CWOP/CWOP_D0843.zarr/
CWOP,CWOP_D0850,s3://cadcat/histwxstns/CWOP/CWOP_D0850.zarr/
CWOP,CWOP_D0866,s3://cadcat/histwxstns/CWOP/CWOP_D0866.zarr/
CWOP,CWOP_D0882,s3://cadcat/histwxstns/CWOP/CWOP_D0882.zarr/
CWOP,CWOP_D0883,s3://cadcat/histwxstns/CWOP/CWOP_D0883.zarr/
CWOP,CWOP_D0884,s3://cadcat/histwxstns/CWOP/CWOP_D0884.zarr/
CWOP,CWOP_D0899,s3://cadcat/histwxstns/CWOP/CWOP_D0899.zarr/
CWOP,CWOP_D0908,s3://cadcat/histwxstns/CWOP/CWOP_D0908.zarr/
CWOP,CWOP_D0912,s3://cadcat/histwxstns/CWOP/CWOP_D0912.zarr/
CWOP,CWOP_D0915,s3://cadcat/histwxstns/CWOP/CWOP_D0915.zarr/
CWOP,CWOP_D0931,s3://cadcat/histwxstns/CWOP/CWOP_D0931.zarr/
CWOP,CWOP_D0944,s3://cadcat/histwxstns/CWOP/CWOP_D0944.zarr/
CWOP,CWOP_D0946,s3://cadcat/histwxstns/CWOP/CWOP_D0946.zarr/
CWOP,CWOP_D0949,s3://cadcat/histwxstns/CWOP/CWOP_D0949.zarr/
CWOP,CWOP_D0952,s3://cadcat/histwxstns/CWOP/CWOP_D0952.zarr/
CWOP,CWOP_D0955,s3://cadcat/histwxstns/CWOP/CWOP_D0955.zarr/
CWOP,CWOP_D0963,s3://cadcat/histwxstns/CWOP/CWOP_D0963.zarr/
CWOP,CWOP_D0967,s3://cadcat/histwxstns/CWOP/CWOP_D0967.zarr/
CWOP,CWOP_D0974,s3://cadcat/histwxstns/CWOP/CWOP_D0974.zarr/
CWOP,CWOP_D0975,s3://cadcat/histwxstns/CWOP/CWOP_D0975.zarr/
CWOP,CWOP_D0977,s3://cadcat/histwxstns/CWOP/CWOP_D0977.zarr/
CWOP,CWOP_D0993,s3://cadcat/histwxstns/CWOP/CWOP_D0993.zarr/
CWOP,CWOP_D0994,s3://cadcat/histwxstns/CWOP/CWOP_D0994.zarr/
CWOP,CWOP_D1009,s3://cadcat/histwxstns/CWOP/CWOP_D1009.zarr/
CWOP,CWOP_D1011,s3://cadcat/histwxstns/CWOP/CWOP_D1011.zarr/
CWOP,CWOP_D1021,s3://cadcat/histwxstns/CWOP/CWOP_D1021.zarr/
CWOP,CWOP_D1023,s3://cadcat/histwxstns/CWOP/CWOP_D1023.zarr/
CWOP,CWOP_D1026,s3://cadcat/histwxstns/CWOP/CWOP_D1026.zarr/
CWOP,CWOP_D1028,s3://cadcat/histwxstns/CWOP/CWOP_D1028.zarr/
CWOP,CWOP_D1038,s3://cadcat/histwxstns/CWOP/CWOP_D1038.zarr/
CWOP,CWOP_D1043,s3://cadcat/histwxstns/CWOP/CWOP_D1043.zarr/
CWOP,CWOP_D1052,s3://cadcat/histwxstns/CWOP/CWOP_D1052.zarr/
CWOP,CWOP_D1056,s3://cadcat/histwxstns/CWOP/CWOP_D1056.zarr/
CWOP,CWOP_D1088,s3://cadcat/histwxstns/CWOP/CWOP_D1088.zarr/
CWOP,CWOP_D1115,s3://cadcat/histwxstns/CWOP/CWOP_D1115.zarr/
CWOP,CWOP_D1118,s3://cadcat/histwxstns/CWOP/CWOP_D1118.zarr/
CWOP,CWOP_D1127,s3://cadcat/histwxstns/CWOP/CWOP_D1127.zarr/
CWOP,CWOP_D1132,s3://cadcat/histwxstns/CWOP/CWOP_D1132.zarr/
CWOP,CWOP_D1142,s3://cadcat/histwxstns/CWOP/CWOP_D1142.zarr/
CWOP,CWOP_D1152,s3://cadcat/histwxstns/CWOP/CWOP_D1152.zarr/
CWOP,CWOP_D1155,s3://cadcat/histwxstns/CWOP/CWOP_D1155.zarr/
CWOP,CWOP_D1159,s3://cadcat/histwxstns/CWOP/CWOP_D1159.zarr/
CWOP,CWOP_D1175,s3://cadcat/histwxstns/CWOP/CWOP_D1175.zarr/
CWOP,CWOP_D1177,s3://cadcat/histwxstns/CWOP/CWOP_D1177.zarr/
CWOP,CWOP_D1184,s3://cadcat/histwxstns/CWOP/CWOP_D1184.zarr/
CWOP,CWOP_D1185,s3://cadcat/histwxstns/CWOP/CWOP_D1185.zarr/
CWOP,CWOP_D1188,s3://cadcat/histwxstns/CWOP/CWOP_D1188.zarr/
CWOP,CWOP_D1194,s3://cadcat/histwxstns/CWOP/CWOP_D1194.zarr/
CWOP,CWOP_D1223,s3://cadcat/histwxstns/CWOP/CWOP_D1223.zarr/
CWOP,CWOP_D1230,s3://cadcat/histwxstns/CWOP/CWOP_D1230.zarr/
CWOP,CWOP_D1242,s3://cadcat/histwxstns/CWOP/CWOP_D1242.zarr/
CWOP,CWOP_D1243,s3://cadcat/histwxstns/CWOP/CWOP_D1243.zarr/
CWOP,CWOP_D1258,s3://cadcat/histwxstns/CWOP/CWOP_D1258.zarr/
CWOP,CWOP_D1261,s3://cadcat/histwxstns/CWOP/CWOP_D1261.zarr/
CWOP,CWOP_D1265,s3://cadcat/histwxstns/CWOP/CWOP_D1265.zarr/
CWOP,CWOP_D1269,s3://cadcat/histwxstns/CWOP/CWOP_D1269.zarr/
CWOP,CWOP_D1271,s3://cadcat/histwxstns/CWOP/CWOP_D1271.zarr/
CWOP,CWOP_D1297,s3://cadcat/histwxstns/CWOP/CWOP_D1297.zarr/
CWOP,CWOP_D1318,s3://cadcat/histwxstns/CWOP/CWOP_D1318.zarr/
CWOP,CWOP_D1321,s3://cadcat/histwxstns/CWOP/CWOP_D1321.zarr/
CWOP,CWOP_D1322,s3://cadcat/histwxstns/CWOP/CWOP_D1322.zarr/
CWOP,CWOP_D1323,s3://cadcat/histwxstns/CWOP/CWOP_D1323.zarr/
CWOP,CWOP_D1326,s3://cadcat/histwxstns/CWOP/CWOP_D1326.zarr/
CWOP,CWOP_D1336,s3://cadcat/histwxstns/CWOP/CWOP_D1336.zarr/
CWOP,CWOP_D1337,s3://cadcat/histwxstns/CWOP/CWOP_D1337.zarr/
CWOP,CWOP_D1347,s3://cadcat/histwxstns/CWOP/CWOP_D1347.zarr/
CWOP,CWOP_D1370,s3://cadcat/histwxstns/CWOP/CWOP_D1370.zarr/
CWOP,CWOP_D1372,s3://cadcat/histwxstns/CWOP/CWOP_D1372.zarr/
CWOP,CWOP_D1373,s3://cadcat/histwxstns/CWOP/CWOP_D1373.zarr/
CWOP,CWOP_D1379,s3://cadcat/histwxstns/CWOP/CWOP_D1379.zarr/
CWOP,CWOP_D1388,s3://cadcat/histwxstns/CWOP/CWOP_D1388.zarr/
CWOP,CWOP_D1397,s3://cadcat/histwxstns/CWOP/CWOP_D1397.zarr/
CWOP,CWOP_D1430,s3://cadcat/histwxstns/CWOP/CWOP_D1430.zarr/
CWOP,CWOP_D1431,s3://cadcat/histwxstns/CWOP/CWOP_D1431.zarr/
CWOP,CWOP_D1439,s3://cadcat/histwxstns/CWOP/CWOP_D1439.zarr/
CWOP,CWOP_D1448,s3://cadcat/histwxstns/CWOP/CWOP_D1448.zarr/
CWOP,CWOP_D1474,s3://cadcat/histwxstns/CWOP/CWOP_D1474.zarr/
CWOP,CWOP_D1481,s3://cadcat/histwxstns/CWOP/CWOP_D1481.zarr/
CWOP,CWOP_D1487,s3://cadcat/histwxstns/CWOP/CWOP_D1487.zarr/
CWOP,CWOP_D1489,s3://cadcat/histwxstns/CWOP/CWOP_D1489.zarr/
CWOP,CWOP_D1490,s3://cadcat/histwxstns/CWOP/CWOP_D1490.zarr/
CWOP,CWOP_D1499,s3://cadcat/histwxstns/CWOP/CWOP_D1499.zarr/
CWOP,CWOP_D1541,s3://cadcat/histwxstns/CWOP/CWOP_D1541.zarr/
CWOP,CWOP_D1554,s3://cadcat/histwxstns/CWOP/CWOP_D1554.zarr/
CWOP,CWOP_D1563,s3://cadcat/histwxstns/CWOP/CWOP_D1563.zarr/
CWOP,CWOP_D1564,s3://cadcat/histwxstns/CWOP/CWOP_D1564.zarr/
CWOP,CWOP_D1573,s3://cadcat/histwxstns/CWOP/CWOP_D1573.zarr/
CWOP,CWOP_D1579,s3://cadcat/histwxstns/CWOP/CWOP_D1579.zarr/
CWOP,CWOP_D1580,s3://cadcat/histwxstns/CWOP/CWOP_D1580.zarr/
CWOP,CWOP_D1584,s3://cadcat/histwxstns/CWOP/CWOP_D1584.zarr/
CWOP,CWOP_D1595,s3://cadcat/histwxstns/CWOP/CWOP_D1595.zarr/
CWOP,CWOP_D1596,s3://cadcat/histwxstns/CWOP/CWOP_D1596.zarr/
CWOP,CWOP_D1597,s3://cadcat/histwxstns/CWOP/CWOP_D1597.zarr/
CWOP,CWOP_D1602,s3://cadcat/histwxstns/CWOP/CWOP_D1602.zarr/
CWOP,CWOP_D1604,s3://cadcat/histwxstns/CWOP/CWOP_D1604.zarr/
CWOP,CWOP_D1612,s3://cadcat/histwxstns/CWOP/CWOP_D1612.zarr/
CWOP,CWOP_D1616,s3://cadcat/histwxstns/CWOP/CWOP_D1616.zarr/
CWOP,CWOP_D1622,s3://cadcat/histwxstns/CWOP/CWOP_D1622.zarr/
CWOP,CWOP_D1623,s3://cadcat/histwxstns/CWOP/CWOP_D1623.zarr/
CWOP,CWOP_D1628,s3://cadcat/histwxstns/CWOP/CWOP_D1628.zarr/
CWOP,CWOP_D1632,s3://cadcat/histwxstns/CWOP/CWOP_D1632.zarr/
CWOP,CWOP_D1634,s3://cadcat/histwxstns/CWOP/CWOP_D1634.zarr/
CWOP,CWOP_D1652,s3://cadcat/histwxstns/CWOP/CWOP_D1652.zarr/
CWOP,CWOP_D1654,s3://cadcat/histwxstns/CWOP/CWOP_D1654.zarr/
CWOP,CWOP_D1659,s3://cadcat/histwxstns/CWOP/CWOP_D1659.zarr/
CWOP,CWOP_D1660,s3://cadcat/histwxstns/CWOP/CWOP_D1660.zarr/
CWOP,CWOP_D1664,s3://cadcat/histwxstns/CWOP/CWOP_D1664.zarr/
CWOP,CWOP_D1669,s3://cadcat/histwxstns/CWOP/CWOP_D1669.zarr/
CWOP,CWOP_D1678,s3://cadcat/histwxstns/CWOP/CWOP_D1678.zarr/
CWOP,CWOP_D1685,s3://cadcat/histwxstns/CWOP/CWOP_D1685.zarr/
CWOP,CWOP_D1693,s3://cadcat/histwxstns/CWOP/CWOP_D1693.zarr/
CWOP,CWOP_D1695,s3://cadcat/histwxstns/CWOP/CWOP_D1695.zarr/
CWOP,CWOP_D1703,s3://cadcat/histwxstns/CWOP/CWOP_D1703.zarr/
CWOP,CWOP_D1714,s3://cadcat/histwxstns/CWOP/CWOP_D1714.zarr/
CWOP,CWOP_D1732,s3://cadcat/histwxstns/CWOP/CWOP_D1732.zarr/
CWOP,CWOP_D1735,s3://cadcat/histwxstns/CWOP/CWOP_D1735.zarr/
CWOP,CWOP_D1782,s3://cadcat/histwxstns/CWOP/CWOP_D1782.zarr/
CWOP,CWOP_D1787,s3://cadcat/histwxstns/CWOP/CWOP_D1787.zarr/
CWOP,CWOP_D1802,s3://cadcat/histwxstns/CWOP/CWOP_D1802.zarr/
CWOP,CWOP_D1809,s3://cadcat/histwxstns/CWOP/CWOP_D1809.zarr/
CWOP,CWOP_D1811,s3://cadcat/histwxstns/CWOP/CWOP_D1811.zarr/
CWOP,CWOP_D1820,s3://cadcat/histwxstns/CWOP/CWOP_D1820.zarr/
CWOP,CWOP_D1827,s3://cadcat/histwxstns/CWOP/CWOP_D1827.zarr/
CWOP,CWOP_D1830,s3://cadcat/histwxstns/CWOP/CWOP_D1830.zarr/
CWOP,CWOP_D1832,s3://cadcat/histwxstns/CWOP/CWOP_D1832.zarr/
CWOP,CWOP_D1841,s3://cadcat/histwxstns/CWOP/CWOP_D1841.zarr/
CWOP,CWOP_D1852,s3://cadcat/histwxstns/CWOP/CWOP_D1852.zarr/
CWOP,CWOP_D1858,s3://cadcat/histwxstns/CWOP/CWOP_D1858.zarr/
CWOP,CWOP_D1877,s3://cadcat/histwxstns/CWOP/CWOP_D1877.zarr/
CWOP,CWOP_D1879,s3://cadcat/histwxstns/CWOP/CWOP_D1879.zarr/
CWOP,CWOP_D1884,s3://cadcat/histwxstns/CWOP/CWOP_D1884.zarr/
CWOP,CWOP_D1888,s3://cadcat/histwxstns/CWOP/CWOP_D1888.zarr/
CWOP,CWOP_D1890,s3://cadcat/histwxstns/CWOP/CWOP_D1890.zarr/
CWOP,CWOP_D1895,s3://cadcat/histwxstns/CWOP/CWOP_D1895.zarr/
CWOP,CWOP_D1899,s3://cadcat/histwxstns/CWOP/CWOP_D1899.zarr/
CWOP,CWOP_D1903,s3://cadcat/histwxstns/CWOP/CWOP_D1903.zarr/
CWOP,CWOP_D1910,s3://cadcat/histwxstns/CWOP/CWOP_D1910.zarr/
CWOP,CWOP_D1915,s3://cadcat/histwxstns/CWOP/CWOP_D1915.zarr/
CWOP,CWOP_D1941,s3://cadcat/histwxstns/CWOP/CWOP_D1941.zarr/
CWOP,CWOP_D1946,s3://cadcat/histwxstns/CWOP/CWOP_D1946.zarr/
CWOP,CWOP_D1959,s3://cadcat/histwxstns/CWOP/CWOP_D1959.zarr/
CWOP,CWOP_D1967,s3://cadcat/histwxstns/CWOP/CWOP_D1967.zarr/
CWOP,CWOP_D1970,s3://cadcat/histwxstns/CWOP/CWOP_D1970.zarr/
CWOP,CWOP_D1978,s3://cadcat/histwxstns/CWOP/CWOP_D1978.zarr/
CWOP,CWOP_D1989,s3://cadcat/histwxstns/CWOP/CWOP_D1989.zarr/
CWOP,CWOP_D1992,s3://cadcat/histwxstns/CWOP/CWOP_D1992.zarr/
CWOP,CWOP_D2000,s3://cadcat/histwxstns/CWOP/CWOP_D2000.zarr/
CWOP,CWOP_D2003,s3://cadcat/histwxstns/CWOP/CWOP_D2003.zarr/
CWOP,CWOP_D2008,s3://cadcat/histwxstns/CWOP/CWOP_D2008.zarr/
CWOP,CWOP_D2032,s3://cadcat/histwxstns/CWOP/CWOP_D2032.zarr/
CWOP,CWOP_D2041,s3://cadcat/histwxstns/CWOP/CWOP_D2041.zarr/
CWOP,CWOP_D2050,s3://cadcat/histwxstns/CWOP/CWOP_D2050.zarr/
CWOP,CWOP_D2058,s3://cadcat/histwxstns/CWOP/CWOP_D2058.zarr/
CWOP,CWOP_D2059,s3://cadcat/histwxstns/CWOP/CWOP_D2059.zarr/
CWOP,CWOP_D2064,s3://cadcat/histwxstns/CWOP/CWOP_D2064.zarr/
CWOP,CWOP_D2069,s3://cadcat/histwxstns/CWOP/CWOP_D2069.zarr/
CWOP,CWOP_D2070,s3://cadcat/histwxstns/CWOP/CWOP_D2070.zarr/
CWOP,CWOP_D2082,s3://cadcat/histwxstns/CWOP/CWOP_D2082.zarr/
CWOP,CWOP_D2103,s3://cadcat/histwxstns/CWOP/CWOP_D2103.zarr/
CWOP,CWOP_D2112,s3://cadcat/histwxstns/CWOP/CWOP_D2112.zarr/
CWOP,CWOP_D2125,s3://cadcat/histwxstns/CWOP/CWOP_D2125.zarr/
CWOP,CWOP_D2126,s3://cadcat/histwxstns/CWOP/CWOP_D2126.zarr/
CWOP,CWOP_D2127,s3://cadcat/histwxstns/CWOP/CWOP_D2127.zarr/
CWOP,CWOP_D2128,s3://cadcat/histwxstns/CWOP/CWOP_D2128.zarr/
CWOP,CWOP_D2133,s3://cadcat/histwxstns/CWOP/CWOP_D2133.zarr/
CWOP,CWOP_D2134,s3://cadcat/histwxstns/CWOP/CWOP_D2134.zarr/
CWOP,CWOP_D2144,s3://cadcat/histwxstns/CWOP/CWOP_D2144.zarr/
CWOP,CWOP_D2161,s3://cadcat/histwxstns/CWOP/CWOP_D2161.zarr/
CWOP,CWOP_D2162,s3://cadcat/histwxstns/CWOP/CWOP_D2162.zarr/
CWOP,CWOP_D2163,s3://cadcat/histwxstns/CWOP/CWOP_D2163.zarr/
CWOP,CWOP_D2168,s3://cadcat/histwxstns/CWOP/CWOP_D2168.zarr/
CWOP,CWOP_D2170,s3://cadcat/histwxstns/CWOP/CWOP_D2170.zarr/
CWOP,CWOP_D2184,s3://cadcat/histwxstns/CWOP/CWOP_D2184.zarr/
CWOP,CWOP_D2196,s3://cadcat/histwxstns/CWOP/CWOP_D2196.zarr/
CWOP,CWOP_D2214,s3://cadcat/histwxstns/CWOP/CWOP_D2214.zarr/
CWOP,CWOP_D2219,s3://cadcat/histwxstns/CWOP/CWOP_D2219.zarr/
CWOP,CWOP_D2224,s3://cadcat/histwxstns/CWOP/CWOP_D2224.zarr/
CWOP,CWOP_D2232,s3://cadcat/histwxstns/CWOP/CWOP_D2232.zarr/
CWOP,CWOP_D2237,s3://cadcat/histwxstns/CWOP/CWOP_D2237.zarr/
CWOP,CWOP_D2245,s3://cadcat/histwxstns/CWOP/CWOP_D2245.zarr/
CWOP,CWOP_D2246,s3://cadcat/histwxstns/CWOP/CWOP_D2246.zarr/
CWOP,CWOP_D2249,s3://cadcat/histwxstns/CWOP/CWOP_D2249.zarr/
CWOP,CWOP_D2253,s3://cadcat/histwxstns/CWOP/CWOP_D2253.zarr/
CWOP,CWOP_D2254,s3://cadcat/histwxstns/CWOP/CWOP_D2254.zarr/
CWOP,CWOP_D2276,s3://cadcat/histwxstns/CWOP/CWOP_D2276.zarr/
CWOP,CWOP_D2278,s3://cadcat/histwxstns/CWOP/CWOP_D2278.zarr/
CWOP,CWOP_D2293,s3://cadcat/histwxstns/CWOP/CWOP_D2293.zarr/
CWOP,CWOP_D2298,s3://cadcat/histwxstns/CWOP/CWOP_D2298.zarr/
CWOP,CWOP_D2314,s3://cadcat/histwxstns/CWOP/CWOP_D2314.zarr/
CWOP,CWOP_D2319,s3://cadcat/histwxstns/CWOP/CWOP_D2319.zarr/
CWOP,CWOP_D2336,s3://cadcat/histwxstns/CWOP/CWOP_D2336.zarr/
CWOP,CWOP_D2338,s3://cadcat/histwxstns/CWOP/CWOP_D2338.zarr/
CWOP,CWOP_D2345,s3://cadcat/histwxstns/CWOP/CWOP_D2345.zarr/
CWOP,CWOP_D2356,s3://cadcat/histwxstns/CWOP/CWOP_D2356.zarr/
CWOP,CWOP_D2363,s3://cadcat/histwxstns/CWOP/CWOP_D2363.zarr/
CWOP,CWOP_D2365,s3://cadcat/histwxstns/CWOP/CWOP_D2365.zarr/
CWOP,CWOP_D2370,s3://cadcat/histwxstns/CWOP/CWOP_D2370.zarr/
CWOP,CWOP_D2381,s3://cadcat/histwxstns/CWOP/CWOP_D2381.zarr/
CWOP,CWOP_D2382,s3://cadcat/histwxstns/CWOP/CWOP_D2382.zarr/
CWOP,CWOP_D2386,s3://cadcat/histwxstns/CWOP/CWOP_D2386.zarr/
CWOP,CWOP_D2392,s3://cadcat/histwxstns/CWOP/CWOP_D2392.zarr/
CWOP,CWOP_D2393,s3://cadcat/histwxstns/CWOP/CWOP_D2393.zarr/
CWOP,CWOP_D2400,s3://cadcat/histwxstns/CWOP/CWOP_D2400.zarr/
CWOP,CWOP_D2403,s3://cadcat/histwxstns/CWOP/CWOP_D2403.zarr/
CWOP,CWOP_D2405,s3://cadcat/histwxstns/CWOP/CWOP_D2405.zarr/
CWOP,CWOP_D2408,s3://cadcat/histwxstns/CWOP/CWOP_D2408.zarr/
CWOP,CWOP_D2415,s3://cadcat/histwxstns/CWOP/CWOP_D2415.zarr/
CWOP,CWOP_D2425,s3://cadcat/histwxstns/CWOP/CWOP_D2425.zarr/
CWOP,CWOP_D2435,s3://cadcat/histwxstns/CWOP/CWOP_D2435.zarr/
CWOP,CWOP_D2448,s3://cadcat/histwxstns/CWOP/CWOP_D2448.zarr/
CWOP,CWOP_D2449,s3://cadcat/histwxstns/CWOP/CWOP_D2449.zarr/
CWOP,CWOP_D2453,s3://cadcat/histwxstns/CWOP/CWOP_D2453.zarr/
CWOP,CWOP_D2458,s3://cadcat/histwxstns/CWOP/CWOP_D2458.zarr/
CWOP,CWOP_D2459,s3://cadcat/histwxstns/CWOP/CWOP_D2459.zarr/
CWOP,CWOP_D2464,s3://cadcat/histwxstns/CWOP/CWOP_D2464.zarr/
CWOP,CWOP_D2468,s3://cadcat/histwxstns/CWOP/CWOP_D2468.zarr/
CWOP,CWOP_D2484,s3://cadcat/histwxstns/CWOP/CWOP_D2484.zarr/
CWOP,CWOP_D2490,s3://cadcat/histwxstns/CWOP/CWOP_D2490.zarr/
CWOP,CWOP_D2495,s3://cadcat/histwxstns/CWOP/CWOP_D2495.zarr/
CWOP,CWOP_D2505,s3://cadcat/histwxstns/CWOP/CWOP_D2505.zarr/
CWOP,CWOP_D2519,s3://cadcat/histwxstns/CWOP/CWOP_D2519.zarr/
CWOP,CWOP_D2539,s3://cadcat/histwxstns/CWOP/CWOP_D2539.zarr/
CWOP,CWOP_D2545,s3://cadcat/histwxstns/CWOP/CWOP_D2545.zarr/
CWOP,CWOP_D2553,s3://cadcat/histwxstns/CWOP/CWOP_D2553.zarr/
CWOP,CWOP_D2555,s3://cadcat/histwxstns/CWOP/CWOP_D2555.zarr/
CWOP,CWOP_D2584,s3://cadcat/histwxstns/CWOP/CWOP_D2584.zarr/
CWOP,CWOP_D2597,s3://cadcat/histwxstns/CWOP/CWOP_D2597.zarr/
CWOP,CWOP_D2607,s3://cadcat/histwxstns/CWOP/CWOP_D2607.zarr/
CWOP,CWOP_D2610,s3://cadcat/histwxstns/CWOP/CWOP_D2610.zarr/
CWOP,CWOP_D2621,s3://cadcat/histwxstns/CWOP/CWOP_D2621.zarr/
CWOP,CWOP_D2624,s3://cadcat/histwxstns/CWOP/CWOP_D2624.zarr/
CWOP,CWOP_D2629,s3://cadcat/histwxstns/CWOP/CWOP_D2629.zarr/
CWOP,CWOP_D2631,s3://cadcat/histwxstns/CWOP/CWOP_D2631.zarr/
CWOP,CWOP_D2634,s3://cadcat/histwxstns/CWOP/CWOP_D2634.zarr/
CWOP,CWOP_D2643,s3://cadcat/histwxstns/CWOP/CWOP_D2643.zarr/
CWOP,CWOP_D2648,s3://cadcat/histwxstns/CWOP/CWOP_D2648.zarr/
CWOP,CWOP_D2649,s3://cadcat/histwxstns/CWOP/CWOP_D2649.zarr/
CWOP,CWOP_D2657,s3://cadcat/histwxstns/CWOP/CWOP_D2657.zarr/
CWOP,CWOP_D2682,s3://cadcat/histwxstns/CWOP/CWOP_D2682.zarr/
CWOP,CWOP_D2689,s3://cadcat/histwxstns/CWOP/CWOP_D2689.zarr/
CWOP,CWOP_D2690,s3://cadcat/histwxstns/CWOP/CWOP_D2690.zarr/
CWOP,CWOP_D2695,s3://cadcat/histwxstns/CWOP/CWOP_D2695.zarr/
CWOP,CWOP_D2696,s3://cadcat/histwxstns/CWOP/CWOP_D2696.zarr/
CWOP,CWOP_D2716,s3://cadcat/histwxstns/CWOP/CWOP_D2716.zarr/
CWOP,CWOP_D2736,s3://cadcat/histwxstns/CWOP/CWOP_D2736.zarr/
CWOP,CWOP_D2739,s3://cadcat/histwxstns/CWOP/CWOP_D2739.zarr/
CWOP,CWOP_D2740,s3://cadcat/histwxstns/CWOP/CWOP_D2740.zarr/
CWOP,CWOP_D2751,s3://cadcat/histwxstns/CWOP/CWOP_D2751.zarr/
CWOP,CWOP_D2753,s3://cadcat/histwxstns/CWOP/CWOP_D2753.zarr/
CWOP,CWOP_D2755,s3://cadcat/histwxstns/CWOP/CWOP_D2755.zarr/
CWOP,CWOP_D2760,s3://cadcat/histwxstns/CWOP/CWOP_D2760.zarr/
CWOP,CWOP_D2761,s3://cadcat/histwxstns/CWOP/CWOP_D2761.zarr/
CWOP,CWOP_D2779,s3://cadcat/histwxstns/CWOP/CWOP_D2779.zarr/
CWOP,CWOP_D2784,s3://cadcat/histwxstns/CWOP/CWOP_D2784.zarr/
CWOP,CWOP_D2789,s3://cadcat/histwxstns/CWOP/CWOP_D2789.zarr/
CWOP,CWOP_D2800,s3://cadcat/histwxstns/CWOP/CWOP_D2800.zarr/
CWOP,CWOP_D2803,s3://cadcat/histwxstns/CWOP/CWOP_D2803.zarr/
CWOP,CWOP_D2809,s3://cadcat/histwxstns/CWOP/CWOP_D2809.zarr/
CWOP,CWOP_D2810,s3://cadcat/histwxstns/CWOP/CWOP_D2810.zarr/
CWOP,CWOP_D2814,s3://cadcat/histwxstns/CWOP/CWOP_D2814.zarr/
CWOP,CWOP_D2816,s3://cadcat/histwxstns/CWOP/CWOP_D2816.zarr/
CWOP,CWOP_D2826,s3://cadcat/histwxstns/CWOP/CWOP_D2826.zarr/
CWOP,CWOP_D2828,s3://cadcat/histwxstns/CWOP/CWOP_D2828.zarr/
CWOP,CWOP_D2840,s3://cadcat/histwxstns/CWOP/CWOP_D2840.zarr/
CWOP,CWOP_D2845,s3://cadcat/histwxstns/CWOP/CWOP_D2845.zarr/
CWOP,CWOP_D2849,s3://cadcat/histwxstns/CWOP/CWOP_D2849.zarr/
CWOP,CWOP_D2868,s3://cadcat/histwxstns/CWOP/CWOP_D2868.zarr/
CWOP,CWOP_D2888,s3://cadcat/histwxstns/CWOP/CWOP_D2888.zarr/
CWOP,CWOP_D2889,s3://cadcat/histwxstns/CWOP/CWOP_D2889.zarr/
CWOP,CWOP_D2891,s3://cadcat/histwxstns/CWOP/CWOP_D2891.zarr/
CWOP,CWOP_D2910,s3://cadcat/histwxstns/CWOP/CWOP_D2910.zarr/
CWOP,CWOP_D2912,s3://cadcat/histwxstns/CWOP/CWOP_D2912.zarr/
CWOP,CWOP_D2923,s3://cadcat/histwxstns/CWOP/CWOP_D2923.zarr/
CWOP,CWOP_D2932,s3://cadcat/histwxstns/CWOP/CWOP_D2932.zarr/
CWOP,CWOP_D2934,s3://cadcat/histwxstns/CWOP/CWOP_D2934.zarr/
CWOP,CWOP_D2957,s3://cadcat/histwxstns/CWOP/CWOP_D2957.zarr/
CWOP,CWOP_D2967,s3://cadcat/histwxstns/CWOP/CWOP_D2967.zarr/
CWOP,CWOP_D2971,s3://cadcat/histwxstns/CWOP/CWOP_D2971.zarr/
CWOP,CWOP_D2976,s3://cadcat/histwxstns/CWOP/CWOP_D2976.zarr/
CWOP,CWOP_D2978,s3://cadcat/histwxstns/CWOP/CWOP_D2978.zarr/
CWOP,CWOP_D2989,s3://cadcat/histwxstns/CWOP/CWOP_D2989.zarr/
CWOP,CWOP_D2994,s3://cadcat/histwxstns/CWOP/CWOP_D2994.zarr/
CWOP,CWOP_D3008,s3://cadcat/histwxstns/CWOP/CWOP_D3008.zarr/
CWOP,CWOP_D3019,s3://cadcat/histwxstns/CWOP/CWOP_D3019.zarr/
CWOP,CWOP_D3025,s3://cadcat/histwxstns/CWOP/CWOP_D3025.zarr/
CWOP,CWOP_D3044,s3://cadcat/histwxstns/CWOP/CWOP_D3044.zarr/
CWOP,CWOP_D3049,s3://cadcat/histwxstns/CWOP/CWOP_D3049.zarr/
CWOP,CWOP_D3053,s3://cadcat/histwxstns/CWOP/CWOP_D3053.zarr/
CWOP,CWOP_D3057,s3://cadcat/histwxstns/CWOP/CWOP_D3057.zarr/
CWOP,CWOP_D3059,s3://cadcat/histwxstns/CWOP/CWOP_D3059.zarr/
CWOP,CWOP_D3073,s3://cadcat/histwxstns/CWOP/CWOP_D3073.zarr/
CWOP,CWOP_D3075,s3://cadcat/histwxstns/CWOP/CWOP_D3075.zarr/
CWOP,CWOP_D3081,s3://cadcat/histwxstns/CWOP/CWOP_D3081.zarr/
CWOP,CWOP_D3083,s3://cadcat/histwxstns/CWOP/CWOP_D3083.zarr/
CWOP,CWOP_D3084,s3://cadcat/histwxstns/CWOP/CWOP_D3084.zarr/
CWOP,CWOP_D3091,s3://cadcat/histwxstns/CWOP/CWOP_D3091.zarr/
CWOP,CWOP_D3104,s3://cadcat/histwxstns/CWOP/CWOP_D3104.zarr/
CWOP,CWOP_D3115,s3://cadcat/histwxstns/CWOP/CWOP_D3115.zarr/
CWOP,CWOP_D3135,s3://cadcat/histwxstns/CWOP/CWOP_D3135.zarr/
CWOP,CWOP_D3138,s3://cadcat/histwxstns/CWOP/CWOP_D3138.zarr/
CWOP,CWOP_D3140,s3://cadcat/histwxstns/CWOP/CWOP_D3140.zarr/
CWOP,CWOP_D3145,s3://cadcat/histwxstns/CWOP/CWOP_D3145.zarr/
CWOP,CWOP_D3147,s3://cadcat/histwxstns/CWOP/CWOP_D3147.zarr/
CWOP,CWOP_D3150,s3://cadcat/histwxstns/CWOP/CWOP_D3150.zarr/
CWOP,CWOP_D3153,s3://cadcat/histwxstns/CWOP/CWOP_D3153.zarr/
CWOP,CWOP_D3160,s3://cadcat/histwxstns/CWOP/CWOP_D3160.zarr/
CWOP,CWOP_D3169,s3://cadcat/histwxstns/CWOP/CWOP_D3169.zarr/
CWOP,CWOP_D3170,s3://cadcat/histwxstns/CWOP/CWOP_D3170.zarr/
CWOP,CWOP_D3172,s3://cadcat/histwxstns/CWOP/CWOP_D3172.zarr/
CWOP,CWOP_D3193,s3://cadcat/histwxstns/CWOP/CWOP_D3193.zarr/
CWOP,CWOP_D3200,s3://cadcat/histwxstns/CWOP/CWOP_D3200.zarr/
CWOP,CWOP_D3209,s3://cadcat/histwxstns/CWOP/CWOP_D3209.zarr/
CWOP,CWOP_D3219,s3://cadcat/histwxstns/CWOP/CWOP_D3219.zarr/
CWOP,CWOP_D3226,s3://cadcat/histwxstns/CWOP/CWOP_D3226.zarr/
CWOP,CWOP_D3230,s3://cadcat/histwxstns/CWOP/CWOP_D3230.zarr/
CWOP,CWOP_D3244,s3://cadcat/histwxstns/CWOP/CWOP_D3244.zarr/
CWOP,CWOP_D3250,s3://cadcat/histwxstns/CWOP/CWOP_D3250.zarr/
CWOP,CWOP_D3266,s3://cadcat/histwxstns/CWOP/CWOP_D3266.zarr/
CWOP,CWOP_D3271,s3://cadcat/histwxstns/CWOP/CWOP_D3271.zarr/
CWOP,CWOP_D3277,s3://cadcat/histwxstns/CWOP/CWOP_D3277.zarr/
CWOP,CWOP_D3291,s3://cadcat/histwxstns/CWOP/CWOP_D3291.zarr/
CWOP,CWOP_D3297,s3://cadcat/histwxstns/CWOP/CWOP_D3297.zarr/
CWOP,CWOP_D3334,s3://cadcat/histwxstns/CWOP/CWOP_D3334.zarr/
CWOP,CWOP_D3336,s3://cadcat/histwxstns/CWOP/CWOP_D3336.zarr/
CWOP,CWOP_D3345,s3://cadcat/histwxstns/CWOP/CWOP_D3345.zarr/
CWOP,CWOP_D3348,s3://cadcat/histwxstns/CWOP/CWOP_D3348.zarr/
CWOP,CWOP_D3364,s3://cadcat/histwxstns/CWOP/CWOP_D3364.zarr/
CWOP,CWOP_D3367,s3://cadcat/histwxstns/CWOP/CWOP_D3367.zarr/
CWOP,CWOP_D3373,s3://cadcat/histwxstns/CWOP/CWOP_D3373.zarr/
CWOP,CWOP_D3375,s3://cadcat/histwxstns/CWOP/CWOP_D3375.zarr/
CWOP,CWOP_D3387,s3://cadcat/histwxstns/CWOP/CWOP_D3387.zarr/
CWOP,CWOP_D3394,s3://cadcat/histwxstns/CWOP/CWOP_D3394.zarr/
CWOP,CWOP_D3399,s3://cadcat/histwxstns/CWOP/CWOP_D3399.zarr/
CWOP,CWOP_D3413,s3://cadcat/histwxstns/CWOP/CWOP_D3413.zarr/
CWOP,CWOP_D3422,s3://cadcat/histwxstns/CWOP/CWOP_D3422.zarr/
CWOP,CWOP_D3442,s3://cadcat/histwxstns/CWOP/CWOP_D3442.zarr/
CWOP,CWOP_D3449,s3://cadcat/histwxstns/CWOP/CWOP_D3449.zarr/
CWOP,CWOP_D3455,s3://cadcat/histwxstns/CWOP/CWOP_D3455.zarr/
CWOP,CWOP_D3469,s3://cadcat/histwxstns/CWOP/CWOP_D3469.zarr/
CWOP,CWOP_D3472,s3://cadcat/histwxstns/CWOP/CWOP_D3472.zarr/
CWOP,CWOP_D3480,s3://cadcat/histwxstns/CWOP/CWOP_D3480.zarr/
CWOP,CWOP_D3489,s3://cadcat/histwxstns/CWOP/CWOP_D3489.zarr/
CWOP,CWOP_D3492,s3://cadcat/histwxstns/CWOP/CWOP_D3492.zarr/
CWOP,CWOP_D3498,s3://cadcat/histwxstns/CWOP/CWOP_D3498.zarr/
CWOP,CWOP_D3516,s3://cadcat/histwxstns/CWOP/CWOP_D3516.zarr/
CWOP,CWOP_D3522,s3://cadcat/histwxstns/CWOP/CWOP_D3522.zarr/
CWOP,CWOP_D3525,s3://cadcat/histwxstns/CWOP/CWOP_D3525.zarr/
CWOP,CWOP_D3529,s3://cadcat/histwxstns/CWOP/CWOP_D3529.zarr/
CWOP,CWOP_D3535,s3://cadcat/histwxstns/CWOP/CWOP_D3535.zarr/
CWOP,CWOP_D3536,s3://cadcat/histwxstns/CWOP/CWOP_D3536.zarr/
CWOP,CWOP_D3546,s3://cadcat/histwxstns/CWOP/CWOP_D3546.zarr/
CWOP,CWOP_D3555,s3://cadcat/histwxstns/CWOP/CWOP_D3555.zarr/
CWOP,CWOP_D3557,s3://cadcat/histwxstns/CWOP/CWOP_D3557.zarr/
CWOP,CWOP_D3558,s3://cadcat/histwxstns/CWOP/CWOP_D3558.zarr/
CWOP,CWOP_D3560,s3://cadcat/histwxstns/CWOP/CWOP_D3560.zarr/
CWOP,CWOP_D3561,s3://cadcat/histwxstns/CWOP/CWOP_D3561.zarr/
CWOP,CWOP_D3562,s3://cadcat/histwxstns/CWOP/CWOP_D3562.zarr/
CWOP,CWOP_D3573,s3://cadcat/histwxstns/CWOP/CWOP_D3573.zarr/
CWOP,CWOP_D3583,s3://cadcat/histwxstns/CWOP/CWOP_D3583.zarr/
CWOP,CWOP_D3584,s3://cadcat/histwxstns/CWOP/CWOP_D3584.zarr/
CWOP,CWOP_D3588,s3://cadcat/histwxstns/CWOP/CWOP_D3588.zarr/
CWOP,CWOP_D3590,s3://cadcat/histwxstns/CWOP/CWOP_D3590.zarr/
CWOP,CWOP_D3601,s3://cadcat/histwxstns/CWOP/CWOP_D3601.zarr/
CWOP,CWOP_D3603,s3://cadcat/histwxstns/CWOP/CWOP_D3603.zarr/
CWOP,CWOP_D3605,s3://cadcat/histwxstns/CWOP/CWOP_D3605.zarr/
CWOP,CWOP_D3618,s3://cadcat/histwxstns/CWOP/CWOP_D3618.zarr/
CWOP,CWOP_D3621,s3://cadcat/histwxstns/CWOP/CWOP_D3621.zarr/
CWOP,CWOP_D3624,s3://cadcat/histwxstns/CWOP/CWOP_D3624.zarr/
CWOP,CWOP_D3625,s3://cadcat/histwxstns/CWOP/CWOP_D3625.zarr/
CWOP,CWOP_D3627,s3://cadcat/histwxstns/CWOP/CWOP_D3627.zarr/
CWOP,CWOP_D3632,s3://cadcat/histwxstns/CWOP/CWOP_D3632.zarr/
CWOP,CWOP_D3640,s3://cadcat/histwxstns/CWOP/CWOP_D3640.zarr/
CWOP,CWOP_D3661,s3://cadcat/histwxstns/CWOP/CWOP_D3661.zarr/
CWOP,CWOP_D3664,s3://cadcat/histwxstns/CWOP/CWOP_D3664.zarr/
CWOP,CWOP_D3666,s3://cadcat/histwxstns/CWOP/CWOP_D3666.zarr/
CWOP,CWOP_D3670,s3://cadcat/histwxstns/CWOP/CWOP_D3670.zarr/
CWOP,CWOP_D3672,s3://cadcat/histwxstns/CWOP/CWOP_D3672.zarr/
CWOP,CWOP_D3675,s3://cadcat/histwxstns/CWOP/CWOP_D3675.zarr/
CWOP,CWOP_D3684,s3://cadcat/histwxstns/CWOP/CWOP_D3684.zarr/
CWOP,CWOP_D3685,s3://cadcat/histwxstns/CWOP/CWOP_D3685.zarr/
CWOP,CWOP_D3693,s3://cadcat/histwxstns/CWOP/CWOP_D3693.zarr/
CWOP,CWOP_D3697,s3://cadcat/histwxstns/CWOP/CWOP_D3697.zarr/
CWOP,CWOP_D3702,s3://cadcat/histwxstns/CWOP/CWOP_D3702.zarr/
CWOP,CWOP_D3707,s3://cadcat/histwxstns/CWOP/CWOP_D3707.zarr/
CWOP,CWOP_D3711,s3://cadcat/histwxstns/CWOP/CWOP_D3711.zarr/
CWOP,CWOP_D3721,s3://cadcat/histwxstns/CWOP/CWOP_D3721.zarr/
CWOP,CWOP_D3723,s3://cadcat/histwxstns/CWOP/CWOP_D3723.zarr/
CWOP,CWOP_D3731,s3://cadcat/histwxstns/CWOP/CWOP_D3731.zarr/
CWOP,CWOP_D3746,s3://cadcat/histwxstns/CWOP/CWOP_D3746.zarr/
CWOP,CWOP_D3751,s3://cadcat/histwxstns/CWOP/CWOP_D3751.zarr/
CWOP,CWOP_D3757,s3://cadcat/histwxstns/CWOP/CWOP_D3757.zarr/
CWOP,CWOP_D3762,s3://cadcat/histwxstns/CWOP/CWOP_D3762.zarr/
CWOP,CWOP_D3780,s3://cadcat/histwxstns/CWOP/CWOP_D3780.zarr/
CWOP,CWOP_D3789,s3://cadcat/histwxstns/CWOP/CWOP_D3789.zarr/
CWOP,CWOP_D3793,s3://cadcat/histwxstns/CWOP/CWOP_D3793.zarr/
CWOP,CWOP_D3794,s3://cadcat/histwxstns/CWOP/CWOP_D3794.zarr/
CWOP,CWOP_D3801,s3://cadcat/histwxstns/CWOP/CWOP_D3801.zarr/
CWOP,CWOP_D3809,s3://cadcat/histwxstns/CWOP/CWOP_D3809.zarr/
CWOP,CWOP_D3810,s3://cadcat/histwxstns/CWOP/CWOP_D3810.zarr/
CWOP,CWOP_D3821,s3://cadcat/histwxstns/CWOP/CWOP_D3821.zarr/
CWOP,CWOP_D3822,s3://cadcat/histwxstns/CWOP/CWOP_D3822.zarr/
CWOP,CWOP_D3827,s3://cadcat/histwxstns/CWOP/CWOP_D3827.zarr/
CWOP,CWOP_D3835,s3://cadcat/histwxstns/CWOP/CWOP_D3835.zarr/
CWOP,CWOP_D3838,s3://cadcat/histwxstns/CWOP/CWOP_D3838.zarr/
CWOP,CWOP_D3842,s3://cadcat/histwxstns/CWOP/CWOP_D3842.zarr/
CWOP,CWOP_D3845,s3://cadcat/histwxstns/CWOP/CWOP_D3845.zarr/
CWOP,CWOP_D3849,s3://cadcat/histwxstns/CWOP/CWOP_D3849.zarr/
CWOP,CWOP_D3850,s3://cadcat/histwxstns/CWOP/CWOP_D3850.zarr/
CWOP,CWOP_D3855,s3://cadcat/histwxstns/CWOP/CWOP_D3855.zarr/
CWOP,CWOP_D3865,s3://cadcat/histwxstns/CWOP/CWOP_D3865.zarr/
CWOP,CWOP_D3870,s3://cadcat/histwxstns/CWOP/CWOP_D3870.zarr/
CWOP,CWOP_D3884,s3://cadcat/histwxstns/CWOP/CWOP_D3884.zarr/
CWOP,CWOP_D3889,s3://cadcat/histwxstns/CWOP/CWOP_D3889.zarr/
CWOP,CWOP_D3891,s3://cadcat/histwxstns/CWOP/CWOP_D3891.zarr/
CWOP,CWOP_D3913,s3://cadcat/histwxstns/CWOP/CWOP_D3913.zarr/
CWOP,CWOP_D3917,s3://cadcat/histwxstns/CWOP/CWOP_D3917.zarr/
CWOP,CWOP_D3933,s3://cadcat/histwxstns/CWOP/CWOP_D3933.zarr/
CWOP,CWOP_D3960,s3://cadcat/histwxstns/CWOP/CWOP_D3960.zarr/
CWOP,CWOP_D3976,s3://cadcat/histwxstns/CWOP/CWOP_D3976.zarr/
CWOP,CWOP_D3979,s3://cadcat/histwxstns/CWOP/CWOP_D3979.zarr/
CWOP,CWOP_D3981,s3://cadcat/histwxstns/CWOP/CWOP_D3981.zarr/
CWOP,CWOP_D3984,s3://cadcat/histwxstns/CWOP/CWOP_D3984.zarr/
CWOP,CWOP_D3996,s3://cadcat/histwxstns/CWOP/CWOP_D3996.zarr/
CWOP,CWOP_D4000,s3://cadcat/histwxstns/CWOP/CWOP_D4000.zarr/
CWOP,CWOP_D4008,s3://cadcat/histwxstns/CWOP/CWOP_D4008.zarr/
CWOP,CWOP_D4011,s3://cadcat/histwxstns/CWOP/CWOP_D4011.zarr/
CWOP,CWOP_D4026,s3://cadcat/histwxstns/CWOP/CWOP_D4026.zarr/
CWOP,CWOP_D4040,s3://cadcat/histwxstns/CWOP/CWOP_D4040.zarr/
CWOP,CWOP_D4060,s3://cadcat/histwxstns/CWOP/CWOP_D4060.zarr/
CWOP,CWOP_D4064,s3://cadcat/histwxstns/CWOP/CWOP_D4064.zarr/
CWOP,CWOP_D4069,s3://cadcat/histwxstns/CWOP/CWOP_D4069.zarr/
CWOP,CWOP_D4075,s3://cadcat/histwxstns/CWOP/CWOP_D4075.zarr/
CWOP,CWOP_D4091,s3://cadcat/histwxstns/CWOP/CWOP_D4091.zarr/
CWOP,CWOP_D4110,s3://cadcat/histwxstns/CWOP/CWOP_D4110.zarr/
CWOP,CWOP_D4114,s3://cadcat/histwxstns/CWOP/CWOP_D4114.zarr/
CWOP,CWOP_D4118,s3://cadcat/histwxstns/CWOP/CWOP_D4118.zarr/
CWOP,CWOP_D4122,s3://cadcat/histwxstns/CWOP/CWOP_D4122.zarr/
CWOP,CWOP_D4124,s3://cadcat/histwxstns/CWOP/CWOP_D4124.zarr/
CWOP,CWOP_D4130,s3://cadcat/histwxstns/CWOP/CWOP_D4130.zarr/
CWOP,CWOP_D4132,s3://cadcat/histwxstns/CWOP/CWOP_D4132.zarr/
CWOP,CWOP_D4134,s3://cadcat/histwxstns/CWOP/CWOP_D4134.zarr/
CWOP,CWOP_D4140,s3://cadcat/histwxstns/CWOP/CWOP_D4140.zarr/
CWOP,CWOP_D4146,s3://cadcat/histwxstns/CWOP/CWOP_D4146.zarr/
CWOP,CWOP_D4147,s3://cadcat/histwxstns/CWOP/CWOP_D4147.zarr/
CWOP,CWOP_D4148,s3://cadcat/histwxstns/CWOP/CWOP_D4148.zarr/
CWOP,CWOP_D4156,s3://cadcat/histwxstns/CWOP/CWOP_D4156.zarr/
CWOP,CWOP_D4161,s3://cadcat/histwxstns/CWOP/CWOP_D4161.zarr/
CWOP,CWOP_D4174,s3://cadcat/histwxstns/CWOP/CWOP_D4174.zarr/
CWOP,CWOP_D4176,s3://cadcat/histwxstns/CWOP/CWOP_D4176.zarr/
CWOP,CWOP_D4182,s3://cadcat/histwxstns/CWOP/CWOP_D4182.zarr/
CWOP,CWOP_D4189,s3://cadcat/histwxstns/CWOP/CWOP_D4189.zarr/
CWOP,CWOP_D4193,s3://cadcat/histwxstns/CWOP/CWOP_D4193.zarr/
CWOP,CWOP_D4201,s3://cadcat/histwxstns/CWOP/CWOP_D4201.zarr/
CWOP,CWOP_D4207,s3://cadcat/histwxstns/CWOP/CWOP_D4207.zarr/
CWOP,CWOP_D4209,s3://cadcat/histwxstns/CWOP/CWOP_D4209.zarr/
CWOP,CWOP_D4217,s3://cadcat/histwxstns/CWOP/CWOP_D4217.zarr/
CWOP,CWOP_D4219,s3://cadcat/histwxstns/CWOP/CWOP_D4219.zarr/
CWOP,CWOP_D4220,s3://cadcat/histwxstns/CWOP/CWOP_D4220.zarr/
CWOP,CWOP_D4232,s3://cadcat/histwxstns/CWOP/CWOP_D4232.zarr/
CWOP,CWOP_D4244,s3://cadcat/histwxstns/CWOP/CWOP_D4244.zarr/
CWOP,CWOP_D4246,s3://cadcat/histwxstns/CWOP/CWOP_D4246.zarr/
CWOP,CWOP_D4249,s3://cadcat/histwxstns/CWOP/CWOP_D4249.zarr/
CWOP,CWOP_D4254,s3://cadcat/histwxstns/CWOP/CWOP_D4254.zarr/
CWOP,CWOP_D4275,s3://cadcat/histwxstns/CWOP/CWOP_D4275.zarr/
CWOP,CWOP_D4280,s3://cadcat/histwxstns/CWOP/CWOP_D4280.zarr/
CWOP,CWOP_D4287,s3://cadcat/histwxstns/CWOP/CWOP_D4287.zarr/
CWOP,CWOP_D4293,s3://cadcat/histwxstns/CWOP/CWOP_D4293.zarr/
CWOP,CWOP_D4297,s3://cadcat/histwxstns/CWOP/CWOP_D4297.zarr/
CWOP,CWOP_D4312,s3://cadcat/histwxstns/CWOP/CWOP_D4312.zarr/
CWOP,CWOP_D4314,s3://cadcat/histwxstns/CWOP/CWOP_D4314.zarr/
CWOP,CWOP_D4315,s3://cadcat/histwxstns/CWOP/CWOP_D4315.zarr/
CWOP,CWOP_D4317,s3://cadcat/histwxstns/CWOP/CWOP_D4317.zarr/
CWOP,CWOP_D4322,s3://cadcat/histwxstns/CWOP/CWOP_D4322.zarr/
CWOP,CWOP_D4325,s3://cadcat/histwxstns/CWOP/CWOP_D4325.zarr/
CWOP,CWOP_D4331,s3://cadcat/histwxstns/CWOP/CWOP_D4331.zarr/
CWOP,CWOP_D4342,s3://cadcat/histwxstns/CWOP/CWOP_D4342.zarr/
CWOP,CWOP_D4346,s3://cadcat/histwxstns/CWOP/CWOP_D4346.zarr/
CWOP,CWOP_D4347,s3://cadcat/histwxstns/CWOP/CWOP_D4347.zarr/
CWOP,CWOP_D4348,s3://cadcat/histwxstns/CWOP/CWOP_D4348.zarr/
CWOP,CWOP_D4349,s3://cadcat/histwxstns/CWOP/CWOP_D4349.zarr/
CWOP,CWOP_D4353,s3://cadcat/histwxstns/CWOP/CWOP_D4353.zarr/
CWOP,CWOP_D4355,s3://cadcat/histwxstns/CWOP/CWOP_D4355.zarr/
CWOP,CWOP_D4359,s3://cadcat/histwxstns/CWOP/CWOP_D4359.zarr/
CWOP,CWOP_D4360,s3://cadcat/histwxstns/CWOP/CWOP_D4360.zarr/
CWOP,CWOP_D4365,s3://cadcat/histwxstns/CWOP/CWOP_D4365.zarr/
CWOP,CWOP_D4366,s3://cadcat/histwxstns/CWOP/CWOP_D4366.zarr/
CWOP,CWOP_D4368,s3://cadcat/histwxstns/CWOP/CWOP_D4368.zarr/
CWOP,CWOP_D4390,s3://cadcat/histwxstns/CWOP/CWOP_D4390.zarr/
CWOP,CWOP_D4394,s3://cadcat/histwxstns/CWOP/CWOP_D4394.zarr/
CWOP,CWOP_D4405,s3://cadcat/histwxstns/CWOP/CWOP_D4405.zarr/
CWOP,CWOP_D4408,s3://cadcat/histwxstns/CWOP/CWOP_D4408.zarr/
CWOP,CWOP_D4412,s3://cadcat/histwxstns/CWOP/CWOP_D4412.zarr/
CWOP,CWOP_D4414,s3://cadcat/histwxstns/CWOP/CWOP_D4414.zarr/
CWOP,CWOP_D4415,s3://cadcat/histwxstns/CWOP/CWOP_D4415.zarr/
CWOP,CWOP_D4420,s3://cadcat/histwxstns/CWOP/CWOP_D4420.zarr/
CWOP,CWOP_D4426,s3://cadcat/histwxstns/CWOP/CWOP_D4426.zarr/
CWOP,CWOP_D4430,s3://cadcat/histwxstns/CWOP/CWOP_D4430.zarr/
CWOP,CWOP_D4438,s3://cadcat/histwxstns/CWOP/CWOP_D4438.zarr/
CWOP,CWOP_D4442,s3://cadcat/histwxstns/CWOP/CWOP_D4442.zarr/
CWOP,CWOP_D4448,s3://cadcat/histwxstns/CWOP/CWOP_D4448.zarr/
CWOP,CWOP_D4452,s3://cadcat/histwxstns/CWOP/CWOP_D4452.zarr/
CWOP,CWOP_D4453,s3://cadcat/histwxstns/CWOP/CWOP_D4453.zarr/
CWOP,CWOP_D4456,s3://cadcat/histwxstns/CWOP/CWOP_D4456.zarr/
CWOP,CWOP_D4460,s3://cadcat/histwxstns/CWOP/CWOP_D4460.zarr/
CWOP,CWOP_D4464,s3://cadcat/histwxstns/CWOP/CWOP_D4464.zarr/
CWOP,CWOP_D4465,s3://cadcat/histwxstns/CWOP/CWOP_D4465.zarr/
CWOP,CWOP_D4471,s3://cadcat/histwxstns/CWOP/CWOP_D4471.zarr/
CWOP,CWOP_D4486,s3://cadcat/histwxstns/CWOP/CWOP_D4486.zarr/
CWOP,CWOP_D4490,s3://cadcat/histwxstns/CWOP/CWOP_D4490.zarr/
CWOP,CWOP_D4492,s3://cadcat/histwxstns/CWOP/CWOP_D4492.zarr/
CWOP,CWOP_D4493,s3://cadcat/histwxstns/CWOP/CWOP_D4493.zarr/
CWOP,CWOP_D4498,s3://cadcat/histwxstns/CWOP/CWOP_D4498.zarr/
CWOP,CWOP_D4501,s3://cadcat/histwxstns/CWOP/CWOP_D4501.zarr/
CWOP,CWOP_D4515,s3://cadcat/histwxstns/CWOP/CWOP_D4515.zarr/
CWOP,CWOP_D4522,s3://cadcat/histwxstns/CWOP/CWOP_D4522.zarr/
CWOP,CWOP_D4524,s3://cadcat/histwxstns/CWOP/CWOP_D4524.zarr/
CWOP,CWOP_D4531,s3://cadcat/histwxstns/CWOP/CWOP_D4531.zarr/
CWOP,CWOP_D4535,s3://cadcat/histwxstns/CWOP/CWOP_D4535.zarr/
CWOP,CWOP_D4543,s3://cadcat/histwxstns/CWOP/CWOP_D4543.zarr/
CWOP,CWOP_D4550,s3://cadcat/histwxstns/CWOP/CWOP_D4550.zarr/
CWOP,CWOP_D4592,s3://cadcat/histwxstns/CWOP/CWOP_D4592.zarr/
CWOP,CWOP_D4623,s3://cadcat/histwxstns/CWOP/CWOP_D4623.zarr/
CWOP,CWOP_D4624,s3://cadcat/histwxstns/CWOP/CWOP_D4624.zarr/
CWOP,CWOP_D4626,s3://cadcat/histwxstns/CWOP/CWOP_D4626.zarr/
CWOP,CWOP_D4632,s3://cadcat/histwxstns/CWOP/CWOP_D4632.zarr/
CWOP,CWOP_D4637,s3://cadcat/histwxstns/CWOP/CWOP_D4637.zarr/
CWOP,CWOP_D4647,s3://cadcat/histwxstns/CWOP/CWOP_D4647.zarr/
CWOP,CWOP_D4650,s3://cadcat/histwxstns/CWOP/CWOP_D4650.zarr/
CWOP,CWOP_D4652,s3://cadcat/histwxstns/CWOP/CWOP_D4652.zarr/
CWOP,CWOP_D4656,s3://cadcat/histwxstns/CWOP/CWOP_D4656.zarr/
CWOP,CWOP_D4664,s3://cadcat/histwxstns/CWOP/CWOP_D4664.zarr/
CWOP,CWOP_D4674,s3://cadcat/histwxstns/CWOP/CWOP_D4674.zarr/
CWOP,CWOP_D4679,s3://cadcat/histwxstns/CWOP/CWOP_D4679.zarr/
CWOP,CWOP_D4680,s3://cadcat/histwxstns/CWOP/CWOP_D4680.zarr/
CWOP,CWOP_D4686,s3://cadcat/histwxstns/CWOP/CWOP_D4686.zarr/
CWOP,CWOP_D4688,s3://cadcat/histwxstns/CWOP/CWOP_D4688.zarr/
CWOP,CWOP_D4689,s3://cadcat/histwxstns/CWOP/CWOP_D4689.zarr/
CWOP,CWOP_D4695,s3://cadcat/histwxstns/CWOP/CWOP_D4695.zarr/
CWOP,CWOP_D4698,s3://cadcat/histwxstns/CWOP/CWOP_D4698.zarr/
CWOP,CWOP_D4702,s3://cadcat/histwxstns/CWOP/CWOP_D4702.zarr/
CWOP,CWOP_D4729,s3://cadcat/histwxstns/CWOP/CWOP_D4729.zarr/
CWOP,CWOP_D4735,s3://cadcat/histwxstns/CWOP/CWOP_D4735.zarr/
CWOP,CWOP_D4737,s3://cadcat/histwxstns/CWOP/CWOP_D4737.zarr/
CWOP,CWOP_D4738,s3://cadcat/histwxstns/CWOP/CWOP_D4738.zarr/
CWOP,CWOP_D4740,s3://cadcat/histwxstns/CWOP/CWOP_D4740.zarr/
CWOP,CWOP_D4742,s3://cadcat/histwxstns/CWOP/CWOP_D4742.zarr/
CWOP,CWOP_D4764,s3://cadcat/histwxstns/CWOP/CWOP_D4764.zarr/
CWOP,CWOP_D4765,s3://cadcat/histwxstns/CWOP/CWOP_D4765.zarr/
CWOP,CWOP_D4776,s3://cadcat/histwxstns/CWOP/CWOP_D4776.zarr/
CWOP,CWOP_D4779,s3://cadcat/histwxstns/CWOP/CWOP_D4779.zarr/
CWOP,CWOP_D4784,s3://cadcat/histwxstns/CWOP/CWOP_D4784.zarr/
CWOP,CWOP_D4786,s3://cadcat/histwxstns/CWOP/CWOP_D4786.zarr/
CWOP,CWOP_D4790,s3://cadcat/histwxstns/CWOP/CWOP_D4790.zarr/
CWOP,CWOP_D4791,s3://cadcat/histwxstns/CWOP/CWOP_D4791.zarr/
CWOP,CWOP_D4798,s3://cadcat/histwxstns/CWOP/CWOP_D4798.zarr/
CWOP,CWOP_D4800,s3://cadcat/histwxstns/CWOP/CWOP_D4800.zarr/
CWOP,CWOP_D4803,s3://cadcat/histwxstns/CWOP/CWOP_D4803.zarr/
CWOP,CWOP_D4804,s3://cadcat/histwxstns/CWOP/CWOP_D4804.zarr/
CWOP,CWOP_D4813,s3://cadcat/histwxstns/CWOP/CWOP_D4813.zarr/
CWOP,CWOP_D4816,s3://cadcat/histwxstns/CWOP/CWOP_D4816.zarr/
CWOP,CWOP_D4821,s3://cadcat/histwxstns/CWOP/CWOP_D4821.zarr/
CWOP,CWOP_D4827,s3://cadcat/histwxstns/CWOP/CWOP_D4827.zarr/
CWOP,CWOP_D4839,s3://cadcat/histwxstns/CWOP/CWOP_D4839.zarr/
CWOP,CWOP_D4841,s3://cadcat/histwxstns/CWOP/CWOP_D4841.zarr/
CWOP,CWOP_D4846,s3://cadcat/histwxstns/CWOP/CWOP_D4846.zarr/
CWOP,CWOP_D4853,s3://cadcat/histwxstns/CWOP/CWOP_D4853.zarr/
CWOP,CWOP_D4857,s3://cadcat/histwxstns/CWOP/CWOP_D4857.zarr/
CWOP,CWOP_D4859,s3://cadcat/histwxstns/CWOP/CWOP_D4859.zarr/
CWOP,CWOP_D4864,s3://cadcat/histwxstns/CWOP/CWOP_D4864.zarr/
CWOP,CWOP_D4869,s3://cadcat/histwxstns/CWOP/CWOP_D4869.zarr/
CWOP,CWOP_D4876,s3://cadcat/histwxstns/CWOP/CWOP_D4876.zarr/
CWOP,CWOP_D4878,s3://cadcat/histwxstns/CWOP/CWOP_D4878.zarr/
CWOP,CWOP_D4879,s3://cadcat/histwxstns/CWOP/CWOP_D4879.zarr/
CWOP,CWOP_D4880,s3://cadcat/histwxstns/CWOP/CWOP_D4880.zarr/
CWOP,CWOP_D4881,s3://cadcat/histwxstns/CWOP/CWOP_D4881.zarr/
CWOP,CWOP_D4892,s3://cadcat/histwxstns/CWOP/CWOP_D4892.zarr/
CWOP,CWOP_D4913,s3://cadcat/histwxstns/CWOP/CWOP_D4913.zarr/
CWOP,CWOP_D4916,s3://cadcat/histwxstns/CWOP/CWOP_D4916.zarr/
CWOP,CWOP_D4935,s3://cadcat/histwxstns/CWOP/CWOP_D4935.zarr/
CWOP,CWOP_D4947,s3://cadcat/histwxstns/CWOP/CWOP_D4947.zarr/
CWOP,CWOP_D4948,s3://cadcat/histwxstns/CWOP/CWOP_D4948.zarr/
CWOP,CWOP_D4954,s3://cadcat/histwxstns/CWOP/CWOP_D4954.zarr/
CWOP,CWOP_D4959,s3://cadcat/histwxstns/CWOP/CWOP_D4959.zarr/
CWOP,CWOP_D4969,s3://cadcat/histwxstns/CWOP/CWOP_D4969.zarr/
CWOP,CWOP_D4977,s3://cadcat/histwxstns/CWOP/CWOP_D4977.zarr/
CWOP,CWOP_D4988,s3://cadcat/histwxstns/CWOP/CWOP_D4988.zarr/
CWOP,CWOP_D4991,s3://cadcat/histwxstns/CWOP/CWOP_D4991.zarr/
CWOP,CWOP_D4993,s3://cadcat/histwxstns/CWOP/CWOP_D4993.zarr/
CWOP,CWOP_D4995,s3://cadcat/histwxstns/CWOP/CWOP_D4995.zarr/
CWOP,CWOP_D4997,s3://cadcat/histwxstns/CWOP/CWOP_D4997.zarr/
CWOP,CWOP_D4999,s3://cadcat/histwxstns/CWOP/CWOP_D4999.zarr/
CWOP,CWOP_D5016,s3://cadcat/histwxstns/CWOP/CWOP_D5016.zarr/
CWOP,CWOP_D5022,s3://cadcat/histwxstns/CWOP/CWOP_D5022.zarr/
CWOP,CWOP_D5026,s3://cadcat/histwxstns/CWOP/CWOP_D5026.zarr/
CWOP,CWOP_D5034,s3://cadcat/histwxstns/CWOP/CWOP_D5034.zarr/
CWOP,CWOP_D5035,s3://cadcat/histwxstns/CWOP/CWOP_D5035.zarr/
CWOP,CWOP_D5036,s3://cadcat/histwxstns/CWOP/CWOP_D5036.zarr/
CWOP,CWOP_D5050,s3://cadcat/histwxstns/CWOP/CWOP_D5050.zarr/
CWOP,CWOP_D5071,s3://cadcat/histwxstns/CWOP/CWOP_D5071.zarr/
CWOP,CWOP_D5075,s3://cadcat/histwxstns/CWOP/CWOP_D5075.zarr/
CWOP,CWOP_D5076,s3://cadcat/histwxstns/CWOP/CWOP_D5076.zarr/
CWOP,CWOP_D5079,s3://cadcat/histwxstns/CWOP/CWOP_D5079.zarr/
CWOP,CWOP_D5081,s3://cadcat/histwxstns/CWOP/CWOP_D5081.zarr/
CWOP,CWOP_D5092,s3://cadcat/histwxstns/CWOP/CWOP_D5092.zarr/
CWOP,CWOP_D5097,s3://cadcat/histwxstns/CWOP/CWOP_D5097.zarr/
CWOP,CWOP_D5105,s3://cadcat/histwxstns/CWOP/CWOP_D5105.zarr/
CWOP,CWOP_D5107,s3://cadcat/histwxstns/CWOP/CWOP_D5107.zarr/
CWOP,CWOP_D5120,s3://cadcat/histwxstns/CWOP/CWOP_D5120.zarr/
CWOP,CWOP_D5122,s3://cadcat/histwxstns/CWOP/CWOP_D5122.zarr/
CWOP,CWOP_D5132,s3://cadcat/histwxstns/CWOP/CWOP_D5132.zarr/
CWOP,CWOP_D5138,s3://cadcat/histwxstns/CWOP/CWOP_D5138.zarr/
CWOP,CWOP_D5145,s3://cadcat/histwxstns/CWOP/CWOP_D5145.zarr/
CWOP,CWOP_D5149,s3://cadcat/histwxstns/CWOP/CWOP_D5149.zarr/
CWOP,CWOP_D5153,s3://cadcat/histwxstns/CWOP/CWOP_D5153.zarr/
CWOP,CWOP_D5161,s3://cadcat/histwxstns/CWOP/CWOP_D5161.zarr/
CWOP,CWOP_D5180,s3://cadcat/histwxstns/CWOP/CWOP_D5180.zarr/
CWOP,CWOP_D5214,s3://cadcat/histwxstns/CWOP/CWOP_D5214.zarr/
CWOP,CWOP_D5216,s3://cadcat/histwxstns/CWOP/CWOP_D5216.zarr/
CWOP,CWOP_D5237,s3://cadcat/histwxstns/CWOP/CWOP_D5237.zarr/
CWOP,CWOP_D5252,s3://cadcat/histwxstns/CWOP/CWOP_D5252.zarr/
CWOP,CWOP_D5253,s3://cadcat/histwxstns/CWOP/CWOP_D5253.zarr/
CWOP,CWOP_D5263,s3://cadcat/histwxstns/CWOP/CWOP_D5263.zarr/
CWOP,CWOP_D5266,s3://cadcat/histwxstns/CWOP/CWOP_D5266.zarr/
CWOP,CWOP_D5274,s3://cadcat/histwxstns/CWOP/CWOP_D5274.zarr/
CWOP,CWOP_D5310,s3://cadcat/histwxstns/CWOP/CWOP_D5310.zarr/
CWOP,CWOP_D5318,s3://cadcat/histwxstns/CWOP/CWOP_D5318.zarr/
CWOP,CWOP_D5324,s3://cadcat/histwxstns/CWOP/CWOP_D5324.zarr/
CWOP,CWOP_D5333,s3://cadcat/histwxstns/CWOP/CWOP_D5333.zarr/
CWOP,CWOP_D5338,s3://cadcat/histwxstns/CWOP/CWOP_D5338.zarr/
CWOP,CWOP_D5345,s3://cadcat/histwxstns/CWOP/CWOP_D5345.zarr/
CWOP,CWOP_D5348,s3://cadcat/histwxstns/CWOP/CWOP_D5348.zarr/
CWOP,CWOP_D5362,s3://cadcat/histwxstns/CWOP/CWOP_D5362.zarr/
CWOP,CWOP_D5370,s3://cadcat/histwxstns/CWOP/CWOP_D5370.zarr/
CWOP,CWOP_D5372,s3://cadcat/histwxstns/CWOP/CWOP_D5372.zarr/
CWOP,CWOP_D5375,s3://cadcat/histwxstns/CWOP/CWOP_D5375.zarr/
CWOP,CWOP_D5379,s3://cadcat/histwxstns/CWOP/CWOP_D5379.zarr/
CWOP,CWOP_D5382,s3://cadcat/histwxstns/CWOP/CWOP_D5382.zarr/
CWOP,CWOP_D5386,s3://cadcat/histwxstns/CWOP/CWOP_D5386.zarr/
CWOP,CWOP_D5393,s3://cadcat/histwxstns/CWOP/CWOP_D5393.zarr/
CWOP,CWOP_D5394,s3://cadcat/histwxstns/CWOP/CWOP_D5394.zarr/
CWOP,CWOP_D5396,s3://cadcat/histwxstns/CWOP/CWOP_D5396.zarr/
CWOP,CWOP_D5405,s3://cadcat/histwxstns/CWOP/CWOP_D5405.zarr/
CWOP,CWOP_D5422,s3://cadcat/histwxstns/CWOP/CWOP_D5422.zarr/
CWOP,CWOP_D5430,s3://cadcat/histwxstns/CWOP/CWOP_D5430.zarr/
CWOP,CWOP_D5434,s3://cadcat/histwxstns/CWOP/CWOP_D5434.zarr/
CWOP,CWOP_D5444,s3://cadcat/histwxstns/CWOP/CWOP_D5444.zarr/
CWOP,CWOP_D5455,s3://cadcat/histwxstns/CWOP/CWOP_D5455.zarr/
CWOP,CWOP_D5466,s3://cadcat/histwxstns/CWOP/CWOP_D5466.zarr/
CWOP,CWOP_D5486,s3://cadcat/histwxstns/CWOP/CWOP_D5486.zarr/
CWOP,CWOP_D5495,s3://cadcat/histwxstns/CWOP/CWOP_D5495.zarr/
CWOP,CWOP_D5508,s3://cadcat/histwxstns/CWOP/CWOP_D5508.zarr/
CWOP,CWOP_D5544,s3://cadcat/histwxstns/CWOP/CWOP_D5544.zarr/
CWOP,CWOP_D5551,s3://cadcat/histwxstns/CWOP/CWOP_D5551.zarr/
CWOP,CWOP_D5556,s3://cadcat/histwxstns/CWOP/CWOP_D5556.zarr/
CWOP,CWOP_D5557,s3://cadcat/histwxstns/CWOP/CWOP_D5557.zarr/
CWOP,CWOP_D5559,s3://cadcat/histwxstns/CWOP/CWOP_D5559.zarr/
CWOP,CWOP_D5614,s3://cadcat/histwxstns/CWOP/CWOP_D5614.zarr/
CWOP,CWOP_D5626,s3://cadcat/histwxstns/CWOP/CWOP_D5626.zarr/
CWOP,CWOP_D5646,s3://cadcat/histwxstns/CWOP/CWOP_D5646.zarr/
CWOP,CWOP_D5659,s3://cadcat/histwxstns/CWOP/CWOP_D5659.zarr/
CWOP,CWOP_D5669,s3://cadcat/histwxstns/CWOP/CWOP_D5669.zarr/
CWOP,CWOP_D5683,s3://cadcat/histwxstns/CWOP/CWOP_D5683.zarr/
CWOP,CWOP_D5697,s3://cadcat/histwxstns/CWOP/CWOP_D5697.zarr/
CWOP,CWOP_D5698,s3://cadcat/histwxstns/CWOP/CWOP_D5698.zarr/
CWOP,CWOP_D5701,s3://cadcat/histwxstns/CWOP/CWOP_D5701.zarr/
CWOP,CWOP_D5719,s3://cadcat/histwxstns/CWOP/CWOP_D5719.zarr/
CWOP,CWOP_D5735,s3://cadcat/histwxstns/CWOP/CWOP_D5735.zarr/
CWOP,CWOP_D5741,s3://cadcat/histwxstns/CWOP/CWOP_D5741.zarr/
CWOP,CWOP_D5744,s3://cadcat/histwxstns/CWOP/CWOP_D5744.zarr/
CWOP,CWOP_D5745,s3://cadcat/histwxstns/CWOP/CWOP_D5745.zarr/
CWOP,CWOP_D5754,s3://cadcat/histwxstns/CWOP/CWOP_D5754.zarr/
CWOP,CWOP_D5767,s3://cadcat/histwxstns/CWOP/CWOP_D5767.zarr/
CWOP,CWOP_D5772,s3://cadcat/histwxstns/CWOP/CWOP_D5772.zarr/
CWOP,CWOP_D5789,s3://cadcat/histwxstns/CWOP/CWOP_D5789.zarr/
CWOP,CWOP_D5795,s3://cadcat/histwxstns/CWOP/CWOP_D5795.zarr/
CWOP,CWOP_D5799,s3://cadcat/histwxstns/CWOP/CWOP_D5799.zarr/
CWOP,CWOP_D5805,s3://cadcat/histwxstns/CWOP/CWOP_D5805.zarr/
CWOP,CWOP_D5808,s3://cadcat/histwxstns/CWOP/CWOP_D5808.zarr/
CWOP,CWOP_D5827,s3://cadcat/histwxstns/CWOP/CWOP_D5827.zarr/
CWOP,CWOP_D5834,s3://cadcat/histwxstns/CWOP/CWOP_D5834.zarr/
CWOP,CWOP_D5835,s3://cadcat/histwxstns/CWOP/CWOP_D5835.zarr/
CWOP,CWOP_D5856,s3://cadcat/histwxstns/CWOP/CWOP_D5856.zarr/
CWOP,CWOP_D5857,s3://cadcat/histwxstns/CWOP/CWOP_D5857.zarr/
CWOP,CWOP_D5864,s3://cadcat/histwxstns/CWOP/CWOP_D5864.zarr/
CWOP,CWOP_D5868,s3://cadcat/histwxstns/CWOP/CWOP_D5868.zarr/
CWOP,CWOP_D5874,s3://cadcat/histwxstns/CWOP/CWOP_D5874.zarr/
CWOP,CWOP_D5879,s3://cadcat/histwxstns/CWOP/CWOP_D5879.zarr/
CWOP,CWOP_D5890,s3://cadcat/histwxstns/CWOP/CWOP_D5890.zarr/
CWOP,CWOP_D5891,s3://cadcat/histwxstns/CWOP/CWOP_D5891.zarr/
CWOP,CWOP_D5892,s3://cadcat/histwxstns/CWOP/CWOP_D5892.zarr/
CWOP,CWOP_D5893,s3://cadcat/histwxstns/CWOP/CWOP_D5893.zarr/
CWOP,CWOP_D5894,s3://cadcat/histwxstns/CWOP/CWOP_D5894.zarr/
CWOP,CWOP_D5895,s3://cadcat/histwxstns/CWOP/CWOP_D5895.zarr/
CWOP,CWOP_D5896,s3://cadcat/histwxstns/CWOP/CWOP_D5896.zarr/
CWOP,CWOP_D5901,s3://cadcat/histwxstns/CWOP/CWOP_D5901.zarr/
CWOP,CWOP_D5908,s3://cadcat/histwxstns/CWOP/CWOP_D5908.zarr/
CWOP,CWOP_D5913,s3://cadcat/histwxstns/CWOP/CWOP_D5913.zarr/
CWOP,CWOP_D5914,s3://cadcat/histwxstns/CWOP/CWOP_D5914.zarr/
CWOP,CWOP_D5916,s3://cadcat/histwxstns/CWOP/CWOP_D5916.zarr/
CWOP,CWOP_D5934,s3://cadcat/histwxstns/CWOP/CWOP_D5934.zarr/
CWOP,CWOP_D5938,s3://cadcat/histwxstns/CWOP/CWOP_D5938.zarr/
CWOP,CWOP_D5941,s3://cadcat/histwxstns/CWOP/CWOP_D5941.zarr/
CWOP,CWOP_D5942,s3://cadcat/histwxstns/CWOP/CWOP_D5942.zarr/
CWOP,CWOP_D5943,s3://cadcat/histwxstns/CWOP/CWOP_D5943.zarr/
CWOP,CWOP_D5954,s3://cadcat/histwxstns/CWOP/CWOP_D5954.zarr/
CWOP,CWOP_D5957,s3://cadcat/histwxstns/CWOP/CWOP_D5957.zarr/
CWOP,CWOP_D5959,s3://cadcat/histwxstns/CWOP/CWOP_D5959.zarr/
CWOP,CWOP_D5960,s3://cadcat/histwxstns/CWOP/CWOP_D5960.zarr/
CWOP,CWOP_D5962,s3://cadcat/histwxstns/CWOP/CWOP_D5962.zarr/
CWOP,CWOP_D5963,s3://cadcat/histwxstns/CWOP/CWOP_D5963.zarr/
CWOP,CWOP_D5967,s3://cadcat/histwxstns/CWOP/CWOP_D5967.zarr/
CWOP,CWOP_D5969,s3://cadcat/histwxstns/CWOP/CWOP_D5969.zarr/
CWOP,CWOP_D5981,s3://cadcat/histwxstns/CWOP/CWOP_D5981.zarr/
CWOP,CWOP_D5988,s3://cadcat/histwxstns/CWOP/CWOP_D5988.zarr/
CWOP,CWOP_D5989,s3://cadcat/histwxstns/CWOP/CWOP_D5989.zarr/
CWOP,CWOP_D5993,s3://cadcat/histwxstns/CWOP/CWOP_D5993.zarr/
CWOP,CWOP_D6006,s3://cadcat/histwxstns/CWOP/CWOP_D6006.zarr/
CWOP,CWOP_D6014,s3://cadcat/histwxstns/CWOP/CWOP_D6014.zarr/
CWOP,CWOP_D6016,s3://cadcat/histwxstns/CWOP/CWOP_D6016.zarr/
CWOP,CWOP_D6019,s3://cadcat/histwxstns/CWOP/CWOP_D6019.zarr/
CWOP,CWOP_D6042,s3://cadcat/histwxstns/CWOP/CWOP_D6042.zarr/
CWOP,CWOP_D6045,s3://cadcat/histwxstns/CWOP/CWOP_D6045.zarr/
CWOP,CWOP_D6048,s3://cadcat/histwxstns/CWOP/CWOP_D6048.zarr/
CWOP,CWOP_D6052,s3://cadcat/histwxstns/CWOP/CWOP_D6052.zarr/
CWOP,CWOP_D6057,s3://cadcat/histwxstns/CWOP/CWOP_D6057.zarr/
CWOP,CWOP_D6061,s3://cadcat/histwxstns/CWOP/CWOP_D6061.zarr/
CWOP,CWOP_D6073,s3://cadcat/histwxstns/CWOP/CWOP_D6073.zarr/
CWOP,CWOP_D6087,s3://cadcat/histwxstns/CWOP/CWOP_D6087.zarr/
CWOP,CWOP_D6089,s3://cadcat/histwxstns/CWOP/CWOP_D6089.zarr/
CWOP,CWOP_D6092,s3://cadcat/histwxstns/CWOP/CWOP_D6092.zarr/
CWOP,CWOP_D6099,s3://cadcat/histwxstns/CWOP/CWOP_D6099.zarr/
CWOP,CWOP_D6102,s3://cadcat/histwxstns/CWOP/CWOP_D6102.zarr/
CWOP,CWOP_D6112,s3://cadcat/histwxstns/CWOP/CWOP_D6112.zarr/
CWOP,CWOP_D6114,s3://cadcat/histwxstns/CWOP/CWOP_D6114.zarr/
CWOP,CWOP_D6118,s3://cadcat/histwxstns/CWOP/CWOP_D6118.zarr/
CWOP,CWOP_D6120,s3://cadcat/histwxstns/CWOP/CWOP_D6120.zarr/
CWOP,CWOP_D6123,s3://cadcat/histwxstns/CWOP/CWOP_D6123.zarr/
CWOP,CWOP_D6132,s3://cadcat/histwxstns/CWOP/CWOP_D6132.zarr/
CWOP,CWOP_D6133,s3://cadcat/histwxstns/CWOP/CWOP_D6133.zarr/
CWOP,CWOP_D6139,s3://cadcat/histwxstns/CWOP/CWOP_D6139.zarr/
CWOP,CWOP_D6140,s3://cadcat/histwxstns/CWOP/CWOP_D6140.zarr/
CWOP,CWOP_D6141,s3://cadcat/histwxstns/CWOP/CWOP_D6141.zarr/
CWOP,CWOP_D6146,s3://cadcat/histwxstns/CWOP/CWOP_D6146.zarr/
CWOP,CWOP_D6152,s3://cadcat/histwxstns/CWOP/CWOP_D6152.zarr/
CWOP,CWOP_D6163,s3://cadcat/histwxstns/CWOP/CWOP_D6163.zarr/
CWOP,CWOP_D6166,s3://cadcat/histwxstns/CWOP/CWOP_D6166.zarr/
CWOP,CWOP_D6167,s3://cadcat/histwxstns/CWOP/CWOP_D6167.zarr/
CWOP,CWOP_D6168,s3://cadcat/histwxstns/CWOP/CWOP_D6168.zarr/
CWOP,CWOP_D6178,s3://cadcat/histwxstns/CWOP/CWOP_D6178.zarr/
CWOP,CWOP_D6182,s3://cadcat/histwxstns/CWOP/CWOP_D6182.zarr/
CWOP,CWOP_D6184,s3://cadcat/histwxstns/CWOP/CWOP_D6184.zarr/
CWOP,CWOP_D6187,s3://cadcat/histwxstns/CWOP/CWOP_D6187.zarr/
CWOP,CWOP_D6188,s3://cadcat/histwxstns/CWOP/CWOP_D6188.zarr/
CWOP,CWOP_D6193,s3://cadcat/histwxstns/CWOP/CWOP_D6193.zarr/
CWOP,CWOP_D6211,s3://cadcat/histwxstns/CWOP/CWOP_D6211.zarr/
CWOP,CWOP_D6218,s3://cadcat/histwxstns/CWOP/CWOP_D6218.zarr/
CWOP,CWOP_D6220,s3://cadcat/histwxstns/CWOP/CWOP_D6220.zarr/
CWOP,CWOP_D6232,s3://cadcat/histwxstns/CWOP/CWOP_D6232.zarr/
CWOP,CWOP_D6239,s3://cadcat/histwxstns/CWOP/CWOP_D6239.zarr/
CWOP,CWOP_D6241,s3://cadcat/histwxstns/CWOP/CWOP_D6241.zarr/
CWOP,CWOP_D6242,s3://cadcat/histwxstns/CWOP/CWOP_D6242.zarr/
CWOP,CWOP_D6243,s3://cadcat/histwxstns/CWOP/CWOP_D6243.zarr/
CWOP,CWOP_D6254,s3://cadcat/histwxstns/CWOP/CWOP_D6254.zarr/
CWOP,CWOP_D6255,s3://cadcat/histwxstns/CWOP/CWOP_D6255.zarr/
CWOP,CWOP_D6267,s3://cadcat/histwxstns/CWOP/CWOP_D6267.zarr/
CWOP,CWOP_D6273,s3://cadcat/histwxstns/CWOP/CWOP_D6273.zarr/
CWOP,CWOP_D6278,s3://cadcat/histwxstns/CWOP/CWOP_D6278.zarr/
CWOP,CWOP_D6283,s3://cadcat/histwxstns/CWOP/CWOP_D6283.zarr/
CWOP,CWOP_D6289,s3://cadcat/histwxstns/CWOP/CWOP_D6289.zarr/
CWOP,CWOP_D6294,s3://cadcat/histwxstns/CWOP/CWOP_D6294.zarr/
CWOP,CWOP_D6295,s3://cadcat/histwxstns/CWOP/CWOP_D6295.zarr/
CWOP,CWOP_D6296,s3://cadcat/histwxstns/CWOP/CWOP_D6296.zarr/
CWOP,CWOP_D6316,s3://cadcat/histwxstns/CWOP/CWOP_D6316.zarr/
CWOP,CWOP_D6319,s3://cadcat/histwxstns/CWOP/CWOP_D6319.zarr/
CWOP,CWOP_D6326,s3://cadcat/histwxstns/CWOP/CWOP_D6326.zarr/
CWOP,CWOP_D6331,s3://cadcat/histwxstns/CWOP/CWOP_D6331.zarr/
CWOP,CWOP_D6340,s3://cadcat/histwxstns/CWOP/CWOP_D6340.zarr/
CWOP,CWOP_D6349,s3://cadcat/histwxstns/CWOP/CWOP_D6349.zarr/
CWOP,CWOP_D6354,s3://cadcat/histwxstns/CWOP/CWOP_D6354.zarr/
CWOP,CWOP_D6358,s3://cadcat/histwxstns/CWOP/CWOP_D6358.zarr/
CWOP,CWOP_D6368,s3://cadcat/histwxstns/CWOP/CWOP_D6368.zarr/
CWOP,CWOP_D6371,s3://cadcat/histwxstns/CWOP/CWOP_D6371.zarr/
CWOP,CWOP_D6372,s3://cadcat/histwxstns/CWOP/CWOP_D6372.zarr/
CWOP,CWOP_D6375,s3://cadcat/histwxstns/CWOP/CWOP_D6375.zarr/
CWOP,CWOP_D6376,s3://cadcat/histwxstns/CWOP/CWOP_D6376.zarr/
CWOP,CWOP_D6377,s3://cadcat/histwxstns/CWOP/CWOP_D6377.zarr/
CWOP,CWOP_D6379,s3://cadcat/histwxstns/CWOP/CWOP_D6379.zarr/
CWOP,CWOP_D6382,s3://cadcat/histwxstns/CWOP/CWOP_D6382.zarr/
CWOP,CWOP_D6387,s3://cadcat/histwxstns/CWOP/CWOP_D6387.zarr/
CWOP,CWOP_D6392,s3://cadcat/histwxstns/CWOP/CWOP_D6392.zarr/
CWOP,CWOP_D6393,s3://cadcat/histwxstns/CWOP/CWOP_D6393.zarr/
CWOP,CWOP_D6398,s3://cadcat/histwxstns/CWOP/CWOP_D6398.zarr/
CWOP,CWOP_D6400,s3://cadcat/histwxstns/CWOP/CWOP_D6400.zarr/
CWOP,CWOP_D6413,s3://cadcat/histwxstns/CWOP/CWOP_D6413.zarr/
CWOP,CWOP_D6436,s3://cadcat/histwxstns/CWOP/CWOP_D6436.zarr/
CWOP,CWOP_D6443,s3://cadcat/histwxstns/CWOP/CWOP_D6443.zarr/
CWOP,CWOP_D6452,s3://cadcat/histwxstns/CWOP/CWOP_D6452.zarr/
CWOP,CWOP_D6456,s3://cadcat/histwxstns/CWOP/CWOP_D6456.zarr/
CWOP,CWOP_D6457,s3://cadcat/histwxstns/CWOP/CWOP_D6457.zarr/
CWOP,CWOP_D6464,s3://cadcat/histwxstns/CWOP/CWOP_D6464.zarr/
CWOP,CWOP_D6467,s3://cadcat/histwxstns/CWOP/CWOP_D6467.zarr/
CWOP,CWOP_D6470,s3://cadcat/histwxstns/CWOP/CWOP_D6470.zarr/
CWOP,CWOP_D6473,s3://cadcat/histwxstns/CWOP/CWOP_D6473.zarr/
CWOP,CWOP_D6474,s3://cadcat/histwxstns/CWOP/CWOP_D6474.zarr/
CWOP,CWOP_D6481,s3://cadcat/histwxstns/CWOP/CWOP_D6481.zarr/
CWOP,CWOP_D6483,s3://cadcat/histwxstns/CWOP/CWOP_D6483.zarr/
CWOP,CWOP_D6485,s3://cadcat/histwxstns/CWOP/CWOP_D6485.zarr/
CWOP,CWOP_D6506,s3://cadcat/histwxstns/CWOP/CWOP_D6506.zarr/
CWOP,CWOP_D6509,s3://cadcat/histwxstns/CWOP/CWOP_D6509.zarr/
CWOP,CWOP_D6512,s3://cadcat/histwxstns/CWOP/CWOP_D6512.zarr/
CWOP,CWOP_D6525,s3://cadcat/histwxstns/CWOP/CWOP_D6525.zarr/
CWOP,CWOP_D6527,s3://cadcat/histwxstns/CWOP/CWOP_D6527.zarr/
CWOP,CWOP_D6528,s3://cadcat/histwxstns/CWOP/CWOP_D6528.zarr/
CWOP,CWOP_D6531,s3://cadcat/histwxstns/CWOP/CWOP_D6531.zarr/
CWOP,CWOP_D6532,s3://cadcat/histwxstns/CWOP/CWOP_D6532.zarr/
CWOP,CWOP_D6538,s3://cadcat/histwxstns/CWOP/CWOP_D6538.zarr/
CWOP,CWOP_D6539,s3://cadcat/histwxstns/CWOP/CWOP_D6539.zarr/
CWOP,CWOP_D6540,s3://cadcat/histwxstns/CWOP/CWOP_D6540.zarr/
CWOP,CWOP_D6555,s3://cadcat/histwxstns/CWOP/CWOP_D6555.zarr/
CWOP,CWOP_D6558,s3://cadcat/histwxstns/CWOP/CWOP_D6558.zarr/
CWOP,CWOP_D6560,s3://cadcat/histwxstns/CWOP/CWOP_D6560.zarr/
CWOP,CWOP_D6561,s3://cadcat/histwxstns/CWOP/CWOP_D6561.zarr/
CWOP,CWOP_D6563,s3://cadcat/histwxstns/CWOP/CWOP_D6563.zarr/
CWOP,CWOP_D6571,s3://cadcat/histwxstns/CWOP/CWOP_D6571.zarr/
CWOP,CWOP_D6572,s3://cadcat/histwxstns/CWOP/CWOP_D6572.zarr/
CWOP,CWOP_D6575,s3://cadcat/histwxstns/CWOP/CWOP_D6575.zarr/
CWOP,CWOP_D6576,s3://cadcat/histwxstns/CWOP/CWOP_D6576.zarr/
CWOP,CWOP_D6579,s3://cadcat/histwxstns/CWOP/CWOP_D6579.zarr/
CWOP,CWOP_D6580,s3://cadcat/histwxstns/CWOP/CWOP_D6580.zarr/
CWOP,CWOP_D6614,s3://cadcat/histwxstns/CWOP/CWOP_D6614.zarr/
CWOP,CWOP_D6618,s3://cadcat/histwxstns/CWOP/CWOP_D6618.zarr/
CWOP,CWOP_D6622,s3://cadcat/histwxstns/CWOP/CWOP_D6622.zarr/
CWOP,CWOP_D6625,s3://cadcat/histwxstns/CWOP/CWOP_D6625.zarr/
CWOP,CWOP_D6626,s3://cadcat/histwxstns/CWOP/CWOP_D6626.zarr/
CWOP,CWOP_D6636,s3://cadcat/histwxstns/CWOP/CWOP_D6636.zarr/
CWOP,CWOP_D6655,s3://cadcat/histwxstns/CWOP/CWOP_D6655.zarr/
CWOP,CWOP_D6656,s3://cadcat/histwxstns/CWOP/CWOP_D6656.zarr/
CWOP,CWOP_D6659,s3://cadcat/histwxstns/CWOP/CWOP_D6659.zarr/
CWOP,CWOP_D6665,s3://cadcat/histwxstns/CWOP/CWOP_D6665.zarr/
CWOP,CWOP_D6666,s3://cadcat/histwxstns/CWOP/CWOP_D6666.zarr/
CWOP,CWOP_D6667,s3://cadcat/histwxstns/CWOP/CWOP_D6667.zarr/
CWOP,CWOP_D6669,s3://cadcat/histwxstns/CWOP/CWOP_D6669.zarr/
CWOP,CWOP_D6672,s3://cadcat/histwxstns/CWOP/CWOP_D6672.zarr/
CWOP,CWOP_D6673,s3://cadcat/histwxstns/CWOP/CWOP_D6673.zarr/
CWOP,CWOP_D6678,s3://cadcat/histwxstns/CWOP/CWOP_D6678.zarr/
CWOP,CWOP_D6689,s3://cadcat/histwxstns/CWOP/CWOP_D6689.zarr/
CWOP,CWOP_D6695,s3://cadcat/histwxstns/CWOP/CWOP_D6695.zarr/
CWOP,CWOP_D6696,s3://cadcat/histwxstns/CWOP/CWOP_D6696.zarr/
CWOP,CWOP_D6703,s3://cadcat/histwxstns/CWOP/CWOP_D6703.zarr/
CWOP,CWOP_D6707,s3://cadcat/histwxstns/CWOP/CWOP_D6707.zarr/
CWOP,CWOP_D6708,s3://cadcat/histwxstns/CWOP/CWOP_D6708.zarr/
CWOP,CWOP_D6720,s3://cadcat/histwxstns/CWOP/CWOP_D6720.zarr/
CWOP,CWOP_D6751,s3://cadcat/histwxstns/CWOP/CWOP_D6751.zarr/
CWOP,CWOP_D6755,s3://cadcat/histwxstns/CWOP/CWOP_D6755.zarr/
CWOP,CWOP_D6777,s3://cadcat/histwxstns/CWOP/CWOP_D6777.zarr/
CWOP,CWOP_D6785,s3://cadcat/histwxstns/CWOP/CWOP_D6785.zarr/
CWOP,CWOP_D6795,s3://cadcat/histwxstns/CWOP/CWOP_D6795.zarr/
CWOP,CWOP_D6797,s3://cadcat/histwxstns/CWOP/CWOP_D6797.zarr/
CWOP,CWOP_D6803,s3://cadcat/histwxstns/CWOP/CWOP_D6803.zarr/
CWOP,CWOP_D6811,s3://cadcat/histwxstns/CWOP/CWOP_D6811.zarr/
CWOP,CWOP_D6816,s3://cadcat/histwxstns/CWOP/CWOP_D6816.zarr/
CWOP,CWOP_D6825,s3://cadcat/histwxstns/CWOP/CWOP_D6825.zarr/
CWOP,CWOP_D6835,s3://cadcat/histwxstns/CWOP/CWOP_D6835.zarr/
CWOP,CWOP_D6841,s3://cadcat/histwxstns/CWOP/CWOP_D6841.zarr/
CWOP,CWOP_D6842,s3://cadcat/histwxstns/CWOP/CWOP_D6842.zarr/
CWOP,CWOP_D6854,s3://cadcat/histwxstns/CWOP/CWOP_D6854.zarr/
CWOP,CWOP_D6859,s3://cadcat/histwxstns/CWOP/CWOP_D6859.zarr/
CWOP,CWOP_D6863,s3://cadcat/histwxstns/CWOP/CWOP_D6863.zarr/
CWOP,CWOP_D6865,s3://cadcat/histwxstns/CWOP/CWOP_D6865.zarr/
CWOP,CWOP_D6866,s3://cadcat/histwxstns/CWOP/CWOP_D6866.zarr/
CWOP,CWOP_D6879,s3://cadcat/histwxstns/CWOP/CWOP_D6879.zarr/
CWOP,CWOP_D6886,s3://cadcat/histwxstns/CWOP/CWOP_D6886.zarr/
CWOP,CWOP_D6891,s3://cadcat/histwxstns/CWOP/CWOP_D6891.zarr/
CWOP,CWOP_D6894,s3://cadcat/histwxstns/CWOP/CWOP_D6894.zarr/
CWOP,CWOP_D6900,s3://cadcat/histwxstns/CWOP/CWOP_D6900.zarr/
CWOP,CWOP_D6901,s3://cadcat/histwxstns/CWOP/CWOP_D6901.zarr/
CWOP,CWOP_D6904,s3://cadcat/histwxstns/CWOP/CWOP_D6904.zarr/
CWOP,CWOP_D6916,s3://cadcat/histwxstns/CWOP/CWOP_D6916.zarr/
CWOP,CWOP_D6921,s3://cadcat/histwxstns/CWOP/CWOP_D6921.zarr/
CWOP,CWOP_D6932,s3://cadcat/histwxstns/CWOP/CWOP_D6932.zarr/
CWOP,CWOP_D6936,s3://cadcat/histwxstns/CWOP/CWOP_D6936.zarr/
CWOP,CWOP_D6943,s3://cadcat/histwxstns/CWOP/CWOP_D6943.zarr/
CWOP,CWOP_D6948,s3://cadcat/histwxstns/CWOP/CWOP_D6948.zarr/
CWOP,CWOP_D6950,s3://cadcat/histwxstns/CWOP/CWOP_D6950.zarr/
CWOP,CWOP_D6956,s3://cadcat/histwxstns/CWOP/CWOP_D6956.zarr/
CWOP,CWOP_D6957,s3://cadcat/histwxstns/CWOP/CWOP_D6957.zarr/
CWOP,CWOP_D6960,s3://cadcat/histwxstns/CWOP/CWOP_D6960.zarr/
CWOP,CWOP_D6970,s3://cadcat/histwxstns/CWOP/CWOP_D6970.zarr/
CWOP,CWOP_D6977,s3://cadcat/histwxstns/CWOP/CWOP_D6977.zarr/
CWOP,CWOP_D6983,s3://cadcat/histwxstns/CWOP/CWOP_D6983.zarr/
CWOP,CWOP_D6986,s3://cadcat/histwxstns/CWOP/CWOP_D6986.zarr/
CWOP,CWOP_D6987,s3://cadcat/histwxstns/CWOP/CWOP_D6987.zarr/
CWOP,CWOP_D6988,s3://cadcat/histwxstns/CWOP/CWOP_D6988.zarr/
CWOP,CWOP_D6994,s3://cadcat/histwxstns/CWOP/CWOP_D6994.zarr/
CWOP,CWOP_D6999,s3://cadcat/histwxstns/CWOP/CWOP_D6999.zarr/
CWOP,CWOP_D7004,s3://cadcat/histwxstns/CWOP/CWOP_D7004.zarr/
CWOP,CWOP_D7006,s3://cadcat/histwxstns/CWOP/CWOP_D7006.zarr/
CWOP,CWOP_D7019,s3://cadcat/histwxstns/CWOP/CWOP_D7019.zarr/
CWOP,CWOP_D7022,s3://cadcat/histwxstns/CWOP/CWOP_D7022.zarr/
CWOP,CWOP_D7030,s3://cadcat/histwxstns/CWOP/CWOP_D7030.zarr/
CWOP,CWOP_D7031,s3://cadcat/histwxstns/CWOP/CWOP_D7031.zarr/
CWOP,CWOP_D7044,s3://cadcat/histwxstns/CWOP/CWOP_D7044.zarr/
CWOP,CWOP_D7047,s3://cadcat/histwxstns/CWOP/CWOP_D7047.zarr/
CWOP,CWOP_D7052,s3://cadcat/histwxstns/CWOP/CWOP_D7052.zarr/
CWOP,CWOP_D7070,s3://cadcat/histwxstns/CWOP/CWOP_D7070.zarr/
CWOP,CWOP_D7074,s3://cadcat/histwxstns/CWOP/CWOP_D7074.zarr/
CWOP,CWOP_D7090,s3://cadcat/histwxstns/CWOP/CWOP_D7090.zarr/
CWOP,CWOP_D7094,s3://cadcat/histwxstns/CWOP/CWOP_D7094.zarr/
CWOP,CWOP_D7095,s3://cadcat/histwxstns/CWOP/CWOP_D7095.zarr/
CWOP,CWOP_D7098,s3://cadcat/histwxstns/CWOP/CWOP_D7098.zarr/
CWOP,CWOP_D7100,s3://cadcat/histwxstns/CWOP/CWOP_D7100.zarr/
CWOP,CWOP_D7103,s3://cadcat/histwxstns/CWOP/CWOP_D7103.zarr/
CWOP,CWOP_D7120,s3://cadcat/histwxstns/CWOP/CWOP_D7120.zarr/
CWOP,CWOP_D7121,s3://cadcat/histwxstns/CWOP/CWOP_D7121.zarr/
CWOP,CWOP_D7124,s3://cadcat/histwxstns/CWOP/CWOP_D7124.zarr/
CWOP,CWOP_D7125,s3://cadcat/histwxstns/CWOP/CWOP_D7125.zarr/
CWOP,CWOP_D7159,s3://cadcat/histwxstns/CWOP/CWOP_D7159.zarr/
CWOP,CWOP_D7164,s3://cadcat/histwxstns/CWOP/CWOP_D7164.zarr/
CWOP,CWOP_D7167,s3://cadcat/histwxstns/CWOP/CWOP_D7167.zarr/
CWOP,CWOP_D7169,s3://cadcat/histwxstns/CWOP/CWOP_D7169.zarr/
CWOP,CWOP_D7171,s3://cadcat/histwxstns/CWOP/CWOP_D7171.zarr/
CWOP,CWOP_D7173,s3://cadcat/histwxstns/CWOP/CWOP_D7173.zarr/
CWOP,CWOP_D7175,s3://cadcat/histwxstns/CWOP/CWOP_D7175.zarr/
CWOP,CWOP_D7180,s3://cadcat/histwxstns/CWOP/CWOP_D7180.zarr/
CWOP,CWOP_D7184,s3://cadcat/histwxstns/CWOP/CWOP_D7184.zarr/
CWOP,CWOP_D7188,s3://cadcat/histwxstns/CWOP/CWOP_D7188.zarr/
CWOP,CWOP_D7197,s3://cadcat/histwxstns/CWOP/CWOP_D7197.zarr/
CWOP,CWOP_D7202,s3://cadcat/histwxstns/CWOP/CWOP_D7202.zarr/
CWOP,CWOP_D7210,s3://cadcat/histwxstns/CWOP/CWOP_D7210.zarr/
CWOP,CWOP_D7213,s3://cadcat/histwxstns/CWOP/CWOP_D7213.zarr/
CWOP,CWOP_D7214,s3://cadcat/histwxstns/CWOP/CWOP_D7214.zarr/
CWOP,CWOP_D7237,s3://cadcat/histwxstns/CWOP/CWOP_D7237.zarr/
CWOP,CWOP_D7259,s3://cadcat/histwxstns/CWOP/CWOP_D7259.zarr/
CWOP,CWOP_D7264,s3://cadcat/histwxstns/CWOP/CWOP_D7264.zarr/
CWOP,CWOP_D7267,s3://cadcat/histwxstns/CWOP/CWOP_D7267.zarr/
CWOP,CWOP_D7269,s3://cadcat/histwxstns/CWOP/CWOP_D7269.zarr/
CWOP,CWOP_D7270,s3://cadcat/histwxstns/CWOP/CWOP_D7270.zarr/
CWOP,CWOP_D7278,s3://cadcat/histwxstns/CWOP/CWOP_D7278.zarr/
CWOP,CWOP_D7288,s3://cadcat/histwxstns/CWOP/CWOP_D7288.zarr/
CWOP,CWOP_D7291,s3://cadcat/histwxstns/CWOP/CWOP_D7291.zarr/
CWOP,CWOP_D7296,s3://cadcat/histwxstns/CWOP/CWOP_D7296.zarr/
CWOP,CWOP_D7297,s3://cadcat/histwxstns/CWOP/CWOP_D7297.zarr/
CWOP,CWOP_D7299,s3://cadcat/histwxstns/CWOP/CWOP_D7299.zarr/
CWOP,CWOP_D7301,s3://cadcat/histwxstns/CWOP/CWOP_D7301.zarr/
CWOP,CWOP_D7303,s3://cadcat/histwxstns/CWOP/CWOP_D7303.zarr/
CWOP,CWOP_D7316,s3://cadcat/histwxstns/CWOP/CWOP_D7316.zarr/
CWOP,CWOP_D7317,s3://cadcat/histwxstns/CWOP/CWOP_D7317.zarr/
CWOP,CWOP_D7321,s3://cadcat/histwxstns/CWOP/CWOP_D7321.zarr/
CWOP,CWOP_D7324,s3://cadcat/histwxstns/CWOP/CWOP_D7324.zarr/
CWOP,CWOP_D7328,s3://cadcat/histwxstns/CWOP/CWOP_D7328.zarr/
CWOP,CWOP_D7331,s3://cadcat/histwxstns/CWOP/CWOP_D7331.zarr/
CWOP,CWOP_D7338,s3://cadcat/histwxstns/CWOP/CWOP_D7338.zarr/
CWOP,CWOP_D7343,s3://cadcat/histwxstns/CWOP/CWOP_D7343.zarr/
CWOP,CWOP_D7349,s3://cadcat/histwxstns/CWOP/CWOP_D7349.zarr/
CWOP,CWOP_D7353,s3://cadcat/histwxstns/CWOP/CWOP_D7353.zarr/
CWOP,CWOP_D7371,s3://cadcat/histwxstns/CWOP/CWOP_D7371.zarr/
CWOP,CWOP_D7377,s3://cadcat/histwxstns/CWOP/CWOP_D7377.zarr/
CWOP,CWOP_D7382,s3://cadcat/histwxstns/CWOP/CWOP_D7382.zarr/
CWOP,CWOP_D7383,s3://cadcat/histwxstns/CWOP/CWOP_D7383.zarr/
CWOP,CWOP_D7385,s3://cadcat/histwxstns/CWOP/CWOP_D7385.zarr/
CWOP,CWOP_D7390,s3://cadcat/histwxstns/CWOP/CWOP_D7390.zarr/
CWOP,CWOP_D7393,s3://cadcat/histwxstns/CWOP/CWOP_D7393.zarr/
CWOP,CWOP_D7396,s3://cadcat/histwxstns/CWOP/CWOP_D7396.zarr/
CWOP,CWOP_D7398,s3://cadcat/histwxstns/CWOP/CWOP_D7398.zarr/
CWOP,CWOP_D7401,s3://cadcat/histwxstns/CWOP/CWOP_D7401.zarr/
CWOP,CWOP_D7407,s3://cadcat/histwxstns/CWOP/CWOP_D7407.zarr/
CWOP,CWOP_D7408,s3://cadcat/histwxstns/CWOP/CWOP_D7408.zarr/
CWOP,CWOP_D7411,s3://cadcat/histwxstns/CWOP/CWOP_D7411.zarr/
CWOP,CWOP_D7413,s3://cadcat/histwxstns/CWOP/CWOP_D7413.zarr/
CWOP,CWOP_D7415,s3://cadcat/histwxstns/CWOP/CWOP_D7415.zarr/
CWOP,CWOP_D7417,s3://cadcat/histwxstns/CWOP/CWOP_D7417.zarr/
CWOP,CWOP_D7419,s3://cadcat/histwxstns/CWOP/CWOP_D7419.zarr/
CWOP,CWOP_D7425,s3://cadcat/histwxstns/CWOP/CWOP_D7425.zarr/
CWOP,CWOP_D7426,s3://cadcat/histwxstns/CWOP/CWOP_D7426.zarr/
CWOP,CWOP_D7435,s3://cadcat/histwxstns/CWOP/CWOP_D7435.zarr/
CWOP,CWOP_D7441,s3://cadcat/histwxstns/CWOP/CWOP_D7441.zarr/
CWOP,CWOP_D7442,s3://cadcat/histwxstns/CWOP/CWOP_D7442.zarr/
CWOP,CWOP_D7453,s3://cadcat/histwxstns/CWOP/CWOP_D7453.zarr/
CWOP,CWOP_D7457,s3://cadcat/histwxstns/CWOP/CWOP_D7457.zarr/
CWOP,CWOP_D7461,s3://cadcat/histwxstns/CWOP/CWOP_D7461.zarr/
CWOP,CWOP_D7463,s3://cadcat/histwxstns/CWOP/CWOP_D7463.zarr/
CWOP,CWOP_D7465,s3://cadcat/histwxstns/CWOP/CWOP_D7465.zarr/
CWOP,CWOP_D7469,s3://cadcat/histwxstns/CWOP/CWOP_D7469.zarr/
CWOP,CWOP_D7477,s3://cadcat/histwxstns/CWOP/CWOP_D7477.zarr/
CWOP,CWOP_D7479,s3://cadcat/histwxstns/CWOP/CWOP_D7479.zarr/
CWOP,CWOP_D7495,s3://cadcat/histwxstns/CWOP/CWOP_D7495.zarr/
CWOP,CWOP_D7520,s3://cadcat/histwxstns/CWOP/CWOP_D7520.zarr/
CWOP,CWOP_D7525,s3://cadcat/histwxstns/CWOP/CWOP_D7525.zarr/
CWOP,CWOP_D7527,s3://cadcat/histwxstns/CWOP/CWOP_D7527.zarr/
CWOP,CWOP_D7528,s3://cadcat/histwxstns/CWOP/CWOP_D7528.zarr/
CWOP,CWOP_D7531,s3://cadcat/histwxstns/CWOP/CWOP_D7531.zarr/
CWOP,CWOP_D7537,s3://cadcat/histwxstns/CWOP/CWOP_D7537.zarr/
CWOP,CWOP_D7538,s3://cadcat/histwxstns/CWOP/CWOP_D7538.zarr/
CWOP,CWOP_D7540,s3://cadcat/histwxstns/CWOP/CWOP_D7540.zarr/
CWOP,CWOP_D7564,s3://cadcat/histwxstns/CWOP/CWOP_D7564.zarr/
CWOP,CWOP_D7573,s3://cadcat/histwxstns/CWOP/CWOP_D7573.zarr/
CWOP,CWOP_D7579,s3://cadcat/histwxstns/CWOP/CWOP_D7579.zarr/
CWOP,CWOP_D7603,s3://cadcat/histwxstns/CWOP/CWOP_D7603.zarr/
CWOP,CWOP_D7608,s3://cadcat/histwxstns/CWOP/CWOP_D7608.zarr/
CWOP,CWOP_D7611,s3://cadcat/histwxstns/CWOP/CWOP_D7611.zarr/
CWOP,CWOP_D7617,s3://cadcat/histwxstns/CWOP/CWOP_D7617.zarr/
CWOP,CWOP_D7627,s3://cadcat/histwxstns/CWOP/CWOP_D7627.zarr/
CWOP,CWOP_D7631,s3://cadcat/histwxstns/CWOP/CWOP_D7631.zarr/
CWOP,CWOP_D7634,s3://cadcat/histwxstns/CWOP/CWOP_D7634.zarr/
CWOP,CWOP_D7637,s3://cadcat/histwxstns/CWOP/CWOP_D7637.zarr/
CWOP,CWOP_D7650,s3://cadcat/histwxstns/CWOP/CWOP_D7650.zarr/
CWOP,CWOP_D7657,s3://cadcat/histwxstns/CWOP/CWOP_D7657.zarr/
CWOP,CWOP_D7673,s3://cadcat/histwxstns/CWOP/CWOP_D7673.zarr/
CWOP,CWOP_D7680,s3://cadcat/histwxstns/CWOP/CWOP_D7680.zarr/
CWOP,CWOP_D7682,s3://cadcat/histwxstns/CWOP/CWOP_D7682.zarr/
CWOP,CWOP_D7683,s3://cadcat/histwxstns/CWOP/CWOP_D7683.zarr/
CWOP,CWOP_D7691,s3://cadcat/histwxstns/CWOP/CWOP_D7691.zarr/
CWOP,CWOP_D7699,s3://cadcat/histwxstns/CWOP/CWOP_D7699.zarr/
CWOP,CWOP_D7712,s3://cadcat/histwxstns/CWOP/CWOP_D7712.zarr/
CWOP,CWOP_D7719,s3://cadcat/histwxstns/CWOP/CWOP_D7719.zarr/
CWOP,CWOP_D7734,s3://cadcat/histwxstns/CWOP/CWOP_D7734.zarr/
CWOP,CWOP_D7759,s3://cadcat/histwxstns/CWOP/CWOP_D7759.zarr/
CWOP,CWOP_D7772,s3://cadcat/histwxstns/CWOP/CWOP_D7772.zarr/
CWOP,CWOP_D7774,s3://cadcat/histwxstns/CWOP/CWOP_D7774.zarr/
CWOP,CWOP_D7776,s3://cadcat/histwxstns/CWOP/CWOP_D7776.zarr/
CWOP,CWOP_D7778,s3://cadcat/histwxstns/CWOP/CWOP_D7778.zarr/
CWOP,CWOP_D7795,s3://cadcat/histwxstns/CWOP/CWOP_D7795.zarr/
CWOP,CWOP_D7797,s3://cadcat/histwxstns/CWOP/CWOP_D7797.zarr/
CWOP,CWOP_D7799,s3://cadcat/histwxstns/CWOP/CWOP_D7799.zarr/
CWOP,CWOP_D7805,s3://cadcat/histwxstns/CWOP/CWOP_D7805.zarr/
CWOP,CWOP_D7808,s3://cadcat/histwxstns/CWOP/CWOP_D7808.zarr/
CWOP,CWOP_D7823,s3://cadcat/histwxstns/CWOP/CWOP_D7823.zarr/
CWOP,CWOP_D7835,s3://cadcat/histwxstns/CWOP/CWOP_D7835.zarr/
CWOP,CWOP_D7878,s3://cadcat/histwxstns/CWOP/CWOP_D7878.zarr/
CWOP,CWOP_D7891,s3://cadcat/histwxstns/CWOP/CWOP_D7891.zarr/
CWOP,CWOP_D7894,s3://cadcat/histwxstns/CWOP/CWOP_D7894.zarr/
CWOP,CWOP_D7902,s3://cadcat/histwxstns/CWOP/CWOP_D7902.zarr/
CWOP,CWOP_D7921,s3://cadcat/histwxstns/CWOP/CWOP_D7921.zarr/
CWOP,CWOP_D7923,s3://cadcat/histwxstns/CWOP/CWOP_D7923.zarr/
CWOP,CWOP_D7928,s3://cadcat/histwxstns/CWOP/CWOP_D7928.zarr/
CWOP,CWOP_D7930,s3://cadcat/histwxstns/CWOP/CWOP_D7930.zarr/
CWOP,CWOP_D7931,s3://cadcat/histwxstns/CWOP/CWOP_D7931.zarr/
CWOP,CWOP_D7955,s3://cadcat/histwxstns/CWOP/CWOP_D7955.zarr/
CWOP,CWOP_D7963,s3://cadcat/histwxstns/CWOP/CWOP_D7963.zarr/
CWOP,CWOP_D7980,s3://cadcat/histwxstns/CWOP/CWOP_D7980.zarr/
CWOP,CWOP_D7996,s3://cadcat/histwxstns/CWOP/CWOP_D7996.zarr/
CWOP,CWOP_D8000,s3://cadcat/histwxstns/CWOP/CWOP_D8000.zarr/
CWOP,CWOP_D8008,s3://cadcat/histwxstns/CWOP/CWOP_D8008.zarr/
CWOP,CWOP_D8020,s3://cadcat/histwxstns/CWOP/CWOP_D8020.zarr/
CWOP,CWOP_D8034,s3://cadcat/histwxstns/CWOP/CWOP_D8034.zarr/
CWOP,CWOP_D8037,s3://cadcat/histwxstns/CWOP/CWOP_D8037.zarr/
CWOP,CWOP_D8076,s3://cadcat/histwxstns/CWOP/CWOP_D8076.zarr/
CWOP,CWOP_D8119,s3://cadcat/histwxstns/CWOP/CWOP_D8119.zarr/
CWOP,CWOP_D8132,s3://cadcat/histwxstns/CWOP/CWOP_D8132.zarr/
CWOP,CWOP_D8138,s3://cadcat/histwxstns/CWOP/CWOP_D8138.zarr/
CWOP,CWOP_D8146,s3://cadcat/histwxstns/CWOP/CWOP_D8146.zarr/
CWOP,CWOP_D8151,s3://cadcat/histwxstns/CWOP/CWOP_D8151.zarr/
CWOP,CWOP_D8203,s3://cadcat/histwxstns/CWOP/CWOP_D8203.zarr/
CWOP,CWOP_D8204,s3://cadcat/histwxstns/CWOP/CWOP_D8204.zarr/
CWOP,CWOP_D8205,s3://cadcat/histwxstns/CWOP/CWOP_D8205.zarr/
CWOP,CWOP_D8216,s3://cadcat/histwxstns/CWOP/CWOP_D8216.zarr/
CWOP,CWOP_D8220,s3://cadcat/histwxstns/CWOP/CWOP_D8220.zarr/
CWOP,CWOP_D8222,s3://cadcat/histwxstns/CWOP/CWOP_D8222.zarr/
CWOP,CWOP_D8223,s3://cadcat/histwxstns/CWOP/CWOP_D8223.zarr/
CWOP,CWOP_D8224,s3://cadcat/histwxstns/CWOP/CWOP_D8224.zarr/
CWOP,CWOP_D8230,s3://cadcat/histwxstns/CWOP/CWOP_D8230.zarr/
CWOP,CWOP_D8239,s3://cadcat/histwxstns/CWOP/CWOP_D8239.zarr/
CWOP,CWOP_D8247,s3://cadcat/histwxstns/CWOP/CWOP_D8247.zarr/
CWOP,CWOP_D8258,s3://cadcat/histwxstns/CWOP/CWOP_D8258.zarr/
CWOP,CWOP_D8261,s3://cadcat/histwxstns/CWOP/CWOP_D8261.zarr/
CWOP,CWOP_D8271,s3://cadcat/histwxstns/CWOP/CWOP_D8271.zarr/
CWOP,CWOP_D8273,s3://cadcat/histwxstns/CWOP/CWOP_D8273.zarr/
CWOP,CWOP_D8281,s3://cadcat/histwxstns/CWOP/CWOP_D8281.zarr/
CWOP,CWOP_D8292,s3://cadcat/histwxstns/CWOP/CWOP_D8292.zarr/
CWOP,CWOP_D8313,s3://cadcat/histwxstns/CWOP/CWOP_D8313.zarr/
CWOP,CWOP_D8321,s3://cadcat/histwxstns/CWOP/CWOP_D8321.zarr/
CWOP,CWOP_D8322,s3://cadcat/histwxstns/CWOP/CWOP_D8322.zarr/
CWOP,CWOP_D8324,s3://cadcat/histwxstns/CWOP/CWOP_D8324.zarr/
CWOP,CWOP_D8334,s3://cadcat/histwxstns/CWOP/CWOP_D8334.zarr/
CWOP,CWOP_D8339,s3://cadcat/histwxstns/CWOP/CWOP_D8339.zarr/
CWOP,CWOP_D8341,s3://cadcat/histwxstns/CWOP/CWOP_D8341.zarr/
CWOP,CWOP_D8348,s3://cadcat/histwxstns/CWOP/CWOP_D8348.zarr/
CWOP,CWOP_D8367,s3://cadcat/histwxstns/CWOP/CWOP_D8367.zarr/
CWOP,CWOP_D8374,s3://cadcat/histwxstns/CWOP/CWOP_D8374.zarr/
CWOP,CWOP_D8375,s3://cadcat/histwxstns/CWOP/CWOP_D8375.zarr/
CWOP,CWOP_D8385,s3://cadcat/histwxstns/CWOP/CWOP_D8385.zarr/
CWOP,CWOP_D8393,s3://cadcat/histwxstns/CWOP/CWOP_D8393.zarr/
CWOP,CWOP_D8396,s3://cadcat/histwxstns/CWOP/CWOP_D8396.zarr/
CWOP,CWOP_D8407,s3://cadcat/histwxstns/CWOP/CWOP_D8407.zarr/
CWOP,CWOP_D8425,s3://cadcat/histwxstns/CWOP/CWOP_D8425.zarr/
CWOP,CWOP_D8427,s3://cadcat/histwxstns/CWOP/CWOP_D8427.zarr/
CWOP,CWOP_D8429,s3://cadcat/histwxstns/CWOP/CWOP_D8429.zarr/
CWOP,CWOP_D8432,s3://cadcat/histwxstns/CWOP/CWOP_D8432.zarr/
CWOP,CWOP_D8433,s3://cadcat/histwxstns/CWOP/CWOP_D8433.zarr/
CWOP,CWOP_D8436,s3://cadcat/histwxstns/CWOP/CWOP_D8436.zarr/
CWOP,CWOP_D8445,s3://cadcat/histwxstns/CWOP/CWOP_D8445.zarr/
CWOP,CWOP_D8450,s3://cadcat/histwxstns/CWOP/CWOP_D8450.zarr/
CWOP,CWOP_D8455,s3://cadcat/histwxstns/CWOP/CWOP_D8455.zarr/
CWOP,CWOP_D8461,s3://cadcat/histwxstns/CWOP/CWOP_D8461.zarr/
CWOP,CWOP_D8469,s3://cadcat/histwxstns/CWOP/CWOP_D8469.zarr/
CWOP,CWOP_D8474,s3://cadcat/histwxstns/CWOP/CWOP_D8474.zarr/
CWOP,CWOP_D8484,s3://cadcat/histwxstns/CWOP/CWOP_D8484.zarr/
CWOP,CWOP_D8496,s3://cadcat/histwxstns/CWOP/CWOP_D8496.zarr/
CWOP,CWOP_D8498,s3://cadcat/histwxstns/CWOP/CWOP_D8498.zarr/
CWOP,CWOP_D8509,s3://cadcat/histwxstns/CWOP/CWOP_D8509.zarr/
CWOP,CWOP_D8513,s3://cadcat/histwxstns/CWOP/CWOP_D8513.zarr/
CWOP,CWOP_D8514,s3://cadcat/histwxstns/CWOP/CWOP_D8514.zarr/
CWOP,CWOP_D8515,s3://cadcat/histwxstns/CWOP/CWOP_D8515.zarr/
CWOP,CWOP_D8519,s3://cadcat/histwxstns/CWOP/CWOP_D8519.zarr/
CWOP,CWOP_D8521,s3://cadcat/histwxstns/CWOP/CWOP_D8521.zarr/
CWOP,CWOP_D8525,s3://cadcat/histwxstns/CWOP/CWOP_D8525.zarr/
CWOP,CWOP_D8533,s3://cadcat/histwxstns/CWOP/CWOP_D8533.zarr/
CWOP,CWOP_D8545,s3://cadcat/histwxstns/CWOP/CWOP_D8545.zarr/
CWOP,CWOP_D8546,s3://cadcat/histwxstns/CWOP/CWOP_D8546.zarr/
CWOP,CWOP_D8547,s3://cadcat/histwxstns/CWOP/CWOP_D8547.zarr/
CWOP,CWOP_D8561,s3://cadcat/histwxstns/CWOP/CWOP_D8561.zarr/
CWOP,CWOP_D8568,s3://cadcat/histwxstns/CWOP/CWOP_D8568.zarr/
CWOP,CWOP_D8582,s3://cadcat/histwxstns/CWOP/CWOP_D8582.zarr/
CWOP,CWOP_D8586,s3://cadcat/histwxstns/CWOP/CWOP_D8586.zarr/
CWOP,CWOP_D8590,s3://cadcat/histwxstns/CWOP/CWOP_D8590.zarr/
CWOP,CWOP_D8597,s3://cadcat/histwxstns/CWOP/CWOP_D8597.zarr/
CWOP,CWOP_D8609,s3://cadcat/histwxstns/CWOP/CWOP_D8609.zarr/
CWOP,CWOP_D8613,s3://cadcat/histwxstns/CWOP/CWOP_D8613.zarr/
CWOP,CWOP_D8628,s3://cadcat/histwxstns/CWOP/CWOP_D8628.zarr/
CWOP,CWOP_D8631,s3://cadcat/histwxstns/CWOP/CWOP_D8631.zarr/
CWOP,CWOP_D8632,s3://cadcat/histwxstns/CWOP/CWOP_D8632.zarr/
CWOP,CWOP_D8633,s3://cadcat/histwxstns/CWOP/CWOP_D8633.zarr/
CWOP,CWOP_D8634,s3://cadcat/histwxstns/CWOP/CWOP_D8634.zarr/
CWOP,CWOP_D8635,s3://cadcat/histwxstns/CWOP/CWOP_D8635.zarr/
CWOP,CWOP_D8636,s3://cadcat/histwxstns/CWOP/CWOP_D8636.zarr/
CWOP,CWOP_D8642,s3://cadcat/histwxstns/CWOP/CWOP_D8642.zarr/
CWOP,CWOP_D8644,s3://cadcat/histwxstns/CWOP/CWOP_D8644.zarr/
CWOP,CWOP_D8648,s3://cadcat/histwxstns/CWOP/CWOP_D8648.zarr/
CWOP,CWOP_D8654,s3://cadcat/histwxstns/CWOP/CWOP_D8654.zarr/
CWOP,CWOP_D8658,s3://cadcat/histwxstns/CWOP/CWOP_D8658.zarr/
CWOP,CWOP_D8659,s3://cadcat/histwxstns/CWOP/CWOP_D8659.zarr/
CWOP,CWOP_D8676,s3://cadcat/histwxstns/CWOP/CWOP_D8676.zarr/
CWOP,CWOP_D8690,s3://cadcat/histwxstns/CWOP/CWOP_D8690.zarr/
CWOP,CWOP_D8692,s3://cadcat/histwxstns/CWOP/CWOP_D8692.zarr/
CWOP,CWOP_D8694,s3://cadcat/histwxstns/CWOP/CWOP_D8694.zarr/
CWOP,CWOP_D8695,s3://cadcat/histwxstns/CWOP/CWOP_D8695.zarr/
CWOP,CWOP_D8700,s3://cadcat/histwxstns/CWOP/CWOP_D8700.zarr/
CWOP,CWOP_D8711,s3://cadcat/histwxstns/CWOP/CWOP_D8711.zarr/
CWOP,CWOP_D8716,s3://cadcat/histwxstns/CWOP/CWOP_D8716.zarr/
CWOP,CWOP_D8717,s3://cadcat/histwxstns/CWOP/CWOP_D8717.zarr/
CWOP,CWOP_D8718,s3://cadcat/histwxstns/CWOP/CWOP_D8718.zarr/
CWOP,CWOP_D8720,s3://cadcat/histwxstns/CWOP/CWOP_D8720.zarr/
CWOP,CWOP_D8734,s3://cadcat/histwxstns/CWOP/CWOP_D8734.zarr/
CWOP,CWOP_D8735,s3://cadcat/histwxstns/CWOP/CWOP_D8735.zarr/
CWOP,CWOP_D8737,s3://cadcat/histwxstns/CWOP/CWOP_D8737.zarr/
CWOP,CWOP_D8739,s3://cadcat/histwxstns/CWOP/CWOP_D8739.zarr/
CWOP,CWOP_D8761,s3://cadcat/histwxstns/CWOP/CWOP_D8761.zarr/
CWOP,CWOP_D8782,s3://cadcat/histwxstns/CWOP/CWOP_D8782.zarr/
CWOP,CWOP_D8787,s3://cadcat/histwxstns/CWOP/CWOP_D8787.zarr/
CWOP,CWOP_D8805,s3://cadcat/histwxstns/CWOP/CWOP_D8805.zarr/
CWOP,CWOP_D8808,s3://cadcat/histwxstns/CWOP/CWOP_D8808.zarr/
CWOP,CWOP_D8818,s3://cadcat/histwxstns/CWOP/CWOP_D8818.zarr/
CWOP,CWOP_D8825,s3://cadcat/histwxstns/CWOP/CWOP_D8825.zarr/
CWOP,CWOP_D8831,s3://cadcat/histwxstns/CWOP/CWOP_D8831.zarr/
CWOP,CWOP_D8840,s3://cadcat/histwxstns/CWOP/CWOP_D8840.zarr/
CWOP,CWOP_D8844,s3://cadcat/histwxstns/CWOP/CWOP_D8844.zarr/
CWOP,CWOP_D8846,s3://cadcat/histwxstns/CWOP/CWOP_D8846.zarr/
CWOP,CWOP_D8855,s3://cadcat/histwxstns/CWOP/CWOP_D8855.zarr/
CWOP,CWOP_D8862,s3://cadcat/histwxstns/CWOP/CWOP_D8862.zarr/
CWOP,CWOP_D8880,s3://cadcat/histwxstns/CWOP/CWOP_D8880.zarr/
CWOP,CWOP_D8887,s3://cadcat/histwxstns/CWOP/CWOP_D8887.zarr/
CWOP,CWOP_D8888,s3://cadcat/histwxstns/CWOP/CWOP_D8888.zarr/
CWOP,CWOP_D8889,s3://cadcat/histwxstns/CWOP/CWOP_D8889.zarr/
CWOP,CWOP_D8890,s3://cadcat/histwxstns/CWOP/CWOP_D8890.zarr/
CWOP,CWOP_D8891,s3://cadcat/histwxstns/CWOP/CWOP_D8891.zarr/
CWOP,CWOP_D8892,s3://cadcat/histwxstns/CWOP/CWOP_D8892.zarr/
CWOP,CWOP_D8894,s3://cadcat/histwxstns/CWOP/CWOP_D8894.zarr/
CWOP,CWOP_D8895,s3://cadcat/histwxstns/CWOP/CWOP_D8895.zarr/
CWOP,CWOP_D8904,s3://cadcat/histwxstns/CWOP/CWOP_D8904.zarr/
CWOP,CWOP_D8906,s3://cadcat/histwxstns/CWOP/CWOP_D8906.zarr/
CWOP,CWOP_D8908,s3://cadcat/histwxstns/CWOP/CWOP_D8908.zarr/
CWOP,CWOP_D8915,s3://cadcat/histwxstns/CWOP/CWOP_D8915.zarr/
CWOP,CWOP_D8921,s3://cadcat/histwxstns/CWOP/CWOP_D8921.zarr/
CWOP,CWOP_D8929,s3://cadcat/histwxstns/CWOP/CWOP_D8929.zarr/
CWOP,CWOP_D8934,s3://cadcat/histwxstns/CWOP/CWOP_D8934.zarr/
CWOP,CWOP_D8939,s3://cadcat/histwxstns/CWOP/CWOP_D8939.zarr/
CWOP,CWOP_D8946,s3://cadcat/histwxstns/CWOP/CWOP_D8946.zarr/
CWOP,CWOP_D8947,s3://cadcat/histwxstns/CWOP/CWOP_D8947.zarr/
CWOP,CWOP_D8957,s3://cadcat/histwxstns/CWOP/CWOP_D8957.zarr/
CWOP,CWOP_D8961,s3://cadcat/histwxstns/CWOP/CWOP_D8961.zarr/
CWOP,CWOP_D8969,s3://cadcat/histwxstns/CWOP/CWOP_D8969.zarr/
CWOP,CWOP_D8979,s3://cadcat/histwxstns/CWOP/CWOP_D8979.zarr/
CWOP,CWOP_D8980,s3://cadcat/histwxstns/CWOP/CWOP_D8980.zarr/
CWOP,CWOP_D8984,s3://cadcat/histwxstns/CWOP/CWOP_D8984.zarr/
CWOP,CWOP_D8989,s3://cadcat/histwxstns/CWOP/CWOP_D8989.zarr/
CWOP,CWOP_D8990,s3://cadcat/histwxstns/CWOP/CWOP_D8990.zarr/
CWOP,CWOP_D8992,s3://cadcat/histwxstns/CWOP/CWOP_D8992.zarr/
CWOP,CWOP_D9004,s3://cadcat/histwxstns/CWOP/CWOP_D9004.zarr/
CWOP,CWOP_D9017,s3://cadcat/histwxstns/CWOP/CWOP_D9017.zarr/
CWOP,CWOP_D9019,s3://cadcat/histwxstns/CWOP/CWOP_D9019.zarr/
CWOP,CWOP_D9020,s3://cadcat/histwxstns/CWOP/CWOP_D9020.zarr/
CWOP,CWOP_D9027,s3://cadcat/histwxstns/CWOP/CWOP_D9027.zarr/
CWOP,CWOP_D9037,s3://cadcat/histwxstns/CWOP/CWOP_D9037.zarr/
CWOP,CWOP_D9039,s3://cadcat/histwxstns/CWOP/CWOP_D9039.zarr/
CWOP,CWOP_D9043,s3://cadcat/histwxstns/CWOP/CWOP_D9043.zarr/
CWOP,CWOP_D9051,s3://cadcat/histwxstns/CWOP/CWOP_D9051.zarr/
CWOP,CWOP_D9059,s3://cadcat/histwxstns/CWOP/CWOP_D9059.zarr/
CWOP,CWOP_D9063,s3://cadcat/histwxstns/CWOP/CWOP_D9063.zarr/
CWOP,CWOP_D9064,s3://cadcat/histwxstns/CWOP/CWOP_D9064.zarr/
CWOP,CWOP_D9068,s3://cadcat/histwxstns/CWOP/CWOP_D9068.zarr/
CWOP,CWOP_D9069,s3://cadcat/histwxstns/CWOP/CWOP_D9069.zarr/
CWOP,CWOP_D9072,s3://cadcat/histwxstns/CWOP/CWOP_D9072.zarr/
CWOP,CWOP_D9079,s3://cadcat/histwxstns/CWOP/CWOP_D9079.zarr/
CWOP,CWOP_D9092,s3://cadcat/histwxstns/CWOP/CWOP_D9092.zarr/
CWOP,CWOP_D9096,s3://cadcat/histwxstns/CWOP/CWOP_D9096.zarr/
CWOP,CWOP_D9100,s3://cadcat/histwxstns/CWOP/CWOP_D9100.zarr/
CWOP,CWOP_D9116,s3://cadcat/histwxstns/CWOP/CWOP_D9116.zarr/
CWOP,CWOP_D9117,s3://cadcat/histwxstns/CWOP/CWOP_D9117.zarr/
CWOP,CWOP_D9122,s3://cadcat/histwxstns/CWOP/CWOP_D9122.zarr/
CWOP,CWOP_D9126,s3://cadcat/histwxstns/CWOP/CWOP_D9126.zarr/
CWOP,CWOP_D9138,s3://cadcat/histwxstns/CWOP/CWOP_D9138.zarr/
CWOP,CWOP_D9139,s3://cadcat/histwxstns/CWOP/CWOP_D9139.zarr/
CWOP,CWOP_D9146,s3://cadcat/histwxstns/CWOP/CWOP_D9146.zarr/
CWOP,CWOP_D9147,s3://cadcat/histwxstns/CWOP/CWOP_D9147.zarr/
CWOP,CWOP_D9160,s3://cadcat/histwxstns/CWOP/CWOP_D9160.zarr/
CWOP,CWOP_D9177,s3://cadcat/histwxstns/CWOP/CWOP_D9177.zarr/
CWOP,CWOP_D9182,s3://cadcat/histwxstns/CWOP/CWOP_D9182.zarr/
CWOP,CWOP_D9188,s3://cadcat/histwxstns/CWOP/CWOP_D9188.zarr/
CWOP,CWOP_D9191,s3://cadcat/histwxstns/CWOP/CWOP_D9191.zarr/
CWOP,CWOP_D9198,s3://cadcat/histwxstns/CWOP/CWOP_D9198.zarr/
CWOP,CWOP_D9201,s3://cadcat/histwxstns/CWOP/CWOP_D9201.zarr/
CWOP,CWOP_D9208,s3://cadcat/histwxstns/CWOP/CWOP_D9208.zarr/
CWOP,CWOP_D9215,s3://cadcat/histwxstns/CWOP/CWOP_D9215.zarr/
CWOP,CWOP_D9216,s3://cadcat/histwxstns/CWOP/CWOP_D9216.zarr/
CWOP,CWOP_D9224,s3://cadcat/histwxstns/CWOP/CWOP_D9224.zarr/
CWOP,CWOP_D9231,s3://cadcat/histwxstns/CWOP/CWOP_D9231.zarr/
CWOP,CWOP_D9235,s3://cadcat/histwxstns/CWOP/CWOP_D9235.zarr/
CWOP,CWOP_D9240,s3://cadcat/histwxstns/CWOP/CWOP_D9240.zarr/
CWOP,CWOP_D9248,s3://cadcat/histwxstns/CWOP/CWOP_D9248.zarr/
CWOP,CWOP_D9259,s3://cadcat/histwxstns/CWOP/CWOP_D9259.zarr/
CWOP,CWOP_D9261,s3://cadcat/histwxstns/CWOP/CWOP_D9261.zarr/
CWOP,CWOP_D9278,s3://cadcat/histwxstns/CWOP/CWOP_D9278.zarr/
CWOP,CWOP_D9287,s3://cadcat/histwxstns/CWOP/CWOP_D9287.zarr/
CWOP,CWOP_D9298,s3://cadcat/histwxstns/CWOP/CWOP_D9298.zarr/
CWOP,CWOP_D9299,s3://cadcat/histwxstns/CWOP/CWOP_D9299.zarr/
CWOP,CWOP_D9301,s3://cadcat/histwxstns/CWOP/CWOP_D9301.zarr/
CWOP,CWOP_D9305,s3://cadcat/histwxstns/CWOP/CWOP_D9305.zarr/
CWOP,CWOP_D9306,s3://cadcat/histwxstns/CWOP/CWOP_D9306.zarr/
CWOP,CWOP_D9321,s3://cadcat/histwxstns/CWOP/CWOP_D9321.zarr/
CWOP,CWOP_D9323,s3://cadcat/histwxstns/CWOP/CWOP_D9323.zarr/
CWOP,CWOP_D9334,s3://cadcat/histwxstns/CWOP/CWOP_D9334.zarr/
CWOP,CWOP_D9346,s3://cadcat/histwxstns/CWOP/CWOP_D9346.zarr/
CWOP,CWOP_D9351,s3://cadcat/histwxstns/CWOP/CWOP_D9351.zarr/
CWOP,CWOP_D9352,s3://cadcat/histwxstns/CWOP/CWOP_D9352.zarr/
CWOP,CWOP_D9358,s3://cadcat/histwxstns/CWOP/CWOP_D9358.zarr/
CWOP,CWOP_D9370,s3://cadcat/histwxstns/CWOP/CWOP_D9370.zarr/
CWOP,CWOP_D9376,s3://cadcat/histwxstns/CWOP/CWOP_D9376.zarr/
CWOP,CWOP_D9378,s3://cadcat/histwxstns/CWOP/CWOP_D9378.zarr/
CWOP,CWOP_D9379,s3://cadcat/histwxstns/CWOP/CWOP_D9379.zarr/
CWOP,CWOP_D9390,s3://cadcat/histwxstns/CWOP/CWOP_D9390.zarr/
CWOP,CWOP_D9392,s3://cadcat/histwxstns/CWOP/CWOP_D9392.zarr/
CWOP,CWOP_D9393,s3://cadcat/histwxstns/CWOP/CWOP_D9393.zarr/
CWOP,CWOP_D9395,s3://cadcat/histwxstns/CWOP/CWOP_D9395.zarr/
CWOP,CWOP_D9396,s3://cadcat/histwxstns/CWOP/CWOP_D9396.zarr/
CWOP,CWOP_D9397,s3://cadcat/histwxstns/CWOP/CWOP_D9397.zarr/
CWOP,CWOP_D9399,s3://cadcat/histwxstns/CWOP/CWOP_D9399.zarr/
CWOP,CWOP_D9403,s3://cadcat/histwxstns/CWOP/CWOP_D9403.zarr/
CWOP,CWOP_D9404,s3://cadcat/histwxstns/CWOP/CWOP_D9404.zarr/
CWOP,CWOP_D9406,s3://cadcat/histwxstns/CWOP/CWOP_D9406.zarr/
CWOP,CWOP_D9409,s3://cadcat/histwxstns/CWOP/CWOP_D9409.zarr/
CWOP,CWOP_D9413,s3://cadcat/histwxstns/CWOP/CWOP_D9413.zarr/
CWOP,CWOP_D9423,s3://cadcat/histwxstns/CWOP/CWOP_D9423.zarr/
CWOP,CWOP_D9425,s3://cadcat/histwxstns/CWOP/CWOP_D9425.zarr/
CWOP,CWOP_D9430,s3://cadcat/histwxstns/CWOP/CWOP_D9430.zarr/
CWOP,CWOP_D9434,s3://cadcat/histwxstns/CWOP/CWOP_D9434.zarr/
CWOP,CWOP_D9435,s3://cadcat/histwxstns/CWOP/CWOP_D9435.zarr/
CWOP,CWOP_D9436,s3://cadcat/histwxstns/CWOP/CWOP_D9436.zarr/
CWOP,CWOP_D9455,s3://cadcat/histwxstns/CWOP/CWOP_D9455.zarr/
CWOP,CWOP_D9462,s3://cadcat/histwxstns/CWOP/CWOP_D9462.zarr/
CWOP,CWOP_D9476,s3://cadcat/histwxstns/CWOP/CWOP_D9476.zarr/
CWOP,CWOP_D9477,s3://cadcat/histwxstns/CWOP/CWOP_D9477.zarr/
CWOP,CWOP_D9489,s3://cadcat/histwxstns/CWOP/CWOP_D9489.zarr/
CWOP,CWOP_D9493,s3://cadcat/histwxstns/CWOP/CWOP_D9493.zarr/
CWOP,CWOP_D9521,s3://cadcat/histwxstns/CWOP/CWOP_D9521.zarr/
CWOP,CWOP_D9522,s3://cadcat/histwxstns/CWOP/CWOP_D9522.zarr/
CWOP,CWOP_D9523,s3://cadcat/histwxstns/CWOP/CWOP_D9523.zarr/
CWOP,CWOP_D9524,s3://cadcat/histwxstns/CWOP/CWOP_D9524.zarr/
CWOP,CWOP_D9525,s3://cadcat/histwxstns/CWOP/CWOP_D9525.zarr/
CWOP,CWOP_D9526,s3://cadcat/histwxstns/CWOP/CWOP_D9526.zarr/
CWOP,CWOP_D9528,s3://cadcat/histwxstns/CWOP/CWOP_D9528.zarr/
CWOP,CWOP_D9558,s3://cadcat/histwxstns/CWOP/CWOP_D9558.zarr/
CWOP,CWOP_D9559,s3://cadcat/histwxstns/CWOP/CWOP_D9559.zarr/
CWOP,CWOP_D9562,s3://cadcat/histwxstns/CWOP/CWOP_D9562.zarr/
CWOP,CWOP_D9564,s3://cadcat/histwxstns/CWOP/CWOP_D9564.zarr/
CWOP,CWOP_D9565,s3://cadcat/histwxstns/CWOP/CWOP_D9565.zarr/
CWOP,CWOP_D9566,s3://cadcat/histwxstns/CWOP/CWOP_D9566.zarr/
CWOP,CWOP_D9572,s3://cadcat/histwxstns/CWOP/CWOP_D9572.zarr/
CWOP,CWOP_D9579,s3://cadcat/histwxstns/CWOP/CWOP_D9579.zarr/
CWOP,CWOP_D9589,s3://cadcat/histwxstns/CWOP/CWOP_D9589.zarr/
CWOP,CWOP_D9591,s3://cadcat/histwxstns/CWOP/CWOP_D9591.zarr/
CWOP,CWOP_D9593,s3://cadcat/histwxstns/CWOP/CWOP_D9593.zarr/
CWOP,CWOP_D9600,s3://cadcat/histwxstns/CWOP/CWOP_D9600.zarr/
CWOP,CWOP_D9604,s3://cadcat/histwxstns/CWOP/CWOP_D9604.zarr/
CWOP,CWOP_D9605,s3://cadcat/histwxstns/CWOP/CWOP_D9605.zarr/
CWOP,CWOP_D9612,s3://cadcat/histwxstns/CWOP/CWOP_D9612.zarr/
CWOP,CWOP_D9622,s3://cadcat/histwxstns/CWOP/CWOP_D9622.zarr/
CWOP,CWOP_D9627,s3://cadcat/histwxstns/CWOP/CWOP_D9627.zarr/
CWOP,CWOP_D9628,s3://cadcat/histwxstns/CWOP/CWOP_D9628.zarr/
CWOP,CWOP_D9630,s3://cadcat/histwxstns/CWOP/CWOP_D9630.zarr/
CWOP,CWOP_D9633,s3://cadcat/histwxstns/CWOP/CWOP_D9633.zarr/
CWOP,CWOP_D9634,s3://cadcat/histwxstns/CWOP/CWOP_D9634.zarr/
CWOP,CWOP_D9636,s3://cadcat/histwxstns/CWOP/CWOP_D9636.zarr/
CWOP,CWOP_D9646,s3://cadcat/histwxstns/CWOP/CWOP_D9646.zarr/
CWOP,CWOP_D9658,s3://cadcat/histwxstns/CWOP/CWOP_D9658.zarr/
CWOP,CWOP_D9659,s3://cadcat/histwxstns/CWOP/CWOP_D9659.zarr/
CWOP,CWOP_D9680,s3://cadcat/histwxstns/CWOP/CWOP_D9680.zarr/
CWOP,CWOP_D9685,s3://cadcat/histwxstns/CWOP/CWOP_D9685.zarr/
CWOP,CWOP_D9686,s3://cadcat/histwxstns/CWOP/CWOP_D9686.zarr/
CWOP,CWOP_D9694,s3://cadcat/histwxstns/CWOP/CWOP_D9694.zarr/
CWOP,CWOP_D9695,s3://cadcat/histwxstns/CWOP/CWOP_D9695.zarr/
CWOP,CWOP_D9697,s3://cadcat/histwxstns/CWOP/CWOP_D9697.zarr/
CWOP,CWOP_D9704,s3://cadcat/histwxstns/CWOP/CWOP_D9704.zarr/
CWOP,CWOP_D9712,s3://cadcat/histwxstns/CWOP/CWOP_D9712.zarr/
CWOP,CWOP_D9718,s3://cadcat/histwxstns/CWOP/CWOP_D9718.zarr/
CWOP,CWOP_D9721,s3://cadcat/histwxstns/CWOP/CWOP_D9721.zarr/
CWOP,CWOP_D9722,s3://cadcat/histwxstns/CWOP/CWOP_D9722.zarr/
CWOP,CWOP_D9723,s3://cadcat/histwxstns/CWOP/CWOP_D9723.zarr/
CWOP,CWOP_D9724,s3://cadcat/histwxstns/CWOP/CWOP_D9724.zarr/
CWOP,CWOP_D9732,s3://cadcat/histwxstns/CWOP/CWOP_D9732.zarr/
CWOP,CWOP_D9737,s3://cadcat/histwxstns/CWOP/CWOP_D9737.zarr/
CWOP,CWOP_D9751,s3://cadcat/histwxstns/CWOP/CWOP_D9751.zarr/
CWOP,CWOP_D9755,s3://cadcat/histwxstns/CWOP/CWOP_D9755.zarr/
CWOP,CWOP_D9756,s3://cadcat/histwxstns/CWOP/CWOP_D9756.zarr/
CWOP,CWOP_D9771,s3://cadcat/histwxstns/CWOP/CWOP_D9771.zarr/
CWOP,CWOP_D9773,s3://cadcat/histwxstns/CWOP/CWOP_D9773.zarr/
CWOP,CWOP_D9787,s3://cadcat/histwxstns/CWOP/CWOP_D9787.zarr/
CWOP,CWOP_D9791,s3://cadcat/histwxstns/CWOP/CWOP_D9791.zarr/
CWOP,CWOP_D9800,s3://cadcat/histwxstns/CWOP/CWOP_D9800.zarr/
CWOP,CWOP_D9812,s3://cadcat/histwxstns/CWOP/CWOP_D9812.zarr/
CWOP,CWOP_D9814,s3://cadcat/histwxstns/CWOP/CWOP_D9814.zarr/
CWOP,CWOP_D9819,s3://cadcat/histwxstns/CWOP/CWOP_D9819.zarr/
CWOP,CWOP_D9826,s3://cadcat/histwxstns/CWOP/CWOP_D9826.zarr/
CWOP,CWOP_D9834,s3://cadcat/histwxstns/CWOP/CWOP_D9834.zarr/
CWOP,CWOP_D9840,s3://cadcat/histwxstns/CWOP/CWOP_D9840.zarr/
CWOP,CWOP_D9841,s3://cadcat/histwxstns/CWOP/CWOP_D9841.zarr/
CWOP,CWOP_D9850,s3://cadcat/histwxstns/CWOP/CWOP_D9850.zarr/
CWOP,CWOP_D9857,s3://cadcat/histwxstns/CWOP/CWOP_D9857.zarr/
CWOP,CWOP_D9859,s3://cadcat/histwxstns/CWOP/CWOP_D9859.zarr/
CWOP,CWOP_D9869,s3://cadcat/histwxstns/CWOP/CWOP_D9869.zarr/
CWOP,CWOP_D9874,s3://cadcat/histwxstns/CWOP/CWOP_D9874.zarr/
CWOP,CWOP_D9878,s3://cadcat/histwxstns/CWOP/CWOP_D9878.zarr/
CWOP,CWOP_D9882,s3://cadcat/histwxstns/CWOP/CWOP_D9882.zarr/
CWOP,CWOP_D9883,s3://cadcat/histwxstns/CWOP/CWOP_D9883.zarr/
CWOP,CWOP_D9886,s3://cadcat/histwxstns/CWOP/CWOP_D9886.zarr/
CWOP,CWOP_D9888,s3://cadcat/histwxstns/CWOP/CWOP_D9888.zarr/
CWOP,CWOP_D9889,s3://cadcat/histwxstns/CWOP/CWOP_D9889.zarr/
CWOP,CWOP_D9890,s3://cadcat/histwxstns/CWOP/CWOP_D9890.zarr/
CWOP,CWOP_D9896,s3://cadcat/histwxstns/CWOP/CWOP_D9896.zarr/
CWOP,CWOP_D9913,s3://cadcat/histwxstns/CWOP/CWOP_D9913.zarr/
CWOP,CWOP_D9925,s3://cadcat/histwxstns/CWOP/CWOP_D9925.zarr/
CWOP,CWOP_D9931,s3://cadcat/histwxstns/CWOP/CWOP_D9931.zarr/
CWOP,CWOP_D9937,s3://cadcat/histwxstns/CWOP/CWOP_D9937.zarr/
CWOP,CWOP_D9938,s3://cadcat/histwxstns/CWOP/CWOP_D9938.zarr/
CWOP,CWOP_D9940,s3://cadcat/histwxstns/CWOP/CWOP_D9940.zarr/
CWOP,CWOP_D9951,s3://cadcat/histwxstns/CWOP/CWOP_D9951.zarr/
CWOP,CWOP_D9952,s3://cadcat/histwxstns/CWOP/CWOP_D9952.zarr/
CWOP,CWOP_D9955,s3://cadcat/histwxstns/CWOP/CWOP_D9955.zarr/
CWOP,CWOP_D9957,s3://cadcat/histwxstns/CWOP/CWOP_D9957.zarr/
CWOP,CWOP_D9961,s3://cadcat/histwxstns/CWOP/CWOP_D9961.zarr/
CWOP,CWOP_D9963,s3://cadcat/histwxstns/CWOP/CWOP_D9963.zarr/
CWOP,CWOP_D9964,s3://cadcat/histwxstns/CWOP/CWOP_D9964.zarr/
CWOP,CWOP_D9972,s3://cadcat/histwxstns/CWOP/CWOP_D9972.zarr/
CWOP,CWOP_D9975,s3://cadcat/histwxstns/CWOP/CWOP_D9975.zarr/
CWOP,CWOP_D9978,s3://cadcat/histwxstns/CWOP/CWOP_D9978.zarr/
CWOP,CWOP_D9996,s3://cadcat/histwxstns/CWOP/CWOP_D9996.zarr/
CWOP,CWOP_E0013,s3://cadcat/histwxstns/CWOP/CWOP_E0013.zarr/
CWOP,CWOP_E0024,s3://cadcat/histwxstns/CWOP/CWOP_E0024.zarr/
CWOP,CWOP_E0026,s3://cadcat/histwxstns/CWOP/CWOP_E0026.zarr/
CWOP,CWOP_E0033,s3://cadcat/histwxstns/CWOP/CWOP_E0033.zarr/
CWOP,CWOP_E0034,s3://cadcat/histwxstns/CWOP/CWOP_E0034.zarr/
CWOP,CWOP_E0056,s3://cadcat/histwxstns/CWOP/CWOP_E0056.zarr/
CWOP,CWOP_E0059,s3://cadcat/histwxstns/CWOP/CWOP_E0059.zarr/
CWOP,CWOP_E0061,s3://cadcat/histwxstns/CWOP/CWOP_E0061.zarr/
CWOP,CWOP_E0062,s3://cadcat/histwxstns/CWOP/CWOP_E0062.zarr/
CWOP,CWOP_E0065,s3://cadcat/histwxstns/CWOP/CWOP_E0065.zarr/
CWOP,CWOP_E0066,s3://cadcat/histwxstns/CWOP/CWOP_E0066.zarr/
CWOP,CWOP_E0068,s3://cadcat/histwxstns/CWOP/CWOP_E0068.zarr/
CWOP,CWOP_E0072,s3://cadcat/histwxstns/CWOP/CWOP_E0072.zarr/
CWOP,CWOP_E0075,s3://cadcat/histwxstns/CWOP/CWOP_E0075.zarr/
CWOP,CWOP_E0085,s3://cadcat/histwxstns/CWOP/CWOP_E0085.zarr/
CWOP,CWOP_E0093,s3://cadcat/histwxstns/CWOP/CWOP_E0093.zarr/
CWOP,CWOP_E0094,s3://cadcat/histwxstns/CWOP/CWOP_E0094.zarr/
CWOP,CWOP_E0123,s3://cadcat/histwxstns/CWOP/CWOP_E0123.zarr/
CWOP,CWOP_E0136,s3://cadcat/histwxstns/CWOP/CWOP_E0136.zarr/
CWOP,CWOP_E0138,s3://cadcat/histwxstns/CWOP/CWOP_E0138.zarr/
CWOP,CWOP_E0139,s3://cadcat/histwxstns/CWOP/CWOP_E0139.zarr/
CWOP,CWOP_E0148,s3://cadcat/histwxstns/CWOP/CWOP_E0148.zarr/
CWOP,CWOP_E0159,s3://cadcat/histwxstns/CWOP/CWOP_E0159.zarr/
CWOP,CWOP_E0174,s3://cadcat/histwxstns/CWOP/CWOP_E0174.zarr/
CWOP,CWOP_E0176,s3://cadcat/histwxstns/CWOP/CWOP_E0176.zarr/
CWOP,CWOP_E0184,s3://cadcat/histwxstns/CWOP/CWOP_E0184.zarr/
CWOP,CWOP_E0185,s3://cadcat/histwxstns/CWOP/CWOP_E0185.zarr/
CWOP,CWOP_E0191,s3://cadcat/histwxstns/CWOP/CWOP_E0191.zarr/
CWOP,CWOP_E0206,s3://cadcat/histwxstns/CWOP/CWOP_E0206.zarr/
CWOP,CWOP_E0209,s3://cadcat/histwxstns/CWOP/CWOP_E0209.zarr/
CWOP,CWOP_E0212,s3://cadcat/histwxstns/CWOP/CWOP_E0212.zarr/
CWOP,CWOP_E0227,s3://cadcat/histwxstns/CWOP/CWOP_E0227.zarr/
CWOP,CWOP_E0234,s3://cadcat/histwxstns/CWOP/CWOP_E0234.zarr/
CWOP,CWOP_E0238,s3://cadcat/histwxstns/CWOP/CWOP_E0238.zarr/
CWOP,CWOP_E0240,s3://cadcat/histwxstns/CWOP/CWOP_E0240.zarr/
CWOP,CWOP_E0246,s3://cadcat/histwxstns/CWOP/CWOP_E0246.zarr/
CWOP,CWOP_E0252,s3://cadcat/histwxstns/CWOP/CWOP_E0252.zarr/
CWOP,CWOP_E0256,s3://cadcat/histwxstns/CWOP/CWOP_E0256.zarr/
CWOP,CWOP_E0259,s3://cadcat/histwxstns/CWOP/CWOP_E0259.zarr/
CWOP,CWOP_E0262,s3://cadcat/histwxstns/CWOP/CWOP_E0262.zarr/
CWOP,CWOP_E0265,s3://cadcat/histwxstns/CWOP/CWOP_E0265.zarr/
CWOP,CWOP_E0304,s3://cadcat/histwxstns/CWOP/CWOP_E0304.zarr/
CWOP,CWOP_E0322,s3://cadcat/histwxstns/CWOP/CWOP_E0322.zarr/
CWOP,CWOP_E0339,s3://cadcat/histwxstns/CWOP/CWOP_E0339.zarr/
CWOP,CWOP_E0349,s3://cadcat/histwxstns/CWOP/CWOP_E0349.zarr/
CWOP,CWOP_E0354,s3://cadcat/histwxstns/CWOP/CWOP_E0354.zarr/
CWOP,CWOP_E0366,s3://cadcat/histwxstns/CWOP/CWOP_E0366.zarr/
CWOP,CWOP_E0383,s3://cadcat/histwxstns/CWOP/CWOP_E0383.zarr/
CWOP,CWOP_E0387,s3://cadcat/histwxstns/CWOP/CWOP_E0387.zarr/
CWOP,CWOP_E0414,s3://cadcat/histwxstns/CWOP/CWOP_E0414.zarr/
CWOP,CWOP_E0423,s3://cadcat/histwxstns/CWOP/CWOP_E0423.zarr/
CWOP,CWOP_E0424,s3://cadcat/histwxstns/CWOP/CWOP_E0424.zarr/
CWOP,CWOP_E0426,s3://cadcat/histwxstns/CWOP/CWOP_E0426.zarr/
CWOP,CWOP_E0430,s3://cadcat/histwxstns/CWOP/CWOP_E0430.zarr/
CWOP,CWOP_E0433,s3://cadcat/histwxstns/CWOP/CWOP_E0433.zarr/
CWOP,CWOP_E0435,s3://cadcat/histwxstns/CWOP/CWOP_E0435.zarr/
CWOP,CWOP_E0451,s3://cadcat/histwxstns/CWOP/CWOP_E0451.zarr/
CWOP,CWOP_E0475,s3://cadcat/histwxstns/CWOP/CWOP_E0475.zarr/
CWOP,CWOP_E0477,s3://cadcat/histwxstns/CWOP/CWOP_E0477.zarr/
CWOP,CWOP_E0480,s3://cadcat/histwxstns/CWOP/CWOP_E0480.zarr/
CWOP,CWOP_E0482,s3://cadcat/histwxstns/CWOP/CWOP_E0482.zarr/
CWOP,CWOP_E0485,s3://cadcat/histwxstns/CWOP/CWOP_E0485.zarr/
CWOP,CWOP_E0489,s3://cadcat/histwxstns/CWOP/CWOP_E0489.zarr/
CWOP,CWOP_E0492,s3://cadcat/histwxstns/CWOP/CWOP_E0492.zarr/
CWOP,CWOP_E0494,s3://cadcat/histwxstns/CWOP/CWOP_E0494.zarr/
CWOP,CWOP_E0497,s3://cadcat/histwxstns/CWOP/CWOP_E0497.zarr/
CWOP,CWOP_E0499,s3://cadcat/histwxstns/CWOP/CWOP_E0499.zarr/
CWOP,CWOP_E0516,s3://cadcat/histwxstns/CWOP/CWOP_E0516.zarr/
CWOP,CWOP_E0518,s3://cadcat/histwxstns/CWOP/CWOP_E0518.zarr/
CWOP,CWOP_E0528,s3://cadcat/histwxstns/CWOP/CWOP_E0528.zarr/
CWOP,CWOP_E0529,s3://cadcat/histwxstns/CWOP/CWOP_E0529.zarr/
CWOP,CWOP_E0533,s3://cadcat/histwxstns/CWOP/CWOP_E0533.zarr/
CWOP,CWOP_E0538,s3://cadcat/histwxstns/CWOP/CWOP_E0538.zarr/
CWOP,CWOP_E0539,s3://cadcat/histwxstns/CWOP/CWOP_E0539.zarr/
CWOP,CWOP_E0542,s3://cadcat/histwxstns/CWOP/CWOP_E0542.zarr/
CWOP,CWOP_E0544,s3://cadcat/histwxstns/CWOP/CWOP_E0544.zarr/
CWOP,CWOP_E0564,s3://cadcat/histwxstns/CWOP/CWOP_E0564.zarr/
CWOP,CWOP_E0571,s3://cadcat/histwxstns/CWOP/CWOP_E0571.zarr/
CWOP,CWOP_E0573,s3://cadcat/histwxstns/CWOP/CWOP_E0573.zarr/
CWOP,CWOP_E0578,s3://cadcat/histwxstns/CWOP/CWOP_E0578.zarr/
CWOP,CWOP_E0586,s3://cadcat/histwxstns/CWOP/CWOP_E0586.zarr/
CWOP,CWOP_E0588,s3://cadcat/histwxstns/CWOP/CWOP_E0588.zarr/
CWOP,CWOP_E0591,s3://cadcat/histwxstns/CWOP/CWOP_E0591.zarr/
CWOP,CWOP_E0593,s3://cadcat/histwxstns/CWOP/CWOP_E0593.zarr/
CWOP,CWOP_E0595,s3://cadcat/histwxstns/CWOP/CWOP_E0595.zarr/
CWOP,CWOP_E0596,s3://cadcat/histwxstns/CWOP/CWOP_E0596.zarr/
CWOP,CWOP_E0597,s3://cadcat/histwxstns/CWOP/CWOP_E0597.zarr/
CWOP,CWOP_E0601,s3://cadcat/histwxstns/CWOP/CWOP_E0601.zarr/
CWOP,CWOP_E0607,s3://cadcat/histwxstns/CWOP/CWOP_E0607.zarr/
CWOP,CWOP_E0650,s3://cadcat/histwxstns/CWOP/CWOP_E0650.zarr/
CWOP,CWOP_E0657,s3://cadcat/histwxstns/CWOP/CWOP_E0657.zarr/
CWOP,CWOP_E0662,s3://cadcat/histwxstns/CWOP/CWOP_E0662.zarr/
CWOP,CWOP_E0666,s3://cadcat/histwxstns/CWOP/CWOP_E0666.zarr/
CWOP,CWOP_E0669,s3://cadcat/histwxstns/CWOP/CWOP_E0669.zarr/
CWOP,CWOP_E0673,s3://cadcat/histwxstns/CWOP/CWOP_E0673.zarr/
CWOP,CWOP_E0674,s3://cadcat/histwxstns/CWOP/CWOP_E0674.zarr/
CWOP,CWOP_E0681,s3://cadcat/histwxstns/CWOP/CWOP_E0681.zarr/
CWOP,CWOP_E0682,s3://cadcat/histwxstns/CWOP/CWOP_E0682.zarr/
CWOP,CWOP_E0706,s3://cadcat/histwxstns/CWOP/CWOP_E0706.zarr/
CWOP,CWOP_E0709,s3://cadcat/histwxstns/CWOP/CWOP_E0709.zarr/
CWOP,CWOP_E0713,s3://cadcat/histwxstns/CWOP/CWOP_E0713.zarr/
CWOP,CWOP_E0715,s3://cadcat/histwxstns/CWOP/CWOP_E0715.zarr/
CWOP,CWOP_E0726,s3://cadcat/histwxstns/CWOP/CWOP_E0726.zarr/
CWOP,CWOP_E0748,s3://cadcat/histwxstns/CWOP/CWOP_E0748.zarr/
CWOP,CWOP_E0749,s3://cadcat/histwxstns/CWOP/CWOP_E0749.zarr/
CWOP,CWOP_E0750,s3://cadcat/histwxstns/CWOP/CWOP_E0750.zarr/
CWOP,CWOP_E0751,s3://cadcat/histwxstns/CWOP/CWOP_E0751.zarr/
CWOP,CWOP_E0770,s3://cadcat/histwxstns/CWOP/CWOP_E0770.zarr/
CWOP,CWOP_E0780,s3://cadcat/histwxstns/CWOP/CWOP_E0780.zarr/
CWOP,CWOP_E0783,s3://cadcat/histwxstns/CWOP/CWOP_E0783.zarr/
CWOP,CWOP_E0787,s3://cadcat/histwxstns/CWOP/CWOP_E0787.zarr/
CWOP,CWOP_E0812,s3://cadcat/histwxstns/CWOP/CWOP_E0812.zarr/
CWOP,CWOP_E0820,s3://cadcat/histwxstns/CWOP/CWOP_E0820.zarr/
CWOP,CWOP_E0845,s3://cadcat/histwxstns/CWOP/CWOP_E0845.zarr/
CWOP,CWOP_E0853,s3://cadcat/histwxstns/CWOP/CWOP_E0853.zarr/
CWOP,CWOP_E0859,s3://cadcat/histwxstns/CWOP/CWOP_E0859.zarr/
CWOP,CWOP_E0868,s3://cadcat/histwxstns/CWOP/CWOP_E0868.zarr/
CWOP,CWOP_E0876,s3://cadcat/histwxstns/CWOP/CWOP_E0876.zarr/
CWOP,CWOP_E0881,s3://cadcat/histwxstns/CWOP/CWOP_E0881.zarr/
CWOP,CWOP_E0929,s3://cadcat/histwxstns/CWOP/CWOP_E0929.zarr/
CWOP,CWOP_E0937,s3://cadcat/histwxstns/CWOP/CWOP_E0937.zarr/
CWOP,CWOP_E0957,s3://cadcat/histwxstns/CWOP/CWOP_E0957.zarr/
CWOP,CWOP_E0980,s3://cadcat/histwxstns/CWOP/CWOP_E0980.zarr/
CWOP,CWOP_E0988,s3://cadcat/histwxstns/CWOP/CWOP_E0988.zarr/
CWOP,CWOP_E0993,s3://cadcat/histwxstns/CWOP/CWOP_E0993.zarr/
CWOP,CWOP_E0995,s3://cadcat/histwxstns/CWOP/CWOP_E0995.zarr/
CWOP,CWOP_E1026,s3://cadcat/histwxstns/CWOP/CWOP_E1026.zarr/
CWOP,CWOP_E1033,s3://cadcat/histwxstns/CWOP/CWOP_E1033.zarr/
CWOP,CWOP_E1047,s3://cadcat/histwxstns/CWOP/CWOP_E1047.zarr/
CWOP,CWOP_E1076,s3://cadcat/histwxstns/CWOP/CWOP_E1076.zarr/
CWOP,CWOP_E1089,s3://cadcat/histwxstns/CWOP/CWOP_E1089.zarr/
CWOP,CWOP_E1091,s3://cadcat/histwxstns/CWOP/CWOP_E1091.zarr/
CWOP,CWOP_E1095,s3://cadcat/histwxstns/CWOP/CWOP_E1095.zarr/
CWOP,CWOP_E1099,s3://cadcat/histwxstns/CWOP/CWOP_E1099.zarr/
CWOP,CWOP_E1100,s3://cadcat/histwxstns/CWOP/CWOP_E1100.zarr/
CWOP,CWOP_E1117,s3://cadcat/histwxstns/CWOP/CWOP_E1117.zarr/
CWOP,CWOP_E1133,s3://cadcat/histwxstns/CWOP/CWOP_E1133.zarr/
CWOP,CWOP_E1135,s3://cadcat/histwxstns/CWOP/CWOP_E1135.zarr/
CWOP,CWOP_E1140,s3://cadcat/histwxstns/CWOP/CWOP_E1140.zarr/
CWOP,CWOP_E1141,s3://cadcat/histwxstns/CWOP/CWOP_E1141.zarr/
CWOP,CWOP_E1145,s3://cadcat/histwxstns/CWOP/CWOP_E1145.zarr/
CWOP,CWOP_E1146,s3://cadcat/histwxstns/CWOP/CWOP_E1146.zarr/
CWOP,CWOP_E1151,s3://cadcat/histwxstns/CWOP/CWOP_E1151.zarr/
CWOP,CWOP_E1159,s3://cadcat/histwxstns/CWOP/CWOP_E1159.zarr/
CWOP,CWOP_E1162,s3://cadcat/histwxstns/CWOP/CWOP_E1162.zarr/
CWOP,CWOP_E1164,s3://cadcat/histwxstns/CWOP/CWOP_E1164.zarr/
CWOP,CWOP_E1169,s3://cadcat/histwxstns/CWOP/CWOP_E1169.zarr/
CWOP,CWOP_E1175,s3://cadcat/histwxstns/CWOP/CWOP_E1175.zarr/
CWOP,CWOP_E1179,s3://cadcat/histwxstns/CWOP/CWOP_E1179.zarr/
CWOP,CWOP_E1185,s3://cadcat/histwxstns/CWOP/CWOP_E1185.zarr/
CWOP,CWOP_E1187,s3://cadcat/histwxstns/CWOP/CWOP_E1187.zarr/
CWOP,CWOP_E1188,s3://cadcat/histwxstns/CWOP/CWOP_E1188.zarr/
CWOP,CWOP_E1191,s3://cadcat/histwxstns/CWOP/CWOP_E1191.zarr/
CWOP,CWOP_E1200,s3://cadcat/histwxstns/CWOP/CWOP_E1200.zarr/
CWOP,CWOP_E1201,s3://cadcat/histwxstns/CWOP/CWOP_E1201.zarr/
CWOP,CWOP_E1212,s3://cadcat/histwxstns/CWOP/CWOP_E1212.zarr/
CWOP,CWOP_E1215,s3://cadcat/histwxstns/CWOP/CWOP_E1215.zarr/
CWOP,CWOP_E1224,s3://cadcat/histwxstns/CWOP/CWOP_E1224.zarr/
CWOP,CWOP_E1226,s3://cadcat/histwxstns/CWOP/CWOP_E1226.zarr/
CWOP,CWOP_E1227,s3://cadcat/histwxstns/CWOP/CWOP_E1227.zarr/
CWOP,CWOP_E1241,s3://cadcat/histwxstns/CWOP/CWOP_E1241.zarr/
CWOP,CWOP_E1244,s3://cadcat/histwxstns/CWOP/CWOP_E1244.zarr/
CWOP,CWOP_E1247,s3://cadcat/histwxstns/CWOP/CWOP_E1247.zarr/
CWOP,CWOP_E1253,s3://cadcat/histwxstns/CWOP/CWOP_E1253.zarr/
CWOP,CWOP_E1258,s3://cadcat/histwxstns/CWOP/CWOP_E1258.zarr/
CWOP,CWOP_E1269,s3://cadcat/histwxstns/CWOP/CWOP_E1269.zarr/
CWOP,CWOP_E1273,s3://cadcat/histwxstns/CWOP/CWOP_E1273.zarr/
CWOP,CWOP_E1275,s3://cadcat/histwxstns/CWOP/CWOP_E1275.zarr/
CWOP,CWOP_E1278,s3://cadcat/histwxstns/CWOP/CWOP_E1278.zarr/
CWOP,CWOP_E1281,s3://cadcat/histwxstns/CWOP/CWOP_E1281.zarr/
CWOP,CWOP_E1284,s3://cadcat/histwxstns/CWOP/CWOP_E1284.zarr/
CWOP,CWOP_E1292,s3://cadcat/histwxstns/CWOP/CWOP_E1292.zarr/
CWOP,CWOP_E1299,s3://cadcat/histwxstns/CWOP/CWOP_E1299.zarr/
CWOP,CWOP_E1312,s3://cadcat/histwxstns/CWOP/CWOP_E1312.zarr/
CWOP,CWOP_E1323,s3://cadcat/histwxstns/CWOP/CWOP_E1323.zarr/
CWOP,CWOP_E1324,s3://cadcat/histwxstns/CWOP/CWOP_E1324.zarr/
CWOP,CWOP_E1326,s3://cadcat/histwxstns/CWOP/CWOP_E1326.zarr/
CWOP,CWOP_E1329,s3://cadcat/histwxstns/CWOP/CWOP_E1329.zarr/
CWOP,CWOP_E1333,s3://cadcat/histwxstns/CWOP/CWOP_E1333.zarr/
CWOP,CWOP_E1336,s3://cadcat/histwxstns/CWOP/CWOP_E1336.zarr/
CWOP,CWOP_E1346,s3://cadcat/histwxstns/CWOP/CWOP_E1346.zarr/
CWOP,CWOP_E1347,s3://cadcat/histwxstns/CWOP/CWOP_E1347.zarr/
CWOP,CWOP_E1384,s3://cadcat/histwxstns/CWOP/CWOP_E1384.zarr/
CWOP,CWOP_E1392,s3://cadcat/histwxstns/CWOP/CWOP_E1392.zarr/
CWOP,CWOP_E1398,s3://cadcat/histwxstns/CWOP/CWOP_E1398.zarr/
CWOP,CWOP_E1401,s3://cadcat/histwxstns/CWOP/CWOP_E1401.zarr/
CWOP,CWOP_E1410,s3://cadcat/histwxstns/CWOP/CWOP_E1410.zarr/
CWOP,CWOP_E1411,s3://cadcat/histwxstns/CWOP/CWOP_E1411.zarr/
CWOP,CWOP_E1419,s3://cadcat/histwxstns/CWOP/CWOP_E1419.zarr/
CWOP,CWOP_E1421,s3://cadcat/histwxstns/CWOP/CWOP_E1421.zarr/
CWOP,CWOP_E1429,s3://cadcat/histwxstns/CWOP/CWOP_E1429.zarr/
CWOP,CWOP_E1433,s3://cadcat/histwxstns/CWOP/CWOP_E1433.zarr/
CWOP,CWOP_E1448,s3://cadcat/histwxstns/CWOP/CWOP_E1448.zarr/
CWOP,CWOP_E1457,s3://cadcat/histwxstns/CWOP/CWOP_E1457.zarr/
CWOP,CWOP_E1464,s3://cadcat/histwxstns/CWOP/CWOP_E1464.zarr/
CWOP,CWOP_E1483,s3://cadcat/histwxstns/CWOP/CWOP_E1483.zarr/
CWOP,CWOP_E1484,s3://cadcat/histwxstns/CWOP/CWOP_E1484.zarr/
CWOP,CWOP_E1486,s3://cadcat/histwxstns/CWOP/CWOP_E1486.zarr/
CWOP,CWOP_E1487,s3://cadcat/histwxstns/CWOP/CWOP_E1487.zarr/
CWOP,CWOP_E1488,s3://cadcat/histwxstns/CWOP/CWOP_E1488.zarr/
CWOP,CWOP_E1496,s3://cadcat/histwxstns/CWOP/CWOP_E1496.zarr/
CWOP,CWOP_E1497,s3://cadcat/histwxstns/CWOP/CWOP_E1497.zarr/
CWOP,CWOP_E1499,s3://cadcat/histwxstns/CWOP/CWOP_E1499.zarr/
CWOP,CWOP_E1503,s3://cadcat/histwxstns/CWOP/CWOP_E1503.zarr/
CWOP,CWOP_E1513,s3://cadcat/histwxstns/CWOP/CWOP_E1513.zarr/
CWOP,CWOP_E1522,s3://cadcat/histwxstns/CWOP/CWOP_E1522.zarr/
CWOP,CWOP_E1528,s3://cadcat/histwxstns/CWOP/CWOP_E1528.zarr/
CWOP,CWOP_E1532,s3://cadcat/histwxstns/CWOP/CWOP_E1532.zarr/
CWOP,CWOP_E1536,s3://cadcat/histwxstns/CWOP/CWOP_E1536.zarr/
CWOP,CWOP_E1539,s3://cadcat/histwxstns/CWOP/CWOP_E1539.zarr/
CWOP,CWOP_E1550,s3://cadcat/histwxstns/CWOP/CWOP_E1550.zarr/
CWOP,CWOP_E1552,s3://cadcat/histwxstns/CWOP/CWOP_E1552.zarr/
CWOP,CWOP_E1553,s3://cadcat/histwxstns/CWOP/CWOP_E1553.zarr/
CWOP,CWOP_E1554,s3://cadcat/histwxstns/CWOP/CWOP_E1554.zarr/
CWOP,CWOP_E1556,s3://cadcat/histwxstns/CWOP/CWOP_E1556.zarr/
CWOP,CWOP_E1560,s3://cadcat/histwxstns/CWOP/CWOP_E1560.zarr/
CWOP,CWOP_E1564,s3://cadcat/histwxstns/CWOP/CWOP_E1564.zarr/
CWOP,CWOP_E1565,s3://cadcat/histwxstns/CWOP/CWOP_E1565.zarr/
CWOP,CWOP_E1576,s3://cadcat/histwxstns/CWOP/CWOP_E1576.zarr/
CWOP,CWOP_E1582,s3://cadcat/histwxstns/CWOP/CWOP_E1582.zarr/
CWOP,CWOP_E1584,s3://cadcat/histwxstns/CWOP/CWOP_E1584.zarr/
CWOP,CWOP_E1588,s3://cadcat/histwxstns/CWOP/CWOP_E1588.zarr/
CWOP,CWOP_E1589,s3://cadcat/histwxstns/CWOP/CWOP_E1589.zarr/
CWOP,CWOP_E1591,s3://cadcat/histwxstns/CWOP/CWOP_E1591.zarr/
CWOP,CWOP_E1594,s3://cadcat/histwxstns/CWOP/CWOP_E1594.zarr/
CWOP,CWOP_E1601,s3://cadcat/histwxstns/CWOP/CWOP_E1601.zarr/
CWOP,CWOP_E1605,s3://cadcat/histwxstns/CWOP/CWOP_E1605.zarr/
CWOP,CWOP_E1611,s3://cadcat/histwxstns/CWOP/CWOP_E1611.zarr/
CWOP,CWOP_E1612,s3://cadcat/histwxstns/CWOP/CWOP_E1612.zarr/
CWOP,CWOP_E1615,s3://cadcat/histwxstns/CWOP/CWOP_E1615.zarr/
CWOP,CWOP_E1617,s3://cadcat/histwxstns/CWOP/CWOP_E1617.zarr/
CWOP,CWOP_E1625,s3://cadcat/histwxstns/CWOP/CWOP_E1625.zarr/
CWOP,CWOP_E1628,s3://cadcat/histwxstns/CWOP/CWOP_E1628.zarr/
CWOP,CWOP_E1633,s3://cadcat/histwxstns/CWOP/CWOP_E1633.zarr/
CWOP,CWOP_E1637,s3://cadcat/histwxstns/CWOP/CWOP_E1637.zarr/
CWOP,CWOP_E1640,s3://cadcat/histwxstns/CWOP/CWOP_E1640.zarr/
CWOP,CWOP_E1644,s3://cadcat/histwxstns/CWOP/CWOP_E1644.zarr/
CWOP,CWOP_E1647,s3://cadcat/histwxstns/CWOP/CWOP_E1647.zarr/
CWOP,CWOP_E1668,s3://cadcat/histwxstns/CWOP/CWOP_E1668.zarr/
CWOP,CWOP_E1669,s3://cadcat/histwxstns/CWOP/CWOP_E1669.zarr/
CWOP,CWOP_E1684,s3://cadcat/histwxstns/CWOP/CWOP_E1684.zarr/
CWOP,CWOP_E1686,s3://cadcat/histwxstns/CWOP/CWOP_E1686.zarr/
CWOP,CWOP_E1689,s3://cadcat/histwxstns/CWOP/CWOP_E1689.zarr/
CWOP,CWOP_E1690,s3://cadcat/histwxstns/CWOP/CWOP_E1690.zarr/
CWOP,CWOP_E1691,s3://cadcat/histwxstns/CWOP/CWOP_E1691.zarr/
CWOP,CWOP_E1694,s3://cadcat/histwxstns/CWOP/CWOP_E1694.zarr/
CWOP,CWOP_E1697,s3://cadcat/histwxstns/CWOP/CWOP_E1697.zarr/
CWOP,CWOP_E1700,s3://cadcat/histwxstns/CWOP/CWOP_E1700.zarr/
CWOP,CWOP_E1702,s3://cadcat/histwxstns/CWOP/CWOP_E1702.zarr/
CWOP,CWOP_E1705,s3://cadcat/histwxstns/CWOP/CWOP_E1705.zarr/
CWOP,CWOP_E1707,s3://cadcat/histwxstns/CWOP/CWOP_E1707.zarr/
CWOP,CWOP_E1709,s3://cadcat/histwxstns/CWOP/CWOP_E1709.zarr/
CWOP,CWOP_E1713,s3://cadcat/histwxstns/CWOP/CWOP_E1713.zarr/
CWOP,CWOP_E1715,s3://cadcat/histwxstns/CWOP/CWOP_E1715.zarr/
CWOP,CWOP_E1722,s3://cadcat/histwxstns/CWOP/CWOP_E1722.zarr/
CWOP,CWOP_E1729,s3://cadcat/histwxstns/CWOP/CWOP_E1729.zarr/
CWOP,CWOP_E1734,s3://cadcat/histwxstns/CWOP/CWOP_E1734.zarr/
CWOP,CWOP_E1735,s3://cadcat/histwxstns/CWOP/CWOP_E1735.zarr/
CWOP,CWOP_E1746,s3://cadcat/histwxstns/CWOP/CWOP_E1746.zarr/
CWOP,CWOP_E1749,s3://cadcat/histwxstns/CWOP/CWOP_E1749.zarr/
CWOP,CWOP_E1752,s3://cadcat/histwxstns/CWOP/CWOP_E1752.zarr/
CWOP,CWOP_E1763,s3://cadcat/histwxstns/CWOP/CWOP_E1763.zarr/
CWOP,CWOP_E1765,s3://cadcat/histwxstns/CWOP/CWOP_E1765.zarr/
CWOP,CWOP_E1769,s3://cadcat/histwxstns/CWOP/CWOP_E1769.zarr/
CWOP,CWOP_E1770,s3://cadcat/histwxstns/CWOP/CWOP_E1770.zarr/
CWOP,CWOP_E1773,s3://cadcat/histwxstns/CWOP/CWOP_E1773.zarr/
CWOP,CWOP_E1784,s3://cadcat/histwxstns/CWOP/CWOP_E1784.zarr/
CWOP,CWOP_E1789,s3://cadcat/histwxstns/CWOP/CWOP_E1789.zarr/
CWOP,CWOP_E1791,s3://cadcat/histwxstns/CWOP/CWOP_E1791.zarr/
CWOP,CWOP_E1796,s3://cadcat/histwxstns/CWOP/CWOP_E1796.zarr/
CWOP,CWOP_E1799,s3://cadcat/histwxstns/CWOP/CWOP_E1799.zarr/
CWOP,CWOP_E1808,s3://cadcat/histwxstns/CWOP/CWOP_E1808.zarr/
CWOP,CWOP_E1809,s3://cadcat/histwxstns/CWOP/CWOP_E1809.zarr/
CWOP,CWOP_E1810,s3://cadcat/histwxstns/CWOP/CWOP_E1810.zarr/
CWOP,CWOP_E1814,s3://cadcat/histwxstns/CWOP/CWOP_E1814.zarr/
CWOP,CWOP_E1821,s3://cadcat/histwxstns/CWOP/CWOP_E1821.zarr/
CWOP,CWOP_E1825,s3://cadcat/histwxstns/CWOP/CWOP_E1825.zarr/
CWOP,CWOP_E1828,s3://cadcat/histwxstns/CWOP/CWOP_E1828.zarr/
CWOP,CWOP_E1829,s3://cadcat/histwxstns/CWOP/CWOP_E1829.zarr/
CWOP,CWOP_E1834,s3://cadcat/histwxstns/CWOP/CWOP_E1834.zarr/
CWOP,CWOP_E1845,s3://cadcat/histwxstns/CWOP/CWOP_E1845.zarr/
CWOP,CWOP_E1854,s3://cadcat/histwxstns/CWOP/CWOP_E1854.zarr/
CWOP,CWOP_E1855,s3://cadcat/histwxstns/CWOP/CWOP_E1855.zarr/
CWOP,CWOP_E1856,s3://cadcat/histwxstns/CWOP/CWOP_E1856.zarr/
CWOP,CWOP_E1859,s3://cadcat/histwxstns/CWOP/CWOP_E1859.zarr/
CWOP,CWOP_E1861,s3://cadcat/histwxstns/CWOP/CWOP_E1861.zarr/
CWOP,CWOP_E1866,s3://cadcat/histwxstns/CWOP/CWOP_E1866.zarr/
CWOP,CWOP_E1867,s3://cadcat/histwxstns/CWOP/CWOP_E1867.zarr/
CWOP,CWOP_E1869,s3://cadcat/histwxstns/CWOP/CWOP_E1869.zarr/
CWOP,CWOP_E1880,s3://cadcat/histwxstns/CWOP/CWOP_E1880.zarr/
CWOP,CWOP_E1881,s3://cadcat/histwxstns/CWOP/CWOP_E1881.zarr/
CWOP,CWOP_E1882,s3://cadcat/histwxstns/CWOP/CWOP_E1882.zarr/
CWOP,CWOP_E1885,s3://cadcat/histwxstns/CWOP/CWOP_E1885.zarr/
CWOP,CWOP_E1897,s3://cadcat/histwxstns/CWOP/CWOP_E1897.zarr/
CWOP,CWOP_E1899,s3://cadcat/histwxstns/CWOP/CWOP_E1899.zarr/
CWOP,CWOP_E1912,s3://cadcat/histwxstns/CWOP/CWOP_E1912.zarr/
CWOP,CWOP_E1914,s3://cadcat/histwxstns/CWOP/CWOP_E1914.zarr/
CWOP,CWOP_E1915,s3://cadcat/histwxstns/CWOP/CWOP_E1915.zarr/
CWOP,CWOP_E1922,s3://cadcat/histwxstns/CWOP/CWOP_E1922.zarr/
CWOP,CWOP_E1927,s3://cadcat/histwxstns/CWOP/CWOP_E1927.zarr/
CWOP,CWOP_E1931,s3://cadcat/histwxstns/CWOP/CWOP_E1931.zarr/
CWOP,CWOP_E1937,s3://cadcat/histwxstns/CWOP/CWOP_E1937.zarr/
CWOP,CWOP_E1951,s3://cadcat/histwxstns/CWOP/CWOP_E1951.zarr/
CWOP,CWOP_E1956,s3://cadcat/histwxstns/CWOP/CWOP_E1956.zarr/
CWOP,CWOP_E1958,s3://cadcat/histwxstns/CWOP/CWOP_E1958.zarr/
CWOP,CWOP_E1966,s3://cadcat/histwxstns/CWOP/CWOP_E1966.zarr/
CWOP,CWOP_E1968,s3://cadcat/histwxstns/CWOP/CWOP_E1968.zarr/
CWOP,CWOP_E1972,s3://cadcat/histwxstns/CWOP/CWOP_E1972.zarr/
CWOP,CWOP_E1976,s3://cadcat/histwxstns/CWOP/CWOP_E1976.zarr/
CWOP,CWOP_E1977,s3://cadcat/histwxstns/CWOP/CWOP_E1977.zarr/
CWOP,CWOP_E1982,s3://cadcat/histwxstns/CWOP/CWOP_E1982.zarr/
CWOP,CWOP_E1994,s3://cadcat/histwxstns/CWOP/CWOP_E1994.zarr/
CWOP,CWOP_E2000,s3://cadcat/histwxstns/CWOP/CWOP_E2000.zarr/
CWOP,CWOP_E2001,s3://cadcat/histwxstns/CWOP/CWOP_E2001.zarr/
CWOP,CWOP_E2013,s3://cadcat/histwxstns/CWOP/CWOP_E2013.zarr/
CWOP,CWOP_E2024,s3://cadcat/histwxstns/CWOP/CWOP_E2024.zarr/
CWOP,CWOP_E2036,s3://cadcat/histwxstns/CWOP/CWOP_E2036.zarr/
CWOP,CWOP_E2042,s3://cadcat/histwxstns/CWOP/CWOP_E2042.zarr/
CWOP,CWOP_E2046,s3://cadcat/histwxstns/CWOP/CWOP_E2046.zarr/
CWOP,CWOP_E2050,s3://cadcat/histwxstns/CWOP/CWOP_E2050.zarr/
CWOP,CWOP_E2053,s3://cadcat/histwxstns/CWOP/CWOP_E2053.zarr/
CWOP,CWOP_E2055,s3://cadcat/histwxstns/CWOP/CWOP_E2055.zarr/
CWOP,CWOP_E2056,s3://cadcat/histwxstns/CWOP/CWOP_E2056.zarr/
CWOP,CWOP_E2058,s3://cadcat/histwxstns/CWOP/CWOP_E2058.zarr/
CWOP,CWOP_E2061,s3://cadcat/histwxstns/CWOP/CWOP_E2061.zarr/
CWOP,CWOP_E2065,s3://cadcat/histwxstns/CWOP/CWOP_E2065.zarr/
CWOP,CWOP_E2066,s3://cadcat/histwxstns/CWOP/CWOP_E2066.zarr/
CWOP,CWOP_E2067,s3://cadcat/histwxstns/CWOP/CWOP_E2067.zarr/
CWOP,CWOP_E2072,s3://cadcat/histwxstns/CWOP/CWOP_E2072.zarr/
CWOP,CWOP_E2076,s3://cadcat/histwxstns/CWOP/CWOP_E2076.zarr/
CWOP,CWOP_E2077,s3://cadcat/histwxstns/CWOP/CWOP_E2077.zarr/
CWOP,CWOP_E2082,s3://cadcat/histwxstns/CWOP/CWOP_E2082.zarr/
CWOP,CWOP_E2086,s3://cadcat/histwxstns/CWOP/CWOP_E2086.zarr/
CWOP,CWOP_E2088,s3://cadcat/histwxstns/CWOP/CWOP_E2088.zarr/
CWOP,CWOP_E2119,s3://cadcat/histwxstns/CWOP/CWOP_E2119.zarr/
CWOP,CWOP_E2131,s3://cadcat/histwxstns/CWOP/CWOP_E2131.zarr/
CWOP,CWOP_E2136,s3://cadcat/histwxstns/CWOP/CWOP_E2136.zarr/
CWOP,CWOP_E2137,s3://cadcat/histwxstns/CWOP/CWOP_E2137.zarr/
CWOP,CWOP_E2143,s3://cadcat/histwxstns/CWOP/CWOP_E2143.zarr/
CWOP,CWOP_E2144,s3://cadcat/histwxstns/CWOP/CWOP_E2144.zarr/
CWOP,CWOP_E2157,s3://cadcat/histwxstns/CWOP/CWOP_E2157.zarr/
CWOP,CWOP_E2194,s3://cadcat/histwxstns/CWOP/CWOP_E2194.zarr/
CWOP,CWOP_E2195,s3://cadcat/histwxstns/CWOP/CWOP_E2195.zarr/
CWOP,CWOP_E2196,s3://cadcat/histwxstns/CWOP/CWOP_E2196.zarr/
CWOP,CWOP_E2208,s3://cadcat/histwxstns/CWOP/CWOP_E2208.zarr/
CWOP,CWOP_E2235,s3://cadcat/histwxstns/CWOP/CWOP_E2235.zarr/
CWOP,CWOP_E2239,s3://cadcat/histwxstns/CWOP/CWOP_E2239.zarr/
CWOP,CWOP_E2249,s3://cadcat/histwxstns/CWOP/CWOP_E2249.zarr/
CWOP,CWOP_E2254,s3://cadcat/histwxstns/CWOP/CWOP_E2254.zarr/
CWOP,CWOP_E2260,s3://cadcat/histwxstns/CWOP/CWOP_E2260.zarr/
CWOP,CWOP_E2266,s3://cadcat/histwxstns/CWOP/CWOP_E2266.zarr/
CWOP,CWOP_E2270,s3://cadcat/histwxstns/CWOP/CWOP_E2270.zarr/
CWOP,CWOP_E2298,s3://cadcat/histwxstns/CWOP/CWOP_E2298.zarr/
CWOP,CWOP_E2303,s3://cadcat/histwxstns/CWOP/CWOP_E2303.zarr/
CWOP,CWOP_E2331,s3://cadcat/histwxstns/CWOP/CWOP_E2331.zarr/
CWOP,CWOP_E2332,s3://cadcat/histwxstns/CWOP/CWOP_E2332.zarr/
CWOP,CWOP_E2333,s3://cadcat/histwxstns/CWOP/CWOP_E2333.zarr/
CWOP,CWOP_E2349,s3://cadcat/histwxstns/CWOP/CWOP_E2349.zarr/
CWOP,CWOP_E2362,s3://cadcat/histwxstns/CWOP/CWOP_E2362.zarr/
CWOP,CWOP_E2375,s3://cadcat/histwxstns/CWOP/CWOP_E2375.zarr/
CWOP,CWOP_E2376,s3://cadcat/histwxstns/CWOP/CWOP_E2376.zarr/
CWOP,CWOP_E2377,s3://cadcat/histwxstns/CWOP/CWOP_E2377.zarr/
CWOP,CWOP_E2378,s3://cadcat/histwxstns/CWOP/CWOP_E2378.zarr/
CWOP,CWOP_E2379,s3://cadcat/histwxstns/CWOP/CWOP_E2379.zarr/
CWOP,CWOP_E2380,s3://cadcat/histwxstns/CWOP/CWOP_E2380.zarr/
CWOP,CWOP_E2381,s3://cadcat/histwxstns/CWOP/CWOP_E2381.zarr/
CWOP,CWOP_E2382,s3://cadcat/histwxstns/CWOP/CWOP_E2382.zarr/
CWOP,CWOP_E2383,s3://cadcat/histwxstns/CWOP/CWOP_E2383.zarr/
CWOP,CWOP_E2384,s3://cadcat/histwxstns/CWOP/CWOP_E2384.zarr/
CWOP,CWOP_E2390,s3://cadcat/histwxstns/CWOP/CWOP_E2390.zarr/
CWOP,CWOP_E2396,s3://cadcat/histwxstns/CWOP/CWOP_E2396.zarr/
CWOP,CWOP_E2398,s3://cadcat/histwxstns/CWOP/CWOP_E2398.zarr/
CWOP,CWOP_E2411,s3://cadcat/histwxstns/CWOP/CWOP_E2411.zarr/
CWOP,CWOP_E2415,s3://cadcat/histwxstns/CWOP/CWOP_E2415.zarr/
CWOP,CWOP_E2422,s3://cadcat/histwxstns/CWOP/CWOP_E2422.zarr/
CWOP,CWOP_E2437,s3://cadcat/histwxstns/CWOP/CWOP_E2437.zarr/
CWOP,CWOP_E2457,s3://cadcat/histwxstns/CWOP/CWOP_E2457.zarr/
CWOP,CWOP_E2483,s3://cadcat/histwxstns/CWOP/CWOP_E2483.zarr/
CWOP,CWOP_E2487,s3://cadcat/histwxstns/CWOP/CWOP_E2487.zarr/
CWOP,CWOP_E2492,s3://cadcat/histwxstns/CWOP/CWOP_E2492.zarr/
CWOP,CWOP_E2502,s3://cadcat/histwxstns/CWOP/CWOP_E2502.zarr/
CWOP,CWOP_E2516,s3://cadcat/histwxstns/CWOP/CWOP_E2516.zarr/
CWOP,CWOP_E2529,s3://cadcat/histwxstns/CWOP/CWOP_E2529.zarr/
CWOP,CWOP_E2530,s3://cadcat/histwxstns/CWOP/CWOP_E2530.zarr/
CWOP,CWOP_E2533,s3://cadcat/histwxstns/CWOP/CWOP_E2533.zarr/
CWOP,CWOP_E2549,s3://cadcat/histwxstns/CWOP/CWOP_E2549.zarr/
CWOP,CWOP_E2565,s3://cadcat/histwxstns/CWOP/CWOP_E2565.zarr/
CWOP,CWOP_E2572,s3://cadcat/histwxstns/CWOP/CWOP_E2572.zarr/
CWOP,CWOP_E2579,s3://cadcat/histwxstns/CWOP/CWOP_E2579.zarr/
CWOP,CWOP_E2581,s3://cadcat/histwxstns/CWOP/CWOP_E2581.zarr/
CWOP,CWOP_E2582,s3://cadcat/histwxstns/CWOP/CWOP_E2582.zarr/
CWOP,CWOP_E2593,s3://cadcat/histwxstns/CWOP/CWOP_E2593.zarr/
CWOP,CWOP_E2601,s3://cadcat/histwxstns/CWOP/CWOP_E2601.zarr/
CWOP,CWOP_E2607,s3://cadcat/histwxstns/CWOP/CWOP_E2607.zarr/
CWOP,CWOP_E2621,s3://cadcat/histwxstns/CWOP/CWOP_E2621.zarr/
CWOP,CWOP_E2625,s3://cadcat/histwxstns/CWOP/CWOP_E2625.zarr/
CWOP,CWOP_E2628,s3://cadcat/histwxstns/CWOP/CWOP_E2628.zarr/
CWOP,CWOP_E2642,s3://cadcat/histwxstns/CWOP/CWOP_E2642.zarr/
CWOP,CWOP_E2644,s3://cadcat/histwxstns/CWOP/CWOP_E2644.zarr/
CWOP,CWOP_E2645,s3://cadcat/histwxstns/CWOP/CWOP_E2645.zarr/
CWOP,CWOP_E2649,s3://cadcat/histwxstns/CWOP/CWOP_E2649.zarr/
CWOP,CWOP_E2653,s3://cadcat/histwxstns/CWOP/CWOP_E2653.zarr/
CWOP,CWOP_E2657,s3://cadcat/histwxstns/CWOP/CWOP_E2657.zarr/
CWOP,CWOP_E2669,s3://cadcat/histwxstns/CWOP/CWOP_E2669.zarr/
CWOP,CWOP_E2670,s3://cadcat/histwxstns/CWOP/CWOP_E2670.zarr/
CWOP,CWOP_E2671,s3://cadcat/histwxstns/CWOP/CWOP_E2671.zarr/
CWOP,CWOP_E2687,s3://cadcat/histwxstns/CWOP/CWOP_E2687.zarr/
CWOP,CWOP_E2688,s3://cadcat/histwxstns/CWOP/CWOP_E2688.zarr/
CWOP,CWOP_E2692,s3://cadcat/histwxstns/CWOP/CWOP_E2692.zarr/
CWOP,CWOP_E2702,s3://cadcat/histwxstns/CWOP/CWOP_E2702.zarr/
CWOP,CWOP_E2704,s3://cadcat/histwxstns/CWOP/CWOP_E2704.zarr/
CWOP,CWOP_E2715,s3://cadcat/histwxstns/CWOP/CWOP_E2715.zarr/
CWOP,CWOP_E2718,s3://cadcat/histwxstns/CWOP/CWOP_E2718.zarr/
CWOP,CWOP_E2726,s3://cadcat/histwxstns/CWOP/CWOP_E2726.zarr/
CWOP,CWOP_E2733,s3://cadcat/histwxstns/CWOP/CWOP_E2733.zarr/
CWOP,CWOP_E2739,s3://cadcat/histwxstns/CWOP/CWOP_E2739.zarr/
CWOP,CWOP_E2753,s3://cadcat/histwxstns/CWOP/CWOP_E2753.zarr/
CWOP,CWOP_E2755,s3://cadcat/histwxstns/CWOP/CWOP_E2755.zarr/
CWOP,CWOP_E2782,s3://cadcat/histwxstns/CWOP/CWOP_E2782.zarr/
CWOP,CWOP_E2786,s3://cadcat/histwxstns/CWOP/CWOP_E2786.zarr/
CWOP,CWOP_E2791,s3://cadcat/histwxstns/CWOP/CWOP_E2791.zarr/
CWOP,CWOP_E2796,s3://cadcat/histwxstns/CWOP/CWOP_E2796.zarr/
CWOP,CWOP_E2802,s3://cadcat/histwxstns/CWOP/CWOP_E2802.zarr/
CWOP,CWOP_E2805,s3://cadcat/histwxstns/CWOP/CWOP_E2805.zarr/
CWOP,CWOP_E2810,s3://cadcat/histwxstns/CWOP/CWOP_E2810.zarr/
CWOP,CWOP_E2818,s3://cadcat/histwxstns/CWOP/CWOP_E2818.zarr/
CWOP,CWOP_E2824,s3://cadcat/histwxstns/CWOP/CWOP_E2824.zarr/
CWOP,CWOP_E2833,s3://cadcat/histwxstns/CWOP/CWOP_E2833.zarr/
CWOP,CWOP_E2834,s3://cadcat/histwxstns/CWOP/CWOP_E2834.zarr/
CWOP,CWOP_E2837,s3://cadcat/histwxstns/CWOP/CWOP_E2837.zarr/
CWOP,CWOP_E2839,s3://cadcat/histwxstns/CWOP/CWOP_E2839.zarr/
CWOP,CWOP_E2851,s3://cadcat/histwxstns/CWOP/CWOP_E2851.zarr/
CWOP,CWOP_E2855,s3://cadcat/histwxstns/CWOP/CWOP_E2855.zarr/
CWOP,CWOP_E2861,s3://cadcat/histwxstns/CWOP/CWOP_E2861.zarr/
CWOP,CWOP_E2864,s3://cadcat/histwxstns/CWOP/CWOP_E2864.zarr/
CWOP,CWOP_E2879,s3://cadcat/histwxstns/CWOP/CWOP_E2879.zarr/
CWOP,CWOP_E2880,s3://cadcat/histwxstns/CWOP/CWOP_E2880.zarr/
CWOP,CWOP_E2888,s3://cadcat/histwxstns/CWOP/CWOP_E2888.zarr/
CWOP,CWOP_E2901,s3://cadcat/histwxstns/CWOP/CWOP_E2901.zarr/
CWOP,CWOP_E2911,s3://cadcat/histwxstns/CWOP/CWOP_E2911.zarr/
CWOP,CWOP_E2932,s3://cadcat/histwxstns/CWOP/CWOP_E2932.zarr/
CWOP,CWOP_E2936,s3://cadcat/histwxstns/CWOP/CWOP_E2936.zarr/
CWOP,CWOP_E2937,s3://cadcat/histwxstns/CWOP/CWOP_E2937.zarr/
CWOP,CWOP_E2946,s3://cadcat/histwxstns/CWOP/CWOP_E2946.zarr/
CWOP,CWOP_E2947,s3://cadcat/histwxstns/CWOP/CWOP_E2947.zarr/
CWOP,CWOP_E2957,s3://cadcat/histwxstns/CWOP/CWOP_E2957.zarr/
CWOP,CWOP_E2978,s3://cadcat/histwxstns/CWOP/CWOP_E2978.zarr/
CWOP,CWOP_E3006,s3://cadcat/histwxstns/CWOP/CWOP_E3006.zarr/
CWOP,CWOP_E3007,s3://cadcat/histwxstns/CWOP/CWOP_E3007.zarr/
CWOP,CWOP_E3008,s3://cadcat/histwxstns/CWOP/CWOP_E3008.zarr/
CWOP,CWOP_E3020,s3://cadcat/histwxstns/CWOP/CWOP_E3020.zarr/
CWOP,CWOP_E3024,s3://cadcat/histwxstns/CWOP/CWOP_E3024.zarr/
CWOP,CWOP_E3027,s3://cadcat/histwxstns/CWOP/CWOP_E3027.zarr/
CWOP,CWOP_E3031,s3://cadcat/histwxstns/CWOP/CWOP_E3031.zarr/
CWOP,CWOP_E3047,s3://cadcat/histwxstns/CWOP/CWOP_E3047.zarr/
CWOP,CWOP_E3049,s3://cadcat/histwxstns/CWOP/CWOP_E3049.zarr/
CWOP,CWOP_E3050,s3://cadcat/histwxstns/CWOP/CWOP_E3050.zarr/
CWOP,CWOP_E3052,s3://cadcat/histwxstns/CWOP/CWOP_E3052.zarr/
CWOP,CWOP_E3056,s3://cadcat/histwxstns/CWOP/CWOP_E3056.zarr/
CWOP,CWOP_E3064,s3://cadcat/histwxstns/CWOP/CWOP_E3064.zarr/
CWOP,CWOP_E3072,s3://cadcat/histwxstns/CWOP/CWOP_E3072.zarr/
CWOP,CWOP_E3092,s3://cadcat/histwxstns/CWOP/CWOP_E3092.zarr/
CWOP,CWOP_E3117,s3://cadcat/histwxstns/CWOP/CWOP_E3117.zarr/
CWOP,CWOP_E3121,s3://cadcat/histwxstns/CWOP/CWOP_E3121.zarr/
CWOP,CWOP_E3126,s3://cadcat/histwxstns/CWOP/CWOP_E3126.zarr/
CWOP,CWOP_E3132,s3://cadcat/histwxstns/CWOP/CWOP_E3132.zarr/
CWOP,CWOP_E3133,s3://cadcat/histwxstns/CWOP/CWOP_E3133.zarr/
CWOP,CWOP_E3134,s3://cadcat/histwxstns/CWOP/CWOP_E3134.zarr/
CWOP,CWOP_E3135,s3://cadcat/histwxstns/CWOP/CWOP_E3135.zarr/
CWOP,CWOP_E3136,s3://cadcat/histwxstns/CWOP/CWOP_E3136.zarr/
CWOP,CWOP_E3142,s3://cadcat/histwxstns/CWOP/CWOP_E3142.zarr/
CWOP,CWOP_E3143,s3://cadcat/histwxstns/CWOP/CWOP_E3143.zarr/
CWOP,CWOP_E3144,s3://cadcat/histwxstns/CWOP/CWOP_E3144.zarr/
CWOP,CWOP_E3157,s3://cadcat/histwxstns/CWOP/CWOP_E3157.zarr/
CWOP,CWOP_E3161,s3://cadcat/histwxstns/CWOP/CWOP_E3161.zarr/
CWOP,CWOP_E3165,s3://cadcat/histwxstns/CWOP/CWOP_E3165.zarr/
CWOP,CWOP_E3173,s3://cadcat/histwxstns/CWOP/CWOP_E3173.zarr/
CWOP,CWOP_E3175,s3://cadcat/histwxstns/CWOP/CWOP_E3175.zarr/
CWOP,CWOP_E3185,s3://cadcat/histwxstns/CWOP/CWOP_E3185.zarr/
CWOP,CWOP_E3187,s3://cadcat/histwxstns/CWOP/CWOP_E3187.zarr/
CWOP,CWOP_E3193,s3://cadcat/histwxstns/CWOP/CWOP_E3193.zarr/
CWOP,CWOP_E3200,s3://cadcat/histwxstns/CWOP/CWOP_E3200.zarr/
CWOP,CWOP_E3202,s3://cadcat/histwxstns/CWOP/CWOP_E3202.zarr/
CWOP,CWOP_E3209,s3://cadcat/histwxstns/CWOP/CWOP_E3209.zarr/
CWOP,CWOP_E3213,s3://cadcat/histwxstns/CWOP/CWOP_E3213.zarr/
CWOP,CWOP_E3222,s3://cadcat/histwxstns/CWOP/CWOP_E3222.zarr/
CWOP,CWOP_E3227,s3://cadcat/histwxstns/CWOP/CWOP_E3227.zarr/
CWOP,CWOP_E3235,s3://cadcat/histwxstns/CWOP/CWOP_E3235.zarr/
CWOP,CWOP_E3251,s3://cadcat/histwxstns/CWOP/CWOP_E3251.zarr/
CWOP,CWOP_E3252,s3://cadcat/histwxstns/CWOP/CWOP_E3252.zarr/
CWOP,CWOP_E3256,s3://cadcat/histwxstns/CWOP/CWOP_E3256.zarr/
CWOP,CWOP_E3257,s3://cadcat/histwxstns/CWOP/CWOP_E3257.zarr/
CWOP,CWOP_E3265,s3://cadcat/histwxstns/CWOP/CWOP_E3265.zarr/
CWOP,CWOP_E3266,s3://cadcat/histwxstns/CWOP/CWOP_E3266.zarr/
CWOP,CWOP_E3273,s3://cadcat/histwxstns/CWOP/CWOP_E3273.zarr/
CWOP,CWOP_E3301,s3://cadcat/histwxstns/CWOP/CWOP_E3301.zarr/
CWOP,CWOP_E3307,s3://cadcat/histwxstns/CWOP/CWOP_E3307.zarr/
CWOP,CWOP_E3310,s3://cadcat/histwxstns/CWOP/CWOP_E3310.zarr/
CWOP,CWOP_E3317,s3://cadcat/histwxstns/CWOP/CWOP_E3317.zarr/
CWOP,CWOP_E3320,s3://cadcat/histwxstns/CWOP/CWOP_E3320.zarr/
CWOP,CWOP_E3335,s3://cadcat/histwxstns/CWOP/CWOP_E3335.zarr/
CWOP,CWOP_E3337,s3://cadcat/histwxstns/CWOP/CWOP_E3337.zarr/
CWOP,CWOP_E3342,s3://cadcat/histwxstns/CWOP/CWOP_E3342.zarr/
CWOP,CWOP_E3351,s3://cadcat/histwxstns/CWOP/CWOP_E3351.zarr/
CWOP,CWOP_E3363,s3://cadcat/histwxstns/CWOP/CWOP_E3363.zarr/
CWOP,CWOP_E3367,s3://cadcat/histwxstns/CWOP/CWOP_E3367.zarr/
CWOP,CWOP_E3370,s3://cadcat/histwxstns/CWOP/CWOP_E3370.zarr/
CWOP,CWOP_E3391,s3://cadcat/histwxstns/CWOP/CWOP_E3391.zarr/
CWOP,CWOP_E3392,s3://cadcat/histwxstns/CWOP/CWOP_E3392.zarr/
CWOP,CWOP_E3393,s3://cadcat/histwxstns/CWOP/CWOP_E3393.zarr/
CWOP,CWOP_E3398,s3://cadcat/histwxstns/CWOP/CWOP_E3398.zarr/
CWOP,CWOP_E3402,s3://cadcat/histwxstns/CWOP/CWOP_E3402.zarr/
CWOP,CWOP_E3419,s3://cadcat/histwxstns/CWOP/CWOP_E3419.zarr/
CWOP,CWOP_E3424,s3://cadcat/histwxstns/CWOP/CWOP_E3424.zarr/
CWOP,CWOP_E3438,s3://cadcat/histwxstns/CWOP/CWOP_E3438.zarr/
CWOP,CWOP_E3439,s3://cadcat/histwxstns/CWOP/CWOP_E3439.zarr/
CWOP,CWOP_E3443,s3://cadcat/histwxstns/CWOP/CWOP_E3443.zarr/
CWOP,CWOP_E3458,s3://cadcat/histwxstns/CWOP/CWOP_E3458.zarr/
CWOP,CWOP_E3468,s3://cadcat/histwxstns/CWOP/CWOP_E3468.zarr/
CWOP,CWOP_E3475,s3://cadcat/histwxstns/CWOP/CWOP_E3475.zarr/
CWOP,CWOP_E3480,s3://cadcat/histwxstns/CWOP/CWOP_E3480.zarr/
CWOP,CWOP_E3481,s3://cadcat/histwxstns/CWOP/CWOP_E3481.zarr/
CWOP,CWOP_E3497,s3://cadcat/histwxstns/CWOP/CWOP_E3497.zarr/
CWOP,CWOP_E3498,s3://cadcat/histwxstns/CWOP/CWOP_E3498.zarr/
CWOP,CWOP_E3526,s3://cadcat/histwxstns/CWOP/CWOP_E3526.zarr/
CWOP,CWOP_E3528,s3://cadcat/histwxstns/CWOP/CWOP_E3528.zarr/
CWOP,CWOP_E3531,s3://cadcat/histwxstns/CWOP/CWOP_E3531.zarr/
CWOP,CWOP_E3541,s3://cadcat/histwxstns/CWOP/CWOP_E3541.zarr/
CWOP,CWOP_E3545,s3://cadcat/histwxstns/CWOP/CWOP_E3545.zarr/
CWOP,CWOP_E3547,s3://cadcat/histwxstns/CWOP/CWOP_E3547.zarr/
CWOP,CWOP_E3551,s3://cadcat/histwxstns/CWOP/CWOP_E3551.zarr/
CWOP,CWOP_E3562,s3://cadcat/histwxstns/CWOP/CWOP_E3562.zarr/
CWOP,CWOP_E3594,s3://cadcat/histwxstns/CWOP/CWOP_E3594.zarr/
CWOP,CWOP_E3597,s3://cadcat/histwxstns/CWOP/CWOP_E3597.zarr/
CWOP,CWOP_E3600,s3://cadcat/histwxstns/CWOP/CWOP_E3600.zarr/
CWOP,CWOP_E3601,s3://cadcat/histwxstns/CWOP/CWOP_E3601.zarr/
CWOP,CWOP_E3604,s3://cadcat/histwxstns/CWOP/CWOP_E3604.zarr/
CWOP,CWOP_E3608,s3://cadcat/histwxstns/CWOP/CWOP_E3608.zarr/
CWOP,CWOP_E3610,s3://cadcat/histwxstns/CWOP/CWOP_E3610.zarr/
CWOP,CWOP_E3613,s3://cadcat/histwxstns/CWOP/CWOP_E3613.zarr/
CWOP,CWOP_E3616,s3://cadcat/histwxstns/CWOP/CWOP_E3616.zarr/
CWOP,CWOP_E3638,s3://cadcat/histwxstns/CWOP/CWOP_E3638.zarr/
CWOP,CWOP_E3649,s3://cadcat/histwxstns/CWOP/CWOP_E3649.zarr/
CWOP,CWOP_E3651,s3://cadcat/histwxstns/CWOP/CWOP_E3651.zarr/
CWOP,CWOP_E3662,s3://cadcat/histwxstns/CWOP/CWOP_E3662.zarr/
CWOP,CWOP_E3673,s3://cadcat/histwxstns/CWOP/CWOP_E3673.zarr/
CWOP,CWOP_E3677,s3://cadcat/histwxstns/CWOP/CWOP_E3677.zarr/
CWOP,CWOP_E3683,s3://cadcat/histwxstns/CWOP/CWOP_E3683.zarr/
CWOP,CWOP_E3690,s3://cadcat/histwxstns/CWOP/CWOP_E3690.zarr/
CWOP,CWOP_E3697,s3://cadcat/histwxstns/CWOP/CWOP_E3697.zarr/
CWOP,CWOP_E3712,s3://cadcat/histwxstns/CWOP/CWOP_E3712.zarr/
CWOP,CWOP_E3715,s3://cadcat/histwxstns/CWOP/CWOP_E3715.zarr/
CWOP,CWOP_E3720,s3://cadcat/histwxstns/CWOP/CWOP_E3720.zarr/
CWOP,CWOP_E3732,s3://cadcat/histwxstns/CWOP/CWOP_E3732.zarr/
CWOP,CWOP_E3746,s3://cadcat/histwxstns/CWOP/CWOP_E3746.zarr/
CWOP,CWOP_E3757,s3://cadcat/histwxstns/CWOP/CWOP_E3757.zarr/
CWOP,CWOP_E3758,s3://cadcat/histwxstns/CWOP/CWOP_E3758.zarr/
CWOP,CWOP_E3759,s3://cadcat/histwxstns/CWOP/CWOP_E3759.zarr/
CWOP,CWOP_E3760,s3://cadcat/histwxstns/CWOP/CWOP_E3760.zarr/
CWOP,CWOP_E3765,s3://cadcat/histwxstns/CWOP/CWOP_E3765.zarr/
CWOP,CWOP_E3766,s3://cadcat/histwxstns/CWOP/CWOP_E3766.zarr/
CWOP,CWOP_E3768,s3://cadcat/histwxstns/CWOP/CWOP_E3768.zarr/
CWOP,CWOP_E3770,s3://cadcat/histwxstns/CWOP/CWOP_E3770.zarr/
CWOP,CWOP_E3771,s3://cadcat/histwxstns/CWOP/CWOP_E3771.zarr/
CWOP,CWOP_E3773,s3://cadcat/histwxstns/CWOP/CWOP_E3773.zarr/
CWOP,CWOP_E3783,s3://cadcat/histwxstns/CWOP/CWOP_E3783.zarr/
CWOP,CWOP_E3796,s3://cadcat/histwxstns/CWOP/CWOP_E3796.zarr/
CWOP,CWOP_E3808,s3://cadcat/histwxstns/CWOP/CWOP_E3808.zarr/
CWOP,CWOP_E3821,s3://cadcat/histwxstns/CWOP/CWOP_E3821.zarr/
CWOP,CWOP_E3825,s3://cadcat/histwxstns/CWOP/CWOP_E3825.zarr/
CWOP,CWOP_E3826,s3://cadcat/histwxstns/CWOP/CWOP_E3826.zarr/
CWOP,CWOP_E3829,s3://cadcat/histwxstns/CWOP/CWOP_E3829.zarr/
CWOP,CWOP_E3831,s3://cadcat/histwxstns/CWOP/CWOP_E3831.zarr/
CWOP,CWOP_E3834,s3://cadcat/histwxstns/CWOP/CWOP_E3834.zarr/
CWOP,CWOP_E3836,s3://cadcat/histwxstns/CWOP/CWOP_E3836.zarr/
CWOP,CWOP_E3841,s3://cadcat/histwxstns/CWOP/CWOP_E3841.zarr/
CWOP,CWOP_E3848,s3://cadcat/histwxstns/CWOP/CWOP_E3848.zarr/
CWOP,CWOP_E3855,s3://cadcat/histwxstns/CWOP/CWOP_E3855.zarr/
CWOP,CWOP_E3865,s3://cadcat/histwxstns/CWOP/CWOP_E3865.zarr/
CWOP,CWOP_E3867,s3://cadcat/histwxstns/CWOP/CWOP_E3867.zarr/
CWOP,CWOP_E3877,s3://cadcat/histwxstns/CWOP/CWOP_E3877.zarr/
CWOP,CWOP_E3881,s3://cadcat/histwxstns/CWOP/CWOP_E3881.zarr/
CWOP,CWOP_E3893,s3://cadcat/histwxstns/CWOP/CWOP_E3893.zarr/
CWOP,CWOP_E3896,s3://cadcat/histwxstns/CWOP/CWOP_E3896.zarr/
CWOP,CWOP_E3910,s3://cadcat/histwxstns/CWOP/CWOP_E3910.zarr/
CWOP,CWOP_E3913,s3://cadcat/histwxstns/CWOP/CWOP_E3913.zarr/
CWOP,CWOP_E3918,s3://cadcat/histwxstns/CWOP/CWOP_E3918.zarr/
CWOP,CWOP_E3923,s3://cadcat/histwxstns/CWOP/CWOP_E3923.zarr/
CWOP,CWOP_E3927,s3://cadcat/histwxstns/CWOP/CWOP_E3927.zarr/
CWOP,CWOP_E3934,s3://cadcat/histwxstns/CWOP/CWOP_E3934.zarr/
CWOP,CWOP_E3937,s3://cadcat/histwxstns/CWOP/CWOP_E3937.zarr/
CWOP,CWOP_E3940,s3://cadcat/histwxstns/CWOP/CWOP_E3940.zarr/
CWOP,CWOP_E3946,s3://cadcat/histwxstns/CWOP/CWOP_E3946.zarr/
CWOP,CWOP_E3957,s3://cadcat/histwxstns/CWOP/CWOP_E3957.zarr/
CWOP,CWOP_E3959,s3://cadcat/histwxstns/CWOP/CWOP_E3959.zarr/
CWOP,CWOP_E3960,s3://cadcat/histwxstns/CWOP/CWOP_E3960.zarr/
CWOP,CWOP_E3964,s3://cadcat/histwxstns/CWOP/CWOP_E3964.zarr/
CWOP,CWOP_E3968,s3://cadcat/histwxstns/CWOP/CWOP_E3968.zarr/
CWOP,CWOP_E3970,s3://cadcat/histwxstns/CWOP/CWOP_E3970.zarr/
CWOP,CWOP_E3973,s3://cadcat/histwxstns/CWOP/CWOP_E3973.zarr/
CWOP,CWOP_E3975,s3://cadcat/histwxstns/CWOP/CWOP_E3975.zarr/
CWOP,CWOP_E3976,s3://cadcat/histwxstns/CWOP/CWOP_E3976.zarr/
CWOP,CWOP_E3986,s3://cadcat/histwxstns/CWOP/CWOP_E3986.zarr/
CWOP,CWOP_E3997,s3://cadcat/histwxstns/CWOP/CWOP_E3997.zarr/
CWOP,CWOP_E4016,s3://cadcat/histwxstns/CWOP/CWOP_E4016.zarr/
CWOP,CWOP_E4017,s3://cadcat/histwxstns/CWOP/CWOP_E4017.zarr/
CWOP,CWOP_E4023,s3://cadcat/histwxstns/CWOP/CWOP_E4023.zarr/
CWOP,CWOP_E4027,s3://cadcat/histwxstns/CWOP/CWOP_E4027.zarr/
CWOP,CWOP_E4030,s3://cadcat/histwxstns/CWOP/CWOP_E4030.zarr/
CWOP,CWOP_E4035,s3://cadcat/histwxstns/CWOP/CWOP_E4035.zarr/
CWOP,CWOP_E4042,s3://cadcat/histwxstns/CWOP/CWOP_E4042.zarr/
CWOP,CWOP_E4043,s3://cadcat/histwxstns/CWOP/CWOP_E4043.zarr/
CWOP,CWOP_E4049,s3://cadcat/histwxstns/CWOP/CWOP_E4049.zarr/
CWOP,CWOP_E4053,s3://cadcat/histwxstns/CWOP/CWOP_E4053.zarr/
CWOP,CWOP_E4076,s3://cadcat/histwxstns/CWOP/CWOP_E4076.zarr/
CWOP,CWOP_E4077,s3://cadcat/histwxstns/CWOP/CWOP_E4077.zarr/
CWOP,CWOP_E4078,s3://cadcat/histwxstns/CWOP/CWOP_E4078.zarr/
CWOP,CWOP_E4079,s3://cadcat/histwxstns/CWOP/CWOP_E4079.zarr/
CWOP,CWOP_E4080,s3://cadcat/histwxstns/CWOP/CWOP_E4080.zarr/
CWOP,CWOP_E4092,s3://cadcat/histwxstns/CWOP/CWOP_E4092.zarr/
CWOP,CWOP_E4100,s3://cadcat/histwxstns/CWOP/CWOP_E4100.zarr/
CWOP,CWOP_E4106,s3://cadcat/histwxstns/CWOP/CWOP_E4106.zarr/
CWOP,CWOP_E4111,s3://cadcat/histwxstns/CWOP/CWOP_E4111.zarr/
CWOP,CWOP_E4113,s3://cadcat/histwxstns/CWOP/CWOP_E4113.zarr/
CWOP,CWOP_E4119,s3://cadcat/histwxstns/CWOP/CWOP_E4119.zarr/
CWOP,CWOP_E4122,s3://cadcat/histwxstns/CWOP/CWOP_E4122.zarr/
CWOP,CWOP_E4126,s3://cadcat/histwxstns/CWOP/CWOP_E4126.zarr/
CWOP,CWOP_E4129,s3://cadcat/histwxstns/CWOP/CWOP_E4129.zarr/
CWOP,CWOP_E4131,s3://cadcat/histwxstns/CWOP/CWOP_E4131.zarr/
CWOP,CWOP_E4133,s3://cadcat/histwxstns/CWOP/CWOP_E4133.zarr/
CWOP,CWOP_E4137,s3://cadcat/histwxstns/CWOP/CWOP_E4137.zarr/
CWOP,CWOP_E4160,s3://cadcat/histwxstns/CWOP/CWOP_E4160.zarr/
CWOP,CWOP_E4170,s3://cadcat/histwxstns/CWOP/CWOP_E4170.zarr/
CWOP,CWOP_E4171,s3://cadcat/histwxstns/CWOP/CWOP_E4171.zarr/
CWOP,CWOP_E4172,s3://cadcat/histwxstns/CWOP/CWOP_E4172.zarr/
CWOP,CWOP_E4185,s3://cadcat/histwxstns/CWOP/CWOP_E4185.zarr/
CWOP,CWOP_E4189,s3://cadcat/histwxstns/CWOP/CWOP_E4189.zarr/
CWOP,CWOP_E4194,s3://cadcat/histwxstns/CWOP/CWOP_E4194.zarr/
CWOP,CWOP_E4197,s3://cadcat/histwxstns/CWOP/CWOP_E4197.zarr/
CWOP,CWOP_E4205,s3://cadcat/histwxstns/CWOP/CWOP_E4205.zarr/
CWOP,CWOP_E4212,s3://cadcat/histwxstns/CWOP/CWOP_E4212.zarr/
CWOP,CWOP_E4226,s3://cadcat/histwxstns/CWOP/CWOP_E4226.zarr/
CWOP,CWOP_E4238,s3://cadcat/histwxstns/CWOP/CWOP_E4238.zarr/
CWOP,CWOP_E4246,s3://cadcat/histwxstns/CWOP/CWOP_E4246.zarr/
CWOP,CWOP_E4248,s3://cadcat/histwxstns/CWOP/CWOP_E4248.zarr/
CWOP,CWOP_E4251,s3://cadcat/histwxstns/CWOP/CWOP_E4251.zarr/
CWOP,CWOP_E4271,s3://cadcat/histwxstns/CWOP/CWOP_E4271.zarr/
CWOP,CWOP_E4273,s3://cadcat/histwxstns/CWOP/CWOP_E4273.zarr/
CWOP,CWOP_E4275,s3://cadcat/histwxstns/CWOP/CWOP_E4275.zarr/
CWOP,CWOP_E4277,s3://cadcat/histwxstns/CWOP/CWOP_E4277.zarr/
CWOP,CWOP_E4281,s3://cadcat/histwxstns/CWOP/CWOP_E4281.zarr/
CWOP,CWOP_E4288,s3://cadcat/histwxstns/CWOP/CWOP_E4288.zarr/
CWOP,CWOP_E4289,s3://cadcat/histwxstns/CWOP/CWOP_E4289.zarr/
CWOP,CWOP_E4305,s3://cadcat/histwxstns/CWOP/CWOP_E4305.zarr/
CWOP,CWOP_E4312,s3://cadcat/histwxstns/CWOP/CWOP_E4312.zarr/
CWOP,CWOP_E4314,s3://cadcat/histwxstns/CWOP/CWOP_E4314.zarr/
CWOP,CWOP_E4322,s3://cadcat/histwxstns/CWOP/CWOP_E4322.zarr/
CWOP,CWOP_E4323,s3://cadcat/histwxstns/CWOP/CWOP_E4323.zarr/
CWOP,CWOP_E4329,s3://cadcat/histwxstns/CWOP/CWOP_E4329.zarr/
CWOP,CWOP_E4338,s3://cadcat/histwxstns/CWOP/CWOP_E4338.zarr/
CWOP,CWOP_E4343,s3://cadcat/histwxstns/CWOP/CWOP_E4343.zarr/
CWOP,CWOP_E4358,s3://cadcat/histwxstns/CWOP/CWOP_E4358.zarr/
CWOP,CWOP_E4360,s3://cadcat/histwxstns/CWOP/CWOP_E4360.zarr/
CWOP,CWOP_E4368,s3://cadcat/histwxstns/CWOP/CWOP_E4368.zarr/
CWOP,CWOP_E4369,s3://cadcat/histwxstns/CWOP/CWOP_E4369.zarr/
CWOP,CWOP_E4371,s3://cadcat/histwxstns/CWOP/CWOP_E4371.zarr/
CWOP,CWOP_E4377,s3://cadcat/histwxstns/CWOP/CWOP_E4377.zarr/
CWOP,CWOP_E4393,s3://cadcat/histwxstns/CWOP/CWOP_E4393.zarr/
CWOP,CWOP_E4395,s3://cadcat/histwxstns/CWOP/CWOP_E4395.zarr/
CWOP,CWOP_E4403,s3://cadcat/histwxstns/CWOP/CWOP_E4403.zarr/
CWOP,CWOP_E4412,s3://cadcat/histwxstns/CWOP/CWOP_E4412.zarr/
CWOP,CWOP_E4418,s3://cadcat/histwxstns/CWOP/CWOP_E4418.zarr/
CWOP,CWOP_E4424,s3://cadcat/histwxstns/CWOP/CWOP_E4424.zarr/
CWOP,CWOP_E4429,s3://cadcat/histwxstns/CWOP/CWOP_E4429.zarr/
CWOP,CWOP_E4431,s3://cadcat/histwxstns/CWOP/CWOP_E4431.zarr/
CWOP,CWOP_E4432,s3://cadcat/histwxstns/CWOP/CWOP_E4432.zarr/
CWOP,CWOP_E4438,s3://cadcat/histwxstns/CWOP/CWOP_E4438.zarr/
CWOP,CWOP_E4443,s3://cadcat/histwxstns/CWOP/CWOP_E4443.zarr/
CWOP,CWOP_E4444,s3://cadcat/histwxstns/CWOP/CWOP_E4444.zarr/
CWOP,CWOP_E4451,s3://cadcat/histwxstns/CWOP/CWOP_E4451.zarr/
CWOP,CWOP_E4459,s3://cadcat/histwxstns/CWOP/CWOP_E4459.zarr/
CWOP,CWOP_E4462,s3://cadcat/histwxstns/CWOP/CWOP_E4462.zarr/
CWOP,CWOP_E4488,s3://cadcat/histwxstns/CWOP/CWOP_E4488.zarr/
CWOP,CWOP_E4490,s3://cadcat/histwxstns/CWOP/CWOP_E4490.zarr/
CWOP,CWOP_E4491,s3://cadcat/histwxstns/CWOP/CWOP_E4491.zarr/
CWOP,CWOP_E4492,s3://cadcat/histwxstns/CWOP/CWOP_E4492.zarr/
CWOP,CWOP_E4496,s3://cadcat/histwxstns/CWOP/CWOP_E4496.zarr/
CWOP,CWOP_E4511,s3://cadcat/histwxstns/CWOP/CWOP_E4511.zarr/
CWOP,CWOP_E4521,s3://cadcat/histwxstns/CWOP/CWOP_E4521.zarr/
CWOP,CWOP_E4530,s3://cadcat/histwxstns/CWOP/CWOP_E4530.zarr/
CWOP,CWOP_E4531,s3://cadcat/histwxstns/CWOP/CWOP_E4531.zarr/
CWOP,CWOP_E4539,s3://cadcat/histwxstns/CWOP/CWOP_E4539.zarr/
CWOP,CWOP_E4542,s3://cadcat/histwxstns/CWOP/CWOP_E4542.zarr/
CWOP,CWOP_E4543,s3://cadcat/histwxstns/CWOP/CWOP_E4543.zarr/
CWOP,CWOP_E4551,s3://cadcat/histwxstns/CWOP/CWOP_E4551.zarr/
CWOP,CWOP_E4557,s3://cadcat/histwxstns/CWOP/CWOP_E4557.zarr/
CWOP,CWOP_E4560,s3://cadcat/histwxstns/CWOP/CWOP_E4560.zarr/
CWOP,CWOP_E4565,s3://cadcat/histwxstns/CWOP/CWOP_E4565.zarr/
CWOP,CWOP_E4575,s3://cadcat/histwxstns/CWOP/CWOP_E4575.zarr/
CWOP,CWOP_E4582,s3://cadcat/histwxstns/CWOP/CWOP_E4582.zarr/
CWOP,CWOP_E4604,s3://cadcat/histwxstns/CWOP/CWOP_E4604.zarr/
CWOP,CWOP_E4606,s3://cadcat/histwxstns/CWOP/CWOP_E4606.zarr/
CWOP,CWOP_E4613,s3://cadcat/histwxstns/CWOP/CWOP_E4613.zarr/
CWOP,CWOP_E4618,s3://cadcat/histwxstns/CWOP/CWOP_E4618.zarr/
CWOP,CWOP_E4628,s3://cadcat/histwxstns/CWOP/CWOP_E4628.zarr/
CWOP,CWOP_E4632,s3://cadcat/histwxstns/CWOP/CWOP_E4632.zarr/
CWOP,CWOP_E4654,s3://cadcat/histwxstns/CWOP/CWOP_E4654.zarr/
CWOP,CWOP_E4662,s3://cadcat/histwxstns/CWOP/CWOP_E4662.zarr/
CWOP,CWOP_E4664,s3://cadcat/histwxstns/CWOP/CWOP_E4664.zarr/
CWOP,CWOP_E4665,s3://cadcat/histwxstns/CWOP/CWOP_E4665.zarr/
CWOP,CWOP_E4666,s3://cadcat/histwxstns/CWOP/CWOP_E4666.zarr/
CWOP,CWOP_E4667,s3://cadcat/histwxstns/CWOP/CWOP_E4667.zarr/
CWOP,CWOP_E4669,s3://cadcat/histwxstns/CWOP/CWOP_E4669.zarr/
CWOP,CWOP_E4680,s3://cadcat/histwxstns/CWOP/CWOP_E4680.zarr/
CWOP,CWOP_E4695,s3://cadcat/histwxstns/CWOP/CWOP_E4695.zarr/
CWOP,CWOP_E4714,s3://cadcat/histwxstns/CWOP/CWOP_E4714.zarr/
CWOP,CWOP_E4718,s3://cadcat/histwxstns/CWOP/CWOP_E4718.zarr/
CWOP,CWOP_E4723,s3://cadcat/histwxstns/CWOP/CWOP_E4723.zarr/
CWOP,CWOP_E4725,s3://cadcat/histwxstns/CWOP/CWOP_E4725.zarr/
CWOP,CWOP_E4730,s3://cadcat/histwxstns/CWOP/CWOP_E4730.zarr/
CWOP,CWOP_E4740,s3://cadcat/histwxstns/CWOP/CWOP_E4740.zarr/
CWOP,CWOP_E4742,s3://cadcat/histwxstns/CWOP/CWOP_E4742.zarr/
CWOP,CWOP_E4743,s3://cadcat/histwxstns/CWOP/CWOP_E4743.zarr/
CWOP,CWOP_E4747,s3://cadcat/histwxstns/CWOP/CWOP_E4747.zarr/
CWOP,CWOP_E4750,s3://cadcat/histwxstns/CWOP/CWOP_E4750.zarr/
CWOP,CWOP_E4769,s3://cadcat/histwxstns/CWOP/CWOP_E4769.zarr/
CWOP,CWOP_E4771,s3://cadcat/histwxstns/CWOP/CWOP_E4771.zarr/
CWOP,CWOP_E4777,s3://cadcat/histwxstns/CWOP/CWOP_E4777.zarr/
CWOP,CWOP_E4795,s3://cadcat/histwxstns/CWOP/CWOP_E4795.zarr/
CWOP,CWOP_E4799,s3://cadcat/histwxstns/CWOP/CWOP_E4799.zarr/
CWOP,CWOP_E4806,s3://cadcat/histwxstns/CWOP/CWOP_E4806.zarr/
CWOP,CWOP_E4825,s3://cadcat/histwxstns/CWOP/CWOP_E4825.zarr/
CWOP,CWOP_E4826,s3://cadcat/histwxstns/CWOP/CWOP_E4826.zarr/
CWOP,CWOP_E4831,s3://cadcat/histwxstns/CWOP/CWOP_E4831.zarr/
CWOP,CWOP_E4833,s3://cadcat/histwxstns/CWOP/CWOP_E4833.zarr/
CWOP,CWOP_E4835,s3://cadcat/histwxstns/CWOP/CWOP_E4835.zarr/
CWOP,CWOP_E4845,s3://cadcat/histwxstns/CWOP/CWOP_E4845.zarr/
CWOP,CWOP_E4849,s3://cadcat/histwxstns/CWOP/CWOP_E4849.zarr/
CWOP,CWOP_E4850,s3://cadcat/histwxstns/CWOP/CWOP_E4850.zarr/
CWOP,CWOP_E4855,s3://cadcat/histwxstns/CWOP/CWOP_E4855.zarr/
CWOP,CWOP_E4856,s3://cadcat/histwxstns/CWOP/CWOP_E4856.zarr/
CWOP,CWOP_E4863,s3://cadcat/histwxstns/CWOP/CWOP_E4863.zarr/
CWOP,CWOP_E4877,s3://cadcat/histwxstns/CWOP/CWOP_E4877.zarr/
CWOP,CWOP_E4883,s3://cadcat/histwxstns/CWOP/CWOP_E4883.zarr/
CWOP,CWOP_E4893,s3://cadcat/histwxstns/CWOP/CWOP_E4893.zarr/
CWOP,CWOP_E4897,s3://cadcat/histwxstns/CWOP/CWOP_E4897.zarr/
CWOP,CWOP_E4901,s3://cadcat/histwxstns/CWOP/CWOP_E4901.zarr/
CWOP,CWOP_E4905,s3://cadcat/histwxstns/CWOP/CWOP_E4905.zarr/
CWOP,CWOP_E4908,s3://cadcat/histwxstns/CWOP/CWOP_E4908.zarr/
CWOP,CWOP_E4911,s3://cadcat/histwxstns/CWOP/CWOP_E4911.zarr/
CWOP,CWOP_E4913,s3://cadcat/histwxstns/CWOP/CWOP_E4913.zarr/
CWOP,CWOP_E4921,s3://cadcat/histwxstns/CWOP/CWOP_E4921.zarr/
CWOP,CWOP_E4925,s3://cadcat/histwxstns/CWOP/CWOP_E4925.zarr/
CWOP,CWOP_E4932,s3://cadcat/histwxstns/CWOP/CWOP_E4932.zarr/
CWOP,CWOP_E4934,s3://cadcat/histwxstns/CWOP/CWOP_E4934.zarr/
CWOP,CWOP_E4942,s3://cadcat/histwxstns/CWOP/CWOP_E4942.zarr/
CWOP,CWOP_E4956,s3://cadcat/histwxstns/CWOP/CWOP_E4956.zarr/
CWOP,CWOP_E4957,s3://cadcat/histwxstns/CWOP/CWOP_E4957.zarr/
CWOP,CWOP_E4962,s3://cadcat/histwxstns/CWOP/CWOP_E4962.zarr/
CWOP,CWOP_E4970,s3://cadcat/histwxstns/CWOP/CWOP_E4970.zarr/
CWOP,CWOP_E4971,s3://cadcat/histwxstns/CWOP/CWOP_E4971.zarr/
CWOP,CWOP_E4986,s3://cadcat/histwxstns/CWOP/CWOP_E4986.zarr/
CWOP,CWOP_E4987,s3://cadcat/histwxstns/CWOP/CWOP_E4987.zarr/
CWOP,CWOP_E4988,s3://cadcat/histwxstns/CWOP/CWOP_E4988.zarr/
CWOP,CWOP_E4996,s3://cadcat/histwxstns/CWOP/CWOP_E4996.zarr/
CWOP,CWOP_E5035,s3://cadcat/histwxstns/CWOP/CWOP_E5035.zarr/
CWOP,CWOP_E5038,s3://cadcat/histwxstns/CWOP/CWOP_E5038.zarr/
CWOP,CWOP_E5045,s3://cadcat/histwxstns/CWOP/CWOP_E5045.zarr/
CWOP,CWOP_E5063,s3://cadcat/histwxstns/CWOP/CWOP_E5063.zarr/
CWOP,CWOP_E5064,s3://cadcat/histwxstns/CWOP/CWOP_E5064.zarr/
CWOP,CWOP_E5072,s3://cadcat/histwxstns/CWOP/CWOP_E5072.zarr/
CWOP,CWOP_E5089,s3://cadcat/histwxstns/CWOP/CWOP_E5089.zarr/
CWOP,CWOP_E5093,s3://cadcat/histwxstns/CWOP/CWOP_E5093.zarr/
CWOP,CWOP_E5096,s3://cadcat/histwxstns/CWOP/CWOP_E5096.zarr/
CWOP,CWOP_E5112,s3://cadcat/histwxstns/CWOP/CWOP_E5112.zarr/
CWOP,CWOP_E5113,s3://cadcat/histwxstns/CWOP/CWOP_E5113.zarr/
CWOP,CWOP_E5123,s3://cadcat/histwxstns/CWOP/CWOP_E5123.zarr/
CWOP,CWOP_E5129,s3://cadcat/histwxstns/CWOP/CWOP_E5129.zarr/
CWOP,CWOP_E5131,s3://cadcat/histwxstns/CWOP/CWOP_E5131.zarr/
CWOP,CWOP_E5142,s3://cadcat/histwxstns/CWOP/CWOP_E5142.zarr/
CWOP,CWOP_E5150,s3://cadcat/histwxstns/CWOP/CWOP_E5150.zarr/
CWOP,CWOP_E5153,s3://cadcat/histwxstns/CWOP/CWOP_E5153.zarr/
CWOP,CWOP_E5191,s3://cadcat/histwxstns/CWOP/CWOP_E5191.zarr/
CWOP,CWOP_E5198,s3://cadcat/histwxstns/CWOP/CWOP_E5198.zarr/
CWOP,CWOP_E5204,s3://cadcat/histwxstns/CWOP/CWOP_E5204.zarr/
CWOP,CWOP_E5205,s3://cadcat/histwxstns/CWOP/CWOP_E5205.zarr/
CWOP,CWOP_E5214,s3://cadcat/histwxstns/CWOP/CWOP_E5214.zarr/
CWOP,CWOP_E5215,s3://cadcat/histwxstns/CWOP/CWOP_E5215.zarr/
CWOP,CWOP_E5220,s3://cadcat/histwxstns/CWOP/CWOP_E5220.zarr/
CWOP,CWOP_E5232,s3://cadcat/histwxstns/CWOP/CWOP_E5232.zarr/
CWOP,CWOP_E5234,s3://cadcat/histwxstns/CWOP/CWOP_E5234.zarr/
CWOP,CWOP_E5237,s3://cadcat/histwxstns/CWOP/CWOP_E5237.zarr/
CWOP,CWOP_E5240,s3://cadcat/histwxstns/CWOP/CWOP_E5240.zarr/
CWOP,CWOP_E5242,s3://cadcat/histwxstns/CWOP/CWOP_E5242.zarr/
CWOP,CWOP_E5243,s3://cadcat/histwxstns/CWOP/CWOP_E5243.zarr/
CWOP,CWOP_E5271,s3://cadcat/histwxstns/CWOP/CWOP_E5271.zarr/
CWOP,CWOP_E5272,s3://cadcat/histwxstns/CWOP/CWOP_E5272.zarr/
CWOP,CWOP_E5283,s3://cadcat/histwxstns/CWOP/CWOP_E5283.zarr/
CWOP,CWOP_E5295,s3://cadcat/histwxstns/CWOP/CWOP_E5295.zarr/
CWOP,CWOP_E5315,s3://cadcat/histwxstns/CWOP/CWOP_E5315.zarr/
CWOP,CWOP_E5317,s3://cadcat/histwxstns/CWOP/CWOP_E5317.zarr/
CWOP,CWOP_E5337,s3://cadcat/histwxstns/CWOP/CWOP_E5337.zarr/
CWOP,CWOP_E5353,s3://cadcat/histwxstns/CWOP/CWOP_E5353.zarr/
CWOP,CWOP_E5357,s3://cadcat/histwxstns/CWOP/CWOP_E5357.zarr/
CWOP,CWOP_E5365,s3://cadcat/histwxstns/CWOP/CWOP_E5365.zarr/
CWOP,CWOP_E5366,s3://cadcat/histwxstns/CWOP/CWOP_E5366.zarr/
CWOP,CWOP_E5367,s3://cadcat/histwxstns/CWOP/CWOP_E5367.zarr/
CWOP,CWOP_E5375,s3://cadcat/histwxstns/CWOP/CWOP_E5375.zarr/
CWOP,CWOP_E5381,s3://cadcat/histwxstns/CWOP/CWOP_E5381.zarr/
CWOP,CWOP_E5393,s3://cadcat/histwxstns/CWOP/CWOP_E5393.zarr/
CWOP,CWOP_E5394,s3://cadcat/histwxstns/CWOP/CWOP_E5394.zarr/
CWOP,CWOP_E5410,s3://cadcat/histwxstns/CWOP/CWOP_E5410.zarr/
CWOP,CWOP_E5421,s3://cadcat/histwxstns/CWOP/CWOP_E5421.zarr/
CWOP,CWOP_E5423,s3://cadcat/histwxstns/CWOP/CWOP_E5423.zarr/
CWOP,CWOP_E5435,s3://cadcat/histwxstns/CWOP/CWOP_E5435.zarr/
CWOP,CWOP_E5436,s3://cadcat/histwxstns/CWOP/CWOP_E5436.zarr/
CWOP,CWOP_E5439,s3://cadcat/histwxstns/CWOP/CWOP_E5439.zarr/
CWOP,CWOP_E5440,s3://cadcat/histwxstns/CWOP/CWOP_E5440.zarr/
CWOP,CWOP_E5447,s3://cadcat/histwxstns/CWOP/CWOP_E5447.zarr/
CWOP,CWOP_E5448,s3://cadcat/histwxstns/CWOP/CWOP_E5448.zarr/
CWOP,CWOP_E5458,s3://cadcat/histwxstns/CWOP/CWOP_E5458.zarr/
CWOP,CWOP_E5462,s3://cadcat/histwxstns/CWOP/CWOP_E5462.zarr/
CWOP,CWOP_E5463,s3://cadcat/histwxstns/CWOP/CWOP_E5463.zarr/
CWOP,CWOP_E5464,s3://cadcat/histwxstns/CWOP/CWOP_E5464.zarr/
CWOP,CWOP_E5471,s3://cadcat/histwxstns/CWOP/CWOP_E5471.zarr/
CWOP,CWOP_E5472,s3://cadcat/histwxstns/CWOP/CWOP_E5472.zarr/
CWOP,CWOP_E5482,s3://cadcat/histwxstns/CWOP/CWOP_E5482.zarr/
CWOP,CWOP_E5500,s3://cadcat/histwxstns/CWOP/CWOP_E5500.zarr/
CWOP,CWOP_E5507,s3://cadcat/histwxstns/CWOP/CWOP_E5507.zarr/
CWOP,CWOP_E5516,s3://cadcat/histwxstns/CWOP/CWOP_E5516.zarr/
CWOP,CWOP_E5537,s3://cadcat/histwxstns/CWOP/CWOP_E5537.zarr/
CWOP,CWOP_E5547,s3://cadcat/histwxstns/CWOP/CWOP_E5547.zarr/
CWOP,CWOP_E5549,s3://cadcat/histwxstns/CWOP/CWOP_E5549.zarr/
CWOP,CWOP_E5552,s3://cadcat/histwxstns/CWOP/CWOP_E5552.zarr/
CWOP,CWOP_E5555,s3://cadcat/histwxstns/CWOP/CWOP_E5555.zarr/
CWOP,CWOP_E5563,s3://cadcat/histwxstns/CWOP/CWOP_E5563.zarr/
CWOP,CWOP_E5566,s3://cadcat/histwxstns/CWOP/CWOP_E5566.zarr/
CWOP,CWOP_E5568,s3://cadcat/histwxstns/CWOP/CWOP_E5568.zarr/
CWOP,CWOP_E5569,s3://cadcat/histwxstns/CWOP/CWOP_E5569.zarr/
CWOP,CWOP_E5598,s3://cadcat/histwxstns/CWOP/CWOP_E5598.zarr/
CWOP,CWOP_E5602,s3://cadcat/histwxstns/CWOP/CWOP_E5602.zarr/
CWOP,CWOP_E5606,s3://cadcat/histwxstns/CWOP/CWOP_E5606.zarr/
CWOP,CWOP_E5617,s3://cadcat/histwxstns/CWOP/CWOP_E5617.zarr/
CWOP,CWOP_E5633,s3://cadcat/histwxstns/CWOP/CWOP_E5633.zarr/
CWOP,CWOP_E5642,s3://cadcat/histwxstns/CWOP/CWOP_E5642.zarr/
CWOP,CWOP_E5649,s3://cadcat/histwxstns/CWOP/CWOP_E5649.zarr/
CWOP,CWOP_E5655,s3://cadcat/histwxstns/CWOP/CWOP_E5655.zarr/
CWOP,CWOP_E5663,s3://cadcat/histwxstns/CWOP/CWOP_E5663.zarr/
CWOP,CWOP_E5666,s3://cadcat/histwxstns/CWOP/CWOP_E5666.zarr/
CWOP,CWOP_E5685,s3://cadcat/histwxstns/CWOP/CWOP_E5685.zarr/
CWOP,CWOP_E5686,s3://cadcat/histwxstns/CWOP/CWOP_E5686.zarr/
CWOP,CWOP_E5689,s3://cadcat/histwxstns/CWOP/CWOP_E5689.zarr/
CWOP,CWOP_E5691,s3://cadcat/histwxstns/CWOP/CWOP_E5691.zarr/
CWOP,CWOP_E5693,s3://cadcat/histwxstns/CWOP/CWOP_E5693.zarr/
CWOP,CWOP_E5697,s3://cadcat/histwxstns/CWOP/CWOP_E5697.zarr/
CWOP,CWOP_E5704,s3://cadcat/histwxstns/CWOP/CWOP_E5704.zarr/
CWOP,CWOP_E5706,s3://cadcat/histwxstns/CWOP/CWOP_E5706.zarr/
CWOP,CWOP_E5707,s3://cadcat/histwxstns/CWOP/CWOP_E5707.zarr/
CWOP,CWOP_E5709,s3://cadcat/histwxstns/CWOP/CWOP_E5709.zarr/
CWOP,CWOP_E5718,s3://cadcat/histwxstns/CWOP/CWOP_E5718.zarr/
CWOP,CWOP_E5719,s3://cadcat/histwxstns/CWOP/CWOP_E5719.zarr/
CWOP,CWOP_E5721,s3://cadcat/histwxstns/CWOP/CWOP_E5721.zarr/
CWOP,CWOP_E5726,s3://cadcat/histwxstns/CWOP/CWOP_E5726.zarr/
CWOP,CWOP_E5751,s3://cadcat/histwxstns/CWOP/CWOP_E5751.zarr/
CWOP,CWOP_E5752,s3://cadcat/histwxstns/CWOP/CWOP_E5752.zarr/
CWOP,CWOP_E5760,s3://cadcat/histwxstns/CWOP/CWOP_E5760.zarr/
CWOP,CWOP_E5762,s3://cadcat/histwxstns/CWOP/CWOP_E5762.zarr/
CWOP,CWOP_E5766,s3://cadcat/histwxstns/CWOP/CWOP_E5766.zarr/
CWOP,CWOP_E5769,s3://cadcat/histwxstns/CWOP/CWOP_E5769.zarr/
CWOP,CWOP_E5772,s3://cadcat/histwxstns/CWOP/CWOP_E5772.zarr/
CWOP,CWOP_E5778,s3://cadcat/histwxstns/CWOP/CWOP_E5778.zarr/
CWOP,CWOP_E5780,s3://cadcat/histwxstns/CWOP/CWOP_E5780.zarr/
CWOP,CWOP_E5793,s3://cadcat/histwxstns/CWOP/CWOP_E5793.zarr/
CWOP,CWOP_E5794,s3://cadcat/histwxstns/CWOP/CWOP_E5794.zarr/
CWOP,CWOP_E5800,s3://cadcat/histwxstns/CWOP/CWOP_E5800.zarr/
CWOP,CWOP_E5807,s3://cadcat/histwxstns/CWOP/CWOP_E5807.zarr/
CWOP,CWOP_E5809,s3://cadcat/histwxstns/CWOP/CWOP_E5809.zarr/
CWOP,CWOP_E5811,s3://cadcat/histwxstns/CWOP/CWOP_E5811.zarr/
CWOP,CWOP_E5812,s3://cadcat/histwxstns/CWOP/CWOP_E5812.zarr/
CWOP,CWOP_E5814,s3://cadcat/histwxstns/CWOP/CWOP_E5814.zarr/
CWOP,CWOP_E5824,s3://cadcat/histwxstns/CWOP/CWOP_E5824.zarr/
CWOP,CWOP_E5830,s3://cadcat/histwxstns/CWOP/CWOP_E5830.zarr/
CWOP,CWOP_E5837,s3://cadcat/histwxstns/CWOP/CWOP_E5837.zarr/
CWOP,CWOP_E5842,s3://cadcat/histwxstns/CWOP/CWOP_E5842.zarr/
CWOP,CWOP_E5843,s3://cadcat/histwxstns/CWOP/CWOP_E5843.zarr/
CWOP,CWOP_E5845,s3://cadcat/histwxstns/CWOP/CWOP_E5845.zarr/
CWOP,CWOP_E5852,s3://cadcat/histwxstns/CWOP/CWOP_E5852.zarr/
CWOP,CWOP_E5853,s3://cadcat/histwxstns/CWOP/CWOP_E5853.zarr/
CWOP,CWOP_E5871,s3://cadcat/histwxstns/CWOP/CWOP_E5871.zarr/
CWOP,CWOP_E5872,s3://cadcat/histwxstns/CWOP/CWOP_E5872.zarr/
CWOP,CWOP_E5877,s3://cadcat/histwxstns/CWOP/CWOP_E5877.zarr/
CWOP,CWOP_E5890,s3://cadcat/histwxstns/CWOP/CWOP_E5890.zarr/
CWOP,CWOP_E5898,s3://cadcat/histwxstns/CWOP/CWOP_E5898.zarr/
CWOP,CWOP_E5905,s3://cadcat/histwxstns/CWOP/CWOP_E5905.zarr/
CWOP,CWOP_E5906,s3://cadcat/histwxstns/CWOP/CWOP_E5906.zarr/
CWOP,CWOP_E5918,s3://cadcat/histwxstns/CWOP/CWOP_E5918.zarr/
CWOP,CWOP_E5920,s3://cadcat/histwxstns/CWOP/CWOP_E5920.zarr/
CWOP,CWOP_E5921,s3://cadcat/histwxstns/CWOP/CWOP_E5921.zarr/
CWOP,CWOP_E5923,s3://cadcat/histwxstns/CWOP/CWOP_E5923.zarr/
CWOP,CWOP_E5937,s3://cadcat/histwxstns/CWOP/CWOP_E5937.zarr/
CWOP,CWOP_E5942,s3://cadcat/histwxstns/CWOP/CWOP_E5942.zarr/
CWOP,CWOP_E5953,s3://cadcat/histwxstns/CWOP/CWOP_E5953.zarr/
CWOP,CWOP_E5965,s3://cadcat/histwxstns/CWOP/CWOP_E5965.zarr/
CWOP,CWOP_E5967,s3://cadcat/histwxstns/CWOP/CWOP_E5967.zarr/
CWOP,CWOP_E5970,s3://cadcat/histwxstns/CWOP/CWOP_E5970.zarr/
CWOP,CWOP_E5974,s3://cadcat/histwxstns/CWOP/CWOP_E5974.zarr/
CWOP,CWOP_E5979,s3://cadcat/histwxstns/CWOP/CWOP_E5979.zarr/
CWOP,CWOP_E5989,s3://cadcat/histwxstns/CWOP/CWOP_E5989.zarr/
CWOP,CWOP_E5991,s3://cadcat/histwxstns/CWOP/CWOP_E5991.zarr/
CWOP,CWOP_E6017,s3://cadcat/histwxstns/CWOP/CWOP_E6017.zarr/
CWOP,CWOP_E6019,s3://cadcat/histwxstns/CWOP/CWOP_E6019.zarr/
CWOP,CWOP_E6020,s3://cadcat/histwxstns/CWOP/CWOP_E6020.zarr/
CWOP,CWOP_E6025,s3://cadcat/histwxstns/CWOP/CWOP_E6025.zarr/
CWOP,CWOP_E6029,s3://cadcat/histwxstns/CWOP/CWOP_E6029.zarr/
CWOP,CWOP_E6035,s3://cadcat/histwxstns/CWOP/CWOP_E6035.zarr/
CWOP,CWOP_E6041,s3://cadcat/histwxstns/CWOP/CWOP_E6041.zarr/
CWOP,CWOP_E6044,s3://cadcat/histwxstns/CWOP/CWOP_E6044.zarr/
CWOP,CWOP_E6052,s3://cadcat/histwxstns/CWOP/CWOP_E6052.zarr/
CWOP,CWOP_E6055,s3://cadcat/histwxstns/CWOP/CWOP_E6055.zarr/
CWOP,CWOP_E6067,s3://cadcat/histwxstns/CWOP/CWOP_E6067.zarr/
CWOP,CWOP_E6071,s3://cadcat/histwxstns/CWOP/CWOP_E6071.zarr/
CWOP,CWOP_E6075,s3://cadcat/histwxstns/CWOP/CWOP_E6075.zarr/
CWOP,CWOP_E6076,s3://cadcat/histwxstns/CWOP/CWOP_E6076.zarr/
CWOP,CWOP_E6078,s3://cadcat/histwxstns/CWOP/CWOP_E6078.zarr/
CWOP,CWOP_E6079,s3://cadcat/histwxstns/CWOP/CWOP_E6079.zarr/
CWOP,CWOP_E6084,s3://cadcat/histwxstns/CWOP/CWOP_E6084.zarr/
CWOP,CWOP_E6085,s3://cadcat/histwxstns/CWOP/CWOP_E6085.zarr/
CWOP,CWOP_E6089,s3://cadcat/histwxstns/CWOP/CWOP_E6089.zarr/
CWOP,CWOP_E6095,s3://cadcat/histwxstns/CWOP/CWOP_E6095.zarr/
CWOP,CWOP_E6108,s3://cadcat/histwxstns/CWOP/CWOP_E6108.zarr/
CWOP,CWOP_E6113,s3://cadcat/histwxstns/CWOP/CWOP_E6113.zarr/
CWOP,CWOP_E6117,s3://cadcat/histwxstns/CWOP/CWOP_E6117.zarr/
CWOP,CWOP_E6118,s3://cadcat/histwxstns/CWOP/CWOP_E6118.zarr/
CWOP,CWOP_E6134,s3://cadcat/histwxstns/CWOP/CWOP_E6134.zarr/
CWOP,CWOP_E6137,s3://cadcat/histwxstns/CWOP/CWOP_E6137.zarr/
CWOP,CWOP_E6149,s3://cadcat/histwxstns/CWOP/CWOP_E6149.zarr/
CWOP,CWOP_E6155,s3://cadcat/histwxstns/CWOP/CWOP_E6155.zarr/
CWOP,CWOP_E6165,s3://cadcat/histwxstns/CWOP/CWOP_E6165.zarr/
CWOP,CWOP_E6167,s3://cadcat/histwxstns/CWOP/CWOP_E6167.zarr/
CWOP,CWOP_E6168,s3://cadcat/histwxstns/CWOP/CWOP_E6168.zarr/
CWOP,CWOP_E6179,s3://cadcat/histwxstns/CWOP/CWOP_E6179.zarr/
CWOP,CWOP_E6190,s3://cadcat/histwxstns/CWOP/CWOP_E6190.zarr/
CWOP,CWOP_E6194,s3://cadcat/histwxstns/CWOP/CWOP_E6194.zarr/
CWOP,CWOP_E6204,s3://cadcat/histwxstns/CWOP/CWOP_E6204.zarr/
CWOP,CWOP_E6215,s3://cadcat/histwxstns/CWOP/CWOP_E6215.zarr/
CWOP,CWOP_E6216,s3://cadcat/histwxstns/CWOP/CWOP_E6216.zarr/
CWOP,CWOP_E6225,s3://cadcat/histwxstns/CWOP/CWOP_E6225.zarr/
CWOP,CWOP_E6230,s3://cadcat/histwxstns/CWOP/CWOP_E6230.zarr/
CWOP,CWOP_E6234,s3://cadcat/histwxstns/CWOP/CWOP_E6234.zarr/
CWOP,CWOP_E6244,s3://cadcat/histwxstns/CWOP/CWOP_E6244.zarr/
CWOP,CWOP_E6260,s3://cadcat/histwxstns/CWOP/CWOP_E6260.zarr/
CWOP,CWOP_E6261,s3://cadcat/histwxstns/CWOP/CWOP_E6261.zarr/
CWOP,CWOP_E6263,s3://cadcat/histwxstns/CWOP/CWOP_E6263.zarr/
CWOP,CWOP_E6266,s3://cadcat/histwxstns/CWOP/CWOP_E6266.zarr/
CWOP,CWOP_E6267,s3://cadcat/histwxstns/CWOP/CWOP_E6267.zarr/
CWOP,CWOP_E6268,s3://cadcat/histwxstns/CWOP/CWOP_E6268.zarr/
CWOP,CWOP_E6271,s3://cadcat/histwxstns/CWOP/CWOP_E6271.zarr/
CWOP,CWOP_E6279,s3://cadcat/histwxstns/CWOP/CWOP_E6279.zarr/
CWOP,CWOP_E6280,s3://cadcat/histwxstns/CWOP/CWOP_E6280.zarr/
CWOP,CWOP_E6293,s3://cadcat/histwxstns/CWOP/CWOP_E6293.zarr/
CWOP,CWOP_E6294,s3://cadcat/histwxstns/CWOP/CWOP_E6294.zarr/
CWOP,CWOP_E6300,s3://cadcat/histwxstns/CWOP/CWOP_E6300.zarr/
CWOP,CWOP_E6301,s3://cadcat/histwxstns/CWOP/CWOP_E6301.zarr/
CWOP,CWOP_E6303,s3://cadcat/histwxstns/CWOP/CWOP_E6303.zarr/
CWOP,CWOP_E6313,s3://cadcat/histwxstns/CWOP/CWOP_E6313.zarr/
CWOP,CWOP_E6319,s3://cadcat/histwxstns/CWOP/CWOP_E6319.zarr/
CWOP,CWOP_E6321,s3://cadcat/histwxstns/CWOP/CWOP_E6321.zarr/
CWOP,CWOP_E6330,s3://cadcat/histwxstns/CWOP/CWOP_E6330.zarr/
CWOP,CWOP_E6337,s3://cadcat/histwxstns/CWOP/CWOP_E6337.zarr/
CWOP,CWOP_E6345,s3://cadcat/histwxstns/CWOP/CWOP_E6345.zarr/
CWOP,CWOP_E6355,s3://cadcat/histwxstns/CWOP/CWOP_E6355.zarr/
CWOP,CWOP_E6366,s3://cadcat/histwxstns/CWOP/CWOP_E6366.zarr/
CWOP,CWOP_E6368,s3://cadcat/histwxstns/CWOP/CWOP_E6368.zarr/
CWOP,CWOP_E6371,s3://cadcat/histwxstns/CWOP/CWOP_E6371.zarr/
CWOP,CWOP_E6379,s3://cadcat/histwxstns/CWOP/CWOP_E6379.zarr/
CWOP,CWOP_E6385,s3://cadcat/histwxstns/CWOP/CWOP_E6385.zarr/
CWOP,CWOP_E6393,s3://cadcat/histwxstns/CWOP/CWOP_E6393.zarr/
CWOP,CWOP_E6394,s3://cadcat/histwxstns/CWOP/CWOP_E6394.zarr/
CWOP,CWOP_E6407,s3://cadcat/histwxstns/CWOP/CWOP_E6407.zarr/
CWOP,CWOP_E6409,s3://cadcat/histwxstns/CWOP/CWOP_E6409.zarr/
CWOP,CWOP_E6413,s3://cadcat/histwxstns/CWOP/CWOP_E6413.zarr/
CWOP,CWOP_E6414,s3://cadcat/histwxstns/CWOP/CWOP_E6414.zarr/
CWOP,CWOP_E6420,s3://cadcat/histwxstns/CWOP/CWOP_E6420.zarr/
CWOP,CWOP_E6431,s3://cadcat/histwxstns/CWOP/CWOP_E6431.zarr/
CWOP,CWOP_E6434,s3://cadcat/histwxstns/CWOP/CWOP_E6434.zarr/
CWOP,CWOP_E6437,s3://cadcat/histwxstns/CWOP/CWOP_E6437.zarr/
CWOP,CWOP_E6449,s3://cadcat/histwxstns/CWOP/CWOP_E6449.zarr/
CWOP,CWOP_E6456,s3://cadcat/histwxstns/CWOP/CWOP_E6456.zarr/
CWOP,CWOP_E6461,s3://cadcat/histwxstns/CWOP/CWOP_E6461.zarr/
CWOP,CWOP_E6472,s3://cadcat/histwxstns/CWOP/CWOP_E6472.zarr/
CWOP,CWOP_E6473,s3://cadcat/histwxstns/CWOP/CWOP_E6473.zarr/
CWOP,CWOP_E6476,s3://cadcat/histwxstns/CWOP/CWOP_E6476.zarr/
CWOP,CWOP_E6479,s3://cadcat/histwxstns/CWOP/CWOP_E6479.zarr/
CWOP,CWOP_E6485,s3://cadcat/histwxstns/CWOP/CWOP_E6485.zarr/
CWOP,CWOP_E6490,s3://cadcat/histwxstns/CWOP/CWOP_E6490.zarr/
CWOP,CWOP_E6494,s3://cadcat/histwxstns/CWOP/CWOP_E6494.zarr/
CWOP,CWOP_E6495,s3://cadcat/histwxstns/CWOP/CWOP_E6495.zarr/
CWOP,CWOP_E6496,s3://cadcat/histwxstns/CWOP/CWOP_E6496.zarr/
CWOP,CWOP_E6501,s3://cadcat/histwxstns/CWOP/CWOP_E6501.zarr/
CWOP,CWOP_E6518,s3://cadcat/histwxstns/CWOP/CWOP_E6518.zarr/
CWOP,CWOP_E6531,s3://cadcat/histwxstns/CWOP/CWOP_E6531.zarr/
CWOP,CWOP_E6538,s3://cadcat/histwxstns/CWOP/CWOP_E6538.zarr/
CWOP,CWOP_E6541,s3://cadcat/histwxstns/CWOP/CWOP_E6541.zarr/
CWOP,CWOP_E6544,s3://cadcat/histwxstns/CWOP/CWOP_E6544.zarr/
CWOP,CWOP_E6545,s3://cadcat/histwxstns/CWOP/CWOP_E6545.zarr/
CWOP,CWOP_E6547,s3://cadcat/histwxstns/CWOP/CWOP_E6547.zarr/
CWOP,CWOP_E6550,s3://cadcat/histwxstns/CWOP/CWOP_E6550.zarr/
CWOP,CWOP_E6551,s3://cadcat/histwxstns/CWOP/CWOP_E6551.zarr/
CWOP,CWOP_E6552,s3://cadcat/histwxstns/CWOP/CWOP_E6552.zarr/
CWOP,CWOP_E6555,s3://cadcat/histwxstns/CWOP/CWOP_E6555.zarr/
CWOP,CWOP_E6571,s3://cadcat/histwxstns/CWOP/CWOP_E6571.zarr/
CWOP,CWOP_E6576,s3://cadcat/histwxstns/CWOP/CWOP_E6576.zarr/
CWOP,CWOP_E6584,s3://cadcat/histwxstns/CWOP/CWOP_E6584.zarr/
CWOP,CWOP_E6599,s3://cadcat/histwxstns/CWOP/CWOP_E6599.zarr/
CWOP,CWOP_E6618,s3://cadcat/histwxstns/CWOP/CWOP_E6618.zarr/
CWOP,CWOP_E6619,s3://cadcat/histwxstns/CWOP/CWOP_E6619.zarr/
CWOP,CWOP_E6626,s3://cadcat/histwxstns/CWOP/CWOP_E6626.zarr/
CWOP,CWOP_E6628,s3://cadcat/histwxstns/CWOP/CWOP_E6628.zarr/
CWOP,CWOP_E6633,s3://cadcat/histwxstns/CWOP/CWOP_E6633.zarr/
CWOP,CWOP_E6650,s3://cadcat/histwxstns/CWOP/CWOP_E6650.zarr/
CWOP,CWOP_E6654,s3://cadcat/histwxstns/CWOP/CWOP_E6654.zarr/
CWOP,CWOP_E6661,s3://cadcat/histwxstns/CWOP/CWOP_E6661.zarr/
CWOP,CWOP_E6663,s3://cadcat/histwxstns/CWOP/CWOP_E6663.zarr/
CWOP,CWOP_E6666,s3://cadcat/histwxstns/CWOP/CWOP_E6666.zarr/
CWOP,CWOP_E6670,s3://cadcat/histwxstns/CWOP/CWOP_E6670.zarr/
CWOP,CWOP_E6684,s3://cadcat/histwxstns/CWOP/CWOP_E6684.zarr/
CWOP,CWOP_E6685,s3://cadcat/histwxstns/CWOP/CWOP_E6685.zarr/
CWOP,CWOP_E6687,s3://cadcat/histwxstns/CWOP/CWOP_E6687.zarr/
CWOP,CWOP_E6690,s3://cadcat/histwxstns/CWOP/CWOP_E6690.zarr/
CWOP,CWOP_E6695,s3://cadcat/histwxstns/CWOP/CWOP_E6695.zarr/
CWOP,CWOP_E6696,s3://cadcat/histwxstns/CWOP/CWOP_E6696.zarr/
CWOP,CWOP_E6698,s3://cadcat/histwxstns/CWOP/CWOP_E6698.zarr/
CWOP,CWOP_E6701,s3://cadcat/histwxstns/CWOP/CWOP_E6701.zarr/
CWOP,CWOP_E6711,s3://cadcat/histwxstns/CWOP/CWOP_E6711.zarr/
CWOP,CWOP_E6712,s3://cadcat/histwxstns/CWOP/CWOP_E6712.zarr/
CWOP,CWOP_E6724,s3://cadcat/histwxstns/CWOP/CWOP_E6724.zarr/
CWOP,CWOP_E6740,s3://cadcat/histwxstns/CWOP/CWOP_E6740.zarr/
CWOP,CWOP_E6745,s3://cadcat/histwxstns/CWOP/CWOP_E6745.zarr/
CWOP,CWOP_E6749,s3://cadcat/histwxstns/CWOP/CWOP_E6749.zarr/
CWOP,CWOP_E6764,s3://cadcat/histwxstns/CWOP/CWOP_E6764.zarr/
CWOP,CWOP_E6774,s3://cadcat/histwxstns/CWOP/CWOP_E6774.zarr/
CWOP,CWOP_E6782,s3://cadcat/histwxstns/CWOP/CWOP_E6782.zarr/
CWOP,CWOP_E6795,s3://cadcat/histwxstns/CWOP/CWOP_E6795.zarr/
CWOP,CWOP_E6796,s3://cadcat/histwxstns/CWOP/CWOP_E6796.zarr/
CWOP,CWOP_E6800,s3://cadcat/histwxstns/CWOP/CWOP_E6800.zarr/
CWOP,CWOP_E6809,s3://cadcat/histwxstns/CWOP/CWOP_E6809.zarr/
CWOP,CWOP_E6810,s3://cadcat/histwxstns/CWOP/CWOP_E6810.zarr/
CWOP,CWOP_E6811,s3://cadcat/histwxstns/CWOP/CWOP_E6811.zarr/
CWOP,CWOP_E6813,s3://cadcat/histwxstns/CWOP/CWOP_E6813.zarr/
CWOP,CWOP_E6821,s3://cadcat/histwxstns/CWOP/CWOP_E6821.zarr/
CWOP,CWOP_E6829,s3://cadcat/histwxstns/CWOP/CWOP_E6829.zarr/
CWOP,CWOP_E6860,s3://cadcat/histwxstns/CWOP/CWOP_E6860.zarr/
CWOP,CWOP_E6864,s3://cadcat/histwxstns/CWOP/CWOP_E6864.zarr/
CWOP,CWOP_E6873,s3://cadcat/histwxstns/CWOP/CWOP_E6873.zarr/
CWOP,CWOP_E6886,s3://cadcat/histwxstns/CWOP/CWOP_E6886.zarr/
CWOP,CWOP_E6889,s3://cadcat/histwxstns/CWOP/CWOP_E6889.zarr/
CWOP,CWOP_E6890,s3://cadcat/histwxstns/CWOP/CWOP_E6890.zarr/
CWOP,CWOP_E6892,s3://cadcat/histwxstns/CWOP/CWOP_E6892.zarr/
CWOP,CWOP_E6898,s3://cadcat/histwxstns/CWOP/CWOP_E6898.zarr/
CWOP,CWOP_E6905,s3://cadcat/histwxstns/CWOP/CWOP_E6905.zarr/
CWOP,CWOP_E6908,s3://cadcat/histwxstns/CWOP/CWOP_E6908.zarr/
CWOP,CWOP_E6919,s3://cadcat/histwxstns/CWOP/CWOP_E6919.zarr/
CWOP,CWOP_E6928,s3://cadcat/histwxstns/CWOP/CWOP_E6928.zarr/
CWOP,CWOP_E6932,s3://cadcat/histwxstns/CWOP/CWOP_E6932.zarr/
CWOP,CWOP_E6948,s3://cadcat/histwxstns/CWOP/CWOP_E6948.zarr/
CWOP,CWOP_E6959,s3://cadcat/histwxstns/CWOP/CWOP_E6959.zarr/
CWOP,CWOP_E6963,s3://cadcat/histwxstns/CWOP/CWOP_E6963.zarr/
CWOP,CWOP_E6973,s3://cadcat/histwxstns/CWOP/CWOP_E6973.zarr/
CWOP,CWOP_E6986,s3://cadcat/histwxstns/CWOP/CWOP_E6986.zarr/
CWOP,CWOP_E6994,s3://cadcat/histwxstns/CWOP/CWOP_E6994.zarr/
CWOP,CWOP_E6996,s3://cadcat/histwxstns/CWOP/CWOP_E6996.zarr/
CWOP,CWOP_E7001,s3://cadcat/histwxstns/CWOP/CWOP_E7001.zarr/
CWOP,CWOP_E7002,s3://cadcat/histwxstns/CWOP/CWOP_E7002.zarr/
CWOP,CWOP_E7003,s3://cadcat/histwxstns/CWOP/CWOP_E7003.zarr/
CWOP,CWOP_E7004,s3://cadcat/histwxstns/CWOP/CWOP_E7004.zarr/
CWOP,CWOP_E7016,s3://cadcat/histwxstns/CWOP/CWOP_E7016.zarr/
CWOP,CWOP_E7018,s3://cadcat/histwxstns/CWOP/CWOP_E7018.zarr/
CWOP,CWOP_E7021,s3://cadcat/histwxstns/CWOP/CWOP_E7021.zarr/
CWOP,CWOP_E7024,s3://cadcat/histwxstns/CWOP/CWOP_E7024.zarr/
CWOP,CWOP_E7029,s3://cadcat/histwxstns/CWOP/CWOP_E7029.zarr/
CWOP,CWOP_E7038,s3://cadcat/histwxstns/CWOP/CWOP_E7038.zarr/
CWOP,CWOP_E7039,s3://cadcat/histwxstns/CWOP/CWOP_E7039.zarr/
CWOP,CWOP_E7041,s3://cadcat/histwxstns/CWOP/CWOP_E7041.zarr/
CWOP,CWOP_E7082,s3://cadcat/histwxstns/CWOP/CWOP_E7082.zarr/
CWOP,CWOP_E7094,s3://cadcat/histwxstns/CWOP/CWOP_E7094.zarr/
CWOP,CWOP_E7100,s3://cadcat/histwxstns/CWOP/CWOP_E7100.zarr/
CWOP,CWOP_E7103,s3://cadcat/histwxstns/CWOP/CWOP_E7103.zarr/
CWOP,CWOP_E7105,s3://cadcat/histwxstns/CWOP/CWOP_E7105.zarr/
CWOP,CWOP_E7109,s3://cadcat/histwxstns/CWOP/CWOP_E7109.zarr/
CWOP,CWOP_E7114,s3://cadcat/histwxstns/CWOP/CWOP_E7114.zarr/
CWOP,CWOP_E7120,s3://cadcat/histwxstns/CWOP/CWOP_E7120.zarr/
CWOP,CWOP_E7122,s3://cadcat/histwxstns/CWOP/CWOP_E7122.zarr/
CWOP,CWOP_E7129,s3://cadcat/histwxstns/CWOP/CWOP_E7129.zarr/
CWOP,CWOP_E7132,s3://cadcat/histwxstns/CWOP/CWOP_E7132.zarr/
CWOP,CWOP_E7138,s3://cadcat/histwxstns/CWOP/CWOP_E7138.zarr/
CWOP,CWOP_E7146,s3://cadcat/histwxstns/CWOP/CWOP_E7146.zarr/
CWOP,CWOP_E7153,s3://cadcat/histwxstns/CWOP/CWOP_E7153.zarr/
CWOP,CWOP_E7158,s3://cadcat/histwxstns/CWOP/CWOP_E7158.zarr/
CWOP,CWOP_E7168,s3://cadcat/histwxstns/CWOP/CWOP_E7168.zarr/
CWOP,CWOP_E7176,s3://cadcat/histwxstns/CWOP/CWOP_E7176.zarr/
CWOP,CWOP_E7191,s3://cadcat/histwxstns/CWOP/CWOP_E7191.zarr/
CWOP,CWOP_E7192,s3://cadcat/histwxstns/CWOP/CWOP_E7192.zarr/
CWOP,CWOP_E7209,s3://cadcat/histwxstns/CWOP/CWOP_E7209.zarr/
CWOP,CWOP_E7217,s3://cadcat/histwxstns/CWOP/CWOP_E7217.zarr/
CWOP,CWOP_E7224,s3://cadcat/histwxstns/CWOP/CWOP_E7224.zarr/
CWOP,CWOP_E7226,s3://cadcat/histwxstns/CWOP/CWOP_E7226.zarr/
CWOP,CWOP_E7227,s3://cadcat/histwxstns/CWOP/CWOP_E7227.zarr/
CWOP,CWOP_E7231,s3://cadcat/histwxstns/CWOP/CWOP_E7231.zarr/
CWOP,CWOP_E7232,s3://cadcat/histwxstns/CWOP/CWOP_E7232.zarr/
CWOP,CWOP_E7239,s3://cadcat/histwxstns/CWOP/CWOP_E7239.zarr/
CWOP,CWOP_E7240,s3://cadcat/histwxstns/CWOP/CWOP_E7240.zarr/
CWOP,CWOP_E7241,s3://cadcat/histwxstns/CWOP/CWOP_E7241.zarr/
CWOP,CWOP_E7250,s3://cadcat/histwxstns/CWOP/CWOP_E7250.zarr/
CWOP,CWOP_E7258,s3://cadcat/histwxstns/CWOP/CWOP_E7258.zarr/
CWOP,CWOP_E7262,s3://cadcat/histwxstns/CWOP/CWOP_E7262.zarr/
CWOP,CWOP_E7264,s3://cadcat/histwxstns/CWOP/CWOP_E7264.zarr/
CWOP,CWOP_E7291,s3://cadcat/histwxstns/CWOP/CWOP_E7291.zarr/
CWOP,CWOP_E7293,s3://cadcat/histwxstns/CWOP/CWOP_E7293.zarr/
CWOP,CWOP_E7309,s3://cadcat/histwxstns/CWOP/CWOP_E7309.zarr/
CWOP,CWOP_E7311,s3://cadcat/histwxstns/CWOP/CWOP_E7311.zarr/
CWOP,CWOP_E7313,s3://cadcat/histwxstns/CWOP/CWOP_E7313.zarr/
CWOP,CWOP_E7314,s3://cadcat/histwxstns/CWOP/CWOP_E7314.zarr/
CWOP,CWOP_E7322,s3://cadcat/histwxstns/CWOP/CWOP_E7322.zarr/
CWOP,CWOP_E7328,s3://cadcat/histwxstns/CWOP/CWOP_E7328.zarr/
CWOP,CWOP_E7346,s3://cadcat/histwxstns/CWOP/CWOP_E7346.zarr/
CWOP,CWOP_E7354,s3://cadcat/histwxstns/CWOP/CWOP_E7354.zarr/
CWOP,CWOP_E7357,s3://cadcat/histwxstns/CWOP/CWOP_E7357.zarr/
CWOP,CWOP_E7363,s3://cadcat/histwxstns/CWOP/CWOP_E7363.zarr/
CWOP,CWOP_E7364,s3://cadcat/histwxstns/CWOP/CWOP_E7364.zarr/
CWOP,CWOP_E7368,s3://cadcat/histwxstns/CWOP/CWOP_E7368.zarr/
CWOP,CWOP_E7372,s3://cadcat/histwxstns/CWOP/CWOP_E7372.zarr/
CWOP,CWOP_E7377,s3://cadcat/histwxstns/CWOP/CWOP_E7377.zarr/
CWOP,CWOP_E7381,s3://cadcat/histwxstns/CWOP/CWOP_E7381.zarr/
CWOP,CWOP_E7398,s3://cadcat/histwxstns/CWOP/CWOP_E7398.zarr/
CWOP,CWOP_E7401,s3://cadcat/histwxstns/CWOP/CWOP_E7401.zarr/
CWOP,CWOP_E7419,s3://cadcat/histwxstns/CWOP/CWOP_E7419.zarr/
CWOP,CWOP_E7429,s3://cadcat/histwxstns/CWOP/CWOP_E7429.zarr/
CWOP,CWOP_E7441,s3://cadcat/histwxstns/CWOP/CWOP_E7441.zarr/
CWOP,CWOP_E7442,s3://cadcat/histwxstns/CWOP/CWOP_E7442.zarr/
CWOP,CWOP_E7444,s3://cadcat/histwxstns/CWOP/CWOP_E7444.zarr/
CWOP,CWOP_E7454,s3://cadcat/histwxstns/CWOP/CWOP_E7454.zarr/
CWOP,CWOP_E7472,s3://cadcat/histwxstns/CWOP/CWOP_E7472.zarr/
CWOP,CWOP_E7474,s3://cadcat/histwxstns/CWOP/CWOP_E7474.zarr/
CWOP,CWOP_E7475,s3://cadcat/histwxstns/CWOP/CWOP_E7475.zarr/
CWOP,CWOP_E7479,s3://cadcat/histwxstns/CWOP/CWOP_E7479.zarr/
CWOP,CWOP_E7481,s3://cadcat/histwxstns/CWOP/CWOP_E7481.zarr/
CWOP,CWOP_E7484,s3://cadcat/histwxstns/CWOP/CWOP_E7484.zarr/
CWOP,CWOP_E7504,s3://cadcat/histwxstns/CWOP/CWOP_E7504.zarr/
CWOP,CWOP_E7513,s3://cadcat/histwxstns/CWOP/CWOP_E7513.zarr/
CWOP,CWOP_E7514,s3://cadcat/histwxstns/CWOP/CWOP_E7514.zarr/
CWOP,CWOP_E7517,s3://cadcat/histwxstns/CWOP/CWOP_E7517.zarr/
CWOP,CWOP_E7523,s3://cadcat/histwxstns/CWOP/CWOP_E7523.zarr/
CWOP,CWOP_E7525,s3://cadcat/histwxstns/CWOP/CWOP_E7525.zarr/
CWOP,CWOP_E7526,s3://cadcat/histwxstns/CWOP/CWOP_E7526.zarr/
CWOP,CWOP_E7535,s3://cadcat/histwxstns/CWOP/CWOP_E7535.zarr/
CWOP,CWOP_E7539,s3://cadcat/histwxstns/CWOP/CWOP_E7539.zarr/
CWOP,CWOP_E7544,s3://cadcat/histwxstns/CWOP/CWOP_E7544.zarr/
CWOP,CWOP_E7549,s3://cadcat/histwxstns/CWOP/CWOP_E7549.zarr/
CWOP,CWOP_E7552,s3://cadcat/histwxstns/CWOP/CWOP_E7552.zarr/
CWOP,CWOP_E7556,s3://cadcat/histwxstns/CWOP/CWOP_E7556.zarr/
CWOP,CWOP_E7557,s3://cadcat/histwxstns/CWOP/CWOP_E7557.zarr/
CWOP,CWOP_E7567,s3://cadcat/histwxstns/CWOP/CWOP_E7567.zarr/
CWOP,CWOP_E7577,s3://cadcat/histwxstns/CWOP/CWOP_E7577.zarr/
CWOP,CWOP_E7584,s3://cadcat/histwxstns/CWOP/CWOP_E7584.zarr/
CWOP,CWOP_E7585,s3://cadcat/histwxstns/CWOP/CWOP_E7585.zarr/
CWOP,CWOP_E7586,s3://cadcat/histwxstns/CWOP/CWOP_E7586.zarr/
CWOP,CWOP_E7591,s3://cadcat/histwxstns/CWOP/CWOP_E7591.zarr/
CWOP,CWOP_E7595,s3://cadcat/histwxstns/CWOP/CWOP_E7595.zarr/
CWOP,CWOP_E7604,s3://cadcat/histwxstns/CWOP/CWOP_E7604.zarr/
CWOP,CWOP_E7619,s3://cadcat/histwxstns/CWOP/CWOP_E7619.zarr/
CWOP,CWOP_E7631,s3://cadcat/histwxstns/CWOP/CWOP_E7631.zarr/
CWOP,CWOP_E7641,s3://cadcat/histwxstns/CWOP/CWOP_E7641.zarr/
CWOP,CWOP_E7642,s3://cadcat/histwxstns/CWOP/CWOP_E7642.zarr/
CWOP,CWOP_E7644,s3://cadcat/histwxstns/CWOP/CWOP_E7644.zarr/
CWOP,CWOP_E7645,s3://cadcat/histwxstns/CWOP/CWOP_E7645.zarr/
CWOP,CWOP_E7655,s3://cadcat/histwxstns/CWOP/CWOP_E7655.zarr/
CWOP,CWOP_E7667,s3://cadcat/histwxstns/CWOP/CWOP_E7667.zarr/
CWOP,CWOP_E7678,s3://cadcat/histwxstns/CWOP/CWOP_E7678.zarr/
CWOP,CWOP_E7684,s3://cadcat/histwxstns/CWOP/CWOP_E7684.zarr/
CWOP,CWOP_E7694,s3://cadcat/histwxstns/CWOP/CWOP_E7694.zarr/
CWOP,CWOP_E7695,s3://cadcat/histwxstns/CWOP/CWOP_E7695.zarr/
CWOP,CWOP_E7700,s3://cadcat/histwxstns/CWOP/CWOP_E7700.zarr/
CWOP,CWOP_E7701,s3://cadcat/histwxstns/CWOP/CWOP_E7701.zarr/
CWOP,CWOP_E7704,s3://cadcat/histwxstns/CWOP/CWOP_E7704.zarr/
CWOP,CWOP_E7708,s3://cadcat/histwxstns/CWOP/CWOP_E7708.zarr/
CWOP,CWOP_E7709,s3://cadcat/histwxstns/CWOP/CWOP_E7709.zarr/
CWOP,CWOP_E7717,s3://cadcat/histwxstns/CWOP/CWOP_E7717.zarr/
CWOP,CWOP_E7718,s3://cadcat/histwxstns/CWOP/CWOP_E7718.zarr/
CWOP,CWOP_E7734,s3://cadcat/histwxstns/CWOP/CWOP_E7734.zarr/
CWOP,CWOP_E7741,s3://cadcat/histwxstns/CWOP/CWOP_E7741.zarr/
CWOP,CWOP_E7755,s3://cadcat/histwxstns/CWOP/CWOP_E7755.zarr/
CWOP,CWOP_E7762,s3://cadcat/histwxstns/CWOP/CWOP_E7762.zarr/
CWOP,CWOP_E7764,s3://cadcat/histwxstns/CWOP/CWOP_E7764.zarr/
CWOP,CWOP_E7765,s3://cadcat/histwxstns/CWOP/CWOP_E7765.zarr/
CWOP,CWOP_E7768,s3://cadcat/histwxstns/CWOP/CWOP_E7768.zarr/
CWOP,CWOP_E7771,s3://cadcat/histwxstns/CWOP/CWOP_E7771.zarr/
CWOP,CWOP_E7775,s3://cadcat/histwxstns/CWOP/CWOP_E7775.zarr/
CWOP,CWOP_E7798,s3://cadcat/histwxstns/CWOP/CWOP_E7798.zarr/
CWOP,CWOP_E7812,s3://cadcat/histwxstns/CWOP/CWOP_E7812.zarr/
CWOP,CWOP_E7825,s3://cadcat/histwxstns/CWOP/CWOP_E7825.zarr/
CWOP,CWOP_E7826,s3://cadcat/histwxstns/CWOP/CWOP_E7826.zarr/
CWOP,CWOP_E7837,s3://cadcat/histwxstns/CWOP/CWOP_E7837.zarr/
CWOP,CWOP_E7839,s3://cadcat/histwxstns/CWOP/CWOP_E7839.zarr/
CWOP,CWOP_E7845,s3://cadcat/histwxstns/CWOP/CWOP_E7845.zarr/
CWOP,CWOP_E7849,s3://cadcat/histwxstns/CWOP/CWOP_E7849.zarr/
CWOP,CWOP_E7850,s3://cadcat/histwxstns/CWOP/CWOP_E7850.zarr/
CWOP,CWOP_E7853,s3://cadcat/histwxstns/CWOP/CWOP_E7853.zarr/
CWOP,CWOP_E7858,s3://cadcat/histwxstns/CWOP/CWOP_E7858.zarr/
CWOP,CWOP_E7861,s3://cadcat/histwxstns/CWOP/CWOP_E7861.zarr/
CWOP,CWOP_E7876,s3://cadcat/histwxstns/CWOP/CWOP_E7876.zarr/
CWOP,CWOP_E7880,s3://cadcat/histwxstns/CWOP/CWOP_E7880.zarr/
CWOP,CWOP_E7886,s3://cadcat/histwxstns/CWOP/CWOP_E7886.zarr/
CWOP,CWOP_E7891,s3://cadcat/histwxstns/CWOP/CWOP_E7891.zarr/
CWOP,CWOP_E7900,s3://cadcat/histwxstns/CWOP/CWOP_E7900.zarr/
CWOP,CWOP_E7902,s3://cadcat/histwxstns/CWOP/CWOP_E7902.zarr/
CWOP,CWOP_E7927,s3://cadcat/histwxstns/CWOP/CWOP_E7927.zarr/
CWOP,CWOP_E7930,s3://cadcat/histwxstns/CWOP/CWOP_E7930.zarr/
CWOP,CWOP_E7937,s3://cadcat/histwxstns/CWOP/CWOP_E7937.zarr/
CWOP,CWOP_E7941,s3://cadcat/histwxstns/CWOP/CWOP_E7941.zarr/
CWOP,CWOP_E7942,s3://cadcat/histwxstns/CWOP/CWOP_E7942.zarr/
CWOP,CWOP_E7947,s3://cadcat/histwxstns/CWOP/CWOP_E7947.zarr/
CWOP,CWOP_E7948,s3://cadcat/histwxstns/CWOP/CWOP_E7948.zarr/
CWOP,CWOP_E7963,s3://cadcat/histwxstns/CWOP/CWOP_E7963.zarr/
CWOP,CWOP_E7966,s3://cadcat/histwxstns/CWOP/CWOP_E7966.zarr/
CWOP,CWOP_E7971,s3://cadcat/histwxstns/CWOP/CWOP_E7971.zarr/
CWOP,CWOP_E7977,s3://cadcat/histwxstns/CWOP/CWOP_E7977.zarr/
CWOP,CWOP_E7981,s3://cadcat/histwxstns/CWOP/CWOP_E7981.zarr/
CWOP,CWOP_E7984,s3://cadcat/histwxstns/CWOP/CWOP_E7984.zarr/
CWOP,CWOP_E7988,s3://cadcat/histwxstns/CWOP/CWOP_E7988.zarr/
CWOP,CWOP_E7989,s3://cadcat/histwxstns/CWOP/CWOP_E7989.zarr/
CWOP,CWOP_E7992,s3://cadcat/histwxstns/CWOP/CWOP_E7992.zarr/
CWOP,CWOP_E7997,s3://cadcat/histwxstns/CWOP/CWOP_E7997.zarr/
CWOP,CWOP_E8003,s3://cadcat/histwxstns/CWOP/CWOP_E8003.zarr/
CWOP,CWOP_E8011,s3://cadcat/histwxstns/CWOP/CWOP_E8011.zarr/
CWOP,CWOP_E8014,s3://cadcat/histwxstns/CWOP/CWOP_E8014.zarr/
CWOP,CWOP_E8018,s3://cadcat/histwxstns/CWOP/CWOP_E8018.zarr/
CWOP,CWOP_E8022,s3://cadcat/histwxstns/CWOP/CWOP_E8022.zarr/
CWOP,CWOP_E8025,s3://cadcat/histwxstns/CWOP/CWOP_E8025.zarr/
CWOP,CWOP_E8038,s3://cadcat/histwxstns/CWOP/CWOP_E8038.zarr/
CWOP,CWOP_E8039,s3://cadcat/histwxstns/CWOP/CWOP_E8039.zarr/
CWOP,CWOP_E8042,s3://cadcat/histwxstns/CWOP/CWOP_E8042.zarr/
CWOP,CWOP_E8046,s3://cadcat/histwxstns/CWOP/CWOP_E8046.zarr/
CWOP,CWOP_E8049,s3://cadcat/histwxstns/CWOP/CWOP_E8049.zarr/
CWOP,CWOP_E8057,s3://cadcat/histwxstns/CWOP/CWOP_E8057.zarr/
CWOP,CWOP_E8065,s3://cadcat/histwxstns/CWOP/CWOP_E8065.zarr/
CWOP,CWOP_E8072,s3://cadcat/histwxstns/CWOP/CWOP_E8072.zarr/
CWOP,CWOP_E8073,s3://cadcat/histwxstns/CWOP/CWOP_E8073.zarr/
CWOP,CWOP_E8074,s3://cadcat/histwxstns/CWOP/CWOP_E8074.zarr/
CWOP,CWOP_E8078,s3://cadcat/histwxstns/CWOP/CWOP_E8078.zarr/
CWOP,CWOP_E8083,s3://cadcat/histwxstns/CWOP/CWOP_E8083.zarr/
CWOP,CWOP_E8087,s3://cadcat/histwxstns/CWOP/CWOP_E8087.zarr/
CWOP,CWOP_E8094,s3://cadcat/histwxstns/CWOP/CWOP_E8094.zarr/
CWOP,CWOP_E8097,s3://cadcat/histwxstns/CWOP/CWOP_E8097.zarr/
CWOP,CWOP_E8098,s3://cadcat/histwxstns/CWOP/CWOP_E8098.zarr/
CWOP,CWOP_E8099,s3://cadcat/histwxstns/CWOP/CWOP_E8099.zarr/
CWOP,CWOP_E8112,s3://cadcat/histwxstns/CWOP/CWOP_E8112.zarr/
CWOP,CWOP_E8119,s3://cadcat/histwxstns/CWOP/CWOP_E8119.zarr/
CWOP,CWOP_E8123,s3://cadcat/histwxstns/CWOP/CWOP_E8123.zarr/
CWOP,CWOP_E8135,s3://cadcat/histwxstns/CWOP/CWOP_E8135.zarr/
CWOP,CWOP_E8146,s3://cadcat/histwxstns/CWOP/CWOP_E8146.zarr/
CWOP,CWOP_E8147,s3://cadcat/histwxstns/CWOP/CWOP_E8147.zarr/
CWOP,CWOP_E8148,s3://cadcat/histwxstns/CWOP/CWOP_E8148.zarr/
CWOP,CWOP_E8158,s3://cadcat/histwxstns/CWOP/CWOP_E8158.zarr/
CWOP,CWOP_E8160,s3://cadcat/histwxstns/CWOP/CWOP_E8160.zarr/
CWOP,CWOP_E8163,s3://cadcat/histwxstns/CWOP/CWOP_E8163.zarr/
CWOP,CWOP_E8167,s3://cadcat/histwxstns/CWOP/CWOP_E8167.zarr/
CWOP,CWOP_E8173,s3://cadcat/histwxstns/CWOP/CWOP_E8173.zarr/
CWOP,CWOP_E8187,s3://cadcat/histwxstns/CWOP/CWOP_E8187.zarr/
CWOP,CWOP_E8189,s3://cadcat/histwxstns/CWOP/CWOP_E8189.zarr/
CWOP,CWOP_E8196,s3://cadcat/histwxstns/CWOP/CWOP_E8196.zarr/
CWOP,CWOP_E8201,s3://cadcat/histwxstns/CWOP/CWOP_E8201.zarr/
CWOP,CWOP_E8204,s3://cadcat/histwxstns/CWOP/CWOP_E8204.zarr/
CWOP,CWOP_E8205,s3://cadcat/histwxstns/CWOP/CWOP_E8205.zarr/
CWOP,CWOP_E8213,s3://cadcat/histwxstns/CWOP/CWOP_E8213.zarr/
CWOP,CWOP_E8214,s3://cadcat/histwxstns/CWOP/CWOP_E8214.zarr/
CWOP,CWOP_E8217,s3://cadcat/histwxstns/CWOP/CWOP_E8217.zarr/
CWOP,CWOP_E8220,s3://cadcat/histwxstns/CWOP/CWOP_E8220.zarr/
CWOP,CWOP_E8223,s3://cadcat/histwxstns/CWOP/CWOP_E8223.zarr/
CWOP,CWOP_E8229,s3://cadcat/histwxstns/CWOP/CWOP_E8229.zarr/
CWOP,CWOP_E8250,s3://cadcat/histwxstns/CWOP/CWOP_E8250.zarr/
CWOP,CWOP_E8254,s3://cadcat/histwxstns/CWOP/CWOP_E8254.zarr/
CWOP,CWOP_E8284,s3://cadcat/histwxstns/CWOP/CWOP_E8284.zarr/
CWOP,CWOP_E8297,s3://cadcat/histwxstns/CWOP/CWOP_E8297.zarr/
CWOP,CWOP_E8302,s3://cadcat/histwxstns/CWOP/CWOP_E8302.zarr/
CWOP,CWOP_E8308,s3://cadcat/histwxstns/CWOP/CWOP_E8308.zarr/
CWOP,CWOP_E8310,s3://cadcat/histwxstns/CWOP/CWOP_E8310.zarr/
CWOP,CWOP_E8311,s3://cadcat/histwxstns/CWOP/CWOP_E8311.zarr/
CWOP,CWOP_E8315,s3://cadcat/histwxstns/CWOP/CWOP_E8315.zarr/
CWOP,CWOP_E8319,s3://cadcat/histwxstns/CWOP/CWOP_E8319.zarr/
CWOP,CWOP_E8320,s3://cadcat/histwxstns/CWOP/CWOP_E8320.zarr/
CWOP,CWOP_E8322,s3://cadcat/histwxstns/CWOP/CWOP_E8322.zarr/
CWOP,CWOP_E8331,s3://cadcat/histwxstns/CWOP/CWOP_E8331.zarr/
CWOP,CWOP_E8337,s3://cadcat/histwxstns/CWOP/CWOP_E8337.zarr/
CWOP,CWOP_E8339,s3://cadcat/histwxstns/CWOP/CWOP_E8339.zarr/
CWOP,CWOP_E8345,s3://cadcat/histwxstns/CWOP/CWOP_E8345.zarr/
CWOP,CWOP_E8347,s3://cadcat/histwxstns/CWOP/CWOP_E8347.zarr/
CWOP,CWOP_E8353,s3://cadcat/histwxstns/CWOP/CWOP_E8353.zarr/
CWOP,CWOP_E8360,s3://cadcat/histwxstns/CWOP/CWOP_E8360.zarr/
CWOP,CWOP_E8363,s3://cadcat/histwxstns/CWOP/CWOP_E8363.zarr/
CWOP,CWOP_E8370,s3://cadcat/histwxstns/CWOP/CWOP_E8370.zarr/
CWOP,CWOP_E8375,s3://cadcat/histwxstns/CWOP/CWOP_E8375.zarr/
CWOP,CWOP_E8377,s3://cadcat/histwxstns/CWOP/CWOP_E8377.zarr/
CWOP,CWOP_E8380,s3://cadcat/histwxstns/CWOP/CWOP_E8380.zarr/
CWOP,CWOP_E8391,s3://cadcat/histwxstns/CWOP/CWOP_E8391.zarr/
CWOP,CWOP_E8406,s3://cadcat/histwxstns/CWOP/CWOP_E8406.zarr/
CWOP,CWOP_E8411,s3://cadcat/histwxstns/CWOP/CWOP_E8411.zarr/
CWOP,CWOP_E8414,s3://cadcat/histwxstns/CWOP/CWOP_E8414.zarr/
CWOP,CWOP_E8418,s3://cadcat/histwxstns/CWOP/CWOP_E8418.zarr/
CWOP,CWOP_E8424,s3://cadcat/histwxstns/CWOP/CWOP_E8424.zarr/
CWOP,CWOP_E8430,s3://cadcat/histwxstns/CWOP/CWOP_E8430.zarr/
CWOP,CWOP_E8431,s3://cadcat/histwxstns/CWOP/CWOP_E8431.zarr/
CWOP,CWOP_E8434,s3://cadcat/histwxstns/CWOP/CWOP_E8434.zarr/
CWOP,CWOP_E8435,s3://cadcat/histwxstns/CWOP/CWOP_E8435.zarr/
CWOP,CWOP_E8442,s3://cadcat/histwxstns/CWOP/CWOP_E8442.zarr/
CWOP,CWOP_E8450,s3://cadcat/histwxstns/CWOP/CWOP_E8450.zarr/
CWOP,CWOP_E8452,s3://cadcat/histwxstns/CWOP/CWOP_E8452.zarr/
CWOP,CWOP_E8461,s3://cadcat/histwxstns/CWOP/CWOP_E8461.zarr/
CWOP,CWOP_E8468,s3://cadcat/histwxstns/CWOP/CWOP_E8468.zarr/
CWOP,CWOP_E8474,s3://cadcat/histwxstns/CWOP/CWOP_E8474.zarr/
CWOP,CWOP_E8480,s3://cadcat/histwxstns/CWOP/CWOP_E8480.zarr/
CWOP,CWOP_E8483,s3://cadcat/histwxstns/CWOP/CWOP_E8483.zarr/
CWOP,CWOP_E8486,s3://cadcat/histwxstns/CWOP/CWOP_E8486.zarr/
CWOP,CWOP_E8491,s3://cadcat/histwxstns/CWOP/CWOP_E8491.zarr/
CWOP,CWOP_E8492,s3://cadcat/histwxstns/CWOP/CWOP_E8492.zarr/
CWOP,CWOP_E8494,s3://cadcat/histwxstns/CWOP/CWOP_E8494.zarr/
CWOP,CWOP_E8496,s3://cadcat/histwxstns/CWOP/CWOP_E8496.zarr/
CWOP,CWOP_E8501,s3://cadcat/histwxstns/CWOP/CWOP_E8501.zarr/
CWOP,CWOP_E8505,s3://cadcat/histwxstns/CWOP/CWOP_E8505.zarr/
CWOP,CWOP_E8510,s3://cadcat/histwxstns/CWOP/CWOP_E8510.zarr/
CWOP,CWOP_E8515,s3://cadcat/histwxstns/CWOP/CWOP_E8515.zarr/
CWOP,CWOP_E8522,s3://cadcat/histwxstns/CWOP/CWOP_E8522.zarr/
CWOP,CWOP_E8533,s3://cadcat/histwxstns/CWOP/CWOP_E8533.zarr/
CWOP,CWOP_E8539,s3://cadcat/histwxstns/CWOP/CWOP_E8539.zarr/
CWOP,CWOP_E8563,s3://cadcat/histwxstns/CWOP/CWOP_E8563.zarr/
CWOP,CWOP_E8564,s3://cadcat/histwxstns/CWOP/CWOP_E8564.zarr/
CWOP,CWOP_E8593,s3://cadcat/histwxstns/CWOP/CWOP_E8593.zarr/
CWOP,CWOP_E8600,s3://cadcat/histwxstns/CWOP/CWOP_E8600.zarr/
CWOP,CWOP_E8614,s3://cadcat/histwxstns/CWOP/CWOP_E8614.zarr/
CWOP,CWOP_E8615,s3://cadcat/histwxstns/CWOP/CWOP_E8615.zarr/
CWOP,CWOP_E8616,s3://cadcat/histwxstns/CWOP/CWOP_E8616.zarr/
CWOP,CWOP_E8618,s3://cadcat/histwxstns/CWOP/CWOP_E8618.zarr/
CWOP,CWOP_E8625,s3://cadcat/histwxstns/CWOP/CWOP_E8625.zarr/
CWOP,CWOP_E8627,s3://cadcat/histwxstns/CWOP/CWOP_E8627.zarr/
CWOP,CWOP_E8647,s3://cadcat/histwxstns/CWOP/CWOP_E8647.zarr/
CWOP,CWOP_E8654,s3://cadcat/histwxstns/CWOP/CWOP_E8654.zarr/
CWOP,CWOP_E8660,s3://cadcat/histwxstns/CWOP/CWOP_E8660.zarr/
CWOP,CWOP_E8675,s3://cadcat/histwxstns/CWOP/CWOP_E8675.zarr/
CWOP,CWOP_E8676,s3://cadcat/histwxstns/CWOP/CWOP_E8676.zarr/
CWOP,CWOP_E8677,s3://cadcat/histwxstns/CWOP/CWOP_E8677.zarr/
CWOP,CWOP_E8678,s3://cadcat/histwxstns/CWOP/CWOP_E8678.zarr/
CWOP,CWOP_E8679,s3://cadcat/histwxstns/CWOP/CWOP_E8679.zarr/
CWOP,CWOP_E8680,s3://cadcat/histwxstns/CWOP/CWOP_E8680.zarr/
CWOP,CWOP_E8682,s3://cadcat/histwxstns/CWOP/CWOP_E8682.zarr/
CWOP,CWOP_E8683,s3://cadcat/histwxstns/CWOP/CWOP_E8683.zarr/
CWOP,CWOP_E8684,s3://cadcat/histwxstns/CWOP/CWOP_E8684.zarr/
CWOP,CWOP_E8699,s3://cadcat/histwxstns/CWOP/CWOP_E8699.zarr/
CWOP,CWOP_E8702,s3://cadcat/histwxstns/CWOP/CWOP_E8702.zarr/
CWOP,CWOP_E8703,s3://cadcat/histwxstns/CWOP/CWOP_E8703.zarr/
CWOP,CWOP_E8706,s3://cadcat/histwxstns/CWOP/CWOP_E8706.zarr/
CWOP,CWOP_E8714,s3://cadcat/histwxstns/CWOP/CWOP_E8714.zarr/
CWOP,CWOP_E8724,s3://cadcat/histwxstns/CWOP/CWOP_E8724.zarr/
CWOP,CWOP_E8733,s3://cadcat/histwxstns/CWOP/CWOP_E8733.zarr/
CWOP,CWOP_E8735,s3://cadcat/histwxstns/CWOP/CWOP_E8735.zarr/
CWOP,CWOP_E8736,s3://cadcat/histwxstns/CWOP/CWOP_E8736.zarr/
CWOP,CWOP_E8756,s3://cadcat/histwxstns/CWOP/CWOP_E8756.zarr/
CWOP,CWOP_E8759,s3://cadcat/histwxstns/CWOP/CWOP_E8759.zarr/
CWOP,CWOP_E8763,s3://cadcat/histwxstns/CWOP/CWOP_E8763.zarr/
CWOP,CWOP_E8770,s3://cadcat/histwxstns/CWOP/CWOP_E8770.zarr/
CWOP,CWOP_E8775,s3://cadcat/histwxstns/CWOP/CWOP_E8775.zarr/
CWOP,CWOP_E8780,s3://cadcat/histwxstns/CWOP/CWOP_E8780.zarr/
CWOP,CWOP_E8789,s3://cadcat/histwxstns/CWOP/CWOP_E8789.zarr/
CWOP,CWOP_E8800,s3://cadcat/histwxstns/CWOP/CWOP_E8800.zarr/
CWOP,CWOP_E8811,s3://cadcat/histwxstns/CWOP/CWOP_E8811.zarr/
CWOP,CWOP_E8833,s3://cadcat/histwxstns/CWOP/CWOP_E8833.zarr/
CWOP,CWOP_E8838,s3://cadcat/histwxstns/CWOP/CWOP_E8838.zarr/
CWOP,CWOP_E8841,s3://cadcat/histwxstns/CWOP/CWOP_E8841.zarr/
CWOP,CWOP_E8849,s3://cadcat/histwxstns/CWOP/CWOP_E8849.zarr/
CWOP,CWOP_E8856,s3://cadcat/histwxstns/CWOP/CWOP_E8856.zarr/
CWOP,CWOP_E8857,s3://cadcat/histwxstns/CWOP/CWOP_E8857.zarr/
CWOP,CWOP_E8864,s3://cadcat/histwxstns/CWOP/CWOP_E8864.zarr/
CWOP,CWOP_E8870,s3://cadcat/histwxstns/CWOP/CWOP_E8870.zarr/
CWOP,CWOP_E8875,s3://cadcat/histwxstns/CWOP/CWOP_E8875.zarr/
CWOP,CWOP_E8877,s3://cadcat/histwxstns/CWOP/CWOP_E8877.zarr/
CWOP,CWOP_E8879,s3://cadcat/histwxstns/CWOP/CWOP_E8879.zarr/
CWOP,CWOP_E8882,s3://cadcat/histwxstns/CWOP/CWOP_E8882.zarr/
CWOP,CWOP_E8887,s3://cadcat/histwxstns/CWOP/CWOP_E8887.zarr/
CWOP,CWOP_E8894,s3://cadcat/histwxstns/CWOP/CWOP_E8894.zarr/
CWOP,CWOP_E8895,s3://cadcat/histwxstns/CWOP/CWOP_E8895.zarr/
CWOP,CWOP_E8905,s3://cadcat/histwxstns/CWOP/CWOP_E8905.zarr/
CWOP,CWOP_E8909,s3://cadcat/histwxstns/CWOP/CWOP_E8909.zarr/
CWOP,CWOP_E8913,s3://cadcat/histwxstns/CWOP/CWOP_E8913.zarr/
CWOP,CWOP_E8921,s3://cadcat/histwxstns/CWOP/CWOP_E8921.zarr/
CWOP,CWOP_E8925,s3://cadcat/histwxstns/CWOP/CWOP_E8925.zarr/
CWOP,CWOP_E8927,s3://cadcat/histwxstns/CWOP/CWOP_E8927.zarr/
CWOP,CWOP_E8936,s3://cadcat/histwxstns/CWOP/CWOP_E8936.zarr/
CWOP,CWOP_E8941,s3://cadcat/histwxstns/CWOP/CWOP_E8941.zarr/
CWOP,CWOP_E8944,s3://cadcat/histwxstns/CWOP/CWOP_E8944.zarr/
CWOP,CWOP_E8945,s3://cadcat/histwxstns/CWOP/CWOP_E8945.zarr/
CWOP,CWOP_E8957,s3://cadcat/histwxstns/CWOP/CWOP_E8957.zarr/
CWOP,CWOP_E8962,s3://cadcat/histwxstns/CWOP/CWOP_E8962.zarr/
CWOP,CWOP_E8964,s3://cadcat/histwxstns/CWOP/CWOP_E8964.zarr/
CWOP,CWOP_E8967,s3://cadcat/histwxstns/CWOP/CWOP_E8967.zarr/
CWOP,CWOP_E8973,s3://cadcat/histwxstns/CWOP/CWOP_E8973.zarr/
CWOP,CWOP_E8975,s3://cadcat/histwxstns/CWOP/CWOP_E8975.zarr/
CWOP,CWOP_E8980,s3://cadcat/histwxstns/CWOP/CWOP_E8980.zarr/
CWOP,CWOP_E8981,s3://cadcat/histwxstns/CWOP/CWOP_E8981.zarr/
CWOP,CWOP_E8990,s3://cadcat/histwxstns/CWOP/CWOP_E8990.zarr/
CWOP,CWOP_E9030,s3://cadcat/histwxstns/CWOP/CWOP_E9030.zarr/
CWOP,CWOP_E9034,s3://cadcat/histwxstns/CWOP/CWOP_E9034.zarr/
CWOP,CWOP_E9039,s3://cadcat/histwxstns/CWOP/CWOP_E9039.zarr/
CWOP,CWOP_E9040,s3://cadcat/histwxstns/CWOP/CWOP_E9040.zarr/
CWOP,CWOP_E9050,s3://cadcat/histwxstns/CWOP/CWOP_E9050.zarr/
CWOP,CWOP_E9056,s3://cadcat/histwxstns/CWOP/CWOP_E9056.zarr/
CWOP,CWOP_E9060,s3://cadcat/histwxstns/CWOP/CWOP_E9060.zarr/
CWOP,CWOP_E9061,s3://cadcat/histwxstns/CWOP/CWOP_E9061.zarr/
CWOP,CWOP_E9066,s3://cadcat/histwxstns/CWOP/CWOP_E9066.zarr/
CWOP,CWOP_E9070,s3://cadcat/histwxstns/CWOP/CWOP_E9070.zarr/
CWOP,CWOP_E9071,s3://cadcat/histwxstns/CWOP/CWOP_E9071.zarr/
CWOP,CWOP_E9081,s3://cadcat/histwxstns/CWOP/CWOP_E9081.zarr/
CWOP,CWOP_E9089,s3://cadcat/histwxstns/CWOP/CWOP_E9089.zarr/
CWOP,CWOP_E9092,s3://cadcat/histwxstns/CWOP/CWOP_E9092.zarr/
CWOP,CWOP_E9102,s3://cadcat/histwxstns/CWOP/CWOP_E9102.zarr/
CWOP,CWOP_E9104,s3://cadcat/histwxstns/CWOP/CWOP_E9104.zarr/
CWOP,CWOP_E9105,s3://cadcat/histwxstns/CWOP/CWOP_E9105.zarr/
CWOP,CWOP_E9109,s3://cadcat/histwxstns/CWOP/CWOP_E9109.zarr/
CWOP,CWOP_E9110,s3://cadcat/histwxstns/CWOP/CWOP_E9110.zarr/
CWOP,CWOP_E9112,s3://cadcat/histwxstns/CWOP/CWOP_E9112.zarr/
CWOP,CWOP_E9117,s3://cadcat/histwxstns/CWOP/CWOP_E9117.zarr/
CWOP,CWOP_E9122,s3://cadcat/histwxstns/CWOP/CWOP_E9122.zarr/
CWOP,CWOP_E9130,s3://cadcat/histwxstns/CWOP/CWOP_E9130.zarr/
CWOP,CWOP_E9135,s3://cadcat/histwxstns/CWOP/CWOP_E9135.zarr/
CWOP,CWOP_E9139,s3://cadcat/histwxstns/CWOP/CWOP_E9139.zarr/
CWOP,CWOP_E9145,s3://cadcat/histwxstns/CWOP/CWOP_E9145.zarr/
CWOP,CWOP_E9146,s3://cadcat/histwxstns/CWOP/CWOP_E9146.zarr/
CWOP,CWOP_E9147,s3://cadcat/histwxstns/CWOP/CWOP_E9147.zarr/
CWOP,CWOP_E9166,s3://cadcat/histwxstns/CWOP/CWOP_E9166.zarr/
CWOP,CWOP_E9174,s3://cadcat/histwxstns/CWOP/CWOP_E9174.zarr/
CWOP,CWOP_E9175,s3://cadcat/histwxstns/CWOP/CWOP_E9175.zarr/
CWOP,CWOP_E9184,s3://cadcat/histwxstns/CWOP/CWOP_E9184.zarr/
CWOP,CWOP_E9196,s3://cadcat/histwxstns/CWOP/CWOP_E9196.zarr/
CWOP,CWOP_E9201,s3://cadcat/histwxstns/CWOP/CWOP_E9201.zarr/
CWOP,CWOP_E9214,s3://cadcat/histwxstns/CWOP/CWOP_E9214.zarr/
CWOP,CWOP_E9217,s3://cadcat/histwxstns/CWOP/CWOP_E9217.zarr/
CWOP,CWOP_E9227,s3://cadcat/histwxstns/CWOP/CWOP_E9227.zarr/
CWOP,CWOP_E9240,s3://cadcat/histwxstns/CWOP/CWOP_E9240.zarr/
CWOP,CWOP_E9243,s3://cadcat/histwxstns/CWOP/CWOP_E9243.zarr/
CWOP,CWOP_E9252,s3://cadcat/histwxstns/CWOP/CWOP_E9252.zarr/
CWOP,CWOP_E9262,s3://cadcat/histwxstns/CWOP/CWOP_E9262.zarr/
CWOP,CWOP_E9275,s3://cadcat/histwxstns/CWOP/CWOP_E9275.zarr/
CWOP,CWOP_E9287,s3://cadcat/histwxstns/CWOP/CWOP_E9287.zarr/
CWOP,CWOP_E9298,s3://cadcat/histwxstns/CWOP/CWOP_E9298.zarr/
CWOP,CWOP_E9309,s3://cadcat/histwxstns/CWOP/CWOP_E9309.zarr/
CWOP,CWOP_E9326,s3://cadcat/histwxstns/CWOP/CWOP_E9326.zarr/
CWOP,CWOP_E9327,s3://cadcat/histwxstns/CWOP/CWOP_E9327.zarr/
CWOP,CWOP_E9360,s3://cadcat/histwxstns/CWOP/CWOP_E9360.zarr/
CWOP,CWOP_E9364,s3://cadcat/histwxstns/CWOP/CWOP_E9364.zarr/
CWOP,CWOP_E9372,s3://cadcat/histwxstns/CWOP/CWOP_E9372.zarr/
CWOP,CWOP_E9391,s3://cadcat/histwxstns/CWOP/CWOP_E9391.zarr/
CWOP,CWOP_E9395,s3://cadcat/histwxstns/CWOP/CWOP_E9395.zarr/
CWOP,CWOP_E9402,s3://cadcat/histwxstns/CWOP/CWOP_E9402.zarr/
CWOP,CWOP_E9422,s3://cadcat/histwxstns/CWOP/CWOP_E9422.zarr/
CWOP,CWOP_E9427,s3://cadcat/histwxstns/CWOP/CWOP_E9427.zarr/
CWOP,CWOP_E9430,s3://cadcat/histwxstns/CWOP/CWOP_E9430.zarr/
CWOP,CWOP_E9431,s3://cadcat/histwxstns/CWOP/CWOP_E9431.zarr/
CWOP,CWOP_E9449,s3://cadcat/histwxstns/CWOP/CWOP_E9449.zarr/
CWOP,CWOP_E9456,s3://cadcat/histwxstns/CWOP/CWOP_E9456.zarr/
CWOP,CWOP_E9458,s3://cadcat/histwxstns/CWOP/CWOP_E9458.zarr/
CWOP,CWOP_E9495,s3://cadcat/histwxstns/CWOP/CWOP_E9495.zarr/
CWOP,CWOP_E9499,s3://cadcat/histwxstns/CWOP/CWOP_E9499.zarr/
CWOP,CWOP_E9502,s3://cadcat/histwxstns/CWOP/CWOP_E9502.zarr/
CWOP,CWOP_E9505,s3://cadcat/histwxstns/CWOP/CWOP_E9505.zarr/
CWOP,CWOP_E9506,s3://cadcat/histwxstns/CWOP/CWOP_E9506.zarr/
CWOP,CWOP_E9507,s3://cadcat/histwxstns/CWOP/CWOP_E9507.zarr/
CWOP,CWOP_E9516,s3://cadcat/histwxstns/CWOP/CWOP_E9516.zarr/
CWOP,CWOP_E9523,s3://cadcat/histwxstns/CWOP/CWOP_E9523.zarr/
CWOP,CWOP_E9528,s3://cadcat/histwxstns/CWOP/CWOP_E9528.zarr/
CWOP,CWOP_E9538,s3://cadcat/histwxstns/CWOP/CWOP_E9538.zarr/
CWOP,CWOP_E9540,s3://cadcat/histwxstns/CWOP/CWOP_E9540.zarr/
CWOP,CWOP_E9543,s3://cadcat/histwxstns/CWOP/CWOP_E9543.zarr/
CWOP,CWOP_E9559,s3://cadcat/histwxstns/CWOP/CWOP_E9559.zarr/
CWOP,CWOP_E9560,s3://cadcat/histwxstns/CWOP/CWOP_E9560.zarr/
CWOP,CWOP_E9565,s3://cadcat/histwxstns/CWOP/CWOP_E9565.zarr/
CWOP,CWOP_E9566,s3://cadcat/histwxstns/CWOP/CWOP_E9566.zarr/
CWOP,CWOP_E9568,s3://cadcat/histwxstns/CWOP/CWOP_E9568.zarr/
CWOP,CWOP_E9574,s3://cadcat/histwxstns/CWOP/CWOP_E9574.zarr/
CWOP,CWOP_E9585,s3://cadcat/histwxstns/CWOP/CWOP_E9585.zarr/
CWOP,CWOP_E9616,s3://cadcat/histwxstns/CWOP/CWOP_E9616.zarr/
CWOP,CWOP_E9622,s3://cadcat/histwxstns/CWOP/CWOP_E9622.zarr/
CWOP,CWOP_E9627,s3://cadcat/histwxstns/CWOP/CWOP_E9627.zarr/
CWOP,CWOP_E9635,s3://cadcat/histwxstns/CWOP/CWOP_E9635.zarr/
CWOP,CWOP_E9637,s3://cadcat/histwxstns/CWOP/CWOP_E9637.zarr/
CWOP,CWOP_E9643,s3://cadcat/histwxstns/CWOP/CWOP_E9643.zarr/
CWOP,CWOP_E9644,s3://cadcat/histwxstns/CWOP/CWOP_E9644.zarr/
CWOP,CWOP_E9651,s3://cadcat/histwxstns/CWOP/CWOP_E9651.zarr/
CWOP,CWOP_E9658,s3://cadcat/histwxstns/CWOP/CWOP_E9658.zarr/
CWOP,CWOP_E9674,s3://cadcat/histwxstns/CWOP/CWOP_E9674.zarr/
CWOP,CWOP_E9683,s3://cadcat/histwxstns/CWOP/CWOP_E9683.zarr/
CWOP,CWOP_E9688,s3://cadcat/histwxstns/CWOP/CWOP_E9688.zarr/
CWOP,CWOP_E9690,s3://cadcat/histwxstns/CWOP/CWOP_E9690.zarr/
CWOP,CWOP_E9692,s3://cadcat/histwxstns/CWOP/CWOP_E9692.zarr/
CWOP,CWOP_E9700,s3://cadcat/histwxstns/CWOP/CWOP_E9700.zarr/
CWOP,CWOP_E9702,s3://cadcat/histwxstns/CWOP/CWOP_E9702.zarr/
CWOP,CWOP_E9714,s3://cadcat/histwxstns/CWOP/CWOP_E9714.zarr/
CWOP,CWOP_E9715,s3://cadcat/histwxstns/CWOP/CWOP_E9715.zarr/
CWOP,CWOP_E9716,s3://cadcat/histwxstns/CWOP/CWOP_E9716.zarr/
CWOP,CWOP_E9724,s3://cadcat/histwxstns/CWOP/CWOP_E9724.zarr/
CWOP,CWOP_E9725,s3://cadcat/histwxstns/CWOP/CWOP_E9725.zarr/
CWOP,CWOP_E9732,s3://cadcat/histwxstns/CWOP/CWOP_E9732.zarr/
CWOP,CWOP_E9742,s3://cadcat/histwxstns/CWOP/CWOP_E9742.zarr/
CWOP,CWOP_E9744,s3://cadcat/histwxstns/CWOP/CWOP_E9744.zarr/
CWOP,CWOP_E9749,s3://cadcat/histwxstns/CWOP/CWOP_E9749.zarr/
CWOP,CWOP_E9760,s3://cadcat/histwxstns/CWOP/CWOP_E9760.zarr/
CWOP,CWOP_E9766,s3://cadcat/histwxstns/CWOP/CWOP_E9766.zarr/
CWOP,CWOP_E9774,s3://cadcat/histwxstns/CWOP/CWOP_E9774.zarr/
CWOP,CWOP_E9776,s3://cadcat/histwxstns/CWOP/CWOP_E9776.zarr/
CWOP,CWOP_E9798,s3://cadcat/histwxstns/CWOP/CWOP_E9798.zarr/
CWOP,CWOP_E9824,s3://cadcat/histwxstns/CWOP/CWOP_E9824.zarr/
CWOP,CWOP_E9832,s3://cadcat/histwxstns/CWOP/CWOP_E9832.zarr/
CWOP,CWOP_E9837,s3://cadcat/histwxstns/CWOP/CWOP_E9837.zarr/
CWOP,CWOP_E9838,s3://cadcat/histwxstns/CWOP/CWOP_E9838.zarr/
CWOP,CWOP_E9842,s3://cadcat/histwxstns/CWOP/CWOP_E9842.zarr/
CWOP,CWOP_E9850,s3://cadcat/histwxstns/CWOP/CWOP_E9850.zarr/
CWOP,CWOP_E9855,s3://cadcat/histwxstns/CWOP/CWOP_E9855.zarr/
CWOP,CWOP_E9856,s3://cadcat/histwxstns/CWOP/CWOP_E9856.zarr/
CWOP,CWOP_E9858,s3://cadcat/histwxstns/CWOP/CWOP_E9858.zarr/
CWOP,CWOP_E9866,s3://cadcat/histwxstns/CWOP/CWOP_E9866.zarr/
CWOP,CWOP_E9876,s3://cadcat/histwxstns/CWOP/CWOP_E9876.zarr/
CWOP,CWOP_E9877,s3://cadcat/histwxstns/CWOP/CWOP_E9877.zarr/
CWOP,CWOP_E9890,s3://cadcat/histwxstns/CWOP/CWOP_E9890.zarr/
CWOP,CWOP_E9895,s3://cadcat/histwxstns/CWOP/CWOP_E9895.zarr/
CWOP,CWOP_E9900,s3://cadcat/histwxstns/CWOP/CWOP_E9900.zarr/
CWOP,CWOP_E9903,s3://cadcat/histwxstns/CWOP/CWOP_E9903.zarr/
CWOP,CWOP_E9917,s3://cadcat/histwxstns/CWOP/CWOP_E9917.zarr/
CWOP,CWOP_E9925,s3://cadcat/histwxstns/CWOP/CWOP_E9925.zarr/
CWOP,CWOP_E9935,s3://cadcat/histwxstns/CWOP/CWOP_E9935.zarr/
CWOP,CWOP_E9939,s3://cadcat/histwxstns/CWOP/CWOP_E9939.zarr/
CWOP,CWOP_E9944,s3://cadcat/histwxstns/CWOP/CWOP_E9944.zarr/
CWOP,CWOP_E9947,s3://cadcat/histwxstns/CWOP/CWOP_E9947.zarr/
CWOP,CWOP_E9956,s3://cadcat/histwxstns/CWOP/CWOP_E9956.zarr/
CWOP,CWOP_E9964,s3://cadcat/histwxstns/CWOP/CWOP_E9964.zarr/
CWOP,CWOP_E9967,s3://cadcat/histwxstns/CWOP/CWOP_E9967.zarr/
CWOP,CWOP_E9969,s3://cadcat/histwxstns/CWOP/CWOP_E9969.zarr/
CWOP,CWOP_E9977,s3://cadcat/histwxstns/CWOP/CWOP_E9977.zarr/
CWOP,CWOP_E9980,s3://cadcat/histwxstns/CWOP/CWOP_E9980.zarr/
CWOP,CWOP_E9984,s3://cadcat/histwxstns/CWOP/CWOP_E9984.zarr/
CWOP,CWOP_E9999,s3://cadcat/histwxstns/CWOP/CWOP_E9999.zarr/
CWOP,CWOP_F0001,s3://cadcat/histwxstns/CWOP/CWOP_F0001.zarr/
CWOP,CWOP_F0009,s3://cadcat/histwxstns/CWOP/CWOP_F0009.zarr/
CWOP,CWOP_F0022,s3://cadcat/histwxstns/CWOP/CWOP_F0022.zarr/
CWOP,CWOP_F0023,s3://cadcat/histwxstns/CWOP/CWOP_F0023.zarr/
CWOP,CWOP_F0047,s3://cadcat/histwxstns/CWOP/CWOP_F0047.zarr/
CWOP,CWOP_F0052,s3://cadcat/histwxstns/CWOP/CWOP_F0052.zarr/
CWOP,CWOP_F0062,s3://cadcat/histwxstns/CWOP/CWOP_F0062.zarr/
CWOP,CWOP_F0064,s3://cadcat/histwxstns/CWOP/CWOP_F0064.zarr/
CWOP,CWOP_F0069,s3://cadcat/histwxstns/CWOP/CWOP_F0069.zarr/
CWOP,CWOP_F0074,s3://cadcat/histwxstns/CWOP/CWOP_F0074.zarr/
CWOP,CWOP_F0077,s3://cadcat/histwxstns/CWOP/CWOP_F0077.zarr/
CWOP,CWOP_F0079,s3://cadcat/histwxstns/CWOP/CWOP_F0079.zarr/
CWOP,CWOP_F0082,s3://cadcat/histwxstns/CWOP/CWOP_F0082.zarr/
CWOP,CWOP_F0091,s3://cadcat/histwxstns/CWOP/CWOP_F0091.zarr/
CWOP,CWOP_F0112,s3://cadcat/histwxstns/CWOP/CWOP_F0112.zarr/
CWOP,CWOP_F0115,s3://cadcat/histwxstns/CWOP/CWOP_F0115.zarr/
CWOP,CWOP_F0117,s3://cadcat/histwxstns/CWOP/CWOP_F0117.zarr/
CWOP,CWOP_F0122,s3://cadcat/histwxstns/CWOP/CWOP_F0122.zarr/
CWOP,CWOP_F0126,s3://cadcat/histwxstns/CWOP/CWOP_F0126.zarr/
CWOP,CWOP_F0133,s3://cadcat/histwxstns/CWOP/CWOP_F0133.zarr/
CWOP,CWOP_F0136,s3://cadcat/histwxstns/CWOP/CWOP_F0136.zarr/
CWOP,CWOP_F0142,s3://cadcat/histwxstns/CWOP/CWOP_F0142.zarr/
CWOP,CWOP_F0143,s3://cadcat/histwxstns/CWOP/CWOP_F0143.zarr/
CWOP,CWOP_F0145,s3://cadcat/histwxstns/CWOP/CWOP_F0145.zarr/
CWOP,CWOP_F0157,s3://cadcat/histwxstns/CWOP/CWOP_F0157.zarr/
CWOP,CWOP_F0165,s3://cadcat/histwxstns/CWOP/CWOP_F0165.zarr/
CWOP,CWOP_F0176,s3://cadcat/histwxstns/CWOP/CWOP_F0176.zarr/
CWOP,CWOP_F0180,s3://cadcat/histwxstns/CWOP/CWOP_F0180.zarr/
CWOP,CWOP_F0187,s3://cadcat/histwxstns/CWOP/CWOP_F0187.zarr/
CWOP,CWOP_F0191,s3://cadcat/histwxstns/CWOP/CWOP_F0191.zarr/
CWOP,CWOP_F0192,s3://cadcat/histwxstns/CWOP/CWOP_F0192.zarr/
CWOP,CWOP_F0194,s3://cadcat/histwxstns/CWOP/CWOP_F0194.zarr/
CWOP,CWOP_F0196,s3://cadcat/histwxstns/CWOP/CWOP_F0196.zarr/
CWOP,CWOP_F0200,s3://cadcat/histwxstns/CWOP/CWOP_F0200.zarr/
CWOP,CWOP_F0201,s3://cadcat/histwxstns/CWOP/CWOP_F0201.zarr/
CWOP,CWOP_F0215,s3://cadcat/histwxstns/CWOP/CWOP_F0215.zarr/
CWOP,CWOP_F0222,s3://cadcat/histwxstns/CWOP/CWOP_F0222.zarr/
CWOP,CWOP_F0228,s3://cadcat/histwxstns/CWOP/CWOP_F0228.zarr/
CWOP,CWOP_F0232,s3://cadcat/histwxstns/CWOP/CWOP_F0232.zarr/
CWOP,CWOP_F0240,s3://cadcat/histwxstns/CWOP/CWOP_F0240.zarr/
CWOP,CWOP_F0244,s3://cadcat/histwxstns/CWOP/CWOP_F0244.zarr/
CWOP,CWOP_F0247,s3://cadcat/histwxstns/CWOP/CWOP_F0247.zarr/
CWOP,CWOP_F0249,s3://cadcat/histwxstns/CWOP/CWOP_F0249.zarr/
CWOP,CWOP_F0258,s3://cadcat/histwxstns/CWOP/CWOP_F0258.zarr/
CWOP,CWOP_F0281,s3://cadcat/histwxstns/CWOP/CWOP_F0281.zarr/
CWOP,CWOP_F0285,s3://cadcat/histwxstns/CWOP/CWOP_F0285.zarr/
CWOP,CWOP_F0287,s3://cadcat/histwxstns/CWOP/CWOP_F0287.zarr/
CWOP,CWOP_F0288,s3://cadcat/histwxstns/CWOP/CWOP_F0288.zarr/
CWOP,CWOP_F0293,s3://cadcat/histwxstns/CWOP/CWOP_F0293.zarr/
CWOP,CWOP_F0299,s3://cadcat/histwxstns/CWOP/CWOP_F0299.zarr/
CWOP,CWOP_F0305,s3://cadcat/histwxstns/CWOP/CWOP_F0305.zarr/
CWOP,CWOP_F0310,s3://cadcat/histwxstns/CWOP/CWOP_F0310.zarr/
CWOP,CWOP_F0314,s3://cadcat/histwxstns/CWOP/CWOP_F0314.zarr/
CWOP,CWOP_F0315,s3://cadcat/histwxstns/CWOP/CWOP_F0315.zarr/
CWOP,CWOP_F0319,s3://cadcat/histwxstns/CWOP/CWOP_F0319.zarr/
CWOP,CWOP_F0326,s3://cadcat/histwxstns/CWOP/CWOP_F0326.zarr/
CWOP,CWOP_F0332,s3://cadcat/histwxstns/CWOP/CWOP_F0332.zarr/
CWOP,CWOP_F0333,s3://cadcat/histwxstns/CWOP/CWOP_F0333.zarr/
CWOP,CWOP_F0345,s3://cadcat/histwxstns/CWOP/CWOP_F0345.zarr/
CWOP,CWOP_F0355,s3://cadcat/histwxstns/CWOP/CWOP_F0355.zarr/
CWOP,CWOP_F0363,s3://cadcat/histwxstns/CWOP/CWOP_F0363.zarr/
CWOP,CWOP_F0364,s3://cadcat/histwxstns/CWOP/CWOP_F0364.zarr/
CWOP,CWOP_F0371,s3://cadcat/histwxstns/CWOP/CWOP_F0371.zarr/
CWOP,CWOP_F0379,s3://cadcat/histwxstns/CWOP/CWOP_F0379.zarr/
CWOP,CWOP_F0405,s3://cadcat/histwxstns/CWOP/CWOP_F0405.zarr/
CWOP,CWOP_F0407,s3://cadcat/histwxstns/CWOP/CWOP_F0407.zarr/
CWOP,CWOP_F0409,s3://cadcat/histwxstns/CWOP/CWOP_F0409.zarr/
CWOP,CWOP_F0412,s3://cadcat/histwxstns/CWOP/CWOP_F0412.zarr/
CWOP,CWOP_F0417,s3://cadcat/histwxstns/CWOP/CWOP_F0417.zarr/
CWOP,CWOP_F0443,s3://cadcat/histwxstns/CWOP/CWOP_F0443.zarr/
CWOP,CWOP_F0447,s3://cadcat/histwxstns/CWOP/CWOP_F0447.zarr/
CWOP,CWOP_F0451,s3://cadcat/histwxstns/CWOP/CWOP_F0451.zarr/
CWOP,CWOP_F0464,s3://cadcat/histwxstns/CWOP/CWOP_F0464.zarr/
CWOP,CWOP_F0465,s3://cadcat/histwxstns/CWOP/CWOP_F0465.zarr/
CWOP,CWOP_F0476,s3://cadcat/histwxstns/CWOP/CWOP_F0476.zarr/
CWOP,CWOP_F0480,s3://cadcat/histwxstns/CWOP/CWOP_F0480.zarr/
CWOP,CWOP_F0481,s3://cadcat/histwxstns/CWOP/CWOP_F0481.zarr/
CWOP,CWOP_F0486,s3://cadcat/histwxstns/CWOP/CWOP_F0486.zarr/
CWOP,CWOP_F0489,s3://cadcat/histwxstns/CWOP/CWOP_F0489.zarr/
CWOP,CWOP_F0498,s3://cadcat/histwxstns/CWOP/CWOP_F0498.zarr/
CWOP,CWOP_F0501,s3://cadcat/histwxstns/CWOP/CWOP_F0501.zarr/
CWOP,CWOP_F0502,s3://cadcat/histwxstns/CWOP/CWOP_F0502.zarr/
CWOP,CWOP_F0503,s3://cadcat/histwxstns/CWOP/CWOP_F0503.zarr/
CWOP,CWOP_F0504,s3://cadcat/histwxstns/CWOP/CWOP_F0504.zarr/
CWOP,CWOP_F0505,s3://cadcat/histwxstns/CWOP/CWOP_F0505.zarr/
CWOP,CWOP_F0506,s3://cadcat/histwxstns/CWOP/CWOP_F0506.zarr/
CWOP,CWOP_F0517,s3://cadcat/histwxstns/CWOP/CWOP_F0517.zarr/
CWOP,CWOP_F0521,s3://cadcat/histwxstns/CWOP/CWOP_F0521.zarr/
CWOP,CWOP_F0523,s3://cadcat/histwxstns/CWOP/CWOP_F0523.zarr/
CWOP,CWOP_F0528,s3://cadcat/histwxstns/CWOP/CWOP_F0528.zarr/
CWOP,CWOP_F0536,s3://cadcat/histwxstns/CWOP/CWOP_F0536.zarr/
CWOP,CWOP_F0538,s3://cadcat/histwxstns/CWOP/CWOP_F0538.zarr/
CWOP,CWOP_F0539,s3://cadcat/histwxstns/CWOP/CWOP_F0539.zarr/
CWOP,CWOP_F0549,s3://cadcat/histwxstns/CWOP/CWOP_F0549.zarr/
CWOP,CWOP_F0553,s3://cadcat/histwxstns/CWOP/CWOP_F0553.zarr/
CWOP,CWOP_F0571,s3://cadcat/histwxstns/CWOP/CWOP_F0571.zarr/
CWOP,CWOP_F0574,s3://cadcat/histwxstns/CWOP/CWOP_F0574.zarr/
CWOP,CWOP_F0577,s3://cadcat/histwxstns/CWOP/CWOP_F0577.zarr/
CWOP,CWOP_F0579,s3://cadcat/histwxstns/CWOP/CWOP_F0579.zarr/
CWOP,CWOP_F0603,s3://cadcat/histwxstns/CWOP/CWOP_F0603.zarr/
CWOP,CWOP_F0633,s3://cadcat/histwxstns/CWOP/CWOP_F0633.zarr/
CWOP,CWOP_F0638,s3://cadcat/histwxstns/CWOP/CWOP_F0638.zarr/
CWOP,CWOP_F0639,s3://cadcat/histwxstns/CWOP/CWOP_F0639.zarr/
CWOP,CWOP_F0641,s3://cadcat/histwxstns/CWOP/CWOP_F0641.zarr/
CWOP,CWOP_F0649,s3://cadcat/histwxstns/CWOP/CWOP_F0649.zarr/
CWOP,CWOP_F0653,s3://cadcat/histwxstns/CWOP/CWOP_F0653.zarr/
CWOP,CWOP_F0663,s3://cadcat/histwxstns/CWOP/CWOP_F0663.zarr/
CWOP,CWOP_F0664,s3://cadcat/histwxstns/CWOP/CWOP_F0664.zarr/
CWOP,CWOP_F0665,s3://cadcat/histwxstns/CWOP/CWOP_F0665.zarr/
CWOP,CWOP_F0666,s3://cadcat/histwxstns/CWOP/CWOP_F0666.zarr/
CWOP,CWOP_F0674,s3://cadcat/histwxstns/CWOP/CWOP_F0674.zarr/
CWOP,CWOP_F0675,s3://cadcat/histwxstns/CWOP/CWOP_F0675.zarr/
CWOP,CWOP_F0676,s3://cadcat/histwxstns/CWOP/CWOP_F0676.zarr/
CWOP,CWOP_F0685,s3://cadcat/histwxstns/CWOP/CWOP_F0685.zarr/
CWOP,CWOP_F0692,s3://cadcat/histwxstns/CWOP/CWOP_F0692.zarr/
CWOP,CWOP_F0731,s3://cadcat/histwxstns/CWOP/CWOP_F0731.zarr/
CWOP,CWOP_F0760,s3://cadcat/histwxstns/CWOP/CWOP_F0760.zarr/
CWOP,CWOP_F0768,s3://cadcat/histwxstns/CWOP/CWOP_F0768.zarr/
CWOP,CWOP_F0775,s3://cadcat/histwxstns/CWOP/CWOP_F0775.zarr/
CWOP,CWOP_F0777,s3://cadcat/histwxstns/CWOP/CWOP_F0777.zarr/
CWOP,CWOP_F0778,s3://cadcat/histwxstns/CWOP/CWOP_F0778.zarr/
CWOP,CWOP_F0794,s3://cadcat/histwxstns/CWOP/CWOP_F0794.zarr/
CWOP,CWOP_F0815,s3://cadcat/histwxstns/CWOP/CWOP_F0815.zarr/
CWOP,CWOP_F0821,s3://cadcat/histwxstns/CWOP/CWOP_F0821.zarr/
CWOP,CWOP_F0823,s3://cadcat/histwxstns/CWOP/CWOP_F0823.zarr/
CWOP,CWOP_F0831,s3://cadcat/histwxstns/CWOP/CWOP_F0831.zarr/
CWOP,CWOP_F0834,s3://cadcat/histwxstns/CWOP/CWOP_F0834.zarr/
CWOP,CWOP_F0851,s3://cadcat/histwxstns/CWOP/CWOP_F0851.zarr/
CWOP,CWOP_F0852,s3://cadcat/histwxstns/CWOP/CWOP_F0852.zarr/
CWOP,CWOP_F0860,s3://cadcat/histwxstns/CWOP/CWOP_F0860.zarr/
CWOP,CWOP_F0864,s3://cadcat/histwxstns/CWOP/CWOP_F0864.zarr/
CWOP,CWOP_F0868,s3://cadcat/histwxstns/CWOP/CWOP_F0868.zarr/
CWOP,CWOP_F0869,s3://cadcat/histwxstns/CWOP/CWOP_F0869.zarr/
CWOP,CWOP_F0922,s3://cadcat/histwxstns/CWOP/CWOP_F0922.zarr/
CWOP,CWOP_F0945,s3://cadcat/histwxstns/CWOP/CWOP_F0945.zarr/
CWOP,CWOP_F0958,s3://cadcat/histwxstns/CWOP/CWOP_F0958.zarr/
CWOP,CWOP_F0970,s3://cadcat/histwxstns/CWOP/CWOP_F0970.zarr/
CWOP,CWOP_F0979,s3://cadcat/histwxstns/CWOP/CWOP_F0979.zarr/
CWOP,CWOP_F0985,s3://cadcat/histwxstns/CWOP/CWOP_F0985.zarr/
CWOP,CWOP_F0997,s3://cadcat/histwxstns/CWOP/CWOP_F0997.zarr/
CWOP,CWOP_F1002,s3://cadcat/histwxstns/CWOP/CWOP_F1002.zarr/
CWOP,CWOP_F1019,s3://cadcat/histwxstns/CWOP/CWOP_F1019.zarr/
CWOP,CWOP_F1025,s3://cadcat/histwxstns/CWOP/CWOP_F1025.zarr/
CWOP,CWOP_F1031,s3://cadcat/histwxstns/CWOP/CWOP_F1031.zarr/
CWOP,CWOP_F1035,s3://cadcat/histwxstns/CWOP/CWOP_F1035.zarr/
CWOP,CWOP_F1037,s3://cadcat/histwxstns/CWOP/CWOP_F1037.zarr/
CWOP,CWOP_F1039,s3://cadcat/histwxstns/CWOP/CWOP_F1039.zarr/
CWOP,CWOP_F1041,s3://cadcat/histwxstns/CWOP/CWOP_F1041.zarr/
CWOP,CWOP_F1044,s3://cadcat/histwxstns/CWOP/CWOP_F1044.zarr/
CWOP,CWOP_F1054,s3://cadcat/histwxstns/CWOP/CWOP_F1054.zarr/
CWOP,CWOP_F1058,s3://cadcat/histwxstns/CWOP/CWOP_F1058.zarr/
CWOP,CWOP_F1067,s3://cadcat/histwxstns/CWOP/CWOP_F1067.zarr/
CWOP,CWOP_F1071,s3://cadcat/histwxstns/CWOP/CWOP_F1071.zarr/
CWOP,CWOP_F1077,s3://cadcat/histwxstns/CWOP/CWOP_F1077.zarr/
CWOP,CWOP_F1081,s3://cadcat/histwxstns/CWOP/CWOP_F1081.zarr/
CWOP,CWOP_F1084,s3://cadcat/histwxstns/CWOP/CWOP_F1084.zarr/
CWOP,CWOP_F1089,s3://cadcat/histwxstns/CWOP/CWOP_F1089.zarr/
CWOP,CWOP_F1090,s3://cadcat/histwxstns/CWOP/CWOP_F1090.zarr/
CWOP,CWOP_F1094,s3://cadcat/histwxstns/CWOP/CWOP_F1094.zarr/
CWOP,CWOP_F1111,s3://cadcat/histwxstns/CWOP/CWOP_F1111.zarr/
CWOP,CWOP_F1123,s3://cadcat/histwxstns/CWOP/CWOP_F1123.zarr/
CWOP,CWOP_F1125,s3://cadcat/histwxstns/CWOP/CWOP_F1125.zarr/
CWOP,CWOP_F1128,s3://cadcat/histwxstns/CWOP/CWOP_F1128.zarr/
CWOP,CWOP_F1130,s3://cadcat/histwxstns/CWOP/CWOP_F1130.zarr/
CWOP,CWOP_F1136,s3://cadcat/histwxstns/CWOP/CWOP_F1136.zarr/
CWOP,CWOP_F1153,s3://cadcat/histwxstns/CWOP/CWOP_F1153.zarr/
CWOP,CWOP_F1160,s3://cadcat/histwxstns/CWOP/CWOP_F1160.zarr/
CWOP,CWOP_F1186,s3://cadcat/histwxstns/CWOP/CWOP_F1186.zarr/
CWOP,CWOP_F1196,s3://cadcat/histwxstns/CWOP/CWOP_F1196.zarr/
CWOP,CWOP_F1198,s3://cadcat/histwxstns/CWOP/CWOP_F1198.zarr/
CWOP,CWOP_F1206,s3://cadcat/histwxstns/CWOP/CWOP_F1206.zarr/
CWOP,CWOP_F1215,s3://cadcat/histwxstns/CWOP/CWOP_F1215.zarr/
CWOP,CWOP_F1222,s3://cadcat/histwxstns/CWOP/CWOP_F1222.zarr/
CWOP,CWOP_F1241,s3://cadcat/histwxstns/CWOP/CWOP_F1241.zarr/
CWOP,CWOP_F1243,s3://cadcat/histwxstns/CWOP/CWOP_F1243.zarr/
CWOP,CWOP_F1248,s3://cadcat/histwxstns/CWOP/CWOP_F1248.zarr/
CWOP,CWOP_F1271,s3://cadcat/histwxstns/CWOP/CWOP_F1271.zarr/
CWOP,CWOP_F1302,s3://cadcat/histwxstns/CWOP/CWOP_F1302.zarr/
CWOP,CWOP_F1313,s3://cadcat/histwxstns/CWOP/CWOP_F1313.zarr/
CWOP,CWOP_F1326,s3://cadcat/histwxstns/CWOP/CWOP_F1326.zarr/
CWOP,CWOP_F1329,s3://cadcat/histwxstns/CWOP/CWOP_F1329.zarr/
CWOP,CWOP_F1331,s3://cadcat/histwxstns/CWOP/CWOP_F1331.zarr/
CWOP,CWOP_F1340,s3://cadcat/histwxstns/CWOP/CWOP_F1340.zarr/
CWOP,CWOP_F1362,s3://cadcat/histwxstns/CWOP/CWOP_F1362.zarr/
CWOP,CWOP_F1378,s3://cadcat/histwxstns/CWOP/CWOP_F1378.zarr/
CWOP,CWOP_F1394,s3://cadcat/histwxstns/CWOP/CWOP_F1394.zarr/
CWOP,CWOP_F1398,s3://cadcat/histwxstns/CWOP/CWOP_F1398.zarr/
CWOP,CWOP_F1405,s3://cadcat/histwxstns/CWOP/CWOP_F1405.zarr/
CWOP,CWOP_F1413,s3://cadcat/histwxstns/CWOP/CWOP_F1413.zarr/
CWOP,CWOP_F1414,s3://cadcat/histwxstns/CWOP/CWOP_F1414.zarr/
CWOP,CWOP_F1419,s3://cadcat/histwxstns/CWOP/CWOP_F1419.zarr/
CWOP,CWOP_F1426,s3://cadcat/histwxstns/CWOP/CWOP_F1426.zarr/
CWOP,CWOP_F1440,s3://cadcat/histwxstns/CWOP/CWOP_F1440.zarr/
CWOP,CWOP_F1445,s3://cadcat/histwxstns/CWOP/CWOP_F1445.zarr/
CWOP,CWOP_F1448,s3://cadcat/histwxstns/CWOP/CWOP_F1448.zarr/
CWOP,CWOP_F1451,s3://cadcat/histwxstns/CWOP/CWOP_F1451.zarr/
CWOP,CWOP_F1470,s3://cadcat/histwxstns/CWOP/CWOP_F1470.zarr/
CWOP,CWOP_F1510,s3://cadcat/histwxstns/CWOP/CWOP_F1510.zarr/
CWOP,CWOP_F1511,s3://cadcat/histwxstns/CWOP/CWOP_F1511.zarr/
CWOP,CWOP_F1520,s3://cadcat/histwxstns/CWOP/CWOP_F1520.zarr/
CWOP,CWOP_F1526,s3://cadcat/histwxstns/CWOP/CWOP_F1526.zarr/
CWOP,CWOP_F1552,s3://cadcat/histwxstns/CWOP/CWOP_F1552.zarr/
CWOP,CWOP_F1567,s3://cadcat/histwxstns/CWOP/CWOP_F1567.zarr/
CWOP,CWOP_F1569,s3://cadcat/histwxstns/CWOP/CWOP_F1569.zarr/
CWOP,CWOP_F1576,s3://cadcat/histwxstns/CWOP/CWOP_F1576.zarr/
CWOP,CWOP_F1589,s3://cadcat/histwxstns/CWOP/CWOP_F1589.zarr/
CWOP,CWOP_F1590,s3://cadcat/histwxstns/CWOP/CWOP_F1590.zarr/
CWOP,CWOP_F1606,s3://cadcat/histwxstns/CWOP/CWOP_F1606.zarr/
CWOP,CWOP_F1624,s3://cadcat/histwxstns/CWOP/CWOP_F1624.zarr/
CWOP,CWOP_F1628,s3://cadcat/histwxstns/CWOP/CWOP_F1628.zarr/
CWOP,CWOP_F1642,s3://cadcat/histwxstns/CWOP/CWOP_F1642.zarr/
CWOP,CWOP_F1647,s3://cadcat/histwxstns/CWOP/CWOP_F1647.zarr/
CWOP,CWOP_F1650,s3://cadcat/histwxstns/CWOP/CWOP_F1650.zarr/
CWOP,CWOP_F1653,s3://cadcat/histwxstns/CWOP/CWOP_F1653.zarr/
CWOP,CWOP_F1664,s3://cadcat/histwxstns/CWOP/CWOP_F1664.zarr/
CWOP,CWOP_F1676,s3://cadcat/histwxstns/CWOP/CWOP_F1676.zarr/
CWOP,CWOP_F1684,s3://cadcat/histwxstns/CWOP/CWOP_F1684.zarr/
CWOP,CWOP_F1687,s3://cadcat/histwxstns/CWOP/CWOP_F1687.zarr/
CWOP,CWOP_F1696,s3://cadcat/histwxstns/CWOP/CWOP_F1696.zarr/
CWOP,CWOP_F1698,s3://cadcat/histwxstns/CWOP/CWOP_F1698.zarr/
CWOP,CWOP_F1714,s3://cadcat/histwxstns/CWOP/CWOP_F1714.zarr/
CWOP,CWOP_F1715,s3://cadcat/histwxstns/CWOP/CWOP_F1715.zarr/
CWOP,CWOP_F1740,s3://cadcat/histwxstns/CWOP/CWOP_F1740.zarr/
CWOP,CWOP_F1747,s3://cadcat/histwxstns/CWOP/CWOP_F1747.zarr/
CWOP,CWOP_F1750,s3://cadcat/histwxstns/CWOP/CWOP_F1750.zarr/
CWOP,CWOP_F1757,s3://cadcat/histwxstns/CWOP/CWOP_F1757.zarr/
CWOP,CWOP_F1761,s3://cadcat/histwxstns/CWOP/CWOP_F1761.zarr/
CWOP,CWOP_F1767,s3://cadcat/histwxstns/CWOP/CWOP_F1767.zarr/
CWOP,CWOP_F1771,s3://cadcat/histwxstns/CWOP/CWOP_F1771.zarr/
CWOP,CWOP_F1778,s3://cadcat/histwxstns/CWOP/CWOP_F1778.zarr/
CWOP,CWOP_F1780,s3://cadcat/histwxstns/CWOP/CWOP_F1780.zarr/
CWOP,CWOP_F1790,s3://cadcat/histwxstns/CWOP/CWOP_F1790.zarr/
CWOP,CWOP_F1806,s3://cadcat/histwxstns/CWOP/CWOP_F1806.zarr/
CWOP,CWOP_F1818,s3://cadcat/histwxstns/CWOP/CWOP_F1818.zarr/
CWOP,CWOP_F1843,s3://cadcat/histwxstns/CWOP/CWOP_F1843.zarr/
CWOP,CWOP_F1844,s3://cadcat/histwxstns/CWOP/CWOP_F1844.zarr/
CWOP,CWOP_F1856,s3://cadcat/histwxstns/CWOP/CWOP_F1856.zarr/
CWOP,CWOP_F1857,s3://cadcat/histwxstns/CWOP/CWOP_F1857.zarr/
CWOP,CWOP_F1863,s3://cadcat/histwxstns/CWOP/CWOP_F1863.zarr/
CWOP,CWOP_F1884,s3://cadcat/histwxstns/CWOP/CWOP_F1884.zarr/
CWOP,CWOP_F1907,s3://cadcat/histwxstns/CWOP/CWOP_F1907.zarr/
CWOP,CWOP_F1909,s3://cadcat/histwxstns/CWOP/CWOP_F1909.zarr/
CWOP,CWOP_F1915,s3://cadcat/histwxstns/CWOP/CWOP_F1915.zarr/
CWOP,CWOP_F1924,s3://cadcat/histwxstns/CWOP/CWOP_F1924.zarr/
CWOP,CWOP_F1929,s3://cadcat/histwxstns/CWOP/CWOP_F1929.zarr/
CWOP,CWOP_F1934,s3://cadcat/histwxstns/CWOP/CWOP_F1934.zarr/
CWOP,CWOP_F1939,s3://cadcat/histwxstns/CWOP/CWOP_F1939.zarr/
CWOP,CWOP_F1945,s3://cadcat/histwxstns/CWOP/CWOP_F1945.zarr/
CWOP,CWOP_F1946,s3://cadcat/histwxstns/CWOP/CWOP_F1946.zarr/
CWOP,CWOP_F1962,s3://cadcat/histwxstns/CWOP/CWOP_F1962.zarr/
CWOP,CWOP_F1963,s3://cadcat/histwxstns/CWOP/CWOP_F1963.zarr/
CWOP,CWOP_F1964,s3://cadcat/histwxstns/CWOP/CWOP_F1964.zarr/
CWOP,CWOP_F1967,s3://cadcat/histwxstns/CWOP/CWOP_F1967.zarr/
CWOP,CWOP_F1968,s3://cadcat/histwxstns/CWOP/CWOP_F1968.zarr/
CWOP,CWOP_F1972,s3://cadcat/histwxstns/CWOP/CWOP_F1972.zarr/
CWOP,CWOP_F1980,s3://cadcat/histwxstns/CWOP/CWOP_F1980.zarr/
CWOP,CWOP_F1992,s3://cadcat/histwxstns/CWOP/CWOP_F1992.zarr/
CWOP,CWOP_F2000,s3://cadcat/histwxstns/CWOP/CWOP_F2000.zarr/
CWOP,CWOP_F2001,s3://cadcat/histwxstns/CWOP/CWOP_F2001.zarr/
CWOP,CWOP_F2003,s3://cadcat/histwxstns/CWOP/CWOP_F2003.zarr/
CWOP,CWOP_F2010,s3://cadcat/histwxstns/CWOP/CWOP_F2010.zarr/
CWOP,CWOP_F2021,s3://cadcat/histwxstns/CWOP/CWOP_F2021.zarr/
CWOP,CWOP_F2061,s3://cadcat/histwxstns/CWOP/CWOP_F2061.zarr/
CWOP,CWOP_F2079,s3://cadcat/histwxstns/CWOP/CWOP_F2079.zarr/
CWOP,CWOP_F2113,s3://cadcat/histwxstns/CWOP/CWOP_F2113.zarr/
CWOP,CWOP_F2116,s3://cadcat/histwxstns/CWOP/CWOP_F2116.zarr/
CWOP,CWOP_F2117,s3://cadcat/histwxstns/CWOP/CWOP_F2117.zarr/
CWOP,CWOP_F2121,s3://cadcat/histwxstns/CWOP/CWOP_F2121.zarr/
CWOP,CWOP_F2122,s3://cadcat/histwxstns/CWOP/CWOP_F2122.zarr/
CWOP,CWOP_F2132,s3://cadcat/histwxstns/CWOP/CWOP_F2132.zarr/
CWOP,CWOP_F2133,s3://cadcat/histwxstns/CWOP/CWOP_F2133.zarr/
CWOP,CWOP_F2141,s3://cadcat/histwxstns/CWOP/CWOP_F2141.zarr/
CWOP,CWOP_F2143,s3://cadcat/histwxstns/CWOP/CWOP_F2143.zarr/
CWOP,CWOP_F2150,s3://cadcat/histwxstns/CWOP/CWOP_F2150.zarr/
CWOP,CWOP_F2152,s3://cadcat/histwxstns/CWOP/CWOP_F2152.zarr/
CWOP,CWOP_F2156,s3://cadcat/histwxstns/CWOP/CWOP_F2156.zarr/
CWOP,CWOP_F2157,s3://cadcat/histwxstns/CWOP/CWOP_F2157.zarr/
CWOP,CWOP_F2173,s3://cadcat/histwxstns/CWOP/CWOP_F2173.zarr/
CWOP,CWOP_F2174,s3://cadcat/histwxstns/CWOP/CWOP_F2174.zarr/
CWOP,CWOP_F2175,s3://cadcat/histwxstns/CWOP/CWOP_F2175.zarr/
CWOP,CWOP_F2177,s3://cadcat/histwxstns/CWOP/CWOP_F2177.zarr/
CWOP,CWOP_F2178,s3://cadcat/histwxstns/CWOP/CWOP_F2178.zarr/
CWOP,CWOP_F2181,s3://cadcat/histwxstns/CWOP/CWOP_F2181.zarr/
CWOP,CWOP_F2185,s3://cadcat/histwxstns/CWOP/CWOP_F2185.zarr/
CWOP,CWOP_F2189,s3://cadcat/histwxstns/CWOP/CWOP_F2189.zarr/
CWOP,CWOP_F2195,s3://cadcat/histwxstns/CWOP/CWOP_F2195.zarr/
CWOP,CWOP_F2203,s3://cadcat/histwxstns/CWOP/CWOP_F2203.zarr/
CWOP,CWOP_F2214,s3://cadcat/histwxstns/CWOP/CWOP_F2214.zarr/
CWOP,CWOP_F2218,s3://cadcat/histwxstns/CWOP/CWOP_F2218.zarr/
CWOP,CWOP_F2224,s3://cadcat/histwxstns/CWOP/CWOP_F2224.zarr/
CWOP,CWOP_F2240,s3://cadcat/histwxstns/CWOP/CWOP_F2240.zarr/
CWOP,CWOP_F2243,s3://cadcat/histwxstns/CWOP/CWOP_F2243.zarr/
CWOP,CWOP_F2248,s3://cadcat/histwxstns/CWOP/CWOP_F2248.zarr/
CWOP,CWOP_F2249,s3://cadcat/histwxstns/CWOP/CWOP_F2249.zarr/
CWOP,CWOP_F2270,s3://cadcat/histwxstns/CWOP/CWOP_F2270.zarr/
CWOP,CWOP_F2279,s3://cadcat/histwxstns/CWOP/CWOP_F2279.zarr/
CWOP,CWOP_F2286,s3://cadcat/histwxstns/CWOP/CWOP_F2286.zarr/
CWOP,CWOP_F2287,s3://cadcat/histwxstns/CWOP/CWOP_F2287.zarr/
CWOP,CWOP_F2293,s3://cadcat/histwxstns/CWOP/CWOP_F2293.zarr/
CWOP,CWOP_F2305,s3://cadcat/histwxstns/CWOP/CWOP_F2305.zarr/
CWOP,CWOP_F2307,s3://cadcat/histwxstns/CWOP/CWOP_F2307.zarr/
CWOP,CWOP_F2316,s3://cadcat/histwxstns/CWOP/CWOP_F2316.zarr/
CWOP,CWOP_F2320,s3://cadcat/histwxstns/CWOP/CWOP_F2320.zarr/
CWOP,CWOP_F2333,s3://cadcat/histwxstns/CWOP/CWOP_F2333.zarr/
CWOP,CWOP_F2359,s3://cadcat/histwxstns/CWOP/CWOP_F2359.zarr/
CWOP,CWOP_F2362,s3://cadcat/histwxstns/CWOP/CWOP_F2362.zarr/
CWOP,CWOP_F2368,s3://cadcat/histwxstns/CWOP/CWOP_F2368.zarr/
CWOP,CWOP_F2370,s3://cadcat/histwxstns/CWOP/CWOP_F2370.zarr/
CWOP,CWOP_F2372,s3://cadcat/histwxstns/CWOP/CWOP_F2372.zarr/
CWOP,CWOP_F2380,s3://cadcat/histwxstns/CWOP/CWOP_F2380.zarr/
CWOP,CWOP_F2405,s3://cadcat/histwxstns/CWOP/CWOP_F2405.zarr/
CWOP,CWOP_F2406,s3://cadcat/histwxstns/CWOP/CWOP_F2406.zarr/
CWOP,CWOP_F2420,s3://cadcat/histwxstns/CWOP/CWOP_F2420.zarr/
CWOP,CWOP_F2423,s3://cadcat/histwxstns/CWOP/CWOP_F2423.zarr/
CWOP,CWOP_F2426,s3://cadcat/histwxstns/CWOP/CWOP_F2426.zarr/
CWOP,CWOP_F2444,s3://cadcat/histwxstns/CWOP/CWOP_F2444.zarr/
CWOP,CWOP_F2446,s3://cadcat/histwxstns/CWOP/CWOP_F2446.zarr/
CWOP,CWOP_F2451,s3://cadcat/histwxstns/CWOP/CWOP_F2451.zarr/
CWOP,CWOP_F2452,s3://cadcat/histwxstns/CWOP/CWOP_F2452.zarr/
CWOP,CWOP_F2455,s3://cadcat/histwxstns/CWOP/CWOP_F2455.zarr/
CWOP,CWOP_F2471,s3://cadcat/histwxstns/CWOP/CWOP_F2471.zarr/
CWOP,CWOP_F2472,s3://cadcat/histwxstns/CWOP/CWOP_F2472.zarr/
CWOP,CWOP_F2474,s3://cadcat/histwxstns/CWOP/CWOP_F2474.zarr/
CWOP,CWOP_F2476,s3://cadcat/histwxstns/CWOP/CWOP_F2476.zarr/
CWOP,CWOP_F2477,s3://cadcat/histwxstns/CWOP/CWOP_F2477.zarr/
CWOP,CWOP_F2478,s3://cadcat/histwxstns/CWOP/CWOP_F2478.zarr/
CWOP,CWOP_F2486,s3://cadcat/histwxstns/CWOP/CWOP_F2486.zarr/
CWOP,CWOP_F2487,s3://cadcat/histwxstns/CWOP/CWOP_F2487.zarr/
CWOP,CWOP_F2489,s3://cadcat/histwxstns/CWOP/CWOP_F2489.zarr/
CWOP,CWOP_F2498,s3://cadcat/histwxstns/CWOP/CWOP_F2498.zarr/
CWOP,CWOP_F2503,s3://cadcat/histwxstns/CWOP/CWOP_F2503.zarr/
CWOP,CWOP_F2504,s3://cadcat/histwxstns/CWOP/CWOP_F2504.zarr/
CWOP,CWOP_F2508,s3://cadcat/histwxstns/CWOP/CWOP_F2508.zarr/
CWOP,CWOP_F2543,s3://cadcat/histwxstns/CWOP/CWOP_F2543.zarr/
CWOP,CWOP_F2545,s3://cadcat/histwxstns/CWOP/CWOP_F2545.zarr/
CWOP,CWOP_F2554,s3://cadcat/histwxstns/CWOP/CWOP_F2554.zarr/
CWOP,CWOP_F2567,s3://cadcat/histwxstns/CWOP/CWOP_F2567.zarr/
CWOP,CWOP_F2576,s3://cadcat/histwxstns/CWOP/CWOP_F2576.zarr/
CWOP,CWOP_F2580,s3://cadcat/histwxstns/CWOP/CWOP_F2580.zarr/
CWOP,CWOP_F2581,s3://cadcat/histwxstns/CWOP/CWOP_F2581.zarr/
CWOP,CWOP_F2594,s3://cadcat/histwxstns/CWOP/CWOP_F2594.zarr/
CWOP,CWOP_F2595,s3://cadcat/histwxstns/CWOP/CWOP_F2595.zarr/
CWOP,CWOP_F2603,s3://cadcat/histwxstns/CWOP/CWOP_F2603.zarr/
CWOP,CWOP_F2605,s3://cadcat/histwxstns/CWOP/CWOP_F2605.zarr/
CWOP,CWOP_F2608,s3://cadcat/histwxstns/CWOP/CWOP_F2608.zarr/
CWOP,CWOP_F2619,s3://cadcat/histwxstns/CWOP/CWOP_F2619.zarr/
CWOP,CWOP_F2628,s3://cadcat/histwxstns/CWOP/CWOP_F2628.zarr/
CWOP,CWOP_F2673,s3://cadcat/histwxstns/CWOP/CWOP_F2673.zarr/
CWOP,CWOP_F2692,s3://cadcat/histwxstns/CWOP/CWOP_F2692.zarr/
CWOP,CWOP_F2703,s3://cadcat/histwxstns/CWOP/CWOP_F2703.zarr/
CWOP,CWOP_F2709,s3://cadcat/histwxstns/CWOP/CWOP_F2709.zarr/
CWOP,CWOP_F2720,s3://cadcat/histwxstns/CWOP/CWOP_F2720.zarr/
CWOP,CWOP_F2727,s3://cadcat/histwxstns/CWOP/CWOP_F2727.zarr/
CWOP,CWOP_F2736,s3://cadcat/histwxstns/CWOP/CWOP_F2736.zarr/
CWOP,CWOP_F2748,s3://cadcat/histwxstns/CWOP/CWOP_F2748.zarr/
CWOP,CWOP_F2761,s3://cadcat/histwxstns/CWOP/CWOP_F2761.zarr/
CWOP,CWOP_F2788,s3://cadcat/histwxstns/CWOP/CWOP_F2788.zarr/
CWOP,CWOP_F2796,s3://cadcat/histwxstns/CWOP/CWOP_F2796.zarr/
CWOP,CWOP_F2805,s3://cadcat/histwxstns/CWOP/CWOP_F2805.zarr/
CWOP,CWOP_F2818,s3://cadcat/histwxstns/CWOP/CWOP_F2818.zarr/
CWOP,CWOP_F2822,s3://cadcat/histwxstns/CWOP/CWOP_F2822.zarr/
CWOP,CWOP_F2828,s3://cadcat/histwxstns/CWOP/CWOP_F2828.zarr/
CWOP,CWOP_F2847,s3://cadcat/histwxstns/CWOP/CWOP_F2847.zarr/
CWOP,CWOP_F2864,s3://cadcat/histwxstns/CWOP/CWOP_F2864.zarr/
CWOP,CWOP_F2865,s3://cadcat/histwxstns/CWOP/CWOP_F2865.zarr/
CWOP,CWOP_F2879,s3://cadcat/histwxstns/CWOP/CWOP_F2879.zarr/
CWOP,CWOP_F2891,s3://cadcat/histwxstns/CWOP/CWOP_F2891.zarr/
CWOP,CWOP_F2904,s3://cadcat/histwxstns/CWOP/CWOP_F2904.zarr/
CWOP,CWOP_F2908,s3://cadcat/histwxstns/CWOP/CWOP_F2908.zarr/
CWOP,CWOP_F2914,s3://cadcat/histwxstns/CWOP/CWOP_F2914.zarr/
CWOP,CWOP_F2915,s3://cadcat/histwxstns/CWOP/CWOP_F2915.zarr/
CWOP,CWOP_F2920,s3://cadcat/histwxstns/CWOP/CWOP_F2920.zarr/
CWOP,CWOP_F2923,s3://cadcat/histwxstns/CWOP/CWOP_F2923.zarr/
CWOP,CWOP_F2938,s3://cadcat/histwxstns/CWOP/CWOP_F2938.zarr/
CWOP,CWOP_F2944,s3://cadcat/histwxstns/CWOP/CWOP_F2944.zarr/
CWOP,CWOP_F2950,s3://cadcat/histwxstns/CWOP/CWOP_F2950.zarr/
CWOP,CWOP_F2959,s3://cadcat/histwxstns/CWOP/CWOP_F2959.zarr/
CWOP,CWOP_F2976,s3://cadcat/histwxstns/CWOP/CWOP_F2976.zarr/
CWOP,CWOP_F2983,s3://cadcat/histwxstns/CWOP/CWOP_F2983.zarr/
CWOP,CWOP_F2984,s3://cadcat/histwxstns/CWOP/CWOP_F2984.zarr/
CWOP,CWOP_F2988,s3://cadcat/histwxstns/CWOP/CWOP_F2988.zarr/
CWOP,CWOP_F3004,s3://cadcat/histwxstns/CWOP/CWOP_F3004.zarr/
CWOP,CWOP_F3010,s3://cadcat/histwxstns/CWOP/CWOP_F3010.zarr/
CWOP,CWOP_F3045,s3://cadcat/histwxstns/CWOP/CWOP_F3045.zarr/
CWOP,CWOP_F3071,s3://cadcat/histwxstns/CWOP/CWOP_F3071.zarr/
CWOP,CWOP_F3074,s3://cadcat/histwxstns/CWOP/CWOP_F3074.zarr/
CWOP,CWOP_F3082,s3://cadcat/histwxstns/CWOP/CWOP_F3082.zarr/
CWOP,CWOP_F3088,s3://cadcat/histwxstns/CWOP/CWOP_F3088.zarr/
CWOP,CWOP_F3098,s3://cadcat/histwxstns/CWOP/CWOP_F3098.zarr/
CWOP,CWOP_F3101,s3://cadcat/histwxstns/CWOP/CWOP_F3101.zarr/
CWOP,CWOP_F3102,s3://cadcat/histwxstns/CWOP/CWOP_F3102.zarr/
CWOP,CWOP_F3105,s3://cadcat/histwxstns/CWOP/CWOP_F3105.zarr/
CWOP,CWOP_F3114,s3://cadcat/histwxstns/CWOP/CWOP_F3114.zarr/
CWOP,CWOP_F3121,s3://cadcat/histwxstns/CWOP/CWOP_F3121.zarr/
CWOP,CWOP_F3153,s3://cadcat/histwxstns/CWOP/CWOP_F3153.zarr/
CWOP,CWOP_F3158,s3://cadcat/histwxstns/CWOP/CWOP_F3158.zarr/
CWOP,CWOP_F3161,s3://cadcat/histwxstns/CWOP/CWOP_F3161.zarr/
CWOP,CWOP_F3175,s3://cadcat/histwxstns/CWOP/CWOP_F3175.zarr/
CWOP,CWOP_F3177,s3://cadcat/histwxstns/CWOP/CWOP_F3177.zarr/
CWOP,CWOP_F3187,s3://cadcat/histwxstns/CWOP/CWOP_F3187.zarr/
CWOP,CWOP_F3190,s3://cadcat/histwxstns/CWOP/CWOP_F3190.zarr/
CWOP,CWOP_F3199,s3://cadcat/histwxstns/CWOP/CWOP_F3199.zarr/
CWOP,CWOP_F3213,s3://cadcat/histwxstns/CWOP/CWOP_F3213.zarr/
CWOP,CWOP_F3225,s3://cadcat/histwxstns/CWOP/CWOP_F3225.zarr/
CWOP,CWOP_F3227,s3://cadcat/histwxstns/CWOP/CWOP_F3227.zarr/
CWOP,CWOP_F3234,s3://cadcat/histwxstns/CWOP/CWOP_F3234.zarr/
CWOP,CWOP_F3237,s3://cadcat/histwxstns/CWOP/CWOP_F3237.zarr/
CWOP,CWOP_F3245,s3://cadcat/histwxstns/CWOP/CWOP_F3245.zarr/
CWOP,CWOP_F3265,s3://cadcat/histwxstns/CWOP/CWOP_F3265.zarr/
CWOP,CWOP_F3271,s3://cadcat/histwxstns/CWOP/CWOP_F3271.zarr/
CWOP,CWOP_F3273,s3://cadcat/histwxstns/CWOP/CWOP_F3273.zarr/
CWOP,CWOP_F3279,s3://cadcat/histwxstns/CWOP/CWOP_F3279.zarr/
CWOP,CWOP_F3298,s3://cadcat/histwxstns/CWOP/CWOP_F3298.zarr/
CWOP,CWOP_F3315,s3://cadcat/histwxstns/CWOP/CWOP_F3315.zarr/
CWOP,CWOP_F3327,s3://cadcat/histwxstns/CWOP/CWOP_F3327.zarr/
CWOP,CWOP_F3329,s3://cadcat/histwxstns/CWOP/CWOP_F3329.zarr/
CWOP,CWOP_F3335,s3://cadcat/histwxstns/CWOP/CWOP_F3335.zarr/
CWOP,CWOP_F3344,s3://cadcat/histwxstns/CWOP/CWOP_F3344.zarr/
CWOP,CWOP_F3354,s3://cadcat/histwxstns/CWOP/CWOP_F3354.zarr/
CWOP,CWOP_F3573,s3://cadcat/histwxstns/CWOP/CWOP_F3573.zarr/
CWOP,CWOP_F3587,s3://cadcat/histwxstns/CWOP/CWOP_F3587.zarr/
CWOP,CWOP_F3594,s3://cadcat/histwxstns/CWOP/CWOP_F3594.zarr/
CWOP,CWOP_F3597,s3://cadcat/histwxstns/CWOP/CWOP_F3597.zarr/
CWOP,CWOP_F3598,s3://cadcat/histwxstns/CWOP/CWOP_F3598.zarr/
CWOP,CWOP_F3603,s3://cadcat/histwxstns/CWOP/CWOP_F3603.zarr/
CWOP,CWOP_F3610,s3://cadcat/histwxstns/CWOP/CWOP_F3610.zarr/
CWOP,CWOP_F3613,s3://cadcat/histwxstns/CWOP/CWOP_F3613.zarr/
CWOP,CWOP_F3625,s3://cadcat/histwxstns/CWOP/CWOP_F3625.zarr/
CWOP,CWOP_F3634,s3://cadcat/histwxstns/CWOP/CWOP_F3634.zarr/
CWOP,CWOP_F3636,s3://cadcat/histwxstns/CWOP/CWOP_F3636.zarr/
CWOP,CWOP_F3653,s3://cadcat/histwxstns/CWOP/CWOP_F3653.zarr/
CWOP,CWOP_F3671,s3://cadcat/histwxstns/CWOP/CWOP_F3671.zarr/
CWOP,CWOP_F3675,s3://cadcat/histwxstns/CWOP/CWOP_F3675.zarr/
CWOP,CWOP_F3679,s3://cadcat/histwxstns/CWOP/CWOP_F3679.zarr/
CWOP,CWOP_F3692,s3://cadcat/histwxstns/CWOP/CWOP_F3692.zarr/
CWOP,CWOP_F3698,s3://cadcat/histwxstns/CWOP/CWOP_F3698.zarr/
CWOP,CWOP_F3706,s3://cadcat/histwxstns/CWOP/CWOP_F3706.zarr/
CWOP,CWOP_F3713,s3://cadcat/histwxstns/CWOP/CWOP_F3713.zarr/
CWOP,CWOP_F3714,s3://cadcat/histwxstns/CWOP/CWOP_F3714.zarr/
CWOP,CWOP_F3725,s3://cadcat/histwxstns/CWOP/CWOP_F3725.zarr/
CWOP,CWOP_F3730,s3://cadcat/histwxstns/CWOP/CWOP_F3730.zarr/
CWOP,CWOP_F3739,s3://cadcat/histwxstns/CWOP/CWOP_F3739.zarr/
CWOP,CWOP_F3746,s3://cadcat/histwxstns/CWOP/CWOP_F3746.zarr/
CWOP,CWOP_F3751,s3://cadcat/histwxstns/CWOP/CWOP_F3751.zarr/
CWOP,CWOP_F3762,s3://cadcat/histwxstns/CWOP/CWOP_F3762.zarr/
CWOP,CWOP_F3775,s3://cadcat/histwxstns/CWOP/CWOP_F3775.zarr/
CWOP,CWOP_F3783,s3://cadcat/histwxstns/CWOP/CWOP_F3783.zarr/
CWOP,CWOP_F3788,s3://cadcat/histwxstns/CWOP/CWOP_F3788.zarr/
CWOP,CWOP_F3802,s3://cadcat/histwxstns/CWOP/CWOP_F3802.zarr/
CWOP,CWOP_F3806,s3://cadcat/histwxstns/CWOP/CWOP_F3806.zarr/
CWOP,CWOP_F3813,s3://cadcat/histwxstns/CWOP/CWOP_F3813.zarr/
CWOP,CWOP_F3816,s3://cadcat/histwxstns/CWOP/CWOP_F3816.zarr/
CWOP,CWOP_F3817,s3://cadcat/histwxstns/CWOP/CWOP_F3817.zarr/
CWOP,CWOP_F3820,s3://cadcat/histwxstns/CWOP/CWOP_F3820.zarr/
CWOP,CWOP_F3822,s3://cadcat/histwxstns/CWOP/CWOP_F3822.zarr/
CWOP,CWOP_F3830,s3://cadcat/histwxstns/CWOP/CWOP_F3830.zarr/
CWOP,CWOP_F3834,s3://cadcat/histwxstns/CWOP/CWOP_F3834.zarr/
CWOP,CWOP_F3839,s3://cadcat/histwxstns/CWOP/CWOP_F3839.zarr/
CWOP,CWOP_F3841,s3://cadcat/histwxstns/CWOP/CWOP_F3841.zarr/
CWOP,CWOP_F3844,s3://cadcat/histwxstns/CWOP/CWOP_F3844.zarr/
CWOP,CWOP_F3848,s3://cadcat/histwxstns/CWOP/CWOP_F3848.zarr/
CWOP,CWOP_F3855,s3://cadcat/histwxstns/CWOP/CWOP_F3855.zarr/
CWOP,CWOP_F3856,s3://cadcat/histwxstns/CWOP/CWOP_F3856.zarr/
CWOP,CWOP_F3865,s3://cadcat/histwxstns/CWOP/CWOP_F3865.zarr/
CWOP,CWOP_F3873,s3://cadcat/histwxstns/CWOP/CWOP_F3873.zarr/
CWOP,CWOP_F3887,s3://cadcat/histwxstns/CWOP/CWOP_F3887.zarr/
CWOP,CWOP_F3900,s3://cadcat/histwxstns/CWOP/CWOP_F3900.zarr/
CWOP,CWOP_F3905,s3://cadcat/histwxstns/CWOP/CWOP_F3905.zarr/
CWOP,CWOP_F3926,s3://cadcat/histwxstns/CWOP/CWOP_F3926.zarr/
CWOP,CWOP_F3932,s3://cadcat/histwxstns/CWOP/CWOP_F3932.zarr/
CWOP,CWOP_F3933,s3://cadcat/histwxstns/CWOP/CWOP_F3933.zarr/
CWOP,CWOP_F3937,s3://cadcat/histwxstns/CWOP/CWOP_F3937.zarr/
CWOP,CWOP_F3958,s3://cadcat/histwxstns/CWOP/CWOP_F3958.zarr/
CWOP,CWOP_F3960,s3://cadcat/histwxstns/CWOP/CWOP_F3960.zarr/
CWOP,CWOP_F3961,s3://cadcat/histwxstns/CWOP/CWOP_F3961.zarr/
CWOP,CWOP_F3963,s3://cadcat/histwxstns/CWOP/CWOP_F3963.zarr/
CWOP,CWOP_F3983,s3://cadcat/histwxstns/CWOP/CWOP_F3983.zarr/
CWOP,CWOP_F3984,s3://cadcat/histwxstns/CWOP/CWOP_F3984.zarr/
CWOP,CWOP_F3997,s3://cadcat/histwxstns/CWOP/CWOP_F3997.zarr/
CWOP,CWOP_F4005,s3://cadcat/histwxstns/CWOP/CWOP_F4005.zarr/
CWOP,CWOP_F4008,s3://cadcat/histwxstns/CWOP/CWOP_F4008.zarr/
CWOP,CWOP_F4013,s3://cadcat/histwxstns/CWOP/CWOP_F4013.zarr/
CWOP,CWOP_F4025,s3://cadcat/histwxstns/CWOP/CWOP_F4025.zarr/
CWOP,CWOP_F4034,s3://cadcat/histwxstns/CWOP/CWOP_F4034.zarr/
CWOP,CWOP_F4040,s3://cadcat/histwxstns/CWOP/CWOP_F4040.zarr/
CWOP,CWOP_F4052,s3://cadcat/histwxstns/CWOP/CWOP_F4052.zarr/
CWOP,CWOP_F4060,s3://cadcat/histwxstns/CWOP/CWOP_F4060.zarr/
CWOP,CWOP_F4063,s3://cadcat/histwxstns/CWOP/CWOP_F4063.zarr/
CWOP,CWOP_F4079,s3://cadcat/histwxstns/CWOP/CWOP_F4079.zarr/
CWOP,CWOP_F4081,s3://cadcat/histwxstns/CWOP/CWOP_F4081.zarr/
CWOP,CWOP_F4083,s3://cadcat/histwxstns/CWOP/CWOP_F4083.zarr/
CWOP,CWOP_F4092,s3://cadcat/histwxstns/CWOP/CWOP_F4092.zarr/
CWOP,CWOP_F4113,s3://cadcat/histwxstns/CWOP/CWOP_F4113.zarr/
CWOP,CWOP_F4120,s3://cadcat/histwxstns/CWOP/CWOP_F4120.zarr/
CWOP,CWOP_F4132,s3://cadcat/histwxstns/CWOP/CWOP_F4132.zarr/
CWOP,CWOP_F4137,s3://cadcat/histwxstns/CWOP/CWOP_F4137.zarr/
CWOP,CWOP_F4154,s3://cadcat/histwxstns/CWOP/CWOP_F4154.zarr/
CWOP,CWOP_F4157,s3://cadcat/histwxstns/CWOP/CWOP_F4157.zarr/
CWOP,CWOP_F4163,s3://cadcat/histwxstns/CWOP/CWOP_F4163.zarr/
CWOP,CWOP_F4164,s3://cadcat/histwxstns/CWOP/CWOP_F4164.zarr/
CWOP,CWOP_F4167,s3://cadcat/histwxstns/CWOP/CWOP_F4167.zarr/
CWOP,CWOP_F4176,s3://cadcat/histwxstns/CWOP/CWOP_F4176.zarr/
CWOP,CWOP_F4186,s3://cadcat/histwxstns/CWOP/CWOP_F4186.zarr/
CWOP,CWOP_F4192,s3://cadcat/histwxstns/CWOP/CWOP_F4192.zarr/
CWOP,CWOP_F4198,s3://cadcat/histwxstns/CWOP/CWOP_F4198.zarr/
CWOP,CWOP_F4213,s3://cadcat/histwxstns/CWOP/CWOP_F4213.zarr/
CWOP,CWOP_F4218,s3://cadcat/histwxstns/CWOP/CWOP_F4218.zarr/
CWOP,CWOP_F4225,s3://cadcat/histwxstns/CWOP/CWOP_F4225.zarr/
CWOP,CWOP_F4233,s3://cadcat/histwxstns/CWOP/CWOP_F4233.zarr/
CWOP,CWOP_F4234,s3://cadcat/histwxstns/CWOP/CWOP_F4234.zarr/
CWOP,CWOP_F4236,s3://cadcat/histwxstns/CWOP/CWOP_F4236.zarr/
CWOP,CWOP_F4238,s3://cadcat/histwxstns/CWOP/CWOP_F4238.zarr/
CWOP,CWOP_F4240,s3://cadcat/histwxstns/CWOP/CWOP_F4240.zarr/
CWOP,CWOP_F4241,s3://cadcat/histwxstns/CWOP/CWOP_F4241.zarr/
CWOP,CWOP_F4242,s3://cadcat/histwxstns/CWOP/CWOP_F4242.zarr/
CWOP,CWOP_F4243,s3://cadcat/histwxstns/CWOP/CWOP_F4243.zarr/
CWOP,CWOP_F4248,s3://cadcat/histwxstns/CWOP/CWOP_F4248.zarr/
CWOP,CWOP_F4250,s3://cadcat/histwxstns/CWOP/CWOP_F4250.zarr/
CWOP,CWOP_F4261,s3://cadcat/histwxstns/CWOP/CWOP_F4261.zarr/
CWOP,CWOP_F4264,s3://cadcat/histwxstns/CWOP/CWOP_F4264.zarr/
CWOP,CWOP_F4266,s3://cadcat/histwxstns/CWOP/CWOP_F4266.zarr/
CWOP,CWOP_F4279,s3://cadcat/histwxstns/CWOP/CWOP_F4279.zarr/
CWOP,CWOP_F4287,s3://cadcat/histwxstns/CWOP/CWOP_F4287.zarr/
CWOP,CWOP_F4296,s3://cadcat/histwxstns/CWOP/CWOP_F4296.zarr/
CWOP,CWOP_F4302,s3://cadcat/histwxstns/CWOP/CWOP_F4302.zarr/
CWOP,CWOP_F4305,s3://cadcat/histwxstns/CWOP/CWOP_F4305.zarr/
CWOP,CWOP_F4307,s3://cadcat/histwxstns/CWOP/CWOP_F4307.zarr/
CWOP,CWOP_F4318,s3://cadcat/histwxstns/CWOP/CWOP_F4318.zarr/
CWOP,CWOP_F4326,s3://cadcat/histwxstns/CWOP/CWOP_F4326.zarr/
CWOP,CWOP_F4335,s3://cadcat/histwxstns/CWOP/CWOP_F4335.zarr/
CWOP,CWOP_F4345,s3://cadcat/histwxstns/CWOP/CWOP_F4345.zarr/
CWOP,CWOP_F4346,s3://cadcat/histwxstns/CWOP/CWOP_F4346.zarr/
CWOP,CWOP_F4348,s3://cadcat/histwxstns/CWOP/CWOP_F4348.zarr/
CWOP,CWOP_F4352,s3://cadcat/histwxstns/CWOP/CWOP_F4352.zarr/
CWOP,CWOP_F4353,s3://cadcat/histwxstns/CWOP/CWOP_F4353.zarr/
CWOP,CWOP_F4355,s3://cadcat/histwxstns/CWOP/CWOP_F4355.zarr/
CWOP,CWOP_F4370,s3://cadcat/histwxstns/CWOP/CWOP_F4370.zarr/
CWOP,CWOP_F4383,s3://cadcat/histwxstns/CWOP/CWOP_F4383.zarr/
CWOP,CWOP_F4384,s3://cadcat/histwxstns/CWOP/CWOP_F4384.zarr/
CWOP,CWOP_F4391,s3://cadcat/histwxstns/CWOP/CWOP_F4391.zarr/
CWOP,CWOP_F4395,s3://cadcat/histwxstns/CWOP/CWOP_F4395.zarr/
CWOP,CWOP_F4417,s3://cadcat/histwxstns/CWOP/CWOP_F4417.zarr/
CWOP,CWOP_F4431,s3://cadcat/histwxstns/CWOP/CWOP_F4431.zarr/
CWOP,CWOP_F4432,s3://cadcat/histwxstns/CWOP/CWOP_F4432.zarr/
CWOP,CWOP_F4441,s3://cadcat/histwxstns/CWOP/CWOP_F4441.zarr/
CWOP,CWOP_F4443,s3://cadcat/histwxstns/CWOP/CWOP_F4443.zarr/
CWOP,CWOP_F4444,s3://cadcat/histwxstns/CWOP/CWOP_F4444.zarr/
CWOP,CWOP_F4449,s3://cadcat/histwxstns/CWOP/CWOP_F4449.zarr/
CWOP,CWOP_F4453,s3://cadcat/histwxstns/CWOP/CWOP_F4453.zarr/
CWOP,CWOP_F4463,s3://cadcat/histwxstns/CWOP/CWOP_F4463.zarr/
CWOP,CWOP_F4467,s3://cadcat/histwxstns/CWOP/CWOP_F4467.zarr/
CWOP,CWOP_F4468,s3://cadcat/histwxstns/CWOP/CWOP_F4468.zarr/
CWOP,CWOP_F4472,s3://cadcat/histwxstns/CWOP/CWOP_F4472.zarr/
CWOP,CWOP_F4473,s3://cadcat/histwxstns/CWOP/CWOP_F4473.zarr/
CWOP,CWOP_F4474,s3://cadcat/histwxstns/CWOP/CWOP_F4474.zarr/
CWOP,CWOP_F4477,s3://cadcat/histwxstns/CWOP/CWOP_F4477.zarr/
CWOP,CWOP_F4478,s3://cadcat/histwxstns/CWOP/CWOP_F4478.zarr/
CWOP,CWOP_F4482,s3://cadcat/histwxstns/CWOP/CWOP_F4482.zarr/
CWOP,CWOP_F4492,s3://cadcat/histwxstns/CWOP/CWOP_F4492.zarr/
CWOP,CWOP_F4493,s3://cadcat/histwxstns/CWOP/CWOP_F4493.zarr/
CWOP,CWOP_F4510,s3://cadcat/histwxstns/CWOP/CWOP_F4510.zarr/
CWOP,CWOP_F4517,s3://cadcat/histwxstns/CWOP/CWOP_F4517.zarr/
CWOP,CWOP_F4518,s3://cadcat/histwxstns/CWOP/CWOP_F4518.zarr/
CWOP,CWOP_F4538,s3://cadcat/histwxstns/CWOP/CWOP_F4538.zarr/
CWOP,CWOP_F4546,s3://cadcat/histwxstns/CWOP/CWOP_F4546.zarr/
CWOP,CWOP_F4547,s3://cadcat/histwxstns/CWOP/CWOP_F4547.zarr/
CWOP,CWOP_F4555,s3://cadcat/histwxstns/CWOP/CWOP_F4555.zarr/
CWOP,CWOP_F4558,s3://cadcat/histwxstns/CWOP/CWOP_F4558.zarr/
CWOP,CWOP_F4576,s3://cadcat/histwxstns/CWOP/CWOP_F4576.zarr/
CWOP,CWOP_F4577,s3://cadcat/histwxstns/CWOP/CWOP_F4577.zarr/
CWOP,CWOP_F4579,s3://cadcat/histwxstns/CWOP/CWOP_F4579.zarr/
CWOP,CWOP_F4582,s3://cadcat/histwxstns/CWOP/CWOP_F4582.zarr/
CWOP,CWOP_F4601,s3://cadcat/histwxstns/CWOP/CWOP_F4601.zarr/
CWOP,CWOP_F4603,s3://cadcat/histwxstns/CWOP/CWOP_F4603.zarr/
CWOP,CWOP_F4618,s3://cadcat/histwxstns/CWOP/CWOP_F4618.zarr/
CWOP,CWOP_F4619,s3://cadcat/histwxstns/CWOP/CWOP_F4619.zarr/
CWOP,CWOP_F4621,s3://cadcat/histwxstns/CWOP/CWOP_F4621.zarr/
CWOP,CWOP_F4627,s3://cadcat/histwxstns/CWOP/CWOP_F4627.zarr/
CWOP,CWOP_F4628,s3://cadcat/histwxstns/CWOP/CWOP_F4628.zarr/
CWOP,CWOP_F4630,s3://cadcat/histwxstns/CWOP/CWOP_F4630.zarr/
CWOP,CWOP_F4631,s3://cadcat/histwxstns/CWOP/CWOP_F4631.zarr/
CWOP,CWOP_F4637,s3://cadcat/histwxstns/CWOP/CWOP_F4637.zarr/
CWOP,CWOP_F4645,s3://cadcat/histwxstns/CWOP/CWOP_F4645.zarr/
CWOP,CWOP_F4646,s3://cadcat/histwxstns/CWOP/CWOP_F4646.zarr/
CWOP,CWOP_F4655,s3://cadcat/histwxstns/CWOP/CWOP_F4655.zarr/
CWOP,CWOP_F4659,s3://cadcat/histwxstns/CWOP/CWOP_F4659.zarr/
CWOP,CWOP_F4660,s3://cadcat/histwxstns/CWOP/CWOP_F4660.zarr/
CWOP,CWOP_F4667,s3://cadcat/histwxstns/CWOP/CWOP_F4667.zarr/
CWOP,CWOP_F4672,s3://cadcat/histwxstns/CWOP/CWOP_F4672.zarr/
CWOP,CWOP_F4688,s3://cadcat/histwxstns/CWOP/CWOP_F4688.zarr/
CWOP,CWOP_F4689,s3://cadcat/histwxstns/CWOP/CWOP_F4689.zarr/
CWOP,CWOP_F4693,s3://cadcat/histwxstns/CWOP/CWOP_F4693.zarr/
CWOP,CWOP_F4694,s3://cadcat/histwxstns/CWOP/CWOP_F4694.zarr/
CWOP,CWOP_F4712,s3://cadcat/histwxstns/CWOP/CWOP_F4712.zarr/
CWOP,CWOP_F4715,s3://cadcat/histwxstns/CWOP/CWOP_F4715.zarr/
CWOP,CWOP_F4716,s3://cadcat/histwxstns/CWOP/CWOP_F4716.zarr/
CWOP,CWOP_F4729,s3://cadcat/histwxstns/CWOP/CWOP_F4729.zarr/
CWOP,CWOP_F4734,s3://cadcat/histwxstns/CWOP/CWOP_F4734.zarr/
CWOP,CWOP_F4750,s3://cadcat/histwxstns/CWOP/CWOP_F4750.zarr/
CWOP,CWOP_F4751,s3://cadcat/histwxstns/CWOP/CWOP_F4751.zarr/
CWOP,CWOP_F4756,s3://cadcat/histwxstns/CWOP/CWOP_F4756.zarr/
CWOP,CWOP_F4771,s3://cadcat/histwxstns/CWOP/CWOP_F4771.zarr/
CWOP,CWOP_F4776,s3://cadcat/histwxstns/CWOP/CWOP_F4776.zarr/
CWOP,CWOP_F4777,s3://cadcat/histwxstns/CWOP/CWOP_F4777.zarr/
CWOP,CWOP_F4781,s3://cadcat/histwxstns/CWOP/CWOP_F4781.zarr/
CWOP,CWOP_F4784,s3://cadcat/histwxstns/CWOP/CWOP_F4784.zarr/
CWOP,CWOP_F4796,s3://cadcat/histwxstns/CWOP/CWOP_F4796.zarr/
CWOP,CWOP_F4800,s3://cadcat/histwxstns/CWOP/CWOP_F4800.zarr/
CWOP,CWOP_F4812,s3://cadcat/histwxstns/CWOP/CWOP_F4812.zarr/
CWOP,CWOP_F4823,s3://cadcat/histwxstns/CWOP/CWOP_F4823.zarr/
CWOP,CWOP_F4829,s3://cadcat/histwxstns/CWOP/CWOP_F4829.zarr/
CWOP,CWOP_F4833,s3://cadcat/histwxstns/CWOP/CWOP_F4833.zarr/
CWOP,CWOP_F4834,s3://cadcat/histwxstns/CWOP/CWOP_F4834.zarr/
CWOP,CWOP_F4835,s3://cadcat/histwxstns/CWOP/CWOP_F4835.zarr/
CWOP,CWOP_F4845,s3://cadcat/histwxstns/CWOP/CWOP_F4845.zarr/
CWOP,CWOP_F5104,s3://cadcat/histwxstns/CWOP/CWOP_F5104.zarr/
CWOP,CWOP_F5113,s3://cadcat/histwxstns/CWOP/CWOP_F5113.zarr/
CWOP,CWOP_F5127,s3://cadcat/histwxstns/CWOP/CWOP_F5127.zarr/
CWOP,CWOP_F5128,s3://cadcat/histwxstns/CWOP/CWOP_F5128.zarr/
CWOP,CWOP_F5131,s3://cadcat/histwxstns/CWOP/CWOP_F5131.zarr/
CWOP,CWOP_F5138,s3://cadcat/histwxstns/CWOP/CWOP_F5138.zarr/
CWOP,CWOP_F5146,s3://cadcat/histwxstns/CWOP/CWOP_F5146.zarr/
CWOP,CWOP_F5161,s3://cadcat/histwxstns/CWOP/CWOP_F5161.zarr/
CWOP,CWOP_F5163,s3://cadcat/histwxstns/CWOP/CWOP_F5163.zarr/
CWOP,CWOP_F5165,s3://cadcat/histwxstns/CWOP/CWOP_F5165.zarr/
CWOP,CWOP_F5167,s3://cadcat/histwxstns/CWOP/CWOP_F5167.zarr/
CWOP,CWOP_F5168,s3://cadcat/histwxstns/CWOP/CWOP_F5168.zarr/
CWOP,CWOP_F5178,s3://cadcat/histwxstns/CWOP/CWOP_F5178.zarr/
CWOP,CWOP_F5185,s3://cadcat/histwxstns/CWOP/CWOP_F5185.zarr/
CWOP,CWOP_F5186,s3://cadcat/histwxstns/CWOP/CWOP_F5186.zarr/
CWOP,CWOP_F5196,s3://cadcat/histwxstns/CWOP/CWOP_F5196.zarr/
CWOP,CWOP_F5223,s3://cadcat/histwxstns/CWOP/CWOP_F5223.zarr/
CWOP,CWOP_F5225,s3://cadcat/histwxstns/CWOP/CWOP_F5225.zarr/
CWOP,CWOP_F5226,s3://cadcat/histwxstns/CWOP/CWOP_F5226.zarr/
CWOP,CWOP_F5227,s3://cadcat/histwxstns/CWOP/CWOP_F5227.zarr/
CWOP,CWOP_F5236,s3://cadcat/histwxstns/CWOP/CWOP_F5236.zarr/
CWOP,CWOP_F5266,s3://cadcat/histwxstns/CWOP/CWOP_F5266.zarr/
CWOP,CWOP_F5274,s3://cadcat/histwxstns/CWOP/CWOP_F5274.zarr/
CWOP,CWOP_F5276,s3://cadcat/histwxstns/CWOP/CWOP_F5276.zarr/
CWOP,CWOP_F5278,s3://cadcat/histwxstns/CWOP/CWOP_F5278.zarr/
CWOP,CWOP_F5279,s3://cadcat/histwxstns/CWOP/CWOP_F5279.zarr/
CWOP,CWOP_F5280,s3://cadcat/histwxstns/CWOP/CWOP_F5280.zarr/
CWOP,CWOP_F5303,s3://cadcat/histwxstns/CWOP/CWOP_F5303.zarr/
CWOP,CWOP_F5314,s3://cadcat/histwxstns/CWOP/CWOP_F5314.zarr/
CWOP,CWOP_F5316,s3://cadcat/histwxstns/CWOP/CWOP_F5316.zarr/
CWOP,CWOP_F5319,s3://cadcat/histwxstns/CWOP/CWOP_F5319.zarr/
CWOP,CWOP_F5329,s3://cadcat/histwxstns/CWOP/CWOP_F5329.zarr/
CWOP,CWOP_F5340,s3://cadcat/histwxstns/CWOP/CWOP_F5340.zarr/
CWOP,CWOP_F5343,s3://cadcat/histwxstns/CWOP/CWOP_F5343.zarr/
CWOP,CWOP_F5345,s3://cadcat/histwxstns/CWOP/CWOP_F5345.zarr/
CWOP,CWOP_F5355,s3://cadcat/histwxstns/CWOP/CWOP_F5355.zarr/
CWOP,CWOP_F5357,s3://cadcat/histwxstns/CWOP/CWOP_F5357.zarr/
CWOP,CWOP_F5365,s3://cadcat/histwxstns/CWOP/CWOP_F5365.zarr/
CWOP,CWOP_F5367,s3://cadcat/histwxstns/CWOP/CWOP_F5367.zarr/
CWOP,CWOP_F5374,s3://cadcat/histwxstns/CWOP/CWOP_F5374.zarr/
CWOP,CWOP_F5376,s3://cadcat/histwxstns/CWOP/CWOP_F5376.zarr/
CWOP,CWOP_F5380,s3://cadcat/histwxstns/CWOP/CWOP_F5380.zarr/
CWOP,CWOP_F5381,s3://cadcat/histwxstns/CWOP/CWOP_F5381.zarr/
CWOP,CWOP_F5387,s3://cadcat/histwxstns/CWOP/CWOP_F5387.zarr/
CWOP,CWOP_F5396,s3://cadcat/histwxstns/CWOP/CWOP_F5396.zarr/
CWOP,CWOP_F5403,s3://cadcat/histwxstns/CWOP/CWOP_F5403.zarr/
CWOP,CWOP_F5406,s3://cadcat/histwxstns/CWOP/CWOP_F5406.zarr/
CWOP,CWOP_F5407,s3://cadcat/histwxstns/CWOP/CWOP_F5407.zarr/
CWOP,CWOP_F5409,s3://cadcat/histwxstns/CWOP/CWOP_F5409.zarr/
CWOP,CWOP_F5416,s3://cadcat/histwxstns/CWOP/CWOP_F5416.zarr/
CWOP,CWOP_F5426,s3://cadcat/histwxstns/CWOP/CWOP_F5426.zarr/
CWOP,CWOP_F5449,s3://cadcat/histwxstns/CWOP/CWOP_F5449.zarr/
CWOP,CWOP_F5459,s3://cadcat/histwxstns/CWOP/CWOP_F5459.zarr/
CWOP,CWOP_F5472,s3://cadcat/histwxstns/CWOP/CWOP_F5472.zarr/
CWOP,CWOP_F5488,s3://cadcat/histwxstns/CWOP/CWOP_F5488.zarr/
CWOP,CWOP_F5493,s3://cadcat/histwxstns/CWOP/CWOP_F5493.zarr/
CWOP,CWOP_F5620,s3://cadcat/histwxstns/CWOP/CWOP_F5620.zarr/
CWOP,CWOP_F5621,s3://cadcat/histwxstns/CWOP/CWOP_F5621.zarr/
CWOP,CWOP_F5626,s3://cadcat/histwxstns/CWOP/CWOP_F5626.zarr/
CWOP,CWOP_F5630,s3://cadcat/histwxstns/CWOP/CWOP_F5630.zarr/
CWOP,CWOP_F5632,s3://cadcat/histwxstns/CWOP/CWOP_F5632.zarr/
CWOP,CWOP_F5637,s3://cadcat/histwxstns/CWOP/CWOP_F5637.zarr/
CWOP,CWOP_F5642,s3://cadcat/histwxstns/CWOP/CWOP_F5642.zarr/
CWOP,CWOP_F5643,s3://cadcat/histwxstns/CWOP/CWOP_F5643.zarr/
CWOP,CWOP_F5658,s3://cadcat/histwxstns/CWOP/CWOP_F5658.zarr/
CWOP,CWOP_F5661,s3://cadcat/histwxstns/CWOP/CWOP_F5661.zarr/
CWOP,CWOP_F5667,s3://cadcat/histwxstns/CWOP/CWOP_F5667.zarr/
CWOP,CWOP_F5669,s3://cadcat/histwxstns/CWOP/CWOP_F5669.zarr/
CWOP,CWOP_F5672,s3://cadcat/histwxstns/CWOP/CWOP_F5672.zarr/
CWOP,CWOP_F5680,s3://cadcat/histwxstns/CWOP/CWOP_F5680.zarr/
CWOP,CWOP_F5681,s3://cadcat/histwxstns/CWOP/CWOP_F5681.zarr/
CWOP,CWOP_F5683,s3://cadcat/histwxstns/CWOP/CWOP_F5683.zarr/
CWOP,CWOP_F5685,s3://cadcat/histwxstns/CWOP/CWOP_F5685.zarr/
CWOP,CWOP_F5687,s3://cadcat/histwxstns/CWOP/CWOP_F5687.zarr/
CWOP,CWOP_F5690,s3://cadcat/histwxstns/CWOP/CWOP_F5690.zarr/
CWOP,CWOP_F5702,s3://cadcat/histwxstns/CWOP/CWOP_F5702.zarr/
CWOP,CWOP_F5711,s3://cadcat/histwxstns/CWOP/CWOP_F5711.zarr/
CWOP,CWOP_F5717,s3://cadcat/histwxstns/CWOP/CWOP_F5717.zarr/
CWOP,CWOP_F5728,s3://cadcat/histwxstns/CWOP/CWOP_F5728.zarr/
CWOP,CWOP_F5729,s3://cadcat/histwxstns/CWOP/CWOP_F5729.zarr/
CWOP,CWOP_F5730,s3://cadcat/histwxstns/CWOP/CWOP_F5730.zarr/
CWOP,CWOP_F5734,s3://cadcat/histwxstns/CWOP/CWOP_F5734.zarr/
CWOP,CWOP_F5763,s3://cadcat/histwxstns/CWOP/CWOP_F5763.zarr/
CWOP,CWOP_F5766,s3://cadcat/histwxstns/CWOP/CWOP_F5766.zarr/
CWOP,CWOP_F5771,s3://cadcat/histwxstns/CWOP/CWOP_F5771.zarr/
CWOP,CWOP_F5772,s3://cadcat/histwxstns/CWOP/CWOP_F5772.zarr/
CWOP,CWOP_F5778,s3://cadcat/histwxstns/CWOP/CWOP_F5778.zarr/
CWOP,CWOP_F5793,s3://cadcat/histwxstns/CWOP/CWOP_F5793.zarr/
CWOP,CWOP_F5796,s3://cadcat/histwxstns/CWOP/CWOP_F5796.zarr/
CWOP,CWOP_F5826,s3://cadcat/histwxstns/CWOP/CWOP_F5826.zarr/
CWOP,CWOP_F5828,s3://cadcat/histwxstns/CWOP/CWOP_F5828.zarr/
CWOP,CWOP_F5845,s3://cadcat/histwxstns/CWOP/CWOP_F5845.zarr/
CWOP,CWOP_F5855,s3://cadcat/histwxstns/CWOP/CWOP_F5855.zarr/
CWOP,CWOP_F5881,s3://cadcat/histwxstns/CWOP/CWOP_F5881.zarr/
CWOP,CWOP_F5892,s3://cadcat/histwxstns/CWOP/CWOP_F5892.zarr/
CWOP,CWOP_F5894,s3://cadcat/histwxstns/CWOP/CWOP_F5894.zarr/
CWOP,CWOP_F5895,s3://cadcat/histwxstns/CWOP/CWOP_F5895.zarr/
CWOP,CWOP_F5910,s3://cadcat/histwxstns/CWOP/CWOP_F5910.zarr/
CWOP,CWOP_F5911,s3://cadcat/histwxstns/CWOP/CWOP_F5911.zarr/
CWOP,CWOP_F5914,s3://cadcat/histwxstns/CWOP/CWOP_F5914.zarr/
CWOP,CWOP_F5941,s3://cadcat/histwxstns/CWOP/CWOP_F5941.zarr/
CWOP,CWOP_F5956,s3://cadcat/histwxstns/CWOP/CWOP_F5956.zarr/
CWOP,CWOP_F5962,s3://cadcat/histwxstns/CWOP/CWOP_F5962.zarr/
CWOP,CWOP_F5963,s3://cadcat/histwxstns/CWOP/CWOP_F5963.zarr/
CWOP,CWOP_F5965,s3://cadcat/histwxstns/CWOP/CWOP_F5965.zarr/
CWOP,CWOP_F5970,s3://cadcat/histwxstns/CWOP/CWOP_F5970.zarr/
CWOP,CWOP_F5982,s3://cadcat/histwxstns/CWOP/CWOP_F5982.zarr/
CWOP,CWOP_F5998,s3://cadcat/histwxstns/CWOP/CWOP_F5998.zarr/
CWOP,CWOP_F5999,s3://cadcat/histwxstns/CWOP/CWOP_F5999.zarr/
CWOP,CWOP_F6023,s3://cadcat/histwxstns/CWOP/CWOP_F6023.zarr/
CWOP,CWOP_F6041,s3://cadcat/histwxstns/CWOP/CWOP_F6041.zarr/
CWOP,CWOP_F6046,s3://cadcat/histwxstns/CWOP/CWOP_F6046.zarr/
CWOP,CWOP_F6051,s3://cadcat/histwxstns/CWOP/CWOP_F6051.zarr/
CWOP,CWOP_F6075,s3://cadcat/histwxstns/CWOP/CWOP_F6075.zarr/
CWOP,CWOP_F6077,s3://cadcat/histwxstns/CWOP/CWOP_F6077.zarr/
CWOP,CWOP_F6086,s3://cadcat/histwxstns/CWOP/CWOP_F6086.zarr/
CWOP,CWOP_F6088,s3://cadcat/histwxstns/CWOP/CWOP_F6088.zarr/
CWOP,CWOP_F6102,s3://cadcat/histwxstns/CWOP/CWOP_F6102.zarr/
CWOP,CWOP_F6108,s3://cadcat/histwxstns/CWOP/CWOP_F6108.zarr/
CWOP,CWOP_F6109,s3://cadcat/histwxstns/CWOP/CWOP_F6109.zarr/
CWOP,CWOP_F6116,s3://cadcat/histwxstns/CWOP/CWOP_F6116.zarr/
CWOP,CWOP_F6118,s3://cadcat/histwxstns/CWOP/CWOP_F6118.zarr/
CWOP,CWOP_F6119,s3://cadcat/histwxstns/CWOP/CWOP_F6119.zarr/
CWOP,CWOP_F6120,s3://cadcat/histwxstns/CWOP/CWOP_F6120.zarr/
CWOP,CWOP_F6124,s3://cadcat/histwxstns/CWOP/CWOP_F6124.zarr/
CWOP,CWOP_F6138,s3://cadcat/histwxstns/CWOP/CWOP_F6138.zarr/
CWOP,CWOP_F6147,s3://cadcat/histwxstns/CWOP/CWOP_F6147.zarr/
CWOP,CWOP_F6148,s3://cadcat/histwxstns/CWOP/CWOP_F6148.zarr/
CWOP,CWOP_F6153,s3://cadcat/histwxstns/CWOP/CWOP_F6153.zarr/
CWOP,CWOP_F6155,s3://cadcat/histwxstns/CWOP/CWOP_F6155.zarr/
CWOP,CWOP_F6169,s3://cadcat/histwxstns/CWOP/CWOP_F6169.zarr/
CWOP,CWOP_F6174,s3://cadcat/histwxstns/CWOP/CWOP_F6174.zarr/
CWOP,CWOP_F6178,s3://cadcat/histwxstns/CWOP/CWOP_F6178.zarr/
CWOP,CWOP_F6180,s3://cadcat/histwxstns/CWOP/CWOP_F6180.zarr/
CWOP,CWOP_F6183,s3://cadcat/histwxstns/CWOP/CWOP_F6183.zarr/
CWOP,CWOP_F6194,s3://cadcat/histwxstns/CWOP/CWOP_F6194.zarr/
CWOP,CWOP_F6209,s3://cadcat/histwxstns/CWOP/CWOP_F6209.zarr/
CWOP,CWOP_F6210,s3://cadcat/histwxstns/CWOP/CWOP_F6210.zarr/
CWOP,CWOP_F6211,s3://cadcat/histwxstns/CWOP/CWOP_F6211.zarr/
CWOP,CWOP_F6216,s3://cadcat/histwxstns/CWOP/CWOP_F6216.zarr/
CWOP,CWOP_F6219,s3://cadcat/histwxstns/CWOP/CWOP_F6219.zarr/
CWOP,CWOP_F6222,s3://cadcat/histwxstns/CWOP/CWOP_F6222.zarr/
CWOP,CWOP_F6229,s3://cadcat/histwxstns/CWOP/CWOP_F6229.zarr/
CWOP,CWOP_F6234,s3://cadcat/histwxstns/CWOP/CWOP_F6234.zarr/
CWOP,CWOP_F6244,s3://cadcat/histwxstns/CWOP/CWOP_F6244.zarr/
CWOP,CWOP_F6245,s3://cadcat/histwxstns/CWOP/CWOP_F6245.zarr/
CWOP,CWOP_F6247,s3://cadcat/histwxstns/CWOP/CWOP_F6247.zarr/
CWOP,CWOP_F6274,s3://cadcat/histwxstns/CWOP/CWOP_F6274.zarr/
CWOP,CWOP_F6280,s3://cadcat/histwxstns/CWOP/CWOP_F6280.zarr/
CWOP,CWOP_F6285,s3://cadcat/histwxstns/CWOP/CWOP_F6285.zarr/
CWOP,CWOP_F6289,s3://cadcat/histwxstns/CWOP/CWOP_F6289.zarr/
CWOP,CWOP_F6290,s3://cadcat/histwxstns/CWOP/CWOP_F6290.zarr/
CWOP,CWOP_F6291,s3://cadcat/histwxstns/CWOP/CWOP_F6291.zarr/
CWOP,CWOP_F6305,s3://cadcat/histwxstns/CWOP/CWOP_F6305.zarr/
CWOP,CWOP_F6312,s3://cadcat/histwxstns/CWOP/CWOP_F6312.zarr/
CWOP,CWOP_F6313,s3://cadcat/histwxstns/CWOP/CWOP_F6313.zarr/
CWOP,CWOP_F6328,s3://cadcat/histwxstns/CWOP/CWOP_F6328.zarr/
CWOP,CWOP_F6330,s3://cadcat/histwxstns/CWOP/CWOP_F6330.zarr/
CWOP,CWOP_F6341,s3://cadcat/histwxstns/CWOP/CWOP_F6341.zarr/
CWOP,CWOP_F6348,s3://cadcat/histwxstns/CWOP/CWOP_F6348.zarr/
CWOP,CWOP_F6356,s3://cadcat/histwxstns/CWOP/CWOP_F6356.zarr/
CWOP,CWOP_F6363,s3://cadcat/histwxstns/CWOP/CWOP_F6363.zarr/
CWOP,CWOP_F6365,s3://cadcat/histwxstns/CWOP/CWOP_F6365.zarr/
CWOP,CWOP_F6369,s3://cadcat/histwxstns/CWOP/CWOP_F6369.zarr/
CWOP,CWOP_F6372,s3://cadcat/histwxstns/CWOP/CWOP_F6372.zarr/
CWOP,CWOP_F6380,s3://cadcat/histwxstns/CWOP/CWOP_F6380.zarr/
CWOP,CWOP_F6399,s3://cadcat/histwxstns/CWOP/CWOP_F6399.zarr/
CWOP,CWOP_F6402,s3://cadcat/histwxstns/CWOP/CWOP_F6402.zarr/
CWOP,CWOP_F6423,s3://cadcat/histwxstns/CWOP/CWOP_F6423.zarr/
CWOP,CWOP_F6433,s3://cadcat/histwxstns/CWOP/CWOP_F6433.zarr/
CWOP,CWOP_F6435,s3://cadcat/histwxstns/CWOP/CWOP_F6435.zarr/
CWOP,CWOP_F6447,s3://cadcat/histwxstns/CWOP/CWOP_F6447.zarr/
CWOP,CWOP_F6460,s3://cadcat/histwxstns/CWOP/CWOP_F6460.zarr/
CWOP,CWOP_F6465,s3://cadcat/histwxstns/CWOP/CWOP_F6465.zarr/
CWOP,CWOP_F6473,s3://cadcat/histwxstns/CWOP/CWOP_F6473.zarr/
CWOP,CWOP_F6488,s3://cadcat/histwxstns/CWOP/CWOP_F6488.zarr/
CWOP,CWOP_F6490,s3://cadcat/histwxstns/CWOP/CWOP_F6490.zarr/
CWOP,CWOP_F6494,s3://cadcat/histwxstns/CWOP/CWOP_F6494.zarr/
CWOP,CWOP_F6501,s3://cadcat/histwxstns/CWOP/CWOP_F6501.zarr/
CWOP,CWOP_F6512,s3://cadcat/histwxstns/CWOP/CWOP_F6512.zarr/
CWOP,CWOP_F6522,s3://cadcat/histwxstns/CWOP/CWOP_F6522.zarr/
CWOP,CWOP_F6530,s3://cadcat/histwxstns/CWOP/CWOP_F6530.zarr/
CWOP,CWOP_F6534,s3://cadcat/histwxstns/CWOP/CWOP_F6534.zarr/
CWOP,CWOP_F6553,s3://cadcat/histwxstns/CWOP/CWOP_F6553.zarr/
CWOP,CWOP_F6556,s3://cadcat/histwxstns/CWOP/CWOP_F6556.zarr/
CWOP,CWOP_F6565,s3://cadcat/histwxstns/CWOP/CWOP_F6565.zarr/
CWOP,CWOP_F6572,s3://cadcat/histwxstns/CWOP/CWOP_F6572.zarr/
CWOP,CWOP_F6582,s3://cadcat/histwxstns/CWOP/CWOP_F6582.zarr/
CWOP,CWOP_F6587,s3://cadcat/histwxstns/CWOP/CWOP_F6587.zarr/
CWOP,CWOP_F6596,s3://cadcat/histwxstns/CWOP/CWOP_F6596.zarr/
CWOP,CWOP_F6602,s3://cadcat/histwxstns/CWOP/CWOP_F6602.zarr/
CWOP,CWOP_F6603,s3://cadcat/histwxstns/CWOP/CWOP_F6603.zarr/
CWOP,CWOP_F6604,s3://cadcat/histwxstns/CWOP/CWOP_F6604.zarr/
CWOP,CWOP_F6605,s3://cadcat/histwxstns/CWOP/CWOP_F6605.zarr/
CWOP,CWOP_F6609,s3://cadcat/histwxstns/CWOP/CWOP_F6609.zarr/
CWOP,CWOP_F6612,s3://cadcat/histwxstns/CWOP/CWOP_F6612.zarr/
CWOP,CWOP_F6613,s3://cadcat/histwxstns/CWOP/CWOP_F6613.zarr/
CWOP,CWOP_F6622,s3://cadcat/histwxstns/CWOP/CWOP_F6622.zarr/
CWOP,CWOP_F6626,s3://cadcat/histwxstns/CWOP/CWOP_F6626.zarr/
CWOP,CWOP_F6628,s3://cadcat/histwxstns/CWOP/CWOP_F6628.zarr/
CWOP,CWOP_F6644,s3://cadcat/histwxstns/CWOP/CWOP_F6644.zarr/
CWOP,CWOP_F6645,s3://cadcat/histwxstns/CWOP/CWOP_F6645.zarr/
CWOP,CWOP_F6646,s3://cadcat/histwxstns/CWOP/CWOP_F6646.zarr/
CWOP,CWOP_F6652,s3://cadcat/histwxstns/CWOP/CWOP_F6652.zarr/
CWOP,CWOP_F6663,s3://cadcat/histwxstns/CWOP/CWOP_F6663.zarr/
CWOP,CWOP_F6664,s3://cadcat/histwxstns/CWOP/CWOP_F6664.zarr/
CWOP,CWOP_F6666,s3://cadcat/histwxstns/CWOP/CWOP_F6666.zarr/
CWOP,CWOP_F6672,s3://cadcat/histwxstns/CWOP/CWOP_F6672.zarr/
CWOP,CWOP_F6677,s3://cadcat/histwxstns/CWOP/CWOP_F6677.zarr/
CWOP,CWOP_F6686,s3://cadcat/histwxstns/CWOP/CWOP_F6686.zarr/
CWOP,CWOP_F6709,s3://cadcat/histwxstns/CWOP/CWOP_F6709.zarr/
CWOP,CWOP_F6719,s3://cadcat/histwxstns/CWOP/CWOP_F6719.zarr/
CWOP,CWOP_F6720,s3://cadcat/histwxstns/CWOP/CWOP_F6720.zarr/
CWOP,CWOP_F6726,s3://cadcat/histwxstns/CWOP/CWOP_F6726.zarr/
CWOP,CWOP_F6728,s3://cadcat/histwxstns/CWOP/CWOP_F6728.zarr/
CWOP,CWOP_F6740,s3://cadcat/histwxstns/CWOP/CWOP_F6740.zarr/
CWOP,CWOP_F6742,s3://cadcat/histwxstns/CWOP/CWOP_F6742.zarr/
CWOP,CWOP_F6747,s3://cadcat/histwxstns/CWOP/CWOP_F6747.zarr/
CWOP,CWOP_F6772,s3://cadcat/histwxstns/CWOP/CWOP_F6772.zarr/
CWOP,CWOP_F6800,s3://cadcat/histwxstns/CWOP/CWOP_F6800.zarr/
CWOP,CWOP_F6801,s3://cadcat/histwxstns/CWOP/CWOP_F6801.zarr/
CWOP,CWOP_F6803,s3://cadcat/histwxstns/CWOP/CWOP_F6803.zarr/
CWOP,CWOP_F6841,s3://cadcat/histwxstns/CWOP/CWOP_F6841.zarr/
CWOP,CWOP_F6843,s3://cadcat/histwxstns/CWOP/CWOP_F6843.zarr/
CWOP,CWOP_F6859,s3://cadcat/histwxstns/CWOP/CWOP_F6859.zarr/
CWOP,CWOP_F6875,s3://cadcat/histwxstns/CWOP/CWOP_F6875.zarr/
CWOP,CWOP_F6893,s3://cadcat/histwxstns/CWOP/CWOP_F6893.zarr/
CWOP,CWOP_F6896,s3://cadcat/histwxstns/CWOP/CWOP_F6896.zarr/
CWOP,CWOP_F6899,s3://cadcat/histwxstns/CWOP/CWOP_F6899.zarr/
CWOP,CWOP_F6920,s3://cadcat/histwxstns/CWOP/CWOP_F6920.zarr/
CWOP,CWOP_F6922,s3://cadcat/histwxstns/CWOP/CWOP_F6922.zarr/
CWOP,CWOP_F6934,s3://cadcat/histwxstns/CWOP/CWOP_F6934.zarr/
CWOP,CWOP_F6935,s3://cadcat/histwxstns/CWOP/CWOP_F6935.zarr/
CWOP,CWOP_F6938,s3://cadcat/histwxstns/CWOP/CWOP_F6938.zarr/
CWOP,CWOP_F6947,s3://cadcat/histwxstns/CWOP/CWOP_F6947.zarr/
CWOP,CWOP_F6966,s3://cadcat/histwxstns/CWOP/CWOP_F6966.zarr/
CWOP,CWOP_F6967,s3://cadcat/histwxstns/CWOP/CWOP_F6967.zarr/
CWOP,CWOP_F6973,s3://cadcat/histwxstns/CWOP/CWOP_F6973.zarr/
CWOP,CWOP_F6984,s3://cadcat/histwxstns/CWOP/CWOP_F6984.zarr/
CWOP,CWOP_F6989,s3://cadcat/histwxstns/CWOP/CWOP_F6989.zarr/
CWOP,CWOP_F6992,s3://cadcat/histwxstns/CWOP/CWOP_F6992.zarr/
CWOP,CWOP_F7005,s3://cadcat/histwxstns/CWOP/CWOP_F7005.zarr/
CWOP,CWOP_F7008,s3://cadcat/histwxstns/CWOP/CWOP_F7008.zarr/
CWOP,CWOP_F7016,s3://cadcat/histwxstns/CWOP/CWOP_F7016.zarr/
CWOP,CWOP_F7028,s3://cadcat/histwxstns/CWOP/CWOP_F7028.zarr/
CWOP,CWOP_F7029,s3://cadcat/histwxstns/CWOP/CWOP_F7029.zarr/
CWOP,CWOP_F7031,s3://cadcat/histwxstns/CWOP/CWOP_F7031.zarr/
CWOP,CWOP_F7032,s3://cadcat/histwxstns/CWOP/CWOP_F7032.zarr/
CWOP,CWOP_F7034,s3://cadcat/histwxstns/CWOP/CWOP_F7034.zarr/
CWOP,CWOP_F7046,s3://cadcat/histwxstns/CWOP/CWOP_F7046.zarr/
CWOP,CWOP_F7047,s3://cadcat/histwxstns/CWOP/CWOP_F7047.zarr/
CWOP,CWOP_F7048,s3://cadcat/histwxstns/CWOP/CWOP_F7048.zarr/
CWOP,CWOP_F7055,s3://cadcat/histwxstns/CWOP/CWOP_F7055.zarr/
CWOP,CWOP_F7062,s3://cadcat/histwxstns/CWOP/CWOP_F7062.zarr/
CWOP,CWOP_F7064,s3://cadcat/histwxstns/CWOP/CWOP_F7064.zarr/
CWOP,CWOP_F7065,s3://cadcat/histwxstns/CWOP/CWOP_F7065.zarr/
CWOP,CWOP_F7073,s3://cadcat/histwxstns/CWOP/CWOP_F7073.zarr/
CWOP,CWOP_F7075,s3://cadcat/histwxstns/CWOP/CWOP_F7075.zarr/
CWOP,CWOP_F7076,s3://cadcat/histwxstns/CWOP/CWOP_F7076.zarr/
CWOP,CWOP_F7082,s3://cadcat/histwxstns/CWOP/CWOP_F7082.zarr/
CWOP,CWOP_F7096,s3://cadcat/histwxstns/CWOP/CWOP_F7096.zarr/
CWOP,CWOP_F7100,s3://cadcat/histwxstns/CWOP/CWOP_F7100.zarr/
CWOP,CWOP_F7101,s3://cadcat/histwxstns/CWOP/CWOP_F7101.zarr/
CWOP,CWOP_F7102,s3://cadcat/histwxstns/CWOP/CWOP_F7102.zarr/
CWOP,CWOP_F7103,s3://cadcat/histwxstns/CWOP/CWOP_F7103.zarr/
CWOP,CWOP_F7123,s3://cadcat/histwxstns/CWOP/CWOP_F7123.zarr/
CWOP,CWOP_F7131,s3://cadcat/histwxstns/CWOP/CWOP_F7131.zarr/
CWOP,CWOP_F7132,s3://cadcat/histwxstns/CWOP/CWOP_F7132.zarr/
CWOP,CWOP_F7135,s3://cadcat/histwxstns/CWOP/CWOP_F7135.zarr/
CWOP,CWOP_F7137,s3://cadcat/histwxstns/CWOP/CWOP_F7137.zarr/
CWOP,CWOP_F7140,s3://cadcat/histwxstns/CWOP/CWOP_F7140.zarr/
CWOP,CWOP_F7161,s3://cadcat/histwxstns/CWOP/CWOP_F7161.zarr/
CWOP,CWOP_F7164,s3://cadcat/histwxstns/CWOP/CWOP_F7164.zarr/
CWOP,CWOP_F7172,s3://cadcat/histwxstns/CWOP/CWOP_F7172.zarr/
CWOP,CWOP_F7176,s3://cadcat/histwxstns/CWOP/CWOP_F7176.zarr/
CWOP,CWOP_F7177,s3://cadcat/histwxstns/CWOP/CWOP_F7177.zarr/
CWOP,CWOP_F7178,s3://cadcat/histwxstns/CWOP/CWOP_F7178.zarr/
CWOP,CWOP_F7191,s3://cadcat/histwxstns/CWOP/CWOP_F7191.zarr/
CWOP,CWOP_F7199,s3://cadcat/histwxstns/CWOP/CWOP_F7199.zarr/
CWOP,CWOP_F7206,s3://cadcat/histwxstns/CWOP/CWOP_F7206.zarr/
CWOP,CWOP_F7208,s3://cadcat/histwxstns/CWOP/CWOP_F7208.zarr/
CWOP,CWOP_F7215,s3://cadcat/histwxstns/CWOP/CWOP_F7215.zarr/
CWOP,CWOP_F7221,s3://cadcat/histwxstns/CWOP/CWOP_F7221.zarr/
CWOP,CWOP_F7228,s3://cadcat/histwxstns/CWOP/CWOP_F7228.zarr/
CWOP,CWOP_F7236,s3://cadcat/histwxstns/CWOP/CWOP_F7236.zarr/
CWOP,CWOP_F7244,s3://cadcat/histwxstns/CWOP/CWOP_F7244.zarr/
CWOP,CWOP_F7258,s3://cadcat/histwxstns/CWOP/CWOP_F7258.zarr/
CWOP,CWOP_F7259,s3://cadcat/histwxstns/CWOP/CWOP_F7259.zarr/
CWOP,CWOP_F7270,s3://cadcat/histwxstns/CWOP/CWOP_F7270.zarr/
CWOP,CWOP_F7277,s3://cadcat/histwxstns/CWOP/CWOP_F7277.zarr/
CWOP,CWOP_F7288,s3://cadcat/histwxstns/CWOP/CWOP_F7288.zarr/
CWOP,CWOP_F7296,s3://cadcat/histwxstns/CWOP/CWOP_F7296.zarr/
CWOP,CWOP_F7304,s3://cadcat/histwxstns/CWOP/CWOP_F7304.zarr/
CWOP,CWOP_F7314,s3://cadcat/histwxstns/CWOP/CWOP_F7314.zarr/
CWOP,CWOP_F7359,s3://cadcat/histwxstns/CWOP/CWOP_F7359.zarr/
CWOP,CWOP_F7361,s3://cadcat/histwxstns/CWOP/CWOP_F7361.zarr/
CWOP,CWOP_F7364,s3://cadcat/histwxstns/CWOP/CWOP_F7364.zarr/
CWOP,CWOP_F7407,s3://cadcat/histwxstns/CWOP/CWOP_F7407.zarr/
CWOP,CWOP_F7410,s3://cadcat/histwxstns/CWOP/CWOP_F7410.zarr/
CWOP,CWOP_F7415,s3://cadcat/histwxstns/CWOP/CWOP_F7415.zarr/
CWOP,CWOP_F7437,s3://cadcat/histwxstns/CWOP/CWOP_F7437.zarr/
CWOP,CWOP_F7472,s3://cadcat/histwxstns/CWOP/CWOP_F7472.zarr/
CWOP,CWOP_F7475,s3://cadcat/histwxstns/CWOP/CWOP_F7475.zarr/
CWOP,CWOP_F7485,s3://cadcat/histwxstns/CWOP/CWOP_F7485.zarr/
CWOP,CWOP_F7489,s3://cadcat/histwxstns/CWOP/CWOP_F7489.zarr/
CWOP,CWOP_F7493,s3://cadcat/histwxstns/CWOP/CWOP_F7493.zarr/
CWOP,CWOP_F7514,s3://cadcat/histwxstns/CWOP/CWOP_F7514.zarr/
CWOP,CWOP_F7520,s3://cadcat/histwxstns/CWOP/CWOP_F7520.zarr/
CWOP,CWOP_F7522,s3://cadcat/histwxstns/CWOP/CWOP_F7522.zarr/
CWOP,CWOP_F7523,s3://cadcat/histwxstns/CWOP/CWOP_F7523.zarr/
CWOP,CWOP_F7537,s3://cadcat/histwxstns/CWOP/CWOP_F7537.zarr/
CWOP,CWOP_F7549,s3://cadcat/histwxstns/CWOP/CWOP_F7549.zarr/
CWOP,CWOP_F7557,s3://cadcat/histwxstns/CWOP/CWOP_F7557.zarr/
CWOP,CWOP_F7574,s3://cadcat/histwxstns/CWOP/CWOP_F7574.zarr/
CWOP,CWOP_F7582,s3://cadcat/histwxstns/CWOP/CWOP_F7582.zarr/
CWOP,CWOP_F7585,s3://cadcat/histwxstns/CWOP/CWOP_F7585.zarr/
CWOP,CWOP_F7594,s3://cadcat/histwxstns/CWOP/CWOP_F7594.zarr/
CWOP,CWOP_F7595,s3://cadcat/histwxstns/CWOP/CWOP_F7595.zarr/
CWOP,CWOP_F7596,s3://cadcat/histwxstns/CWOP/CWOP_F7596.zarr/
CWOP,CWOP_F7598,s3://cadcat/histwxstns/CWOP/CWOP_F7598.zarr/
CWOP,CWOP_F7600,s3://cadcat/histwxstns/CWOP/CWOP_F7600.zarr/
CWOP,CWOP_F7602,s3://cadcat/histwxstns/CWOP/CWOP_F7602.zarr/
CWOP,CWOP_F7603,s3://cadcat/histwxstns/CWOP/CWOP_F7603.zarr/
CWOP,CWOP_F7621,s3://cadcat/histwxstns/CWOP/CWOP_F7621.zarr/
CWOP,CWOP_F7625,s3://cadcat/histwxstns/CWOP/CWOP_F7625.zarr/
CWOP,CWOP_F7638,s3://cadcat/histwxstns/CWOP/CWOP_F7638.zarr/
CWOP,CWOP_F7640,s3://cadcat/histwxstns/CWOP/CWOP_F7640.zarr/
CWOP,CWOP_F7661,s3://cadcat/histwxstns/CWOP/CWOP_F7661.zarr/
CWOP,CWOP_F7664,s3://cadcat/histwxstns/CWOP/CWOP_F7664.zarr/
CWOP,CWOP_F7665,s3://cadcat/histwxstns/CWOP/CWOP_F7665.zarr/
CWOP,CWOP_F7674,s3://cadcat/histwxstns/CWOP/CWOP_F7674.zarr/
CWOP,CWOP_F7681,s3://cadcat/histwxstns/CWOP/CWOP_F7681.zarr/
CWOP,CWOP_F7716,s3://cadcat/histwxstns/CWOP/CWOP_F7716.zarr/
CWOP,CWOP_F7730,s3://cadcat/histwxstns/CWOP/CWOP_F7730.zarr/
CWOP,CWOP_F7737,s3://cadcat/histwxstns/CWOP/CWOP_F7737.zarr/
CWOP,CWOP_F7746,s3://cadcat/histwxstns/CWOP/CWOP_F7746.zarr/
CWOP,CWOP_F7755,s3://cadcat/histwxstns/CWOP/CWOP_F7755.zarr/
CWOP,CWOP_F7757,s3://cadcat/histwxstns/CWOP/CWOP_F7757.zarr/
CWOP,CWOP_F7762,s3://cadcat/histwxstns/CWOP/CWOP_F7762.zarr/
CWOP,CWOP_F7804,s3://cadcat/histwxstns/CWOP/CWOP_F7804.zarr/
CWOP,CWOP_F7830,s3://cadcat/histwxstns/CWOP/CWOP_F7830.zarr/
CWOP,CWOP_F7834,s3://cadcat/histwxstns/CWOP/CWOP_F7834.zarr/
CWOP,CWOP_F7857,s3://cadcat/histwxstns/CWOP/CWOP_F7857.zarr/
CWOP,CWOP_F7875,s3://cadcat/histwxstns/CWOP/CWOP_F7875.zarr/
CWOP,CWOP_F7879,s3://cadcat/histwxstns/CWOP/CWOP_F7879.zarr/
CWOP,CWOP_F7887,s3://cadcat/histwxstns/CWOP/CWOP_F7887.zarr/
CWOP,CWOP_F7907,s3://cadcat/histwxstns/CWOP/CWOP_F7907.zarr/
CWOP,CWOP_F7915,s3://cadcat/histwxstns/CWOP/CWOP_F7915.zarr/
CWOP,CWOP_F7940,s3://cadcat/histwxstns/CWOP/CWOP_F7940.zarr/
CWOP,CWOP_F7942,s3://cadcat/histwxstns/CWOP/CWOP_F7942.zarr/
CWOP,CWOP_F7953,s3://cadcat/histwxstns/CWOP/CWOP_F7953.zarr/
CWOP,CWOP_F7969,s3://cadcat/histwxstns/CWOP/CWOP_F7969.zarr/
CWOP,CWOP_F7990,s3://cadcat/histwxstns/CWOP/CWOP_F7990.zarr/
CWOP,CWOP_F7991,s3://cadcat/histwxstns/CWOP/CWOP_F7991.zarr/
CWOP,CWOP_F8000,s3://cadcat/histwxstns/CWOP/CWOP_F8000.zarr/
CWOP,CWOP_F8002,s3://cadcat/histwxstns/CWOP/CWOP_F8002.zarr/
CWOP,CWOP_F8005,s3://cadcat/histwxstns/CWOP/CWOP_F8005.zarr/
CWOP,CWOP_F8022,s3://cadcat/histwxstns/CWOP/CWOP_F8022.zarr/
CWOP,CWOP_F8029,s3://cadcat/histwxstns/CWOP/CWOP_F8029.zarr/
CWOP,CWOP_F8054,s3://cadcat/histwxstns/CWOP/CWOP_F8054.zarr/
CWOP,CWOP_F8055,s3://cadcat/histwxstns/CWOP/CWOP_F8055.zarr/
CWOP,CWOP_F8056,s3://cadcat/histwxstns/CWOP/CWOP_F8056.zarr/
CWOP,CWOP_F8063,s3://cadcat/histwxstns/CWOP/CWOP_F8063.zarr/
CWOP,CWOP_F8072,s3://cadcat/histwxstns/CWOP/CWOP_F8072.zarr/
CWOP,CWOP_F8077,s3://cadcat/histwxstns/CWOP/CWOP_F8077.zarr/
CWOP,CWOP_F8084,s3://cadcat/histwxstns/CWOP/CWOP_F8084.zarr/
CWOP,CWOP_F8093,s3://cadcat/histwxstns/CWOP/CWOP_F8093.zarr/
CWOP,CWOP_F8110,s3://cadcat/histwxstns/CWOP/CWOP_F8110.zarr/
CWOP,CWOP_F8143,s3://cadcat/histwxstns/CWOP/CWOP_F8143.zarr/
CWOP,CWOP_F8164,s3://cadcat/histwxstns/CWOP/CWOP_F8164.zarr/
CWOP,CWOP_F8166,s3://cadcat/histwxstns/CWOP/CWOP_F8166.zarr/
CWOP,CWOP_F8176,s3://cadcat/histwxstns/CWOP/CWOP_F8176.zarr/
CWOP,CWOP_F8182,s3://cadcat/histwxstns/CWOP/CWOP_F8182.zarr/
CWOP,CWOP_F8187,s3://cadcat/histwxstns/CWOP/CWOP_F8187.zarr/
CWOP,CWOP_F8199,s3://cadcat/histwxstns/CWOP/CWOP_F8199.zarr/
CWOP,CWOP_F8202,s3://cadcat/histwxstns/CWOP/CWOP_F8202.zarr/
CWOP,CWOP_F8212,s3://cadcat/histwxstns/CWOP/CWOP_F8212.zarr/
CWOP,CWOP_F8243,s3://cadcat/histwxstns/CWOP/CWOP_F8243.zarr/
CWOP,CWOP_F8247,s3://cadcat/histwxstns/CWOP/CWOP_F8247.zarr/
CWOP,CWOP_F8261,s3://cadcat/histwxstns/CWOP/CWOP_F8261.zarr/
CWOP,CWOP_F8267,s3://cadcat/histwxstns/CWOP/CWOP_F8267.zarr/
CWOP,CWOP_F8270,s3://cadcat/histwxstns/CWOP/CWOP_F8270.zarr/
CWOP,CWOP_F8272,s3://cadcat/histwxstns/CWOP/CWOP_F8272.zarr/
CWOP,CWOP_F8273,s3://cadcat/histwxstns/CWOP/CWOP_F8273.zarr/
CWOP,CWOP_F8277,s3://cadcat/histwxstns/CWOP/CWOP_F8277.zarr/
CWOP,CWOP_F8279,s3://cadcat/histwxstns/CWOP/CWOP_F8279.zarr/
CWOP,CWOP_F8280,s3://cadcat/histwxstns/CWOP/CWOP_F8280.zarr/
CWOP,CWOP_F8291,s3://cadcat/histwxstns/CWOP/CWOP_F8291.zarr/
CWOP,CWOP_F8300,s3://cadcat/histwxstns/CWOP/CWOP_F8300.zarr/
CWOP,CWOP_F8308,s3://cadcat/histwxstns/CWOP/CWOP_F8308.zarr/
CWOP,CWOP_F8309,s3://cadcat/histwxstns/CWOP/CWOP_F8309.zarr/
CWOP,CWOP_F8311,s3://cadcat/histwxstns/CWOP/CWOP_F8311.zarr/
CWOP,CWOP_F8313,s3://cadcat/histwxstns/CWOP/CWOP_F8313.zarr/
CWOP,CWOP_F8324,s3://cadcat/histwxstns/CWOP/CWOP_F8324.zarr/
CWOP,CWOP_F8325,s3://cadcat/histwxstns/CWOP/CWOP_F8325.zarr/
CWOP,CWOP_F8329,s3://cadcat/histwxstns/CWOP/CWOP_F8329.zarr/
CWOP,CWOP_F8331,s3://cadcat/histwxstns/CWOP/CWOP_F8331.zarr/
CWOP,CWOP_F8332,s3://cadcat/histwxstns/CWOP/CWOP_F8332.zarr/
CWOP,CWOP_F8334,s3://cadcat/histwxstns/CWOP/CWOP_F8334.zarr/
CWOP,CWOP_F8337,s3://cadcat/histwxstns/CWOP/CWOP_F8337.zarr/
CWOP,CWOP_F8356,s3://cadcat/histwxstns/CWOP/CWOP_F8356.zarr/
CWOP,CWOP_F8372,s3://cadcat/histwxstns/CWOP/CWOP_F8372.zarr/
CWOP,CWOP_F8379,s3://cadcat/histwxstns/CWOP/CWOP_F8379.zarr/
CWOP,CWOP_F8380,s3://cadcat/histwxstns/CWOP/CWOP_F8380.zarr/
CWOP,CWOP_F8398,s3://cadcat/histwxstns/CWOP/CWOP_F8398.zarr/
CWOP,CWOP_F8409,s3://cadcat/histwxstns/CWOP/CWOP_F8409.zarr/
CWOP,CWOP_F8419,s3://cadcat/histwxstns/CWOP/CWOP_F8419.zarr/
CWOP,CWOP_F8434,s3://cadcat/histwxstns/CWOP/CWOP_F8434.zarr/
CWOP,CWOP_F8437,s3://cadcat/histwxstns/CWOP/CWOP_F8437.zarr/
CWOP,CWOP_F8450,s3://cadcat/histwxstns/CWOP/CWOP_F8450.zarr/
CWOP,CWOP_F8471,s3://cadcat/histwxstns/CWOP/CWOP_F8471.zarr/
CWOP,CWOP_F8473,s3://cadcat/histwxstns/CWOP/CWOP_F8473.zarr/
CWOP,CWOP_F8476,s3://cadcat/histwxstns/CWOP/CWOP_F8476.zarr/
CWOP,CWOP_F8481,s3://cadcat/histwxstns/CWOP/CWOP_F8481.zarr/
CWOP,CWOP_F8494,s3://cadcat/histwxstns/CWOP/CWOP_F8494.zarr/
CWOP,CWOP_F8496,s3://cadcat/histwxstns/CWOP/CWOP_F8496.zarr/
CWOP,CWOP_F8506,s3://cadcat/histwxstns/CWOP/CWOP_F8506.zarr/
CWOP,CWOP_F8512,s3://cadcat/histwxstns/CWOP/CWOP_F8512.zarr/
CWOP,CWOP_F8513,s3://cadcat/histwxstns/CWOP/CWOP_F8513.zarr/
CWOP,CWOP_F8526,s3://cadcat/histwxstns/CWOP/CWOP_F8526.zarr/
CWOP,CWOP_F8528,s3://cadcat/histwxstns/CWOP/CWOP_F8528.zarr/
CWOP,CWOP_F8533,s3://cadcat/histwxstns/CWOP/CWOP_F8533.zarr/
CWOP,CWOP_F8534,s3://cadcat/histwxstns/CWOP/CWOP_F8534.zarr/
CWOP,CWOP_F8535,s3://cadcat/histwxstns/CWOP/CWOP_F8535.zarr/
CWOP,CWOP_F8536,s3://cadcat/histwxstns/CWOP/CWOP_F8536.zarr/
CWOP,CWOP_F8540,s3://cadcat/histwxstns/CWOP/CWOP_F8540.zarr/
CWOP,CWOP_F8545,s3://cadcat/histwxstns/CWOP/CWOP_F8545.zarr/
CWOP,CWOP_F8547,s3://cadcat/histwxstns/CWOP/CWOP_F8547.zarr/
CWOP,CWOP_F8548,s3://cadcat/histwxstns/CWOP/CWOP_F8548.zarr/
CWOP,CWOP_F8568,s3://cadcat/histwxstns/CWOP/CWOP_F8568.zarr/
CWOP,CWOP_F8574,s3://cadcat/histwxstns/CWOP/CWOP_F8574.zarr/
CWOP,CWOP_F8579,s3://cadcat/histwxstns/CWOP/CWOP_F8579.zarr/
CWOP,CWOP_F8581,s3://cadcat/histwxstns/CWOP/CWOP_F8581.zarr/
CWOP,CWOP_F8587,s3://cadcat/histwxstns/CWOP/CWOP_F8587.zarr/
CWOP,CWOP_F8590,s3://cadcat/histwxstns/CWOP/CWOP_F8590.zarr/
CWOP,CWOP_F8595,s3://cadcat/histwxstns/CWOP/CWOP_F8595.zarr/
CWOP,CWOP_F8596,s3://cadcat/histwxstns/CWOP/CWOP_F8596.zarr/
CWOP,CWOP_F8607,s3://cadcat/histwxstns/CWOP/CWOP_F8607.zarr/
CWOP,CWOP_F8609,s3://cadcat/histwxstns/CWOP/CWOP_F8609.zarr/
CWOP,CWOP_F8614,s3://cadcat/histwxstns/CWOP/CWOP_F8614.zarr/
CWOP,CWOP_F8618,s3://cadcat/histwxstns/CWOP/CWOP_F8618.zarr/
CWOP,CWOP_F8620,s3://cadcat/histwxstns/CWOP/CWOP_F8620.zarr/
CWOP,CWOP_F8651,s3://cadcat/histwxstns/CWOP/CWOP_F8651.zarr/
CWOP,CWOP_F8655,s3://cadcat/histwxstns/CWOP/CWOP_F8655.zarr/
CWOP,CWOP_F8658,s3://cadcat/histwxstns/CWOP/CWOP_F8658.zarr/
CWOP,CWOP_F8680,s3://cadcat/histwxstns/CWOP/CWOP_F8680.zarr/
CWOP,CWOP_F8683,s3://cadcat/histwxstns/CWOP/CWOP_F8683.zarr/
CWOP,CWOP_F8688,s3://cadcat/histwxstns/CWOP/CWOP_F8688.zarr/
CWOP,CWOP_F8694,s3://cadcat/histwxstns/CWOP/CWOP_F8694.zarr/
CWOP,CWOP_F8695,s3://cadcat/histwxstns/CWOP/CWOP_F8695.zarr/
CWOP,CWOP_F8697,s3://cadcat/histwxstns/CWOP/CWOP_F8697.zarr/
CWOP,CWOP_F8698,s3://cadcat/histwxstns/CWOP/CWOP_F8698.zarr/
CWOP,CWOP_F8699,s3://cadcat/histwxstns/CWOP/CWOP_F8699.zarr/
CWOP,CWOP_F8701,s3://cadcat/histwxstns/CWOP/CWOP_F8701.zarr/
CWOP,CWOP_F8707,s3://cadcat/histwxstns/CWOP/CWOP_F8707.zarr/
CWOP,CWOP_F8711,s3://cadcat/histwxstns/CWOP/CWOP_F8711.zarr/
CWOP,CWOP_F8718,s3://cadcat/histwxstns/CWOP/CWOP_F8718.zarr/
CWOP,CWOP_F8729,s3://cadcat/histwxstns/CWOP/CWOP_F8729.zarr/
CWOP,CWOP_F8731,s3://cadcat/histwxstns/CWOP/CWOP_F8731.zarr/
CWOP,CWOP_F8742,s3://cadcat/histwxstns/CWOP/CWOP_F8742.zarr/
CWOP,CWOP_F8743,s3://cadcat/histwxstns/CWOP/CWOP_F8743.zarr/
CWOP,CWOP_F8757,s3://cadcat/histwxstns/CWOP/CWOP_F8757.zarr/
CWOP,CWOP_F8766,s3://cadcat/histwxstns/CWOP/CWOP_F8766.zarr/
CWOP,CWOP_F8768,s3://cadcat/histwxstns/CWOP/CWOP_F8768.zarr/
CWOP,CWOP_F8770,s3://cadcat/histwxstns/CWOP/CWOP_F8770.zarr/
CWOP,CWOP_F8782,s3://cadcat/histwxstns/CWOP/CWOP_F8782.zarr/
CWOP,CWOP_F8799,s3://cadcat/histwxstns/CWOP/CWOP_F8799.zarr/
CWOP,CWOP_F8806,s3://cadcat/histwxstns/CWOP/CWOP_F8806.zarr/
CWOP,CWOP_F8819,s3://cadcat/histwxstns/CWOP/CWOP_F8819.zarr/
CWOP,CWOP_F8822,s3://cadcat/histwxstns/CWOP/CWOP_F8822.zarr/
CWOP,CWOP_F8831,s3://cadcat/histwxstns/CWOP/CWOP_F8831.zarr/
CWOP,CWOP_F8833,s3://cadcat/histwxstns/CWOP/CWOP_F8833.zarr/
CWOP,CWOP_F8834,s3://cadcat/histwxstns/CWOP/CWOP_F8834.zarr/
CWOP,CWOP_F8835,s3://cadcat/histwxstns/CWOP/CWOP_F8835.zarr/
CWOP,CWOP_F8858,s3://cadcat/histwxstns/CWOP/CWOP_F8858.zarr/
CWOP,CWOP_F8865,s3://cadcat/histwxstns/CWOP/CWOP_F8865.zarr/
CWOP,CWOP_F8870,s3://cadcat/histwxstns/CWOP/CWOP_F8870.zarr/
CWOP,CWOP_F8876,s3://cadcat/histwxstns/CWOP/CWOP_F8876.zarr/
CWOP,CWOP_F8877,s3://cadcat/histwxstns/CWOP/CWOP_F8877.zarr/
CWOP,CWOP_F8884,s3://cadcat/histwxstns/CWOP/CWOP_F8884.zarr/
CWOP,CWOP_F8906,s3://cadcat/histwxstns/CWOP/CWOP_F8906.zarr/
CWOP,CWOP_F8925,s3://cadcat/histwxstns/CWOP/CWOP_F8925.zarr/
CWOP,CWOP_F8937,s3://cadcat/histwxstns/CWOP/CWOP_F8937.zarr/
CWOP,CWOP_F8940,s3://cadcat/histwxstns/CWOP/CWOP_F8940.zarr/
CWOP,CWOP_F8942,s3://cadcat/histwxstns/CWOP/CWOP_F8942.zarr/
CWOP,CWOP_F8954,s3://cadcat/histwxstns/CWOP/CWOP_F8954.zarr/
CWOP,CWOP_F8972,s3://cadcat/histwxstns/CWOP/CWOP_F8972.zarr/
CWOP,CWOP_F8982,s3://cadcat/histwxstns/CWOP/CWOP_F8982.zarr/
CWOP,CWOP_F8983,s3://cadcat/histwxstns/CWOP/CWOP_F8983.zarr/
CWOP,CWOP_F8995,s3://cadcat/histwxstns/CWOP/CWOP_F8995.zarr/
CWOP,CWOP_F9002,s3://cadcat/histwxstns/CWOP/CWOP_F9002.zarr/
CWOP,CWOP_F9005,s3://cadcat/histwxstns/CWOP/CWOP_F9005.zarr/
CWOP,CWOP_F9018,s3://cadcat/histwxstns/CWOP/CWOP_F9018.zarr/
CWOP,CWOP_F9025,s3://cadcat/histwxstns/CWOP/CWOP_F9025.zarr/
CWOP,CWOP_F9039,s3://cadcat/histwxstns/CWOP/CWOP_F9039.zarr/
CWOP,CWOP_F9040,s3://cadcat/histwxstns/CWOP/CWOP_F9040.zarr/
CWOP,CWOP_F9042,s3://cadcat/histwxstns/CWOP/CWOP_F9042.zarr/
CWOP,CWOP_F9043,s3://cadcat/histwxstns/CWOP/CWOP_F9043.zarr/
CWOP,CWOP_F9048,s3://cadcat/histwxstns/CWOP/CWOP_F9048.zarr/
CWOP,CWOP_F9055,s3://cadcat/histwxstns/CWOP/CWOP_F9055.zarr/
CWOP,CWOP_F9061,s3://cadcat/histwxstns/CWOP/CWOP_F9061.zarr/
CWOP,CWOP_F9069,s3://cadcat/histwxstns/CWOP/CWOP_F9069.zarr/
CWOP,CWOP_F9070,s3://cadcat/histwxstns/CWOP/CWOP_F9070.zarr/
CWOP,CWOP_F9074,s3://cadcat/histwxstns/CWOP/CWOP_F9074.zarr/
CWOP,CWOP_F9083,s3://cadcat/histwxstns/CWOP/CWOP_F9083.zarr/
CWOP,CWOP_F9090,s3://cadcat/histwxstns/CWOP/CWOP_F9090.zarr/
CWOP,CWOP_F9097,s3://cadcat/histwxstns/CWOP/CWOP_F9097.zarr/
CWOP,CWOP_F9102,s3://cadcat/histwxstns/CWOP/CWOP_F9102.zarr/
CWOP,CWOP_F9112,s3://cadcat/histwxstns/CWOP/CWOP_F9112.zarr/
CWOP,CWOP_F9116,s3://cadcat/histwxstns/CWOP/CWOP_F9116.zarr/
CWOP,CWOP_F9126,s3://cadcat/histwxstns/CWOP/CWOP_F9126.zarr/
CWOP,CWOP_F9134,s3://cadcat/histwxstns/CWOP/CWOP_F9134.zarr/
CWOP,CWOP_F9140,s3://cadcat/histwxstns/CWOP/CWOP_F9140.zarr/
CWOP,CWOP_F9150,s3://cadcat/histwxstns/CWOP/CWOP_F9150.zarr/
CWOP,CWOP_F9153,s3://cadcat/histwxstns/CWOP/CWOP_F9153.zarr/
CWOP,CWOP_F9167,s3://cadcat/histwxstns/CWOP/CWOP_F9167.zarr/
CWOP,CWOP_F9174,s3://cadcat/histwxstns/CWOP/CWOP_F9174.zarr/
CWOP,CWOP_F9179,s3://cadcat/histwxstns/CWOP/CWOP_F9179.zarr/
CWOP,CWOP_F9185,s3://cadcat/histwxstns/CWOP/CWOP_F9185.zarr/
CWOP,CWOP_F9191,s3://cadcat/histwxstns/CWOP/CWOP_F9191.zarr/
CWOP,CWOP_F9198,s3://cadcat/histwxstns/CWOP/CWOP_F9198.zarr/
CWOP,CWOP_F9201,s3://cadcat/histwxstns/CWOP/CWOP_F9201.zarr/
CWOP,CWOP_F9212,s3://cadcat/histwxstns/CWOP/CWOP_F9212.zarr/
CWOP,CWOP_F9216,s3://cadcat/histwxstns/CWOP/CWOP_F9216.zarr/
CWOP,CWOP_F9226,s3://cadcat/histwxstns/CWOP/CWOP_F9226.zarr/
CWOP,CWOP_F9244,s3://cadcat/histwxstns/CWOP/CWOP_F9244.zarr/
CWOP,CWOP_F9247,s3://cadcat/histwxstns/CWOP/CWOP_F9247.zarr/
CWOP,CWOP_F9251,s3://cadcat/histwxstns/CWOP/CWOP_F9251.zarr/
CWOP,CWOP_F9262,s3://cadcat/histwxstns/CWOP/CWOP_F9262.zarr/
CWOP,CWOP_F9284,s3://cadcat/histwxstns/CWOP/CWOP_F9284.zarr/
CWOP,CWOP_F9285,s3://cadcat/histwxstns/CWOP/CWOP_F9285.zarr/
CWOP,CWOP_F9287,s3://cadcat/histwxstns/CWOP/CWOP_F9287.zarr/
CWOP,CWOP_F9289,s3://cadcat/histwxstns/CWOP/CWOP_F9289.zarr/
CWOP,CWOP_F9295,s3://cadcat/histwxstns/CWOP/CWOP_F9295.zarr/
CWOP,CWOP_F9296,s3://cadcat/histwxstns/CWOP/CWOP_F9296.zarr/
CWOP,CWOP_F9300,s3://cadcat/histwxstns/CWOP/CWOP_F9300.zarr/
CWOP,CWOP_F9304,s3://cadcat/histwxstns/CWOP/CWOP_F9304.zarr/
CWOP,CWOP_F9306,s3://cadcat/histwxstns/CWOP/CWOP_F9306.zarr/
CWOP,CWOP_F9309,s3://cadcat/histwxstns/CWOP/CWOP_F9309.zarr/
CWOP,CWOP_F9316,s3://cadcat/histwxstns/CWOP/CWOP_F9316.zarr/
CWOP,CWOP_F9318,s3://cadcat/histwxstns/CWOP/CWOP_F9318.zarr/
CWOP,CWOP_F9320,s3://cadcat/histwxstns/CWOP/CWOP_F9320.zarr/
CWOP,CWOP_F9328,s3://cadcat/histwxstns/CWOP/CWOP_F9328.zarr/
CWOP,CWOP_F9350,s3://cadcat/histwxstns/CWOP/CWOP_F9350.zarr/
CWOP,CWOP_F9354,s3://cadcat/histwxstns/CWOP/CWOP_F9354.zarr/
CWOP,CWOP_F9373,s3://cadcat/histwxstns/CWOP/CWOP_F9373.zarr/
CWOP,CWOP_F9376,s3://cadcat/histwxstns/CWOP/CWOP_F9376.zarr/
CWOP,CWOP_F9405,s3://cadcat/histwxstns/CWOP/CWOP_F9405.zarr/
CWOP,CWOP_F9416,s3://cadcat/histwxstns/CWOP/CWOP_F9416.zarr/
CWOP,CWOP_F9418,s3://cadcat/histwxstns/CWOP/CWOP_F9418.zarr/
CWOP,CWOP_F9422,s3://cadcat/histwxstns/CWOP/CWOP_F9422.zarr/
CWOP,CWOP_F9427,s3://cadcat/histwxstns/CWOP/CWOP_F9427.zarr/
CWOP,CWOP_F9435,s3://cadcat/histwxstns/CWOP/CWOP_F9435.zarr/
CWOP,CWOP_F9441,s3://cadcat/histwxstns/CWOP/CWOP_F9441.zarr/
CWOP,CWOP_F9443,s3://cadcat/histwxstns/CWOP/CWOP_F9443.zarr/
CWOP,CWOP_F9456,s3://cadcat/histwxstns/CWOP/CWOP_F9456.zarr/
CWOP,CWOP_F9462,s3://cadcat/histwxstns/CWOP/CWOP_F9462.zarr/
CWOP,CWOP_F9464,s3://cadcat/histwxstns/CWOP/CWOP_F9464.zarr/
CWOP,CWOP_F9477,s3://cadcat/histwxstns/CWOP/CWOP_F9477.zarr/
CWOP,CWOP_F9486,s3://cadcat/histwxstns/CWOP/CWOP_F9486.zarr/
CWOP,CWOP_F9488,s3://cadcat/histwxstns/CWOP/CWOP_F9488.zarr/
CWOP,CWOP_F9489,s3://cadcat/histwxstns/CWOP/CWOP_F9489.zarr/
CWOP,CWOP_F9495,s3://cadcat/histwxstns/CWOP/CWOP_F9495.zarr/
CWOP,CWOP_F9496,s3://cadcat/histwxstns/CWOP/CWOP_F9496.zarr/
CWOP,CWOP_F9504,s3://cadcat/histwxstns/CWOP/CWOP_F9504.zarr/
CWOP,CWOP_F9516,s3://cadcat/histwxstns/CWOP/CWOP_F9516.zarr/
CWOP,CWOP_F9517,s3://cadcat/histwxstns/CWOP/CWOP_F9517.zarr/
CWOP,CWOP_F9519,s3://cadcat/histwxstns/CWOP/CWOP_F9519.zarr/
CWOP,CWOP_F9536,s3://cadcat/histwxstns/CWOP/CWOP_F9536.zarr/
CWOP,CWOP_F9539,s3://cadcat/histwxstns/CWOP/CWOP_F9539.zarr/
CWOP,CWOP_F9546,s3://cadcat/histwxstns/CWOP/CWOP_F9546.zarr/
CWOP,CWOP_F9568,s3://cadcat/histwxstns/CWOP/CWOP_F9568.zarr/
CWOP,CWOP_F9578,s3://cadcat/histwxstns/CWOP/CWOP_F9578.zarr/
CWOP,CWOP_F9597,s3://cadcat/histwxstns/CWOP/CWOP_F9597.zarr/
CWOP,CWOP_F9598,s3://cadcat/histwxstns/CWOP/CWOP_F9598.zarr/
CWOP,CWOP_F9603,s3://cadcat/histwxstns/CWOP/CWOP_F9603.zarr/
CWOP,CWOP_F9625,s3://cadcat/histwxstns/CWOP/CWOP_F9625.zarr/
CWOP,CWOP_F9626,s3://cadcat/histwxstns/CWOP/CWOP_F9626.zarr/
CWOP,CWOP_F9628,s3://cadcat/histwxstns/CWOP/CWOP_F9628.zarr/
CWOP,CWOP_F9639,s3://cadcat/histwxstns/CWOP/CWOP_F9639.zarr/
CWOP,CWOP_F9643,s3://cadcat/histwxstns/CWOP/CWOP_F9643.zarr/
CWOP,CWOP_F9647,s3://cadcat/histwxstns/CWOP/CWOP_F9647.zarr/
CWOP,CWOP_F9671,s3://cadcat/histwxstns/CWOP/CWOP_F9671.zarr/
CWOP,CWOP_F9673,s3://cadcat/histwxstns/CWOP/CWOP_F9673.zarr/
CWOP,CWOP_F9676,s3://cadcat/histwxstns/CWOP/CWOP_F9676.zarr/
CWOP,CWOP_F9686,s3://cadcat/histwxstns/CWOP/CWOP_F9686.zarr/
CWOP,CWOP_F9687,s3://cadcat/histwxstns/CWOP/CWOP_F9687.zarr/
CWOP,CWOP_F9688,s3://cadcat/histwxstns/CWOP/CWOP_F9688.zarr/
CWOP,CWOP_F9689,s3://cadcat/histwxstns/CWOP/CWOP_F9689.zarr/
CWOP,CWOP_F9690,s3://cadcat/histwxstns/CWOP/CWOP_F9690.zarr/
CWOP,CWOP_F9698,s3://cadcat/histwxstns/CWOP/CWOP_F9698.zarr/
CWOP,CWOP_F9718,s3://cadcat/histwxstns/CWOP/CWOP_F9718.zarr/
CWOP,CWOP_F9733,s3://cadcat/histwxstns/CWOP/CWOP_F9733.zarr/
CWOP,CWOP_F9754,s3://cadcat/histwxstns/CWOP/CWOP_F9754.zarr/
CWOP,CWOP_F9784,s3://cadcat/histwxstns/CWOP/CWOP_F9784.zarr/
CWOP,CWOP_F9786,s3://cadcat/histwxstns/CWOP/CWOP_F9786.zarr/
CWOP,CWOP_F9797,s3://cadcat/histwxstns/CWOP/CWOP_F9797.zarr/
CWOP,CWOP_F9819,s3://cadcat/histwxstns/CWOP/CWOP_F9819.zarr/
CWOP,CWOP_F9876,s3://cadcat/histwxstns/CWOP/CWOP_F9876.zarr/
CWOP,CWOP_F9895,s3://cadcat/histwxstns/CWOP/CWOP_F9895.zarr/
CWOP,CWOP_F9914,s3://cadcat/histwxstns/CWOP/CWOP_F9914.zarr/
CWOP,CWOP_F9917,s3://cadcat/histwxstns/CWOP/CWOP_F9917.zarr/
CWOP,CWOP_F9919,s3://cadcat/histwxstns/CWOP/CWOP_F9919.zarr/
CWOP,CWOP_F9934,s3://cadcat/histwxstns/CWOP/CWOP_F9934.zarr/
CWOP,CWOP_F9939,s3://cadcat/histwxstns/CWOP/CWOP_F9939.zarr/
CWOP,CWOP_F9944,s3://cadcat/histwxstns/CWOP/CWOP_F9944.zarr/
CWOP,CWOP_F9946,s3://cadcat/histwxstns/CWOP/CWOP_F9946.zarr/
CWOP,CWOP_F9987,s3://cadcat/histwxstns/CWOP/CWOP_F9987.zarr/
CWOP,CWOP_F9990,s3://cadcat/histwxstns/CWOP/CWOP_F9990.zarr/
CWOP,CWOP_F9992,s3://cadcat/histwxstns/CWOP/CWOP_F9992.zarr/
CWOP,CWOP_FW575,s3://cadcat/histwxstns/CWOP/CWOP_FW575.zarr/
CWOP,CWOP_G0007,s3://cadcat/histwxstns/CWOP/CWOP_G0007.zarr/
CWOP,CWOP_G0013,s3://cadcat/histwxstns/CWOP/CWOP_G0013.zarr/
CWOP,CWOP_G0032,s3://cadcat/histwxstns/CWOP/CWOP_G0032.zarr/
CWOP,CWOP_G0039,s3://cadcat/histwxstns/CWOP/CWOP_G0039.zarr/
CWOP,CWOP_G0049,s3://cadcat/histwxstns/CWOP/CWOP_G0049.zarr/
CWOP,CWOP_G0052,s3://cadcat/histwxstns/CWOP/CWOP_G0052.zarr/
CWOP,CWOP_G0054,s3://cadcat/histwxstns/CWOP/CWOP_G0054.zarr/
CWOP,CWOP_G0065,s3://cadcat/histwxstns/CWOP/CWOP_G0065.zarr/
CWOP,CWOP_G0069,s3://cadcat/histwxstns/CWOP/CWOP_G0069.zarr/
CWOP,CWOP_G0070,s3://cadcat/histwxstns/CWOP/CWOP_G0070.zarr/
CWOP,CWOP_G0081,s3://cadcat/histwxstns/CWOP/CWOP_G0081.zarr/
CWOP,CWOP_G0084,s3://cadcat/histwxstns/CWOP/CWOP_G0084.zarr/
CWOP,CWOP_G0125,s3://cadcat/histwxstns/CWOP/CWOP_G0125.zarr/
CWOP,CWOP_G0136,s3://cadcat/histwxstns/CWOP/CWOP_G0136.zarr/
CWOP,CWOP_G0143,s3://cadcat/histwxstns/CWOP/CWOP_G0143.zarr/
CWOP,CWOP_G0153,s3://cadcat/histwxstns/CWOP/CWOP_G0153.zarr/
CWOP,CWOP_G0175,s3://cadcat/histwxstns/CWOP/CWOP_G0175.zarr/
CWOP,CWOP_G0177,s3://cadcat/histwxstns/CWOP/CWOP_G0177.zarr/
CWOP,CWOP_G0183,s3://cadcat/histwxstns/CWOP/CWOP_G0183.zarr/
CWOP,CWOP_G0187,s3://cadcat/histwxstns/CWOP/CWOP_G0187.zarr/
CWOP,CWOP_G0189,s3://cadcat/histwxstns/CWOP/CWOP_G0189.zarr/
CWOP,CWOP_G0194,s3://cadcat/histwxstns/CWOP/CWOP_G0194.zarr/
CWOP,CWOP_G0195,s3://cadcat/histwxstns/CWOP/CWOP_G0195.zarr/
CWOP,CWOP_G0216,s3://cadcat/histwxstns/CWOP/CWOP_G0216.zarr/
CWOP,CWOP_G0217,s3://cadcat/histwxstns/CWOP/CWOP_G0217.zarr/
CWOP,CWOP_G0224,s3://cadcat/histwxstns/CWOP/CWOP_G0224.zarr/
CWOP,CWOP_G0235,s3://cadcat/histwxstns/CWOP/CWOP_G0235.zarr/
CWOP,CWOP_G0244,s3://cadcat/histwxstns/CWOP/CWOP_G0244.zarr/
CWOP,CWOP_G0245,s3://cadcat/histwxstns/CWOP/CWOP_G0245.zarr/
CWOP,CWOP_G0246,s3://cadcat/histwxstns/CWOP/CWOP_G0246.zarr/
CWOP,CWOP_G0248,s3://cadcat/histwxstns/CWOP/CWOP_G0248.zarr/
CWOP,CWOP_G0254,s3://cadcat/histwxstns/CWOP/CWOP_G0254.zarr/
CWOP,CWOP_G0258,s3://cadcat/histwxstns/CWOP/CWOP_G0258.zarr/
CWOP,CWOP_G0265,s3://cadcat/histwxstns/CWOP/CWOP_G0265.zarr/
CWOP,CWOP_G0282,s3://cadcat/histwxstns/CWOP/CWOP_G0282.zarr/
CWOP,CWOP_G0295,s3://cadcat/histwxstns/CWOP/CWOP_G0295.zarr/
CWOP,CWOP_G0319,s3://cadcat/histwxstns/CWOP/CWOP_G0319.zarr/
CWOP,CWOP_G0326,s3://cadcat/histwxstns/CWOP/CWOP_G0326.zarr/
CWOP,CWOP_G0336,s3://cadcat/histwxstns/CWOP/CWOP_G0336.zarr/
CWOP,CWOP_G0338,s3://cadcat/histwxstns/CWOP/CWOP_G0338.zarr/
CWOP,CWOP_G0346,s3://cadcat/histwxstns/CWOP/CWOP_G0346.zarr/
CWOP,CWOP_G0353,s3://cadcat/histwxstns/CWOP/CWOP_G0353.zarr/
CWOP,CWOP_G0363,s3://cadcat/histwxstns/CWOP/CWOP_G0363.zarr/
CWOP,CWOP_G0367,s3://cadcat/histwxstns/CWOP/CWOP_G0367.zarr/
CWOP,CWOP_G0378,s3://cadcat/histwxstns/CWOP/CWOP_G0378.zarr/
CWOP,CWOP_G0379,s3://cadcat/histwxstns/CWOP/CWOP_G0379.zarr/
CWOP,CWOP_G0388,s3://cadcat/histwxstns/CWOP/CWOP_G0388.zarr/
CWOP,CWOP_G0390,s3://cadcat/histwxstns/CWOP/CWOP_G0390.zarr/
CWOP,CWOP_G0403,s3://cadcat/histwxstns/CWOP/CWOP_G0403.zarr/
CWOP,CWOP_G0409,s3://cadcat/histwxstns/CWOP/CWOP_G0409.zarr/
CWOP,CWOP_G0413,s3://cadcat/histwxstns/CWOP/CWOP_G0413.zarr/
CWOP,CWOP_G0416,s3://cadcat/histwxstns/CWOP/CWOP_G0416.zarr/
CWOP,CWOP_G0426,s3://cadcat/histwxstns/CWOP/CWOP_G0426.zarr/
CWOP,CWOP_G0429,s3://cadcat/histwxstns/CWOP/CWOP_G0429.zarr/
CWOP,CWOP_G0434,s3://cadcat/histwxstns/CWOP/CWOP_G0434.zarr/
CWOP,CWOP_G0435,s3://cadcat/histwxstns/CWOP/CWOP_G0435.zarr/
CWOP,CWOP_G0440,s3://cadcat/histwxstns/CWOP/CWOP_G0440.zarr/
CWOP,CWOP_G0443,s3://cadcat/histwxstns/CWOP/CWOP_G0443.zarr/
CWOP,CWOP_G0449,s3://cadcat/histwxstns/CWOP/CWOP_G0449.zarr/
CWOP,CWOP_G0455,s3://cadcat/histwxstns/CWOP/CWOP_G0455.zarr/
CWOP,CWOP_G0456,s3://cadcat/histwxstns/CWOP/CWOP_G0456.zarr/
CWOP,CWOP_G0458,s3://cadcat/histwxstns/CWOP/CWOP_G0458.zarr/
CWOP,CWOP_G0463,s3://cadcat/histwxstns/CWOP/CWOP_G0463.zarr/
CWOP,CWOP_G0484,s3://cadcat/histwxstns/CWOP/CWOP_G0484.zarr/
CWOP,CWOP_G0500,s3://cadcat/histwxstns/CWOP/CWOP_G0500.zarr/
CWOP,CWOP_G0506,s3://cadcat/histwxstns/CWOP/CWOP_G0506.zarr/
CWOP,CWOP_G0514,s3://cadcat/histwxstns/CWOP/CWOP_G0514.zarr/
CWOP,CWOP_G0525,s3://cadcat/histwxstns/CWOP/CWOP_G0525.zarr/
CWOP,CWOP_G0529,s3://cadcat/histwxstns/CWOP/CWOP_G0529.zarr/
CWOP,CWOP_G0532,s3://cadcat/histwxstns/CWOP/CWOP_G0532.zarr/
CWOP,CWOP_G0539,s3://cadcat/histwxstns/CWOP/CWOP_G0539.zarr/
CWOP,CWOP_G0551,s3://cadcat/histwxstns/CWOP/CWOP_G0551.zarr/
CWOP,CWOP_G0555,s3://cadcat/histwxstns/CWOP/CWOP_G0555.zarr/
CWOP,CWOP_G0564,s3://cadcat/histwxstns/CWOP/CWOP_G0564.zarr/
CWOP,CWOP_G0579,s3://cadcat/histwxstns/CWOP/CWOP_G0579.zarr/
CWOP,CWOP_G0581,s3://cadcat/histwxstns/CWOP/CWOP_G0581.zarr/
CWOP,CWOP_G0586,s3://cadcat/histwxstns/CWOP/CWOP_G0586.zarr/
CWOP,CWOP_G0593,s3://cadcat/histwxstns/CWOP/CWOP_G0593.zarr/
CWOP,CWOP_G0599,s3://cadcat/histwxstns/CWOP/CWOP_G0599.zarr/
CWOP,CWOP_G0602,s3://cadcat/histwxstns/CWOP/CWOP_G0602.zarr/
CWOP,CWOP_G0621,s3://cadcat/histwxstns/CWOP/CWOP_G0621.zarr/
CWOP,CWOP_G0625,s3://cadcat/histwxstns/CWOP/CWOP_G0625.zarr/
CWOP,CWOP_G0634,s3://cadcat/histwxstns/CWOP/CWOP_G0634.zarr/
CWOP,CWOP_G0637,s3://cadcat/histwxstns/CWOP/CWOP_G0637.zarr/
CWOP,CWOP_G0658,s3://cadcat/histwxstns/CWOP/CWOP_G0658.zarr/
CWOP,CWOP_G0659,s3://cadcat/histwxstns/CWOP/CWOP_G0659.zarr/
CWOP,CWOP_G0662,s3://cadcat/histwxstns/CWOP/CWOP_G0662.zarr/
CWOP,CWOP_G0664,s3://cadcat/histwxstns/CWOP/CWOP_G0664.zarr/
CWOP,CWOP_G0668,s3://cadcat/histwxstns/CWOP/CWOP_G0668.zarr/
CWOP,CWOP_G0670,s3://cadcat/histwxstns/CWOP/CWOP_G0670.zarr/
CWOP,CWOP_G0679,s3://cadcat/histwxstns/CWOP/CWOP_G0679.zarr/
CWOP,CWOP_G0692,s3://cadcat/histwxstns/CWOP/CWOP_G0692.zarr/
CWOP,CWOP_G0699,s3://cadcat/histwxstns/CWOP/CWOP_G0699.zarr/
CWOP,CWOP_G0714,s3://cadcat/histwxstns/CWOP/CWOP_G0714.zarr/
CWOP,CWOP_G0717,s3://cadcat/histwxstns/CWOP/CWOP_G0717.zarr/
CWOP,CWOP_G0718,s3://cadcat/histwxstns/CWOP/CWOP_G0718.zarr/
CWOP,CWOP_G0719,s3://cadcat/histwxstns/CWOP/CWOP_G0719.zarr/
CWOP,CWOP_G0733,s3://cadcat/histwxstns/CWOP/CWOP_G0733.zarr/
CWOP,CWOP_G0751,s3://cadcat/histwxstns/CWOP/CWOP_G0751.zarr/
CWOP,CWOP_G0758,s3://cadcat/histwxstns/CWOP/CWOP_G0758.zarr/
CWOP,CWOP_G0773,s3://cadcat/histwxstns/CWOP/CWOP_G0773.zarr/
CWOP,CWOP_G0783,s3://cadcat/histwxstns/CWOP/CWOP_G0783.zarr/
CWOP,CWOP_G0787,s3://cadcat/histwxstns/CWOP/CWOP_G0787.zarr/
CWOP,CWOP_G0794,s3://cadcat/histwxstns/CWOP/CWOP_G0794.zarr/
CWOP,CWOP_G0795,s3://cadcat/histwxstns/CWOP/CWOP_G0795.zarr/
CWOP,CWOP_G0799,s3://cadcat/histwxstns/CWOP/CWOP_G0799.zarr/
CWOP,CWOP_G0801,s3://cadcat/histwxstns/CWOP/CWOP_G0801.zarr/
CWOP,CWOP_G0802,s3://cadcat/histwxstns/CWOP/CWOP_G0802.zarr/
CWOP,CWOP_G0809,s3://cadcat/histwxstns/CWOP/CWOP_G0809.zarr/
CWOP,CWOP_G0815,s3://cadcat/histwxstns/CWOP/CWOP_G0815.zarr/
CWOP,CWOP_G0816,s3://cadcat/histwxstns/CWOP/CWOP_G0816.zarr/
CWOP,CWOP_G0819,s3://cadcat/histwxstns/CWOP/CWOP_G0819.zarr/
CWOP,CWOP_G0820,s3://cadcat/histwxstns/CWOP/CWOP_G0820.zarr/
CWOP,CWOP_G0827,s3://cadcat/histwxstns/CWOP/CWOP_G0827.zarr/
CWOP,CWOP_G0828,s3://cadcat/histwxstns/CWOP/CWOP_G0828.zarr/
CWOP,CWOP_G0834,s3://cadcat/histwxstns/CWOP/CWOP_G0834.zarr/
CWOP,CWOP_G0841,s3://cadcat/histwxstns/CWOP/CWOP_G0841.zarr/
CWOP,CWOP_G0843,s3://cadcat/histwxstns/CWOP/CWOP_G0843.zarr/
CWOP,CWOP_G0855,s3://cadcat/histwxstns/CWOP/CWOP_G0855.zarr/
CWOP,CWOP_G0864,s3://cadcat/histwxstns/CWOP/CWOP_G0864.zarr/
CWOP,CWOP_G0867,s3://cadcat/histwxstns/CWOP/CWOP_G0867.zarr/
CWOP,CWOP_G0869,s3://cadcat/histwxstns/CWOP/CWOP_G0869.zarr/
CWOP,CWOP_G0871,s3://cadcat/histwxstns/CWOP/CWOP_G0871.zarr/
CWOP,CWOP_G0877,s3://cadcat/histwxstns/CWOP/CWOP_G0877.zarr/
CWOP,CWOP_G0891,s3://cadcat/histwxstns/CWOP/CWOP_G0891.zarr/
CWOP,CWOP_G0892,s3://cadcat/histwxstns/CWOP/CWOP_G0892.zarr/
CWOP,CWOP_G0895,s3://cadcat/histwxstns/CWOP/CWOP_G0895.zarr/
CWOP,CWOP_G0900,s3://cadcat/histwxstns/CWOP/CWOP_G0900.zarr/
CWOP,CWOP_G0901,s3://cadcat/histwxstns/CWOP/CWOP_G0901.zarr/
CWOP,CWOP_G0902,s3://cadcat/histwxstns/CWOP/CWOP_G0902.zarr/
CWOP,CWOP_G0905,s3://cadcat/histwxstns/CWOP/CWOP_G0905.zarr/
CWOP,CWOP_G0946,s3://cadcat/histwxstns/CWOP/CWOP_G0946.zarr/
CWOP,CWOP_G0959,s3://cadcat/histwxstns/CWOP/CWOP_G0959.zarr/
CWOP,CWOP_G0967,s3://cadcat/histwxstns/CWOP/CWOP_G0967.zarr/
CWOP,CWOP_G0974,s3://cadcat/histwxstns/CWOP/CWOP_G0974.zarr/
CWOP,CWOP_G0980,s3://cadcat/histwxstns/CWOP/CWOP_G0980.zarr/
CWOP,CWOP_G0982,s3://cadcat/histwxstns/CWOP/CWOP_G0982.zarr/
CWOP,CWOP_G0983,s3://cadcat/histwxstns/CWOP/CWOP_G0983.zarr/
CWOP,CWOP_G0986,s3://cadcat/histwxstns/CWOP/CWOP_G0986.zarr/
CWOP,CWOP_G0990,s3://cadcat/histwxstns/CWOP/CWOP_G0990.zarr/
CWOP,CWOP_G0993,s3://cadcat/histwxstns/CWOP/CWOP_G0993.zarr/
CWOP,CWOP_G0994,s3://cadcat/histwxstns/CWOP/CWOP_G0994.zarr/
CWOP,CWOP_G0998,s3://cadcat/histwxstns/CWOP/CWOP_G0998.zarr/
CWOP,CWOP_G1001,s3://cadcat/histwxstns/CWOP/CWOP_G1001.zarr/
CWOP,CWOP_G1010,s3://cadcat/histwxstns/CWOP/CWOP_G1010.zarr/
CWOP,CWOP_G1011,s3://cadcat/histwxstns/CWOP/CWOP_G1011.zarr/
CWOP,CWOP_G1013,s3://cadcat/histwxstns/CWOP/CWOP_G1013.zarr/
CWOP,CWOP_G1017,s3://cadcat/histwxstns/CWOP/CWOP_G1017.zarr/
CWOP,CWOP_G1018,s3://cadcat/histwxstns/CWOP/CWOP_G1018.zarr/
CWOP,CWOP_G1022,s3://cadcat/histwxstns/CWOP/CWOP_G1022.zarr/
CWOP,CWOP_G1031,s3://cadcat/histwxstns/CWOP/CWOP_G1031.zarr/
CWOP,CWOP_G1039,s3://cadcat/histwxstns/CWOP/CWOP_G1039.zarr/
CWOP,CWOP_G1055,s3://cadcat/histwxstns/CWOP/CWOP_G1055.zarr/
CWOP,CWOP_G1057,s3://cadcat/histwxstns/CWOP/CWOP_G1057.zarr/
CWOP,CWOP_G1081,s3://cadcat/histwxstns/CWOP/CWOP_G1081.zarr/
CWOP,CWOP_G1085,s3://cadcat/histwxstns/CWOP/CWOP_G1085.zarr/
CWOP,CWOP_G1098,s3://cadcat/histwxstns/CWOP/CWOP_G1098.zarr/
CWOP,CWOP_G1100,s3://cadcat/histwxstns/CWOP/CWOP_G1100.zarr/
CWOP,CWOP_G1125,s3://cadcat/histwxstns/CWOP/CWOP_G1125.zarr/
CWOP,CWOP_G1148,s3://cadcat/histwxstns/CWOP/CWOP_G1148.zarr/
CWOP,CWOP_G1149,s3://cadcat/histwxstns/CWOP/CWOP_G1149.zarr/
CWOP,CWOP_G1158,s3://cadcat/histwxstns/CWOP/CWOP_G1158.zarr/
CWOP,CWOP_G1193,s3://cadcat/histwxstns/CWOP/CWOP_G1193.zarr/
CWOP,CWOP_G1194,s3://cadcat/histwxstns/CWOP/CWOP_G1194.zarr/
CWOP,CWOP_G1195,s3://cadcat/histwxstns/CWOP/CWOP_G1195.zarr/
CWOP,CWOP_G1205,s3://cadcat/histwxstns/CWOP/CWOP_G1205.zarr/
CWOP,CWOP_G1211,s3://cadcat/histwxstns/CWOP/CWOP_G1211.zarr/
CWOP,CWOP_G1214,s3://cadcat/histwxstns/CWOP/CWOP_G1214.zarr/
CWOP,CWOP_G1216,s3://cadcat/histwxstns/CWOP/CWOP_G1216.zarr/
CWOP,CWOP_G1218,s3://cadcat/histwxstns/CWOP/CWOP_G1218.zarr/
CWOP,CWOP_G1230,s3://cadcat/histwxstns/CWOP/CWOP_G1230.zarr/
CWOP,CWOP_G1257,s3://cadcat/histwxstns/CWOP/CWOP_G1257.zarr/
CWOP,CWOP_G1258,s3://cadcat/histwxstns/CWOP/CWOP_G1258.zarr/
CWOP,CWOP_G1267,s3://cadcat/histwxstns/CWOP/CWOP_G1267.zarr/
CWOP,CWOP_G1277,s3://cadcat/histwxstns/CWOP/CWOP_G1277.zarr/
CWOP,CWOP_G1278,s3://cadcat/histwxstns/CWOP/CWOP_G1278.zarr/
CWOP,CWOP_G1285,s3://cadcat/histwxstns/CWOP/CWOP_G1285.zarr/
CWOP,CWOP_G1307,s3://cadcat/histwxstns/CWOP/CWOP_G1307.zarr/
CWOP,CWOP_G1312,s3://cadcat/histwxstns/CWOP/CWOP_G1312.zarr/
CWOP,CWOP_G1334,s3://cadcat/histwxstns/CWOP/CWOP_G1334.zarr/
CWOP,CWOP_G1361,s3://cadcat/histwxstns/CWOP/CWOP_G1361.zarr/
CWOP,CWOP_G1362,s3://cadcat/histwxstns/CWOP/CWOP_G1362.zarr/
CWOP,CWOP_G1372,s3://cadcat/histwxstns/CWOP/CWOP_G1372.zarr/
CWOP,CWOP_G1378,s3://cadcat/histwxstns/CWOP/CWOP_G1378.zarr/
CWOP,CWOP_G1393,s3://cadcat/histwxstns/CWOP/CWOP_G1393.zarr/
CWOP,CWOP_G1395,s3://cadcat/histwxstns/CWOP/CWOP_G1395.zarr/
CWOP,CWOP_G1402,s3://cadcat/histwxstns/CWOP/CWOP_G1402.zarr/
CWOP,CWOP_G1405,s3://cadcat/histwxstns/CWOP/CWOP_G1405.zarr/
CWOP,CWOP_G1416,s3://cadcat/histwxstns/CWOP/CWOP_G1416.zarr/
CWOP,CWOP_G1450,s3://cadcat/histwxstns/CWOP/CWOP_G1450.zarr/
CWOP,CWOP_G1458,s3://cadcat/histwxstns/CWOP/CWOP_G1458.zarr/
CWOP,CWOP_G1464,s3://cadcat/histwxstns/CWOP/CWOP_G1464.zarr/
CWOP,CWOP_G1484,s3://cadcat/histwxstns/CWOP/CWOP_G1484.zarr/
CWOP,CWOP_G1505,s3://cadcat/histwxstns/CWOP/CWOP_G1505.zarr/
CWOP,CWOP_G1516,s3://cadcat/histwxstns/CWOP/CWOP_G1516.zarr/
CWOP,CWOP_G1550,s3://cadcat/histwxstns/CWOP/CWOP_G1550.zarr/
CWOP,CWOP_G1580,s3://cadcat/histwxstns/CWOP/CWOP_G1580.zarr/
CWOP,CWOP_G1606,s3://cadcat/histwxstns/CWOP/CWOP_G1606.zarr/
CWOP,CWOP_G1614,s3://cadcat/histwxstns/CWOP/CWOP_G1614.zarr/
CWOP,CWOP_G1616,s3://cadcat/histwxstns/CWOP/CWOP_G1616.zarr/
CWOP,CWOP_G1618,s3://cadcat/histwxstns/CWOP/CWOP_G1618.zarr/
CWOP,CWOP_G1622,s3://cadcat/histwxstns/CWOP/CWOP_G1622.zarr/
CWOP,CWOP_G1632,s3://cadcat/histwxstns/CWOP/CWOP_G1632.zarr/
CWOP,CWOP_G1647,s3://cadcat/histwxstns/CWOP/CWOP_G1647.zarr/
CWOP,CWOP_G1663,s3://cadcat/histwxstns/CWOP/CWOP_G1663.zarr/
CWOP,CWOP_G1670,s3://cadcat/histwxstns/CWOP/CWOP_G1670.zarr/
CWOP,CWOP_G1700,s3://cadcat/histwxstns/CWOP/CWOP_G1700.zarr/
CWOP,CWOP_G1709,s3://cadcat/histwxstns/CWOP/CWOP_G1709.zarr/
CWOP,CWOP_G1717,s3://cadcat/histwxstns/CWOP/CWOP_G1717.zarr/
CWOP,CWOP_G1725,s3://cadcat/histwxstns/CWOP/CWOP_G1725.zarr/
CWOP,CWOP_G1728,s3://cadcat/histwxstns/CWOP/CWOP_G1728.zarr/
CWOP,CWOP_G1734,s3://cadcat/histwxstns/CWOP/CWOP_G1734.zarr/
CWOP,CWOP_G1739,s3://cadcat/histwxstns/CWOP/CWOP_G1739.zarr/
CWOP,CWOP_G1753,s3://cadcat/histwxstns/CWOP/CWOP_G1753.zarr/
CWOP,CWOP_G1776,s3://cadcat/histwxstns/CWOP/CWOP_G1776.zarr/
CWOP,CWOP_G1777,s3://cadcat/histwxstns/CWOP/CWOP_G1777.zarr/
CWOP,CWOP_G1785,s3://cadcat/histwxstns/CWOP/CWOP_G1785.zarr/
CWOP,CWOP_G1802,s3://cadcat/histwxstns/CWOP/CWOP_G1802.zarr/
CWOP,CWOP_G1804,s3://cadcat/histwxstns/CWOP/CWOP_G1804.zarr/
CWOP,CWOP_G1826,s3://cadcat/histwxstns/CWOP/CWOP_G1826.zarr/
CWOP,CWOP_G1835,s3://cadcat/histwxstns/CWOP/CWOP_G1835.zarr/
CWOP,CWOP_G1849,s3://cadcat/histwxstns/CWOP/CWOP_G1849.zarr/
CWOP,CWOP_G1852,s3://cadcat/histwxstns/CWOP/CWOP_G1852.zarr/
CWOP,CWOP_G1854,s3://cadcat/histwxstns/CWOP/CWOP_G1854.zarr/
CWOP,CWOP_G1858,s3://cadcat/histwxstns/CWOP/CWOP_G1858.zarr/
CWOP,CWOP_G1869,s3://cadcat/histwxstns/CWOP/CWOP_G1869.zarr/
CWOP,CWOP_G1870,s3://cadcat/histwxstns/CWOP/CWOP_G1870.zarr/
CWOP,CWOP_G1874,s3://cadcat/histwxstns/CWOP/CWOP_G1874.zarr/
CWOP,CWOP_G1878,s3://cadcat/histwxstns/CWOP/CWOP_G1878.zarr/
CWOP,CWOP_G1884,s3://cadcat/histwxstns/CWOP/CWOP_G1884.zarr/
CWOP,CWOP_G1886,s3://cadcat/histwxstns/CWOP/CWOP_G1886.zarr/
CWOP,CWOP_G1914,s3://cadcat/histwxstns/CWOP/CWOP_G1914.zarr/
CWOP,CWOP_G1920,s3://cadcat/histwxstns/CWOP/CWOP_G1920.zarr/
CWOP,CWOP_G1942,s3://cadcat/histwxstns/CWOP/CWOP_G1942.zarr/
CWOP,CWOP_G1943,s3://cadcat/histwxstns/CWOP/CWOP_G1943.zarr/
CWOP,CWOP_G1944,s3://cadcat/histwxstns/CWOP/CWOP_G1944.zarr/
CWOP,CWOP_G1948,s3://cadcat/histwxstns/CWOP/CWOP_G1948.zarr/
CWOP,CWOP_G1952,s3://cadcat/histwxstns/CWOP/CWOP_G1952.zarr/
CWOP,CWOP_G1956,s3://cadcat/histwxstns/CWOP/CWOP_G1956.zarr/
CWOP,CWOP_G1961,s3://cadcat/histwxstns/CWOP/CWOP_G1961.zarr/
CWOP,CWOP_G1981,s3://cadcat/histwxstns/CWOP/CWOP_G1981.zarr/
CWOP,CWOP_G1986,s3://cadcat/histwxstns/CWOP/CWOP_G1986.zarr/
CWOP,CWOP_G1987,s3://cadcat/histwxstns/CWOP/CWOP_G1987.zarr/
CWOP,CWOP_G1994,s3://cadcat/histwxstns/CWOP/CWOP_G1994.zarr/
CWOP,CWOP_G2008,s3://cadcat/histwxstns/CWOP/CWOP_G2008.zarr/
CWOP,CWOP_G2035,s3://cadcat/histwxstns/CWOP/CWOP_G2035.zarr/
CWOP,CWOP_G2040,s3://cadcat/histwxstns/CWOP/CWOP_G2040.zarr/
CWOP,CWOP_G2045,s3://cadcat/histwxstns/CWOP/CWOP_G2045.zarr/
CWOP,CWOP_G2060,s3://cadcat/histwxstns/CWOP/CWOP_G2060.zarr/
CWOP,CWOP_G2064,s3://cadcat/histwxstns/CWOP/CWOP_G2064.zarr/
CWOP,CWOP_G2082,s3://cadcat/histwxstns/CWOP/CWOP_G2082.zarr/
CWOP,CWOP_G2085,s3://cadcat/histwxstns/CWOP/CWOP_G2085.zarr/
CWOP,CWOP_G2095,s3://cadcat/histwxstns/CWOP/CWOP_G2095.zarr/
CWOP,CWOP_G2100,s3://cadcat/histwxstns/CWOP/CWOP_G2100.zarr/
CWOP,CWOP_G2108,s3://cadcat/histwxstns/CWOP/CWOP_G2108.zarr/
CWOP,CWOP_G2112,s3://cadcat/histwxstns/CWOP/CWOP_G2112.zarr/
CWOP,CWOP_G2136,s3://cadcat/histwxstns/CWOP/CWOP_G2136.zarr/
CWOP,CWOP_G2145,s3://cadcat/histwxstns/CWOP/CWOP_G2145.zarr/
CWOP,CWOP_G2155,s3://cadcat/histwxstns/CWOP/CWOP_G2155.zarr/
CWOP,CWOP_G2160,s3://cadcat/histwxstns/CWOP/CWOP_G2160.zarr/
CWOP,CWOP_G2161,s3://cadcat/histwxstns/CWOP/CWOP_G2161.zarr/
CWOP,CWOP_G2179,s3://cadcat/histwxstns/CWOP/CWOP_G2179.zarr/
CWOP,CWOP_G2185,s3://cadcat/histwxstns/CWOP/CWOP_G2185.zarr/
CWOP,CWOP_G2190,s3://cadcat/histwxstns/CWOP/CWOP_G2190.zarr/
CWOP,CWOP_G2192,s3://cadcat/histwxstns/CWOP/CWOP_G2192.zarr/
CWOP,CWOP_G2204,s3://cadcat/histwxstns/CWOP/CWOP_G2204.zarr/
CWOP,CWOP_G2216,s3://cadcat/histwxstns/CWOP/CWOP_G2216.zarr/
CWOP,CWOP_G2217,s3://cadcat/histwxstns/CWOP/CWOP_G2217.zarr/
CWOP,CWOP_G2220,s3://cadcat/histwxstns/CWOP/CWOP_G2220.zarr/
CWOP,CWOP_G2236,s3://cadcat/histwxstns/CWOP/CWOP_G2236.zarr/
CWOP,CWOP_KSLTC,s3://cadcat/histwxstns/CWOP/CWOP_KSLTC.zarr/
CWOP,CWOP_UKBKB,s3://cadcat/histwxstns/CWOP/CWOP_UKBKB.zarr/
CWOP,CWOP_WAVSC,s3://cadcat/histwxstns/CWOP/CWOP_WAVSC.zarr/
HADS,HADS_3CLO3,s3://cadcat/histwxstns/HADS/HADS_3CLO3.zarr/
HADS,HADS_53S,s3://cadcat/histwxstns/HADS/HADS_53S.zarr/
HADS,HADS_82SW1,s3://cadcat/histwxstns/HADS/HADS_82SW1.zarr/
HADS,HADS_99S,s3://cadcat/histwxstns/HADS/HADS_99S.zarr/
HADS,HADS_AADN5,s3://cadcat/histwxstns/HADS/HADS_AADN5.zarr/
HADS,HADS_AARN5,s3://cadcat/histwxstns/HADS/HADS_AARN5.zarr/
HADS,HADS_ABCC1,s3://cadcat/histwxstns/HADS/HADS_ABCC1.zarr/
HADS,HADS_ABCC2,s3://cadcat/histwxstns/HADS/HADS_ABCC2.zarr/
HADS,HADS_ABCW1,s3://cadcat/histwxstns/HADS/HADS_ABCW1.zarr/
HADS,HADS_ABMC1,s3://cadcat/histwxstns/HADS/HADS_ABMC1.zarr/
HADS,HADS_ABOM8,s3://cadcat/histwxstns/HADS/HADS_ABOM8.zarr/
HADS,HADS_ABRC1,s3://cadcat/histwxstns/HADS/HADS_ABRC1.zarr/
HADS,HADS_ABSU1,s3://cadcat/histwxstns/HADS/HADS_ABSU1.zarr/
HADS,HADS_ACAW1,s3://cadcat/histwxstns/HADS/HADS_ACAW1.zarr/
HADS,HADS_ACFW4,s3://cadcat/histwxstns/HADS/HADS_ACFW4.zarr/
HADS,HADS_ACHC2,s3://cadcat/histwxstns/HADS/HADS_ACHC2.zarr/
HADS,HADS_ACLC2,s3://cadcat/histwxstns/HADS/HADS_ACLC2.zarr/
HADS,HADS_ACLW1,s3://cadcat/histwxstns/HADS/HADS_ACLW1.zarr/
HADS,HADS_ACRW1,s3://cadcat/histwxstns/HADS/HADS_ACRW1.zarr/
HADS,HADS_ACVC1,s3://cadcat/histwxstns/HADS/HADS_ACVC1.zarr/
HADS,HADS_ADBC2,s3://cadcat/histwxstns/HADS/HADS_ADBC2.zarr/
HADS,HADS_ADNW1,s3://cadcat/histwxstns/HADS/HADS_ADNW1.zarr/
HADS,HADS_ADRC1,s3://cadcat/histwxstns/HADS/HADS_ADRC1.zarr/
HADS,HADS_AESC1,s3://cadcat/histwxstns/HADS/HADS_AESC1.zarr/
HADS,HADS_AFHA3,s3://cadcat/histwxstns/HADS/HADS_AFHA3.zarr/
HADS,HADS_AFMA3,s3://cadcat/histwxstns/HADS/HADS_AFMA3.zarr/
HADS,HADS_AFOC1,s3://cadcat/histwxstns/HADS/HADS_AFOC1.zarr/
HADS,HADS_AFRA3,s3://cadcat/histwxstns/HADS/HADS_AFRA3.zarr/
HADS,HADS_AFRI1,s3://cadcat/histwxstns/HADS/HADS_AFRI1.zarr/
HADS,HADS_AFSC1,s3://cadcat/histwxstns/HADS/HADS_AFSC1.zarr/
HADS,HADS_AGCW1,s3://cadcat/histwxstns/HADS/HADS_AGCW1.zarr/
HADS,HADS_AGDO3,s3://cadcat/histwxstns/HADS/HADS_AGDO3.zarr/
HADS,HADS_AGPC1,s3://cadcat/histwxstns/HADS/HADS_AGPC1.zarr/
HADS,HADS_AGSM8,s3://cadcat/histwxstns/HADS/HADS_AGSM8.zarr/
HADS,HADS_AGTC1,s3://cadcat/histwxstns/HADS/HADS_AGTC1.zarr/
HADS,HADS_AGWC1,s3://cadcat/histwxstns/HADS/HADS_AGWC1.zarr/
HADS,HADS_AJGW1,s3://cadcat/histwxstns/HADS/HADS_AJGW1.zarr/
HADS,HADS_AKEC1,s3://cadcat/histwxstns/HADS/HADS_AKEC1.zarr/
HADS,HADS_ALAC2,s3://cadcat/histwxstns/HADS/HADS_ALAC2.zarr/
HADS,HADS_ALKC2,s3://cadcat/histwxstns/HADS/HADS_ALKC2.zarr/
HADS,HADS_ALMA3,s3://cadcat/histwxstns/HADS/HADS_ALMA3.zarr/
HADS,HADS_ALMW1,s3://cadcat/histwxstns/HADS/HADS_ALMW1.zarr/
HADS,HADS_ALXC2,s3://cadcat/histwxstns/HADS/HADS_ALXC2.zarr/
HADS,HADS_ALYC1,s3://cadcat/histwxstns/HADS/HADS_ALYC1.zarr/
HADS,HADS_AMFI1,s3://cadcat/histwxstns/HADS/HADS_AMFI1.zarr/
HADS,HADS_AMRW1,s3://cadcat/histwxstns/HADS/HADS_AMRW1.zarr/
HADS,HADS_ANBC2,s3://cadcat/histwxstns/HADS/HADS_ANBC2.zarr/
HADS,HADS_ANDC2,s3://cadcat/histwxstns/HADS/HADS_ANDC2.zarr/
HADS,HADS_ANFN5,s3://cadcat/histwxstns/HADS/HADS_ANFN5.zarr/
HADS,HADS_ANGS2,s3://cadcat/histwxstns/HADS/HADS_ANGS2.zarr/
HADS,HADS_ANNO3,s3://cadcat/histwxstns/HADS/HADS_ANNO3.zarr/
HADS,HADS_ANNS2,s3://cadcat/histwxstns/HADS/HADS_ANNS2.zarr/
HADS,HADS_ANTC1,s3://cadcat/histwxstns/HADS/HADS_ANTC1.zarr/
HADS,HADS_APIC1,s3://cadcat/histwxstns/HADS/HADS_APIC1.zarr/
HADS,HADS_APKC1,s3://cadcat/histwxstns/HADS/HADS_APKC1.zarr/
HADS,HADS_APPO3,s3://cadcat/histwxstns/HADS/HADS_APPO3.zarr/
HADS,HADS_APXC1,s3://cadcat/histwxstns/HADS/HADS_APXC1.zarr/
HADS,HADS_APXC2,s3://cadcat/histwxstns/HADS/HADS_APXC2.zarr/
HADS,HADS_APYC1,s3://cadcat/histwxstns/HADS/HADS_APYC1.zarr/
HADS,HADS_ARAI1,s3://cadcat/histwxstns/HADS/HADS_ARAI1.zarr/
HADS,HADS_ARAW1,s3://cadcat/histwxstns/HADS/HADS_ARAW1.zarr/
HADS,HADS_ARBC1,s3://cadcat/histwxstns/HADS/HADS_ARBC1.zarr/
HADS,HADS_ARCC1,s3://cadcat/histwxstns/HADS/HADS_ARCC1.zarr/
HADS,HADS_ARCC2,s3://cadcat/histwxstns/HADS/HADS_ARCC2.zarr/
HADS,HADS_ARCN5,s3://cadcat/histwxstns/HADS/HADS_ARCN5.zarr/
HADS,HADS_ARDW1,s3://cadcat/histwxstns/HADS/HADS_ARDW1.zarr/
HADS,HADS_ARGC2,s3://cadcat/histwxstns/HADS/HADS_ARGC2.zarr/
HADS,HADS_ARKI1,s3://cadcat/histwxstns/HADS/HADS_ARKI1.zarr/
HADS,HADS_ARMC2,s3://cadcat/histwxstns/HADS/HADS_ARMC2.zarr/
HADS,HADS_ARNC1,s3://cadcat/histwxstns/HADS/HADS_ARNC1.zarr/
HADS,HADS_ARNO3,s3://cadcat/histwxstns/HADS/HADS_ARNO3.zarr/
HADS,HADS_AROC1,s3://cadcat/histwxstns/HADS/HADS_AROC1.zarr/
HADS,HADS_ARVA3,s3://cadcat/histwxstns/HADS/HADS_ARVA3.zarr/
HADS,HADS_ASBA3,s3://cadcat/histwxstns/HADS/HADS_ASBA3.zarr/
HADS,HADS_ASCW1,s3://cadcat/histwxstns/HADS/HADS_ASCW1.zarr/
HADS,HADS_ASFA3,s3://cadcat/histwxstns/HADS/HADS_ASFA3.zarr/
HADS,HADS_ASWW4,s3://cadcat/histwxstns/HADS/HADS_ASWW4.zarr/
HADS,HADS_ATHC1,s3://cadcat/histwxstns/HADS/HADS_ATHC1.zarr/
HADS,HADS_ATLI1,s3://cadcat/histwxstns/HADS/HADS_ATLI1.zarr/
HADS,HADS_ATRW4,s3://cadcat/histwxstns/HADS/HADS_ATRW4.zarr/
HADS,HADS_ATSN5,s3://cadcat/histwxstns/HADS/HADS_ATSN5.zarr/
HADS,HADS_ATTC2,s3://cadcat/histwxstns/HADS/HADS_ATTC2.zarr/
HADS,HADS_ATWC1,s3://cadcat/histwxstns/HADS/HADS_ATWC1.zarr/
HADS,HADS_ATWC2,s3://cadcat/histwxstns/HADS/HADS_ATWC2.zarr/
HADS,HADS_AUBW1,s3://cadcat/histwxstns/HADS/HADS_AUBW1.zarr/
HADS,HADS_AWNC1,s3://cadcat/histwxstns/HADS/HADS_AWNC1.zarr/
HADS,HADS_BABA3,s3://cadcat/histwxstns/HADS/HADS_BABA3.zarr/
HADS,HADS_BAGA3,s3://cadcat/histwxstns/HADS/HADS_BAGA3.zarr/
HADS,HADS_BAHC2,s3://cadcat/histwxstns/HADS/HADS_BAHC2.zarr/
HADS,HADS_BALO3,s3://cadcat/histwxstns/HADS/HADS_BALO3.zarr/
HADS,HADS_BARW4,s3://cadcat/histwxstns/HADS/HADS_BARW4.zarr/
HADS,HADS_BBBC1,s3://cadcat/histwxstns/HADS/HADS_BBBC1.zarr/
HADS,HADS_BBRA3,s3://cadcat/histwxstns/HADS/HADS_BBRA3.zarr/
HADS,HADS_BCAO3,s3://cadcat/histwxstns/HADS/HADS_BCAO3.zarr/
HADS,HADS_BCBA3,s3://cadcat/histwxstns/HADS/HADS_BCBA3.zarr/
HADS,HADS_BCBC1,s3://cadcat/histwxstns/HADS/HADS_BCBC1.zarr/
HADS,HADS_BCCC1,s3://cadcat/histwxstns/HADS/HADS_BCCC1.zarr/
HADS,HADS_BCCC2,s3://cadcat/histwxstns/HADS/HADS_BCCC2.zarr/
HADS,HADS_BCCN2,s3://cadcat/histwxstns/HADS/HADS_BCCN2.zarr/
HADS,HADS_BCDC2,s3://cadcat/histwxstns/HADS/HADS_BCDC2.zarr/
HADS,HADS_BCDW1,s3://cadcat/histwxstns/HADS/HADS_BCDW1.zarr/
HADS,HADS_BCFC0,s3://cadcat/histwxstns/HADS/HADS_BCFC0.zarr/
HADS,HADS_BCHC1,s3://cadcat/histwxstns/HADS/HADS_BCHC1.zarr/
HADS,HADS_BCKC2,s3://cadcat/histwxstns/HADS/HADS_BCKC2.zarr/
HADS,HADS_BCNW4,s3://cadcat/histwxstns/HADS/HADS_BCNW4.zarr/
HADS,HADS_BCRW1,s3://cadcat/histwxstns/HADS/HADS_BCRW1.zarr/
HADS,HADS_BCSA3,s3://cadcat/histwxstns/HADS/HADS_BCSA3.zarr/
HADS,HADS_BCYC1,s3://cadcat/histwxstns/HADS/HADS_BCYC1.zarr/
HADS,HADS_BDAC1,s3://cadcat/histwxstns/HADS/HADS_BDAC1.zarr/
HADS,HADS_BDSW1,s3://cadcat/histwxstns/HADS/HADS_BDSW1.zarr/
HADS,HADS_BDTC2,s3://cadcat/histwxstns/HADS/HADS_BDTC2.zarr/
HADS,HADS_BDWC1,s3://cadcat/histwxstns/HADS/HADS_BDWC1.zarr/
HADS,HADS_BDYC1,s3://cadcat/histwxstns/HADS/HADS_BDYC1.zarr/
HADS,HADS_BDZC1,s3://cadcat/histwxstns/HADS/HADS_BDZC1.zarr/
HADS,HADS_BEAO3,s3://cadcat/histwxstns/HADS/HADS_BEAO3.zarr/
HADS,HADS_BEAS2,s3://cadcat/histwxstns/HADS/HADS_BEAS2.zarr/
HADS,HADS_BEBC1,s3://cadcat/histwxstns/HADS/HADS_BEBC1.zarr/
HADS,HADS_BECC2,s3://cadcat/histwxstns/HADS/HADS_BECC2.zarr/
HADS,HADS_BEDC1,s3://cadcat/histwxstns/HADS/HADS_BEDC1.zarr/
HADS,HADS_BEFS2,s3://cadcat/histwxstns/HADS/HADS_BEFS2.zarr/
HADS,HADS_BELC2,s3://cadcat/histwxstns/HADS/HADS_BELC2.zarr/
HADS,HADS_BERO3,s3://cadcat/histwxstns/HADS/HADS_BERO3.zarr/
HADS,HADS_BERU1,s3://cadcat/histwxstns/HADS/HADS_BERU1.zarr/
HADS,HADS_BETW1,s3://cadcat/histwxstns/HADS/HADS_BETW1.zarr/
HADS,HADS_BEUC1,s3://cadcat/histwxstns/HADS/HADS_BEUC1.zarr/
HADS,HADS_BEUO3,s3://cadcat/histwxstns/HADS/HADS_BEUO3.zarr/
HADS,HADS_BEVW4,s3://cadcat/histwxstns/HADS/HADS_BEVW4.zarr/
HADS,HADS_BFAW4,s3://cadcat/histwxstns/HADS/HADS_BFAW4.zarr/
HADS,HADS_BFCN5,s3://cadcat/histwxstns/HADS/HADS_BFCN5.zarr/
HADS,HADS_BFEI1,s3://cadcat/histwxstns/HADS/HADS_BFEI1.zarr/
HADS,HADS_BFLC1,s3://cadcat/histwxstns/HADS/HADS_BFLC1.zarr/
HADS,HADS_BFRW4,s3://cadcat/histwxstns/HADS/HADS_BFRW4.zarr/
HADS,HADS_BFUU1,s3://cadcat/histwxstns/HADS/HADS_BFUU1.zarr/
HADS,HADS_BGAC1,s3://cadcat/histwxstns/HADS/HADS_BGAC1.zarr/
HADS,HADS_BGCM8,s3://cadcat/histwxstns/HADS/HADS_BGCM8.zarr/
HADS,HADS_BGCW4,s3://cadcat/histwxstns/HADS/HADS_BGCW4.zarr/
HADS,HADS_BGHM8,s3://cadcat/histwxstns/HADS/HADS_BGHM8.zarr/
HADS,HADS_BGPC1,s3://cadcat/histwxstns/HADS/HADS_BGPC1.zarr/
HADS,HADS_BGVC1,s3://cadcat/histwxstns/HADS/HADS_BGVC1.zarr/
HADS,HADS_BHBC2,s3://cadcat/histwxstns/HADS/HADS_BHBC2.zarr/
HADS,HADS_BHBW4,s3://cadcat/histwxstns/HADS/HADS_BHBW4.zarr/
HADS,HADS_BHDA3,s3://cadcat/histwxstns/HADS/HADS_BHDA3.zarr/
HADS,HADS_BIGS2,s3://cadcat/histwxstns/HADS/HADS_BIGS2.zarr/
HADS,HADS_BILM8,s3://cadcat/histwxstns/HADS/HADS_BILM8.zarr/
HADS,HADS_BIMC1,s3://cadcat/histwxstns/HADS/HADS_BIMC1.zarr/
HADS,HADS_BISN2,s3://cadcat/histwxstns/HADS/HADS_BISN2.zarr/
HADS,HADS_BITW4,s3://cadcat/histwxstns/HADS/HADS_BITW4.zarr/
HADS,HADS_BIUI1,s3://cadcat/histwxstns/HADS/HADS_BIUI1.zarr/
HADS,HADS_BJPC1,s3://cadcat/histwxstns/HADS/HADS_BJPC1.zarr/
HADS,HADS_BKGW1,s3://cadcat/histwxstns/HADS/HADS_BKGW1.zarr/
HADS,HADS_BKIC2,s3://cadcat/histwxstns/HADS/HADS_BKIC2.zarr/
HADS,HADS_BKLC1,s3://cadcat/histwxstns/HADS/HADS_BKLC1.zarr/
HADS,HADS_BKMC1,s3://cadcat/histwxstns/HADS/HADS_BKMC1.zarr/
HADS,HADS_BKMN5,s3://cadcat/histwxstns/HADS/HADS_BKMN5.zarr/
HADS,HADS_BKMW4,s3://cadcat/histwxstns/HADS/HADS_BKMW4.zarr/
HADS,HADS_BKRC2,s3://cadcat/histwxstns/HADS/HADS_BKRC2.zarr/
HADS,HADS_BKSC2,s3://cadcat/histwxstns/HADS/HADS_BKSC2.zarr/
HADS,HADS_BKSW4,s3://cadcat/histwxstns/HADS/HADS_BKSW4.zarr/
HADS,HADS_BLAM8,s3://cadcat/histwxstns/HADS/HADS_BLAM8.zarr/
HADS,HADS_BLCA3,s3://cadcat/histwxstns/HADS/HADS_BLCA3.zarr/
HADS,HADS_BLCC1,s3://cadcat/histwxstns/HADS/HADS_BLCC1.zarr/
HADS,HADS_BLCW4,s3://cadcat/histwxstns/HADS/HADS_BLCW4.zarr/
HADS,HADS_BLFI1,s3://cadcat/histwxstns/HADS/HADS_BLFI1.zarr/
HADS,HADS_BLGU1,s3://cadcat/histwxstns/HADS/HADS_BLGU1.zarr/
HADS,HADS_BLKU1,s3://cadcat/histwxstns/HADS/HADS_BLKU1.zarr/
HADS,HADS_BLKW1,s3://cadcat/histwxstns/HADS/HADS_BLKW1.zarr/
HADS,HADS_BLMC1,s3://cadcat/histwxstns/HADS/HADS_BLMC1.zarr/
HADS,HADS_BLNC1,s3://cadcat/histwxstns/HADS/HADS_BLNC1.zarr/
HADS,HADS_BLPI1,s3://cadcat/histwxstns/HADS/HADS_BLPI1.zarr/
HADS,HADS_BLQC1,s3://cadcat/histwxstns/HADS/HADS_BLQC1.zarr/
HADS,HADS_BLRC2,s3://cadcat/histwxstns/HADS/HADS_BLRC2.zarr/
HADS,HADS_BLRW4,s3://cadcat/histwxstns/HADS/HADS_BLRW4.zarr/
HADS,HADS_BLSA3,s3://cadcat/histwxstns/HADS/HADS_BLSA3.zarr/
HADS,HADS_BLSC1,s3://cadcat/histwxstns/HADS/HADS_BLSC1.zarr/
HADS,HADS_BLTC1,s3://cadcat/histwxstns/HADS/HADS_BLTC1.zarr/
HADS,HADS_BMDC2,s3://cadcat/histwxstns/HADS/HADS_BMDC2.zarr/
HADS,HADS_BMHC1,s3://cadcat/histwxstns/HADS/HADS_BMHC1.zarr/
HADS,HADS_BMIC1,s3://cadcat/histwxstns/HADS/HADS_BMIC1.zarr/
HADS,HADS_BMOC1,s3://cadcat/histwxstns/HADS/HADS_BMOC1.zarr/
HADS,HADS_BMTC1,s3://cadcat/histwxstns/HADS/HADS_BMTC1.zarr/
HADS,HADS_BMXC2,s3://cadcat/histwxstns/HADS/HADS_BMXC2.zarr/
HADS,HADS_BNGA3,s3://cadcat/histwxstns/HADS/HADS_BNGA3.zarr/
HADS,HADS_BNIC1,s3://cadcat/histwxstns/HADS/HADS_BNIC1.zarr/
HADS,HADS_BNKC1,s3://cadcat/histwxstns/HADS/HADS_BNKC1.zarr/
HADS,HADS_BNMA3,s3://cadcat/histwxstns/HADS/HADS_BNMA3.zarr/
HADS,HADS_BNNS2,s3://cadcat/histwxstns/HADS/HADS_BNNS2.zarr/
HADS,HADS_BNRS2,s3://cadcat/histwxstns/HADS/HADS_BNRS2.zarr/
HADS,HADS_BOCA3,s3://cadcat/histwxstns/HADS/HADS_BOCA3.zarr/
HADS,HADS_BOLW1,s3://cadcat/histwxstns/HADS/HADS_BOLW1.zarr/
HADS,HADS_BOLW4,s3://cadcat/histwxstns/HADS/HADS_BOLW4.zarr/
HADS,HADS_BONI1,s3://cadcat/histwxstns/HADS/HADS_BONI1.zarr/
HADS,HADS_BONN5,s3://cadcat/histwxstns/HADS/HADS_BONN5.zarr/
HADS,HADS_BONW4,s3://cadcat/histwxstns/HADS/HADS_BONW4.zarr/
HADS,HADS_BORW4,s3://cadcat/histwxstns/HADS/HADS_BORW4.zarr/
HADS,HADS_BOTW4,s3://cadcat/histwxstns/HADS/HADS_BOTW4.zarr/
HADS,HADS_BOUS2,s3://cadcat/histwxstns/HADS/HADS_BOUS2.zarr/
HADS,HADS_BOWC1,s3://cadcat/histwxstns/HADS/HADS_BOWC1.zarr/
HADS,HADS_BOYO3,s3://cadcat/histwxstns/HADS/HADS_BOYO3.zarr/
HADS,HADS_BOYW4,s3://cadcat/histwxstns/HADS/HADS_BOYW4.zarr/
HADS,HADS_BPMC1,s3://cadcat/histwxstns/HADS/HADS_BPMC1.zarr/
HADS,HADS_BPNW4,s3://cadcat/histwxstns/HADS/HADS_BPNW4.zarr/
HADS,HADS_BPPA3,s3://cadcat/histwxstns/HADS/HADS_BPPA3.zarr/
HADS,HADS_BPRC2,s3://cadcat/histwxstns/HADS/HADS_BPRC2.zarr/
HADS,HADS_BQCW1,s3://cadcat/histwxstns/HADS/HADS_BQCW1.zarr/
HADS,HADS_BRBO3,s3://cadcat/histwxstns/HADS/HADS_BRBO3.zarr/
HADS,HADS_BRDC1,s3://cadcat/histwxstns/HADS/HADS_BRDC1.zarr/
HADS,HADS_BRDW1,s3://cadcat/histwxstns/HADS/HADS_BRDW1.zarr/
HADS,HADS_BRDW4,s3://cadcat/histwxstns/HADS/HADS_BRDW4.zarr/
HADS,HADS_BRFI1,s3://cadcat/histwxstns/HADS/HADS_BRFI1.zarr/
HADS,HADS_BRKW1,s3://cadcat/histwxstns/HADS/HADS_BRKW1.zarr/
HADS,HADS_BRKW4,s3://cadcat/histwxstns/HADS/HADS_BRKW4.zarr/
HADS,HADS_BRMA3,s3://cadcat/histwxstns/HADS/HADS_BRMA3.zarr/
HADS,HADS_BRNN5,s3://cadcat/histwxstns/HADS/HADS_BRNN5.zarr/
HADS,HADS_BRRA3,s3://cadcat/histwxstns/HADS/HADS_BRRA3.zarr/
HADS,HADS_BRRC1,s3://cadcat/histwxstns/HADS/HADS_BRRC1.zarr/
HADS,HADS_BRUU1,s3://cadcat/histwxstns/HADS/HADS_BRUU1.zarr/
HADS,HADS_BRWC1,s3://cadcat/histwxstns/HADS/HADS_BRWC1.zarr/
HADS,HADS_BRWN5,s3://cadcat/histwxstns/HADS/HADS_BRWN5.zarr/
HADS,HADS_BSAU1,s3://cadcat/histwxstns/HADS/HADS_BSAU1.zarr/
HADS,HADS_BSBU1,s3://cadcat/histwxstns/HADS/HADS_BSBU1.zarr/
HADS,HADS_BSCU1,s3://cadcat/histwxstns/HADS/HADS_BSCU1.zarr/
HADS,HADS_BSEC1,s3://cadcat/histwxstns/HADS/HADS_BSEC1.zarr/
HADS,HADS_BSEU1,s3://cadcat/histwxstns/HADS/HADS_BSEU1.zarr/
HADS,HADS_BSFC1,s3://cadcat/histwxstns/HADS/HADS_BSFC1.zarr/
HADS,HADS_BSGU1,s3://cadcat/histwxstns/HADS/HADS_BSGU1.zarr/
HADS,HADS_BSHA3,s3://cadcat/histwxstns/HADS/HADS_BSHA3.zarr/
HADS,HADS_BSHC1,s3://cadcat/histwxstns/HADS/HADS_BSHC1.zarr/
HADS,HADS_BSHU1,s3://cadcat/histwxstns/HADS/HADS_BSHU1.zarr/
HADS,HADS_BSHW4,s3://cadcat/histwxstns/HADS/HADS_BSHW4.zarr/
HADS,HADS_BSIU1,s3://cadcat/histwxstns/HADS/HADS_BSIU1.zarr/
HADS,HADS_BSKI1,s3://cadcat/histwxstns/HADS/HADS_BSKI1.zarr/
HADS,HADS_BSMC2,s3://cadcat/histwxstns/HADS/HADS_BSMC2.zarr/
HADS,HADS_BSRW4,s3://cadcat/histwxstns/HADS/HADS_BSRW4.zarr/
HADS,HADS_BTBC2,s3://cadcat/histwxstns/HADS/HADS_BTBC2.zarr/
HADS,HADS_BTCM8,s3://cadcat/histwxstns/HADS/HADS_BTCM8.zarr/
HADS,HADS_BTEC2,s3://cadcat/histwxstns/HADS/HADS_BTEC2.zarr/
HADS,HADS_BTKC1,s3://cadcat/histwxstns/HADS/HADS_BTKC1.zarr/
HADS,HADS_BTMM8,s3://cadcat/histwxstns/HADS/HADS_BTMM8.zarr/
HADS,HADS_BTRC1,s3://cadcat/histwxstns/HADS/HADS_BTRC1.zarr/
HADS,HADS_BTUC1,s3://cadcat/histwxstns/HADS/HADS_BTUC1.zarr/
HADS,HADS_BTYO3,s3://cadcat/histwxstns/HADS/HADS_BTYO3.zarr/
HADS,HADS_BUBC1,s3://cadcat/histwxstns/HADS/HADS_BUBC1.zarr/
HADS,HADS_BUCA3,s3://cadcat/histwxstns/HADS/HADS_BUCA3.zarr/
HADS,HADS_BUCW1,s3://cadcat/histwxstns/HADS/HADS_BUCW1.zarr/
HADS,HADS_BUFO3,s3://cadcat/histwxstns/HADS/HADS_BUFO3.zarr/
HADS,HADS_BULO3,s3://cadcat/histwxstns/HADS/HADS_BULO3.zarr/
HADS,HADS_BULW4,s3://cadcat/histwxstns/HADS/HADS_BULW4.zarr/
HADS,HADS_BUNC1,s3://cadcat/histwxstns/HADS/HADS_BUNC1.zarr/
HADS,HADS_BUNI1,s3://cadcat/histwxstns/HADS/HADS_BUNI1.zarr/
HADS,HADS_BUPC1,s3://cadcat/histwxstns/HADS/HADS_BUPC1.zarr/
HADS,HADS_BURN2,s3://cadcat/histwxstns/HADS/HADS_BURN2.zarr/
HADS,HADS_BURU1,s3://cadcat/histwxstns/HADS/HADS_BURU1.zarr/
HADS,HADS_BVKW4,s3://cadcat/histwxstns/HADS/HADS_BVKW4.zarr/
HADS,HADS_BWAA3,s3://cadcat/histwxstns/HADS/HADS_BWAA3.zarr/
HADS,HADS_BWBC1,s3://cadcat/histwxstns/HADS/HADS_BWBC1.zarr/
HADS,HADS_BWKC1,s3://cadcat/histwxstns/HADS/HADS_BWKC1.zarr/
HADS,HADS_BWMC2,s3://cadcat/histwxstns/HADS/HADS_BWMC2.zarr/
HADS,HADS_BWXW4,s3://cadcat/histwxstns/HADS/HADS_BWXW4.zarr/
HADS,HADS_BXCW4,s3://cadcat/histwxstns/HADS/HADS_BXCW4.zarr/
HADS,HADS_BYBC1,s3://cadcat/histwxstns/HADS/HADS_BYBC1.zarr/
HADS,HADS_BYMC1,s3://cadcat/histwxstns/HADS/HADS_BYMC1.zarr/
HADS,HADS_CAMI1,s3://cadcat/histwxstns/HADS/HADS_CAMI1.zarr/
HADS,HADS_CANO3,s3://cadcat/histwxstns/HADS/HADS_CANO3.zarr/
HADS,HADS_CATN5,s3://cadcat/histwxstns/HADS/HADS_CATN5.zarr/
HADS,HADS_CAVA3,s3://cadcat/histwxstns/HADS/HADS_CAVA3.zarr/
HADS,HADS_CAXC1,s3://cadcat/histwxstns/HADS/HADS_CAXC1.zarr/
HADS,HADS_CBAC2,s3://cadcat/histwxstns/HADS/HADS_CBAC2.zarr/
HADS,HADS_CBBW1,s3://cadcat/histwxstns/HADS/HADS_CBBW1.zarr/
HADS,HADS_CBCW1,s3://cadcat/histwxstns/HADS/HADS_CBCW1.zarr/
HADS,HADS_CBDC1,s3://cadcat/histwxstns/HADS/HADS_CBDC1.zarr/
HADS,HADS_CBIC1,s3://cadcat/histwxstns/HADS/HADS_CBIC1.zarr/
HADS,HADS_CBKS2,s3://cadcat/histwxstns/HADS/HADS_CBKS2.zarr/
HADS,HADS_CBMW1,s3://cadcat/histwxstns/HADS/HADS_CBMW1.zarr/
HADS,HADS_CBNC2,s3://cadcat/histwxstns/HADS/HADS_CBNC2.zarr/
HADS,HADS_CBTC1,s3://cadcat/histwxstns/HADS/HADS_CBTC1.zarr/
HADS,HADS_CBUC2,s3://cadcat/histwxstns/HADS/HADS_CBUC2.zarr/
HADS,HADS_CBWC1,s3://cadcat/histwxstns/HADS/HADS_CBWC1.zarr/
HADS,HADS_CCBW1,s3://cadcat/histwxstns/HADS/HADS_CCBW1.zarr/
HADS,HADS_CCCC1,s3://cadcat/histwxstns/HADS/HADS_CCCC1.zarr/
HADS,HADS_CCEC1,s3://cadcat/histwxstns/HADS/HADS_CCEC1.zarr/
HADS,HADS_CCFW4,s3://cadcat/histwxstns/HADS/HADS_CCFW4.zarr/
HADS,HADS_CCIW1,s3://cadcat/histwxstns/HADS/HADS_CCIW1.zarr/
HADS,HADS_CCMA3,s3://cadcat/histwxstns/HADS/HADS_CCMA3.zarr/
HADS,HADS_CCNC2,s3://cadcat/histwxstns/HADS/HADS_CCNC2.zarr/
HADS,HADS_CCPN2,s3://cadcat/histwxstns/HADS/HADS_CCPN2.zarr/
HADS,HADS_CDAW1,s3://cadcat/histwxstns/HADS/HADS_CDAW1.zarr/
HADS,HADS_CDBT2,s3://cadcat/histwxstns/HADS/HADS_CDBT2.zarr/
HADS,HADS_CDCW1,s3://cadcat/histwxstns/HADS/HADS_CDCW1.zarr/
HADS,HADS_CDGC1,s3://cadcat/histwxstns/HADS/HADS_CDGC1.zarr/
HADS,HADS_CDHS2,s3://cadcat/histwxstns/HADS/HADS_CDHS2.zarr/
HADS,HADS_CDKW4,s3://cadcat/histwxstns/HADS/HADS_CDKW4.zarr/
HADS,HADS_CDLC1,s3://cadcat/histwxstns/HADS/HADS_CDLC1.zarr/
HADS,HADS_CDTC2,s3://cadcat/histwxstns/HADS/HADS_CDTC2.zarr/
HADS,HADS_CDVC2,s3://cadcat/histwxstns/HADS/HADS_CDVC2.zarr/
HADS,HADS_CDVW1,s3://cadcat/histwxstns/HADS/HADS_CDVW1.zarr/
HADS,HADS_CEDW1,s3://cadcat/histwxstns/HADS/HADS_CEDW1.zarr/
HADS,HADS_CEVC1,s3://cadcat/histwxstns/HADS/HADS_CEVC1.zarr/
HADS,HADS_CEYC1,s3://cadcat/histwxstns/HADS/HADS_CEYC1.zarr/
HADS,HADS_CFDC2,s3://cadcat/histwxstns/HADS/HADS_CFDC2.zarr/
HADS,HADS_CFFC1,s3://cadcat/histwxstns/HADS/HADS_CFFC1.zarr/
HADS,HADS_CFHC2,s3://cadcat/histwxstns/HADS/HADS_CFHC2.zarr/
HADS,HADS_CFRC1,s3://cadcat/histwxstns/HADS/HADS_CFRC1.zarr/
HADS,HADS_CFSW1,s3://cadcat/histwxstns/HADS/HADS_CFSW1.zarr/
HADS,HADS_CFWC1,s3://cadcat/histwxstns/HADS/HADS_CFWC1.zarr/
HADS,HADS_CFWC2,s3://cadcat/histwxstns/HADS/HADS_CFWC2.zarr/
HADS,HADS_CGEC2,s3://cadcat/histwxstns/HADS/HADS_CGEC2.zarr/
HADS,HADS_CGKC1,s3://cadcat/histwxstns/HADS/HADS_CGKC1.zarr/
HADS,HADS_CGRN5,s3://cadcat/histwxstns/HADS/HADS_CGRN5.zarr/
HADS,HADS_CHCW1,s3://cadcat/histwxstns/HADS/HADS_CHCW1.zarr/
HADS,HADS_CHEW1,s3://cadcat/histwxstns/HADS/HADS_CHEW1.zarr/
HADS,HADS_CHEW4,s3://cadcat/histwxstns/HADS/HADS_CHEW4.zarr/
HADS,HADS_CHFC1,s3://cadcat/histwxstns/HADS/HADS_CHFC1.zarr/
HADS,HADS_CHFI1,s3://cadcat/histwxstns/HADS/HADS_CHFI1.zarr/
HADS,HADS_CHIC2,s3://cadcat/histwxstns/HADS/HADS_CHIC2.zarr/
HADS,HADS_CHIM8,s3://cadcat/histwxstns/HADS/HADS_CHIM8.zarr/
HADS,HADS_CHIW1,s3://cadcat/histwxstns/HADS/HADS_CHIW1.zarr/
HADS,HADS_CHKC2,s3://cadcat/histwxstns/HADS/HADS_CHKC2.zarr/
HADS,HADS_CHLA3,s3://cadcat/histwxstns/HADS/HADS_CHLA3.zarr/
HADS,HADS_CHMC1,s3://cadcat/histwxstns/HADS/HADS_CHMC1.zarr/
HADS,HADS_CHMN5,s3://cadcat/histwxstns/HADS/HADS_CHMN5.zarr/
HADS,HADS_CHPC1,s3://cadcat/histwxstns/HADS/HADS_CHPC1.zarr/
HADS,HADS_CHRA3,s3://cadcat/histwxstns/HADS/HADS_CHRA3.zarr/
HADS,HADS_CHRS2,s3://cadcat/histwxstns/HADS/HADS_CHRS2.zarr/
HADS,HADS_CHSO3,s3://cadcat/histwxstns/HADS/HADS_CHSO3.zarr/
HADS,HADS_CHUW1,s3://cadcat/histwxstns/HADS/HADS_CHUW1.zarr/
HADS,HADS_CHWA3,s3://cadcat/histwxstns/HADS/HADS_CHWA3.zarr/
HADS,HADS_CIBC1,s3://cadcat/histwxstns/HADS/HADS_CIBC1.zarr/
HADS,HADS_CIGC2,s3://cadcat/histwxstns/HADS/HADS_CIGC2.zarr/
HADS,HADS_CILC1,s3://cadcat/histwxstns/HADS/HADS_CILC1.zarr/
HADS,HADS_CKPC1,s3://cadcat/histwxstns/HADS/HADS_CKPC1.zarr/
HADS,HADS_CKSC2,s3://cadcat/histwxstns/HADS/HADS_CKSC2.zarr/
HADS,HADS_CKWW4,s3://cadcat/histwxstns/HADS/HADS_CKWW4.zarr/
HADS,HADS_CLBM8,s3://cadcat/histwxstns/HADS/HADS_CLBM8.zarr/
HADS,HADS_CLBN2,s3://cadcat/histwxstns/HADS/HADS_CLBN2.zarr/
HADS,HADS_CLCA3,s3://cadcat/histwxstns/HADS/HADS_CLCA3.zarr/
HADS,HADS_CLCC1,s3://cadcat/histwxstns/HADS/HADS_CLCC1.zarr/
HADS,HADS_CLDI1,s3://cadcat/histwxstns/HADS/HADS_CLDI1.zarr/
HADS,HADS_CLFA3,s3://cadcat/histwxstns/HADS/HADS_CLFA3.zarr/
HADS,HADS_CLFC1,s3://cadcat/histwxstns/HADS/HADS_CLFC1.zarr/
HADS,HADS_CLFW1,s3://cadcat/histwxstns/HADS/HADS_CLFW1.zarr/
HADS,HADS_CLHB1,s3://cadcat/histwxstns/HADS/HADS_CLHB1.zarr/
HADS,HADS_CLKC2,s3://cadcat/histwxstns/HADS/HADS_CLKC2.zarr/
HADS,HADS_CLKM8,s3://cadcat/histwxstns/HADS/HADS_CLKM8.zarr/
HADS,HADS_CLKN5,s3://cadcat/histwxstns/HADS/HADS_CLKN5.zarr/
HADS,HADS_CLOC2,s3://cadcat/histwxstns/HADS/HADS_CLOC2.zarr/
HADS,HADS_CLRC2,s3://cadcat/histwxstns/HADS/HADS_CLRC2.zarr/
HADS,HADS_CLSC1,s3://cadcat/histwxstns/HADS/HADS_CLSC1.zarr/
HADS,HADS_CLSC2,s3://cadcat/histwxstns/HADS/HADS_CLSC2.zarr/
HADS,HADS_CLSW4,s3://cadcat/histwxstns/HADS/HADS_CLSW4.zarr/
HADS,HADS_CLVC2,s3://cadcat/histwxstns/HADS/HADS_CLVC2.zarr/
HADS,HADS_CMEC1,s3://cadcat/histwxstns/HADS/HADS_CMEC1.zarr/
HADS,HADS_CMGC1,s3://cadcat/histwxstns/HADS/HADS_CMGC1.zarr/
HADS,HADS_CMKC1,s3://cadcat/histwxstns/HADS/HADS_CMKC1.zarr/
HADS,HADS_CMMN5,s3://cadcat/histwxstns/HADS/HADS_CMMN5.zarr/
HADS,HADS_CMOW1,s3://cadcat/histwxstns/HADS/HADS_CMOW1.zarr/
HADS,HADS_CMRM8,s3://cadcat/histwxstns/HADS/HADS_CMRM8.zarr/
HADS,HADS_CMRN5,s3://cadcat/histwxstns/HADS/HADS_CMRN5.zarr/
HADS,HADS_CMSC2,s3://cadcat/histwxstns/HADS/HADS_CMSC2.zarr/
HADS,HADS_CMVC1,s3://cadcat/histwxstns/HADS/HADS_CMVC1.zarr/
HADS,HADS_CNCC2,s3://cadcat/histwxstns/HADS/HADS_CNCC2.zarr/
HADS,HADS_CNCI1,s3://cadcat/histwxstns/HADS/HADS_CNCI1.zarr/
HADS,HADS_CNEA3,s3://cadcat/histwxstns/HADS/HADS_CNEA3.zarr/
HADS,HADS_CNLC1,s3://cadcat/histwxstns/HADS/HADS_CNLC1.zarr/
HADS,HADS_CNMA3,s3://cadcat/histwxstns/HADS/HADS_CNMA3.zarr/
HADS,HADS_CNRC6,s3://cadcat/histwxstns/HADS/HADS_CNRC6.zarr/
HADS,HADS_CNWM8,s3://cadcat/histwxstns/HADS/HADS_CNWM8.zarr/
HADS,HADS_COAU1,s3://cadcat/histwxstns/HADS/HADS_COAU1.zarr/
HADS,HADS_COBU1,s3://cadcat/histwxstns/HADS/HADS_COBU1.zarr/
HADS,HADS_COGC1,s3://cadcat/histwxstns/HADS/HADS_COGC1.zarr/
HADS,HADS_COKW4,s3://cadcat/histwxstns/HADS/HADS_COKW4.zarr/
HADS,HADS_CONC2,s3://cadcat/histwxstns/HADS/HADS_CONC2.zarr/
HADS,HADS_CORM8,s3://cadcat/histwxstns/HADS/HADS_CORM8.zarr/
HADS,HADS_COUC2,s3://cadcat/histwxstns/HADS/HADS_COUC2.zarr/
HADS,HADS_COVC1,s3://cadcat/histwxstns/HADS/HADS_COVC1.zarr/
HADS,HADS_COWW1,s3://cadcat/histwxstns/HADS/HADS_COWW1.zarr/
HADS,HADS_CPEC1,s3://cadcat/histwxstns/HADS/HADS_CPEC1.zarr/
HADS,HADS_CPEW1,s3://cadcat/histwxstns/HADS/HADS_CPEW1.zarr/
HADS,HADS_CPLC1,s3://cadcat/histwxstns/HADS/HADS_CPLC1.zarr/
HADS,HADS_CPPW1,s3://cadcat/histwxstns/HADS/HADS_CPPW1.zarr/
HADS,HADS_CPRW4,s3://cadcat/histwxstns/HADS/HADS_CPRW4.zarr/
HADS,HADS_CPTW4,s3://cadcat/histwxstns/HADS/HADS_CPTW4.zarr/
HADS,HADS_CPWA3,s3://cadcat/histwxstns/HADS/HADS_CPWA3.zarr/
HADS,HADS_CQMW1,s3://cadcat/histwxstns/HADS/HADS_CQMW1.zarr/
HADS,HADS_CQPC1,s3://cadcat/histwxstns/HADS/HADS_CQPC1.zarr/
HADS,HADS_CRAC1,s3://cadcat/histwxstns/HADS/HADS_CRAC1.zarr/
HADS,HADS_CRAC2,s3://cadcat/histwxstns/HADS/HADS_CRAC2.zarr/
HADS,HADS_CRCA3,s3://cadcat/histwxstns/HADS/HADS_CRCA3.zarr/
HADS,HADS_CRCN5,s3://cadcat/histwxstns/HADS/HADS_CRCN5.zarr/
HADS,HADS_CRCO3,s3://cadcat/histwxstns/HADS/HADS_CRCO3.zarr/
HADS,HADS_CRDC2,s3://cadcat/histwxstns/HADS/HADS_CRDC2.zarr/
HADS,HADS_CRDU1,s3://cadcat/histwxstns/HADS/HADS_CRDU1.zarr/
HADS,HADS_CRFC2,s3://cadcat/histwxstns/HADS/HADS_CRFC2.zarr/
HADS,HADS_CRHO3,s3://cadcat/histwxstns/HADS/HADS_CRHO3.zarr/
HADS,HADS_CRIC1,s3://cadcat/histwxstns/HADS/HADS_CRIC1.zarr/
HADS,HADS_CRLC1,s3://cadcat/histwxstns/HADS/HADS_CRLC1.zarr/
HADS,HADS_CRPO3,s3://cadcat/histwxstns/HADS/HADS_CRPO3.zarr/
HADS,HADS_CRRC2,s3://cadcat/histwxstns/HADS/HADS_CRRC2.zarr/
HADS,HADS_CRSO3,s3://cadcat/histwxstns/HADS/HADS_CRSO3.zarr/
HADS,HADS_CRSW4,s3://cadcat/histwxstns/HADS/HADS_CRSW4.zarr/
HADS,HADS_CRTA3,s3://cadcat/histwxstns/HADS/HADS_CRTA3.zarr/
HADS,HADS_CRVC2,s3://cadcat/histwxstns/HADS/HADS_CRVC2.zarr/
HADS,HADS_CRWA3,s3://cadcat/histwxstns/HADS/HADS_CRWA3.zarr/
HADS,HADS_CRWW1,s3://cadcat/histwxstns/HADS/HADS_CRWW1.zarr/
HADS,HADS_CSCI1,s3://cadcat/histwxstns/HADS/HADS_CSCI1.zarr/
HADS,HADS_CSMC1,s3://cadcat/histwxstns/HADS/HADS_CSMC1.zarr/
HADS,HADS_CTBC2,s3://cadcat/histwxstns/HADS/HADS_CTBC2.zarr/
HADS,HADS_CTCS2,s3://cadcat/histwxstns/HADS/HADS_CTCS2.zarr/
HADS,HADS_CTCW1,s3://cadcat/histwxstns/HADS/HADS_CTCW1.zarr/
HADS,HADS_CTKW1,s3://cadcat/histwxstns/HADS/HADS_CTKW1.zarr/
HADS,HADS_CTMC2,s3://cadcat/histwxstns/HADS/HADS_CTMC2.zarr/
HADS,HADS_CTNC1,s3://cadcat/histwxstns/HADS/HADS_CTNC1.zarr/
HADS,HADS_CTNN5,s3://cadcat/histwxstns/HADS/HADS_CTNN5.zarr/
HADS,HADS_CTZC2,s3://cadcat/histwxstns/HADS/HADS_CTZC2.zarr/
HADS,HADS_CUDC1,s3://cadcat/histwxstns/HADS/HADS_CUDC1.zarr/
HADS,HADS_CUEC2,s3://cadcat/histwxstns/HADS/HADS_CUEC2.zarr/
HADS,HADS_CUWC2,s3://cadcat/histwxstns/HADS/HADS_CUWC2.zarr/
HADS,HADS_CVAI1,s3://cadcat/histwxstns/HADS/HADS_CVAI1.zarr/
HADS,HADS_CVMC1,s3://cadcat/histwxstns/HADS/HADS_CVMC1.zarr/
HADS,HADS_CVMN2,s3://cadcat/histwxstns/HADS/HADS_CVMN2.zarr/
HADS,HADS_CVNC1,s3://cadcat/histwxstns/HADS/HADS_CVNC1.zarr/
HADS,HADS_CVSC1,s3://cadcat/histwxstns/HADS/HADS_CVSC1.zarr/
HADS,HADS_CWAN5,s3://cadcat/histwxstns/HADS/HADS_CWAN5.zarr/
HADS,HADS_CWDC1,s3://cadcat/histwxstns/HADS/HADS_CWDC1.zarr/
HADS,HADS_CWEC1,s3://cadcat/histwxstns/HADS/HADS_CWEC1.zarr/
HADS,HADS_CWLW1,s3://cadcat/histwxstns/HADS/HADS_CWLW1.zarr/
HADS,HADS_CWMC2,s3://cadcat/histwxstns/HADS/HADS_CWMC2.zarr/
HADS,HADS_CWRC2,s3://cadcat/histwxstns/HADS/HADS_CWRC2.zarr/
HADS,HADS_CWSN2,s3://cadcat/histwxstns/HADS/HADS_CWSN2.zarr/
HADS,HADS_CWXC1,s3://cadcat/histwxstns/HADS/HADS_CWXC1.zarr/
HADS,HADS_CWXW1,s3://cadcat/histwxstns/HADS/HADS_CWXW1.zarr/
HADS,HADS_CXCC1,s3://cadcat/histwxstns/HADS/HADS_CXCC1.zarr/
HADS,HADS_CYCN2,s3://cadcat/histwxstns/HADS/HADS_CYCN2.zarr/
HADS,HADS_CYKW4,s3://cadcat/histwxstns/HADS/HADS_CYKW4.zarr/
HADS,HADS_CYNS2,s3://cadcat/histwxstns/HADS/HADS_CYNS2.zarr/
HADS,HADS_CYNW1,s3://cadcat/histwxstns/HADS/HADS_CYNW1.zarr/
HADS,HADS_CYRC1,s3://cadcat/histwxstns/HADS/HADS_CYRC1.zarr/
HADS,HADS_DACN5,s3://cadcat/histwxstns/HADS/HADS_DACN5.zarr/
HADS,HADS_DAKC1,s3://cadcat/histwxstns/HADS/HADS_DAKC1.zarr/
HADS,HADS_DANO3,s3://cadcat/histwxstns/HADS/HADS_DANO3.zarr/
HADS,HADS_DAWN5,s3://cadcat/histwxstns/HADS/HADS_DAWN5.zarr/
HADS,HADS_DAYW4,s3://cadcat/histwxstns/HADS/HADS_DAYW4.zarr/
HADS,HADS_DBMN2,s3://cadcat/histwxstns/HADS/HADS_DBMN2.zarr/
HADS,HADS_DBSU1,s3://cadcat/histwxstns/HADS/HADS_DBSU1.zarr/
HADS,HADS_DBVA3,s3://cadcat/histwxstns/HADS/HADS_DBVA3.zarr/
HADS,HADS_DBXC2,s3://cadcat/histwxstns/HADS/HADS_DBXC2.zarr/
HADS,HADS_DCCS2,s3://cadcat/histwxstns/HADS/HADS_DCCS2.zarr/
HADS,HADS_DCDC1,s3://cadcat/histwxstns/HADS/HADS_DCDC1.zarr/
HADS,HADS_DCGW4,s3://cadcat/histwxstns/HADS/HADS_DCGW4.zarr/
HADS,HADS_DCHU1,s3://cadcat/histwxstns/HADS/HADS_DCHU1.zarr/
HADS,HADS_DCHW1,s3://cadcat/histwxstns/HADS/HADS_DCHW1.zarr/
HADS,HADS_DCKC2,s3://cadcat/histwxstns/HADS/HADS_DCKC2.zarr/
HADS,HADS_DCRW1,s3://cadcat/histwxstns/HADS/HADS_DCRW1.zarr/
HADS,HADS_DCUC1,s3://cadcat/histwxstns/HADS/HADS_DCUC1.zarr/
HADS,HADS_DCWC1,s3://cadcat/histwxstns/HADS/HADS_DCWC1.zarr/
HADS,HADS_DCYC1,s3://cadcat/histwxstns/HADS/HADS_DCYC1.zarr/
HADS,HADS_DDMC1,s3://cadcat/histwxstns/HADS/HADS_DDMC1.zarr/
HADS,HADS_DDWC1,s3://cadcat/histwxstns/HADS/HADS_DDWC1.zarr/
HADS,HADS_DEAW1,s3://cadcat/histwxstns/HADS/HADS_DEAW1.zarr/
HADS,HADS_DEDI1,s3://cadcat/histwxstns/HADS/HADS_DEDI1.zarr/
HADS,HADS_DEIC1,s3://cadcat/histwxstns/HADS/HADS_DEIC1.zarr/
HADS,HADS_DELC2,s3://cadcat/histwxstns/HADS/HADS_DELC2.zarr/
HADS,HADS_DEPW1,s3://cadcat/histwxstns/HADS/HADS_DEPW1.zarr/
HADS,HADS_DESC1,s3://cadcat/histwxstns/HADS/HADS_DESC1.zarr/
HADS,HADS_DEVC1,s3://cadcat/histwxstns/HADS/HADS_DEVC1.zarr/
HADS,HADS_DEXO3,s3://cadcat/histwxstns/HADS/HADS_DEXO3.zarr/
HADS,HADS_DFCU1,s3://cadcat/histwxstns/HADS/HADS_DFCU1.zarr/
HADS,HADS_DFDW1,s3://cadcat/histwxstns/HADS/HADS_DFDW1.zarr/
HADS,HADS_DGFC1,s3://cadcat/histwxstns/HADS/HADS_DGFC1.zarr/
HADS,HADS_DGLC2,s3://cadcat/histwxstns/HADS/HADS_DGLC2.zarr/
HADS,HADS_DGPI1,s3://cadcat/histwxstns/HADS/HADS_DGPI1.zarr/
HADS,HADS_DHLW1,s3://cadcat/histwxstns/HADS/HADS_DHLW1.zarr/
HADS,HADS_DINA3,s3://cadcat/histwxstns/HADS/HADS_DINA3.zarr/
HADS,HADS_DINW4,s3://cadcat/histwxstns/HADS/HADS_DINW4.zarr/
HADS,HADS_DIXW4,s3://cadcat/histwxstns/HADS/HADS_DIXW4.zarr/
HADS,HADS_DKCN5,s3://cadcat/histwxstns/HADS/HADS_DKCN5.zarr/
HADS,HADS_DKFC1,s3://cadcat/histwxstns/HADS/HADS_DKFC1.zarr/
HADS,HADS_DKKC2,s3://cadcat/histwxstns/HADS/HADS_DKKC2.zarr/
HADS,HADS_DKMC2,s3://cadcat/histwxstns/HADS/HADS_DKMC2.zarr/
HADS,HADS_DKRC2,s3://cadcat/histwxstns/HADS/HADS_DKRC2.zarr/
HADS,HADS_DKRM8,s3://cadcat/histwxstns/HADS/HADS_DKRM8.zarr/
HADS,HADS_DKSC2,s3://cadcat/histwxstns/HADS/HADS_DKSC2.zarr/
HADS,HADS_DLCC1,s3://cadcat/histwxstns/HADS/HADS_DLCC1.zarr/
HADS,HADS_DLDM8,s3://cadcat/histwxstns/HADS/HADS_DLDM8.zarr/
HADS,HADS_DLGC1,s3://cadcat/histwxstns/HADS/HADS_DLGC1.zarr/
HADS,HADS_DLLC1,s3://cadcat/histwxstns/HADS/HADS_DLLC1.zarr/
HADS,HADS_DLLC2,s3://cadcat/histwxstns/HADS/HADS_DLLC2.zarr/
HADS,HADS_DMOU1,s3://cadcat/histwxstns/HADS/HADS_DMOU1.zarr/
HADS,HADS_DMRW4,s3://cadcat/histwxstns/HADS/HADS_DMRW4.zarr/
HADS,HADS_DMSC2,s3://cadcat/histwxstns/HADS/HADS_DMSC2.zarr/
HADS,HADS_DNPC1,s3://cadcat/histwxstns/HADS/HADS_DNPC1.zarr/
HADS,HADS_DNRC1,s3://cadcat/histwxstns/HADS/HADS_DNRC1.zarr/
HADS,HADS_DNRC2,s3://cadcat/histwxstns/HADS/HADS_DNRC2.zarr/
HADS,HADS_DNVC1,s3://cadcat/histwxstns/HADS/HADS_DNVC1.zarr/
HADS,HADS_DOTW1,s3://cadcat/histwxstns/HADS/HADS_DOTW1.zarr/
HADS,HADS_DPCW1,s3://cadcat/histwxstns/HADS/HADS_DPCW1.zarr/
HADS,HADS_DPHC1,s3://cadcat/histwxstns/HADS/HADS_DPHC1.zarr/
HADS,HADS_DPKC1,s3://cadcat/histwxstns/HADS/HADS_DPKC1.zarr/
HADS,HADS_DPPC1,s3://cadcat/histwxstns/HADS/HADS_DPPC1.zarr/
HADS,HADS_DPSA3,s3://cadcat/histwxstns/HADS/HADS_DPSA3.zarr/
HADS,HADS_DPWC1,s3://cadcat/histwxstns/HADS/HADS_DPWC1.zarr/
HADS,HADS_DRBC2,s3://cadcat/histwxstns/HADS/HADS_DRBC2.zarr/
HADS,HADS_DRBM8,s3://cadcat/histwxstns/HADS/HADS_DRBM8.zarr/
HADS,HADS_DRFC1,s3://cadcat/histwxstns/HADS/HADS_DRFC1.zarr/
HADS,HADS_DRFS2,s3://cadcat/histwxstns/HADS/HADS_DRFS2.zarr/
HADS,HADS_DRMM8,s3://cadcat/histwxstns/HADS/HADS_DRMM8.zarr/
HADS,HADS_DRMW1,s3://cadcat/histwxstns/HADS/HADS_DRMW1.zarr/
HADS,HADS_DRRW4,s3://cadcat/histwxstns/HADS/HADS_DRRW4.zarr/
HADS,HADS_DRSO3,s3://cadcat/histwxstns/HADS/HADS_DRSO3.zarr/
HADS,HADS_DRXC2,s3://cadcat/histwxstns/HADS/HADS_DRXC2.zarr/
HADS,HADS_DSLO3,s3://cadcat/histwxstns/HADS/HADS_DSLO3.zarr/
HADS,HADS_DSNC1,s3://cadcat/histwxstns/HADS/HADS_DSNC1.zarr/
HADS,HADS_DSPI1,s3://cadcat/histwxstns/HADS/HADS_DSPI1.zarr/
HADS,HADS_DSYC2,s3://cadcat/histwxstns/HADS/HADS_DSYC2.zarr/
HADS,HADS_DTOC2,s3://cadcat/histwxstns/HADS/HADS_DTOC2.zarr/
HADS,HADS_DTTM8,s3://cadcat/histwxstns/HADS/HADS_DTTM8.zarr/
HADS,HADS_DTXC2,s3://cadcat/histwxstns/HADS/HADS_DTXC2.zarr/
HADS,HADS_DUBW4,s3://cadcat/histwxstns/HADS/HADS_DUBW4.zarr/
HADS,HADS_DUDC1,s3://cadcat/histwxstns/HADS/HADS_DUDC1.zarr/
HADS,HADS_DURU1,s3://cadcat/histwxstns/HADS/HADS_DURU1.zarr/
HADS,HADS_DVEC1,s3://cadcat/histwxstns/HADS/HADS_DVEC1.zarr/
HADS,HADS_DVNW1,s3://cadcat/histwxstns/HADS/HADS_DVNW1.zarr/
HADS,HADS_DVRC1,s3://cadcat/histwxstns/HADS/HADS_DVRC1.zarr/
HADS,HADS_DYNN2,s3://cadcat/histwxstns/HADS/HADS_DYNN2.zarr/
HADS,HADS_EAGC1,s3://cadcat/histwxstns/HADS/HADS_EAGC1.zarr/
HADS,HADS_EALC2,s3://cadcat/histwxstns/HADS/HADS_EALC2.zarr/
HADS,HADS_EAMW1,s3://cadcat/histwxstns/HADS/HADS_EAMW1.zarr/
HADS,HADS_EBCO3,s3://cadcat/histwxstns/HADS/HADS_EBCO3.zarr/
HADS,HADS_ECCM8,s3://cadcat/histwxstns/HADS/HADS_ECCM8.zarr/
HADS,HADS_ECHS2,s3://cadcat/histwxstns/HADS/HADS_ECHS2.zarr/
HADS,HADS_ECMA3,s3://cadcat/histwxstns/HADS/HADS_ECMA3.zarr/
HADS,HADS_ECON2,s3://cadcat/histwxstns/HADS/HADS_ECON2.zarr/
HADS,HADS_ECRN5,s3://cadcat/histwxstns/HADS/HADS_ECRN5.zarr/
HADS,HADS_ECWU1,s3://cadcat/histwxstns/HADS/HADS_ECWU1.zarr/
HADS,HADS_EDBN5,s3://cadcat/histwxstns/HADS/HADS_EDBN5.zarr/
HADS,HADS_EDGM8,s3://cadcat/histwxstns/HADS/HADS_EDGM8.zarr/
HADS,HADS_EDGS2,s3://cadcat/histwxstns/HADS/HADS_EDGS2.zarr/
HADS,HADS_EDOC1,s3://cadcat/histwxstns/HADS/HADS_EDOC1.zarr/
HADS,HADS_EFFU1,s3://cadcat/histwxstns/HADS/HADS_EFFU1.zarr/
HADS,HADS_EFKU1,s3://cadcat/histwxstns/HADS/HADS_EFKU1.zarr/
HADS,HADS_EFLW1,s3://cadcat/histwxstns/HADS/HADS_EFLW1.zarr/
HADS,HADS_EFWW4,s3://cadcat/histwxstns/HADS/HADS_EFWW4.zarr/
HADS,HADS_EGBM8,s3://cadcat/histwxstns/HADS/HADS_EGBM8.zarr/
HADS,HADS_EGDC2,s3://cadcat/histwxstns/HADS/HADS_EGDC2.zarr/
HADS,HADS_EGLN5,s3://cadcat/histwxstns/HADS/HADS_EGLN5.zarr/
HADS,HADS_EGPN5,s3://cadcat/histwxstns/HADS/HADS_EGPN5.zarr/
HADS,HADS_EKCS2,s3://cadcat/histwxstns/HADS/HADS_EKCS2.zarr/
HADS,HADS_EKMW1,s3://cadcat/histwxstns/HADS/HADS_EKMW1.zarr/
HADS,HADS_EKRI1,s3://cadcat/histwxstns/HADS/HADS_EKRI1.zarr/
HADS,HADS_ELCS2,s3://cadcat/histwxstns/HADS/HADS_ELCS2.zarr/
HADS,HADS_ELEW1,s3://cadcat/histwxstns/HADS/HADS_ELEW1.zarr/
HADS,HADS_ELKC1,s3://cadcat/histwxstns/HADS/HADS_ELKC1.zarr/
HADS,HADS_ELNW4,s3://cadcat/histwxstns/HADS/HADS_ELNW4.zarr/
HADS,HADS_ELRC1,s3://cadcat/histwxstns/HADS/HADS_ELRC1.zarr/
HADS,HADS_ELTC2,s3://cadcat/histwxstns/HADS/HADS_ELTC2.zarr/
HADS,HADS_ELWC1,s3://cadcat/histwxstns/HADS/HADS_ELWC1.zarr/
HADS,HADS_EMBN5,s3://cadcat/histwxstns/HADS/HADS_EMBN5.zarr/
HADS,HADS_EMIO3,s3://cadcat/histwxstns/HADS/HADS_EMIO3.zarr/
HADS,HADS_EMSS2,s3://cadcat/histwxstns/HADS/HADS_EMSS2.zarr/
HADS,HADS_ENMW1,s3://cadcat/histwxstns/HADS/HADS_ENMW1.zarr/
HADS,HADS_ENUW1,s3://cadcat/histwxstns/HADS/HADS_ENUW1.zarr/
HADS,HADS_ENWC2,s3://cadcat/histwxstns/HADS/HADS_ENWC2.zarr/
HADS,HADS_EPRC1,s3://cadcat/histwxstns/HADS/HADS_EPRC1.zarr/
HADS,HADS_EPRM8,s3://cadcat/histwxstns/HADS/HADS_EPRM8.zarr/
HADS,HADS_EPRT2,s3://cadcat/histwxstns/HADS/HADS_EPRT2.zarr/
HADS,HADS_ERDW1,s3://cadcat/histwxstns/HADS/HADS_ERDW1.zarr/
HADS,HADS_EREW1,s3://cadcat/histwxstns/HADS/HADS_EREW1.zarr/
HADS,HADS_ERNM8,s3://cadcat/histwxstns/HADS/HADS_ERNM8.zarr/
HADS,HADS_ERNW1,s3://cadcat/histwxstns/HADS/HADS_ERNW1.zarr/
HADS,HADS_ERTW1,s3://cadcat/histwxstns/HADS/HADS_ERTW1.zarr/
HADS,HADS_ERYC1,s3://cadcat/histwxstns/HADS/HADS_ERYC1.zarr/
HADS,HADS_ESCU1,s3://cadcat/histwxstns/HADS/HADS_ESCU1.zarr/
HADS,HADS_ESEC1,s3://cadcat/histwxstns/HADS/HADS_ESEC1.zarr/
HADS,HADS_ESPA3,s3://cadcat/histwxstns/HADS/HADS_ESPA3.zarr/
HADS,HADS_ESRC1,s3://cadcat/histwxstns/HADS/HADS_ESRC1.zarr/
HADS,HADS_ESTO3,s3://cadcat/histwxstns/HADS/HADS_ESTO3.zarr/
HADS,HADS_ESXM8,s3://cadcat/histwxstns/HADS/HADS_ESXM8.zarr/
HADS,HADS_ETNW1,s3://cadcat/histwxstns/HADS/HADS_ETNW1.zarr/
HADS,HADS_ETRC2,s3://cadcat/histwxstns/HADS/HADS_ETRC2.zarr/
HADS,HADS_ETTC1,s3://cadcat/histwxstns/HADS/HADS_ETTC1.zarr/
HADS,HADS_EVAC2,s3://cadcat/histwxstns/HADS/HADS_EVAC2.zarr/
HADS,HADS_EVDA3,s3://cadcat/histwxstns/HADS/HADS_EVDA3.zarr/
HADS,HADS_EVGC2,s3://cadcat/histwxstns/HADS/HADS_EVGC2.zarr/
HADS,HADS_EVPA3,s3://cadcat/histwxstns/HADS/HADS_EVPA3.zarr/
HADS,HADS_EVRC2,s3://cadcat/histwxstns/HADS/HADS_EVRC2.zarr/
HADS,HADS_EVSW4,s3://cadcat/histwxstns/HADS/HADS_EVSW4.zarr/
HADS,HADS_EWCC2,s3://cadcat/histwxstns/HADS/HADS_EWCC2.zarr/
HADS,HADS_EWDC2,s3://cadcat/histwxstns/HADS/HADS_EWDC2.zarr/
HADS,HADS_EXQC1,s3://cadcat/histwxstns/HADS/HADS_EXQC1.zarr/
HADS,HADS_EYRC2,s3://cadcat/histwxstns/HADS/HADS_EYRC2.zarr/
HADS,HADS_FADO3,s3://cadcat/histwxstns/HADS/HADS_FADO3.zarr/
HADS,HADS_FARC1,s3://cadcat/histwxstns/HADS/HADS_FARC1.zarr/
HADS,HADS_FARS2,s3://cadcat/histwxstns/HADS/HADS_FARS2.zarr/
HADS,HADS_FBNM8,s3://cadcat/histwxstns/HADS/HADS_FBNM8.zarr/
HADS,HADS_FBSC1,s3://cadcat/histwxstns/HADS/HADS_FBSC1.zarr/
HADS,HADS_FBZCA,s3://cadcat/histwxstns/HADS/HADS_FBZCA.zarr/
HADS,HADS_FCAN5,s3://cadcat/histwxstns/HADS/HADS_FCAN5.zarr/
HADS,HADS_FCDC2,s3://cadcat/histwxstns/HADS/HADS_FCDC2.zarr/
HADS,HADS_FCHW4,s3://cadcat/histwxstns/HADS/HADS_FCHW4.zarr/
HADS,HADS_FCKC1,s3://cadcat/histwxstns/HADS/HADS_FCKC1.zarr/
HADS,HADS_FCSA3,s3://cadcat/histwxstns/HADS/HADS_FCSA3.zarr/
HADS,HADS_FCSC2,s3://cadcat/histwxstns/HADS/HADS_FCSC2.zarr/
HADS,HADS_FCTA3,s3://cadcat/histwxstns/HADS/HADS_FCTA3.zarr/
HADS,HADS_FCUC2,s3://cadcat/histwxstns/HADS/HADS_FCUC2.zarr/
HADS,HADS_FEWW4,s3://cadcat/histwxstns/HADS/HADS_FEWW4.zarr/
HADS,HADS_FFHC1,s3://cadcat/histwxstns/HADS/HADS_FFHC1.zarr/
HADS,HADS_FFPC1,s3://cadcat/histwxstns/HADS/HADS_FFPC1.zarr/
HADS,HADS_FFXW1,s3://cadcat/histwxstns/HADS/HADS_FFXW1.zarr/
HADS,HADS_FGDC2,s3://cadcat/histwxstns/HADS/HADS_FGDC2.zarr/
HADS,HADS_FGOC1,s3://cadcat/histwxstns/HADS/HADS_FGOC1.zarr/
HADS,HADS_FHDC1,s3://cadcat/histwxstns/HADS/HADS_FHDC1.zarr/
HADS,HADS_FIDC1,s3://cadcat/histwxstns/HADS/HADS_FIDC1.zarr/
HADS,HADS_FIEC1,s3://cadcat/histwxstns/HADS/HADS_FIEC1.zarr/
HADS,HADS_FLAA3,s3://cadcat/histwxstns/HADS/HADS_FLAA3.zarr/
HADS,HADS_FLAW4,s3://cadcat/histwxstns/HADS/HADS_FLAW4.zarr/
HADS,HADS_FLDC1,s3://cadcat/histwxstns/HADS/HADS_FLDC1.zarr/
HADS,HADS_FLDW4,s3://cadcat/histwxstns/HADS/HADS_FLDW4.zarr/
HADS,HADS_FLGU1,s3://cadcat/histwxstns/HADS/HADS_FLGU1.zarr/
HADS,HADS_FLKO3,s3://cadcat/histwxstns/HADS/HADS_FLKO3.zarr/
HADS,HADS_FLMW4,s3://cadcat/histwxstns/HADS/HADS_FLMW4.zarr/
HADS,HADS_FLNM8,s3://cadcat/histwxstns/HADS/HADS_FLNM8.zarr/
HADS,HADS_FLVC1,s3://cadcat/histwxstns/HADS/HADS_FLVC1.zarr/
HADS,HADS_FLWC1,s3://cadcat/histwxstns/HADS/HADS_FLWC1.zarr/
HADS,HADS_FMBW1,s3://cadcat/histwxstns/HADS/HADS_FMBW1.zarr/
HADS,HADS_FMCN5,s3://cadcat/histwxstns/HADS/HADS_FMCN5.zarr/
HADS,HADS_FMDC2,s3://cadcat/histwxstns/HADS/HADS_FMDC2.zarr/
HADS,HADS_FMLO3,s3://cadcat/histwxstns/HADS/HADS_FMLO3.zarr/
HADS,HADS_FMSA3,s3://cadcat/histwxstns/HADS/HADS_FMSA3.zarr/
HADS,HADS_FNDC1,s3://cadcat/histwxstns/HADS/HADS_FNDC1.zarr/
HADS,HADS_FOFW4,s3://cadcat/histwxstns/HADS/HADS_FOFW4.zarr/
HADS,HADS_FOIC1,s3://cadcat/histwxstns/HADS/HADS_FOIC1.zarr/
HADS,HADS_FPWU1,s3://cadcat/histwxstns/HADS/HADS_FPWU1.zarr/
HADS,HADS_FRAQ2,s3://cadcat/histwxstns/HADS/HADS_FRAQ2.zarr/
HADS,HADS_FRAW1,s3://cadcat/histwxstns/HADS/HADS_FRAW1.zarr/
HADS,HADS_FRAW4,s3://cadcat/histwxstns/HADS/HADS_FRAW4.zarr/
HADS,HADS_FRCC2,s3://cadcat/histwxstns/HADS/HADS_FRCC2.zarr/
HADS,HADS_FRGC1,s3://cadcat/histwxstns/HADS/HADS_FRGC1.zarr/
HADS,HADS_FRIC1,s3://cadcat/histwxstns/HADS/HADS_FRIC1.zarr/
HADS,HADS_FRIC2,s3://cadcat/histwxstns/HADS/HADS_FRIC2.zarr/
HADS,HADS_FRIW1,s3://cadcat/histwxstns/HADS/HADS_FRIW1.zarr/
HADS,HADS_FRJC1,s3://cadcat/histwxstns/HADS/HADS_FRJC1.zarr/
HADS,HADS_FRKC2,s3://cadcat/histwxstns/HADS/HADS_FRKC2.zarr/
HADS,HADS_FRRU1,s3://cadcat/histwxstns/HADS/HADS_FRRU1.zarr/
HADS,HADS_FRTC1,s3://cadcat/histwxstns/HADS/HADS_FRTC1.zarr/
HADS,HADS_FRUS2,s3://cadcat/histwxstns/HADS/HADS_FRUS2.zarr/
HADS,HADS_FRVC2,s3://cadcat/histwxstns/HADS/HADS_FRVC2.zarr/
HADS,HADS_FRYM8,s3://cadcat/histwxstns/HADS/HADS_FRYM8.zarr/
HADS,HADS_FRYW1,s3://cadcat/histwxstns/HADS/HADS_FRYW1.zarr/
HADS,HADS_FRYW4,s3://cadcat/histwxstns/HADS/HADS_FRYW4.zarr/
HADS,HADS_FSEC2,s3://cadcat/histwxstns/HADS/HADS_FSEC2.zarr/
HADS,HADS_FSHA3,s3://cadcat/histwxstns/HADS/HADS_FSHA3.zarr/
HADS,HADS_FSHU1,s3://cadcat/histwxstns/HADS/HADS_FSHU1.zarr/
HADS,HADS_FSMM8,s3://cadcat/histwxstns/HADS/HADS_FSMM8.zarr/
HADS,HADS_FSSO3,s3://cadcat/histwxstns/HADS/HADS_FSSO3.zarr/
HADS,HADS_FTCC2,s3://cadcat/histwxstns/HADS/HADS_FTCC2.zarr/
HADS,HADS_FTDC1,s3://cadcat/histwxstns/HADS/HADS_FTDC1.zarr/
HADS,HADS_FTDC2,s3://cadcat/histwxstns/HADS/HADS_FTDC2.zarr/
HADS,HADS_FTKO3,s3://cadcat/histwxstns/HADS/HADS_FTKO3.zarr/
HADS,HADS_FTSC1,s3://cadcat/histwxstns/HADS/HADS_FTSC1.zarr/
HADS,HADS_FWLC2,s3://cadcat/histwxstns/HADS/HADS_FWLC2.zarr/
HADS,HADS_FWNN2,s3://cadcat/histwxstns/HADS/HADS_FWNN2.zarr/
HADS,HADS_FWWW4,s3://cadcat/histwxstns/HADS/HADS_FWWW4.zarr/
HADS,HADS_GARO3,s3://cadcat/histwxstns/HADS/HADS_GARO3.zarr/
HADS,HADS_GARW1,s3://cadcat/histwxstns/HADS/HADS_GARW1.zarr/
HADS,HADS_GASC1,s3://cadcat/histwxstns/HADS/HADS_GASC1.zarr/
HADS,HADS_GASO3,s3://cadcat/histwxstns/HADS/HADS_GASO3.zarr/
HADS,HADS_GATA3,s3://cadcat/histwxstns/HADS/HADS_GATA3.zarr/
HADS,HADS_GATU1,s3://cadcat/histwxstns/HADS/HADS_GATU1.zarr/
HADS,HADS_GAVI1,s3://cadcat/histwxstns/HADS/HADS_GAVI1.zarr/
HADS,HADS_GBDA3,s3://cadcat/histwxstns/HADS/HADS_GBDA3.zarr/
HADS,HADS_GBEA3,s3://cadcat/histwxstns/HADS/HADS_GBEA3.zarr/
HADS,HADS_GBFW4,s3://cadcat/histwxstns/HADS/HADS_GBFW4.zarr/
HADS,HADS_GBMC2,s3://cadcat/histwxstns/HADS/HADS_GBMC2.zarr/
HADS,HADS_GBPC1,s3://cadcat/histwxstns/HADS/HADS_GBPC1.zarr/
HADS,HADS_GCAW4,s3://cadcat/histwxstns/HADS/HADS_GCAW4.zarr/
HADS,HADS_GCCC2,s3://cadcat/histwxstns/HADS/HADS_GCCC2.zarr/
HADS,HADS_GCDA3,s3://cadcat/histwxstns/HADS/HADS_GCDA3.zarr/
HADS,HADS_GCDC2,s3://cadcat/histwxstns/HADS/HADS_GCDC2.zarr/
HADS,HADS_GCEC2,s3://cadcat/histwxstns/HADS/HADS_GCEC2.zarr/
HADS,HADS_GCFC2,s3://cadcat/histwxstns/HADS/HADS_GCFC2.zarr/
HADS,HADS_GCHA3,s3://cadcat/histwxstns/HADS/HADS_GCHA3.zarr/
HADS,HADS_GCHC2,s3://cadcat/histwxstns/HADS/HADS_GCHC2.zarr/
HADS,HADS_GCIC2,s3://cadcat/histwxstns/HADS/HADS_GCIC2.zarr/
HADS,HADS_GCKW4,s3://cadcat/histwxstns/HADS/HADS_GCKW4.zarr/
HADS,HADS_GCLW1,s3://cadcat/histwxstns/HADS/HADS_GCLW1.zarr/
HADS,HADS_GCNC2,s3://cadcat/histwxstns/HADS/HADS_GCNC2.zarr/
HADS,HADS_GCOS2,s3://cadcat/histwxstns/HADS/HADS_GCOS2.zarr/
HADS,HADS_GCRA3,s3://cadcat/histwxstns/HADS/HADS_GCRA3.zarr/
HADS,HADS_GCTC2,s3://cadcat/histwxstns/HADS/HADS_GCTC2.zarr/
HADS,HADS_GCWC2,s3://cadcat/histwxstns/HADS/HADS_GCWC2.zarr/
HADS,HADS_GCWO3,s3://cadcat/histwxstns/HADS/HADS_GCWO3.zarr/
HADS,HADS_GCXC2,s3://cadcat/histwxstns/HADS/HADS_GCXC2.zarr/
HADS,HADS_GDMM8,s3://cadcat/histwxstns/HADS/HADS_GDMM8.zarr/
HADS,HADS_GDRM8,s3://cadcat/histwxstns/HADS/HADS_GDRM8.zarr/
HADS,HADS_GDRW4,s3://cadcat/histwxstns/HADS/HADS_GDRW4.zarr/
HADS,HADS_GDTA3,s3://cadcat/histwxstns/HADS/HADS_GDTA3.zarr/
HADS,HADS_GDTC1,s3://cadcat/histwxstns/HADS/HADS_GDTC1.zarr/
HADS,HADS_GDVC2,s3://cadcat/histwxstns/HADS/HADS_GDVC2.zarr/
HADS,HADS_GEKC1,s3://cadcat/histwxstns/HADS/HADS_GEKC1.zarr/
HADS,HADS_GEOC1,s3://cadcat/histwxstns/HADS/HADS_GEOC1.zarr/
HADS,HADS_GFPQ2,s3://cadcat/histwxstns/HADS/HADS_GFPQ2.zarr/
HADS,HADS_GFTC1,s3://cadcat/histwxstns/HADS/HADS_GFTC1.zarr/
HADS,HADS_GGDA3,s3://cadcat/histwxstns/HADS/HADS_GGDA3.zarr/
HADS,HADS_GIDM8,s3://cadcat/histwxstns/HADS/HADS_GIDM8.zarr/
HADS,HADS_GILO3,s3://cadcat/histwxstns/HADS/HADS_GILO3.zarr/
HADS,HADS_GISC1,s3://cadcat/histwxstns/HADS/HADS_GISC1.zarr/
HADS,HADS_GKSC1,s3://cadcat/histwxstns/HADS/HADS_GKSC1.zarr/
HADS,HADS_GLBI1,s3://cadcat/histwxstns/HADS/HADS_GLBI1.zarr/
HADS,HADS_GLDA3,s3://cadcat/histwxstns/HADS/HADS_GLDA3.zarr/
HADS,HADS_GLDC2,s3://cadcat/histwxstns/HADS/HADS_GLDC2.zarr/
HADS,HADS_GLDW4,s3://cadcat/histwxstns/HADS/HADS_GLDW4.zarr/
HADS,HADS_GLGM8,s3://cadcat/histwxstns/HADS/HADS_GLGM8.zarr/
HADS,HADS_GLKA3,s3://cadcat/histwxstns/HADS/HADS_GLKA3.zarr/
HADS,HADS_GLKC2,s3://cadcat/histwxstns/HADS/HADS_GLKC2.zarr/
HADS,HADS_GLNW4,s3://cadcat/histwxstns/HADS/HADS_GLNW4.zarr/
HADS,HADS_GLPC1,s3://cadcat/histwxstns/HADS/HADS_GLPC1.zarr/
HADS,HADS_GLUU1,s3://cadcat/histwxstns/HADS/HADS_GLUU1.zarr/
HADS,HADS_GLVC2,s3://cadcat/histwxstns/HADS/HADS_GLVC2.zarr/
HADS,HADS_GMBU1,s3://cadcat/histwxstns/HADS/HADS_GMBU1.zarr/
HADS,HADS_GMDM8,s3://cadcat/histwxstns/HADS/HADS_GMDM8.zarr/
HADS,HADS_GMOC1,s3://cadcat/histwxstns/HADS/HADS_GMOC1.zarr/
HADS,HADS_GMSC2,s3://cadcat/histwxstns/HADS/HADS_GMSC2.zarr/
HADS,HADS_GNKS2,s3://cadcat/histwxstns/HADS/HADS_GNKS2.zarr/
HADS,HADS_GNLC1,s3://cadcat/histwxstns/HADS/HADS_GNLC1.zarr/
HADS,HADS_GODC2,s3://cadcat/histwxstns/HADS/HADS_GODC2.zarr/
HADS,HADS_GODW1,s3://cadcat/histwxstns/HADS/HADS_GODW1.zarr/
HADS,HADS_GOLC2,s3://cadcat/histwxstns/HADS/HADS_GOLC2.zarr/
HADS,HADS_GOLN5,s3://cadcat/histwxstns/HADS/HADS_GOLN5.zarr/
HADS,HADS_GORW1,s3://cadcat/histwxstns/HADS/HADS_GORW1.zarr/
HADS,HADS_GPSC2,s3://cadcat/histwxstns/HADS/HADS_GPSC2.zarr/
HADS,HADS_GQTC1,s3://cadcat/histwxstns/HADS/HADS_GQTC1.zarr/
HADS,HADS_GRCA3,s3://cadcat/histwxstns/HADS/HADS_GRCA3.zarr/
HADS,HADS_GRDC1,s3://cadcat/histwxstns/HADS/HADS_GRDC1.zarr/
HADS,HADS_GRHC2,s3://cadcat/histwxstns/HADS/HADS_GRHC2.zarr/
HADS,HADS_GRIC1,s3://cadcat/histwxstns/HADS/HADS_GRIC1.zarr/
HADS,HADS_GRMC1,s3://cadcat/histwxstns/HADS/HADS_GRMC1.zarr/
HADS,HADS_GRNC2,s3://cadcat/histwxstns/HADS/HADS_GRNC2.zarr/
HADS,HADS_GRNW1,s3://cadcat/histwxstns/HADS/HADS_GRNW1.zarr/
HADS,HADS_GRRC1,s3://cadcat/histwxstns/HADS/HADS_GRRC1.zarr/
HADS,HADS_GRRW1,s3://cadcat/histwxstns/HADS/HADS_GRRW1.zarr/
HADS,HADS_GRRW4,s3://cadcat/histwxstns/HADS/HADS_GRRW4.zarr/
HADS,HADS_GRSI1,s3://cadcat/histwxstns/HADS/HADS_GRSI1.zarr/
HADS,HADS_GRSO3,s3://cadcat/histwxstns/HADS/HADS_GRSO3.zarr/
HADS,HADS_GRSW1,s3://cadcat/histwxstns/HADS/HADS_GRSW1.zarr/
HADS,HADS_GRUC2,s3://cadcat/histwxstns/HADS/HADS_GRUC2.zarr/
HADS,HADS_GRUU1,s3://cadcat/histwxstns/HADS/HADS_GRUU1.zarr/
HADS,HADS_GRUW4,s3://cadcat/histwxstns/HADS/HADS_GRUW4.zarr/
HADS,HADS_GRVU1,s3://cadcat/histwxstns/HADS/HADS_GRVU1.zarr/
HADS,HADS_GRWA3,s3://cadcat/histwxstns/HADS/HADS_GRWA3.zarr/
HADS,HADS_GRWW1,s3://cadcat/histwxstns/HADS/HADS_GRWW1.zarr/
HADS,HADS_GRZC1,s3://cadcat/histwxstns/HADS/HADS_GRZC1.zarr/
HADS,HADS_GSKC1,s3://cadcat/histwxstns/HADS/HADS_GSKC1.zarr/
HADS,HADS_GSLA3,s3://cadcat/histwxstns/HADS/HADS_GSLA3.zarr/
HADS,HADS_GSPC1,s3://cadcat/histwxstns/HADS/HADS_GSPC1.zarr/
HADS,HADS_GSUN2,s3://cadcat/histwxstns/HADS/HADS_GSUN2.zarr/
HADS,HADS_GSVC1,s3://cadcat/histwxstns/HADS/HADS_GSVC1.zarr/
HADS,HADS_GTMC1,s3://cadcat/histwxstns/HADS/HADS_GTMC1.zarr/
HADS,HADS_GTOC1,s3://cadcat/histwxstns/HADS/HADS_GTOC1.zarr/
HADS,HADS_GTOM8,s3://cadcat/histwxstns/HADS/HADS_GTOM8.zarr/
HADS,HADS_GURW4,s3://cadcat/histwxstns/HADS/HADS_GURW4.zarr/
HADS,HADS_GUSC2,s3://cadcat/histwxstns/HADS/HADS_GUSC2.zarr/
HADS,HADS_GUTC2,s3://cadcat/histwxstns/HADS/HADS_GUTC2.zarr/
HADS,HADS_GVOC1,s3://cadcat/histwxstns/HADS/HADS_GVOC1.zarr/
HADS,HADS_GVYC1,s3://cadcat/histwxstns/HADS/HADS_GVYC1.zarr/
HADS,HADS_GVZW4,s3://cadcat/histwxstns/HADS/HADS_GVZW4.zarr/
HADS,HADS_GWXM8,s3://cadcat/histwxstns/HADS/HADS_GWXM8.zarr/
HADS,HADS_GZYC1,s3://cadcat/histwxstns/HADS/HADS_GZYC1.zarr/
HADS,HADS_GZYO3,s3://cadcat/histwxstns/HADS/HADS_GZYO3.zarr/
HADS,HADS_HAAN5,s3://cadcat/histwxstns/HADS/HADS_HAAN5.zarr/
HADS,HADS_HAANS,s3://cadcat/histwxstns/HADS/HADS_HAANS.zarr/
HADS,HADS_HABC1,s3://cadcat/histwxstns/HADS/HADS_HABC1.zarr/
HADS,HADS_HAGW1,s3://cadcat/histwxstns/HADS/HADS_HAGW1.zarr/
HADS,HADS_HAHN5,s3://cadcat/histwxstns/HADS/HADS_HAHN5.zarr/
HADS,HADS_HAIC1,s3://cadcat/histwxstns/HADS/HADS_HAIC1.zarr/
HADS,HADS_HAMA3,s3://cadcat/histwxstns/HADS/HADS_HAMA3.zarr/
HADS,HADS_HANU1,s3://cadcat/histwxstns/HADS/HADS_HANU1.zarr/
HADS,HADS_HANW4,s3://cadcat/histwxstns/HADS/HADS_HANW4.zarr/
HADS,HADS_HAPA3,s3://cadcat/histwxstns/HADS/HADS_HAPA3.zarr/
HADS,HADS_HARC2,s3://cadcat/histwxstns/HADS/HADS_HARC2.zarr/
HADS,HADS_HATO3,s3://cadcat/histwxstns/HADS/HADS_HATO3.zarr/
HADS,HADS_HATS2,s3://cadcat/histwxstns/HADS/HADS_HATS2.zarr/
HADS,HADS_HAWS2,s3://cadcat/histwxstns/HADS/HADS_HAWS2.zarr/
HADS,HADS_HAZW4,s3://cadcat/histwxstns/HADS/HADS_HAZW4.zarr/
HADS,HADS_HBDM8,s3://cadcat/histwxstns/HADS/HADS_HBDM8.zarr/
HADS,HADS_HBRC1,s3://cadcat/histwxstns/HADS/HADS_HBRC1.zarr/
HADS,HADS_HBRC2,s3://cadcat/histwxstns/HADS/HADS_HBRC2.zarr/
HADS,HADS_HBRU1,s3://cadcat/histwxstns/HADS/HADS_HBRU1.zarr/
HADS,HADS_HCAN2,s3://cadcat/histwxstns/HADS/HADS_HCAN2.zarr/
HADS,HADS_HCBN2,s3://cadcat/histwxstns/HADS/HADS_HCBN2.zarr/
HADS,HADS_HCFN5,s3://cadcat/histwxstns/HADS/HADS_HCFN5.zarr/
HADS,HADS_HCNC1,s3://cadcat/histwxstns/HADS/HADS_HCNC1.zarr/
HADS,HADS_HCPC1,s3://cadcat/histwxstns/HADS/HADS_HCPC1.zarr/
HADS,HADS_HCSW4,s3://cadcat/histwxstns/HADS/HADS_HCSW4.zarr/
HADS,HADS_HCTC1,s3://cadcat/histwxstns/HADS/HADS_HCTC1.zarr/
HADS,HADS_HDAC2,s3://cadcat/histwxstns/HADS/HADS_HDAC2.zarr/
HADS,HADS_HDGW4,s3://cadcat/histwxstns/HADS/HADS_HDGW4.zarr/
HADS,HADS_HDLC1,s3://cadcat/histwxstns/HADS/HADS_HDLC1.zarr/
HADS,HADS_HERS2,s3://cadcat/histwxstns/HADS/HADS_HERS2.zarr/
HADS,HADS_HFMW4,s3://cadcat/histwxstns/HADS/HADS_HFMW4.zarr/
HADS,HADS_HGBC2,s3://cadcat/histwxstns/HADS/HADS_HGBC2.zarr/
HADS,HADS_HGHM8,s3://cadcat/histwxstns/HADS/HADS_HGHM8.zarr/
HADS,HADS_HGIW4,s3://cadcat/histwxstns/HADS/HADS_HGIW4.zarr/
HADS,HADS_HGJC2,s3://cadcat/histwxstns/HADS/HADS_HGJC2.zarr/
HADS,HADS_HGNO3,s3://cadcat/histwxstns/HADS/HADS_HGNO3.zarr/
HADS,HADS_HGUC2,s3://cadcat/histwxstns/HADS/HADS_HGUC2.zarr/
HADS,HADS_HHDS2,s3://cadcat/histwxstns/HADS/HADS_HHDS2.zarr/
HADS,HADS_HHMC1,s3://cadcat/histwxstns/HADS/HADS_HHMC1.zarr/
HADS,HADS_HHWC1,s3://cadcat/histwxstns/HADS/HADS_HHWC1.zarr/
HADS,HADS_HHWN2,s3://cadcat/histwxstns/HADS/HADS_HHWN2.zarr/
HADS,HADS_HIGC1,s3://cadcat/histwxstns/HADS/HADS_HIGC1.zarr/
HADS,HADS_HKBW4,s3://cadcat/histwxstns/HADS/HADS_HKBW4.zarr/
HADS,HADS_HKOW1,s3://cadcat/histwxstns/HADS/HADS_HKOW1.zarr/
HADS,HADS_HLCC1,s3://cadcat/histwxstns/HADS/HADS_HLCC1.zarr/
HADS,HADS_HLDW4,s3://cadcat/histwxstns/HADS/HADS_HLDW4.zarr/
HADS,HADS_HLNC1,s3://cadcat/histwxstns/HADS/HADS_HLNC1.zarr/
HADS,HADS_HLSI1,s3://cadcat/histwxstns/HADS/HADS_HLSI1.zarr/
HADS,HADS_HLWC1,s3://cadcat/histwxstns/HADS/HADS_HLWC1.zarr/
HADS,HADS_HLWM8,s3://cadcat/histwxstns/HADS/HADS_HLWM8.zarr/
HADS,HADS_HMBN5,s3://cadcat/histwxstns/HADS/HADS_HMBN5.zarr/
HADS,HADS_HMDA3,s3://cadcat/histwxstns/HADS/HADS_HMDA3.zarr/
HADS,HADS_HMFW4,s3://cadcat/histwxstns/HADS/HADS_HMFW4.zarr/
HADS,HADS_HMTM8,s3://cadcat/histwxstns/HADS/HADS_HMTM8.zarr/
HADS,HADS_HMZC2,s3://cadcat/histwxstns/HADS/HADS_HMZC2.zarr/
HADS,HADS_HNAC1,s3://cadcat/histwxstns/HADS/HADS_HNAC1.zarr/
HADS,HADS_HNDC2,s3://cadcat/histwxstns/HADS/HADS_HNDC2.zarr/
HADS,HADS_HNPN2,s3://cadcat/histwxstns/HADS/HADS_HNPN2.zarr/
HADS,HADS_HNSW1,s3://cadcat/histwxstns/HADS/HADS_HNSW1.zarr/
HADS,HADS_HNTC1,s3://cadcat/histwxstns/HADS/HADS_HNTC1.zarr/
HADS,HADS_HODO3,s3://cadcat/histwxstns/HADS/HADS_HODO3.zarr/
HADS,HADS_HOGW4,s3://cadcat/histwxstns/HADS/HADS_HOGW4.zarr/
HADS,HADS_HOKC1,s3://cadcat/histwxstns/HADS/HADS_HOKC1.zarr/
HADS,HADS_HONC1,s3://cadcat/histwxstns/HADS/HADS_HONC1.zarr/
HADS,HADS_HONC2,s3://cadcat/histwxstns/HADS/HADS_HONC2.zarr/
HADS,HADS_HOOC1,s3://cadcat/histwxstns/HADS/HADS_HOOC1.zarr/
HADS,HADS_HOPI1,s3://cadcat/histwxstns/HADS/HADS_HOPI1.zarr/
HADS,HADS_HOTN2,s3://cadcat/histwxstns/HADS/HADS_HOTN2.zarr/
HADS,HADS_HOTS2,s3://cadcat/histwxstns/HADS/HADS_HOTS2.zarr/
HADS,HADS_HOWM8,s3://cadcat/histwxstns/HADS/HADS_HOWM8.zarr/
HADS,HADS_HPRO3,s3://cadcat/histwxstns/HADS/HADS_HPRO3.zarr/
HADS,HADS_HPWO3,s3://cadcat/histwxstns/HADS/HADS_HPWO3.zarr/
HADS,HADS_HPWQ2,s3://cadcat/histwxstns/HADS/HADS_HPWQ2.zarr/
HADS,HADS_HQSI1,s3://cadcat/histwxstns/HADS/HADS_HQSI1.zarr/
HADS,HADS_HRAN2,s3://cadcat/histwxstns/HADS/HADS_HRAN2.zarr/
HADS,HADS_HRBN2,s3://cadcat/histwxstns/HADS/HADS_HRBN2.zarr/
HADS,HADS_HRKC1,s3://cadcat/histwxstns/HADS/HADS_HRKC1.zarr/
HADS,HADS_HRMN5,s3://cadcat/histwxstns/HADS/HADS_HRMN5.zarr/
HADS,HADS_HRMU1,s3://cadcat/histwxstns/HADS/HADS_HRMU1.zarr/
HADS,HADS_HRNN2,s3://cadcat/histwxstns/HADS/HADS_HRNN2.zarr/
HADS,HADS_HRSC1,s3://cadcat/histwxstns/HADS/HADS_HRSC1.zarr/
HADS,HADS_HRSC2,s3://cadcat/histwxstns/HADS/HADS_HRSC2.zarr/
HADS,HADS_HRSS2,s3://cadcat/histwxstns/HADS/HADS_HRSS2.zarr/
HADS,HADS_HRWN2,s3://cadcat/histwxstns/HADS/HADS_HRWN2.zarr/
HADS,HADS_HRZC1,s3://cadcat/histwxstns/HADS/HADS_HRZC1.zarr/
HADS,HADS_HSCN5,s3://cadcat/histwxstns/HADS/HADS_HSCN5.zarr/
HADS,HADS_HSDO3,s3://cadcat/histwxstns/HADS/HADS_HSDO3.zarr/
HADS,HADS_HSKW4,s3://cadcat/histwxstns/HADS/HADS_HSKW4.zarr/
HADS,HADS_HSMC1,s3://cadcat/histwxstns/HADS/HADS_HSMC1.zarr/
HADS,HADS_HTDC2,s3://cadcat/histwxstns/HADS/HADS_HTDC2.zarr/
HADS,HADS_HTDM8,s3://cadcat/histwxstns/HADS/HADS_HTDM8.zarr/
HADS,HADS_HUAA3,s3://cadcat/histwxstns/HADS/HADS_HUAA3.zarr/
HADS,HADS_HUTW1,s3://cadcat/histwxstns/HADS/HADS_HUTW1.zarr/
HADS,HADS_HVRC1,s3://cadcat/histwxstns/HADS/HADS_HVRC1.zarr/
HADS,HADS_HVSC1,s3://cadcat/histwxstns/HADS/HADS_HVSC1.zarr/
HADS,HADS_HWDC2,s3://cadcat/histwxstns/HADS/HADS_HWDC2.zarr/
HADS,HADS_HWKW4,s3://cadcat/histwxstns/HADS/HADS_HWKW4.zarr/
HADS,HADS_HWPN2,s3://cadcat/histwxstns/HADS/HADS_HWPN2.zarr/
HADS,HADS_HWRW1,s3://cadcat/histwxstns/HADS/HADS_HWRW1.zarr/
HADS,HADS_HWSM8,s3://cadcat/histwxstns/HADS/HADS_HWSM8.zarr/
HADS,HADS_HWYO3,s3://cadcat/histwxstns/HADS/HADS_HWYO3.zarr/
HADS,HADS_HYSC1,s3://cadcat/histwxstns/HADS/HADS_HYSC1.zarr/
HADS,HADS_HYTW4,s3://cadcat/histwxstns/HADS/HADS_HYTW4.zarr/
HADS,HADS_ICEW1,s3://cadcat/histwxstns/HADS/HADS_ICEW1.zarr/
HADS,HADS_ICRB1,s3://cadcat/histwxstns/HADS/HADS_ICRB1.zarr/
HADS,HADS_ICRC1,s3://cadcat/histwxstns/HADS/HADS_ICRC1.zarr/
HADS,HADS_IDAC1,s3://cadcat/histwxstns/HADS/HADS_IDAC1.zarr/
HADS,HADS_IDFI1,s3://cadcat/histwxstns/HADS/HADS_IDFI1.zarr/
HADS,HADS_IDHI1,s3://cadcat/histwxstns/HADS/HADS_IDHI1.zarr/
HADS,HADS_IDKC1,s3://cadcat/histwxstns/HADS/HADS_IDKC1.zarr/
HADS,HADS_IDOC2,s3://cadcat/histwxstns/HADS/HADS_IDOC2.zarr/
HADS,HADS_IDXW1,s3://cadcat/histwxstns/HADS/HADS_IDXW1.zarr/
HADS,HADS_IERC1,s3://cadcat/histwxstns/HADS/HADS_IERC1.zarr/
HADS,HADS_ILAC1,s3://cadcat/histwxstns/HADS/HADS_ILAC1.zarr/
HADS,HADS_ILHO3,s3://cadcat/histwxstns/HADS/HADS_ILHO3.zarr/
HADS,HADS_IMHO3,s3://cadcat/histwxstns/HADS/HADS_IMHO3.zarr/
HADS,HADS_INLC2,s3://cadcat/histwxstns/HADS/HADS_INLC2.zarr/
HADS,HADS_INLS2,s3://cadcat/histwxstns/HADS/HADS_INLS2.zarr/
HADS,HADS_INVC1,s3://cadcat/histwxstns/HADS/HADS_INVC1.zarr/
HADS,HADS_IPDI1,s3://cadcat/histwxstns/HADS/HADS_IPDI1.zarr/
HADS,HADS_IRIS2,s3://cadcat/histwxstns/HADS/HADS_IRIS2.zarr/
HADS,HADS_IROC2,s3://cadcat/histwxstns/HADS/HADS_IROC2.zarr/
HADS,HADS_ISLC1,s3://cadcat/histwxstns/HADS/HADS_ISLC1.zarr/
HADS,HADS_ITRC2,s3://cadcat/histwxstns/HADS/HADS_ITRC2.zarr/
HADS,HADS_IVLC1,s3://cadcat/histwxstns/HADS/HADS_IVLC1.zarr/
HADS,HADS_JBMO3,s3://cadcat/histwxstns/HADS/HADS_JBMO3.zarr/
HADS,HADS_JCRW1,s3://cadcat/histwxstns/HADS/HADS_JCRW1.zarr/
HADS,HADS_JDCA3,s3://cadcat/histwxstns/HADS/HADS_JDCA3.zarr/
HADS,HADS_JDMO3,s3://cadcat/histwxstns/HADS/HADS_JDMO3.zarr/
HADS,HADS_JDPC1,s3://cadcat/histwxstns/HADS/HADS_JDPC1.zarr/
HADS,HADS_JDRM8,s3://cadcat/histwxstns/HADS/HADS_JDRM8.zarr/
HADS,HADS_JELO3,s3://cadcat/histwxstns/HADS/HADS_JELO3.zarr/
HADS,HADS_JEMC1,s3://cadcat/histwxstns/HADS/HADS_JEMC1.zarr/
HADS,HADS_JEPC1,s3://cadcat/histwxstns/HADS/HADS_JEPC1.zarr/
HADS,HADS_JEZN5,s3://cadcat/histwxstns/HADS/HADS_JEZN5.zarr/
HADS,HADS_JFEC1,s3://cadcat/histwxstns/HADS/HADS_JFEC1.zarr/
HADS,HADS_JHAO3,s3://cadcat/histwxstns/HADS/HADS_JHAO3.zarr/
HADS,HADS_JHNO3,s3://cadcat/histwxstns/HADS/HADS_JHNO3.zarr/
HADS,HADS_JHNS2,s3://cadcat/histwxstns/HADS/HADS_JHNS2.zarr/
HADS,HADS_JIMW1,s3://cadcat/histwxstns/HADS/HADS_JIMW1.zarr/
HADS,HADS_JKNW4,s3://cadcat/histwxstns/HADS/HADS_JKNW4.zarr/
HADS,HADS_JLKW4,s3://cadcat/histwxstns/HADS/HADS_JLKW4.zarr/
HADS,HADS_JMTC1,s3://cadcat/histwxstns/HADS/HADS_JMTC1.zarr/
HADS,HADS_JMWC1,s3://cadcat/histwxstns/HADS/HADS_JMWC1.zarr/
HADS,HADS_JNCW1,s3://cadcat/histwxstns/HADS/HADS_JNCW1.zarr/
HADS,HADS_JUDS2,s3://cadcat/histwxstns/HADS/HADS_JUDS2.zarr/
HADS,HADS_JULC2,s3://cadcat/histwxstns/HADS/HADS_JULC2.zarr/
HADS,HADS_JVDU1,s3://cadcat/histwxstns/HADS/HADS_JVDU1.zarr/
HADS,HADS_KAWC1,s3://cadcat/histwxstns/HADS/HADS_KAWC1.zarr/
HADS,HADS_KAYW4,s3://cadcat/histwxstns/HADS/HADS_KAYW4.zarr/
HADS,HADS_KCMO3,s3://cadcat/histwxstns/HADS/HADS_KCMO3.zarr/
HADS,HADS_KCPC1,s3://cadcat/histwxstns/HADS/HADS_KCPC1.zarr/
HADS,HADS_KCRW4,s3://cadcat/histwxstns/HADS/HADS_KCRW4.zarr/
HADS,HADS_KEOO3,s3://cadcat/histwxstns/HADS/HADS_KEOO3.zarr/
HADS,HADS_KERC2,s3://cadcat/histwxstns/HADS/HADS_KERC2.zarr/
HADS,HADS_KERM8,s3://cadcat/histwxstns/HADS/HADS_KERM8.zarr/
HADS,HADS_KESC1,s3://cadcat/histwxstns/HADS/HADS_KESC1.zarr/
HADS,HADS_KETI1,s3://cadcat/histwxstns/HADS/HADS_KETI1.zarr/
HADS,HADS_KEYW4,s3://cadcat/histwxstns/HADS/HADS_KEYW4.zarr/
HADS,HADS_KIBC1,s3://cadcat/histwxstns/HADS/HADS_KIBC1.zarr/
HADS,HADS_KLDA3,s3://cadcat/histwxstns/HADS/HADS_KLDA3.zarr/
HADS,HADS_KLRW4,s3://cadcat/histwxstns/HADS/HADS_KLRW4.zarr/
HADS,HADS_KMEW4,s3://cadcat/histwxstns/HADS/HADS_KMEW4.zarr/
HADS,HADS_KMMW1,s3://cadcat/histwxstns/HADS/HADS_KMMW1.zarr/
HADS,HADS_KORW4,s3://cadcat/histwxstns/HADS/HADS_KORW4.zarr/
HADS,HADS_KRBC2,s3://cadcat/histwxstns/HADS/HADS_KRBC2.zarr/
HADS,HADS_KRKC1,s3://cadcat/histwxstns/HADS/HADS_KRKC1.zarr/
HADS,HADS_KSJC1,s3://cadcat/histwxstns/HADS/HADS_KSJC1.zarr/
HADS,HADS_KSPC1,s3://cadcat/histwxstns/HADS/HADS_KSPC1.zarr/
HADS,HADS_KSTS2,s3://cadcat/histwxstns/HADS/HADS_KSTS2.zarr/
HADS,HADS_KVLC1,s3://cadcat/histwxstns/HADS/HADS_KVLC1.zarr/
HADS,HADS_LAAC1,s3://cadcat/histwxstns/HADS/HADS_LAAC1.zarr/
HADS,HADS_LABW4,s3://cadcat/histwxstns/HADS/HADS_LABW4.zarr/
HADS,HADS_LAMC2,s3://cadcat/histwxstns/HADS/HADS_LAMC2.zarr/
HADS,HADS_LANW4,s3://cadcat/histwxstns/HADS/HADS_LANW4.zarr/
HADS,HADS_LAPC2,s3://cadcat/histwxstns/HADS/HADS_LAPC2.zarr/
HADS,HADS_LAWC1,s3://cadcat/histwxstns/HADS/HADS_LAWC1.zarr/
HADS,HADS_LAWC2,s3://cadcat/histwxstns/HADS/HADS_LAWC2.zarr/
HADS,HADS_LBCO3,s3://cadcat/histwxstns/HADS/HADS_LBCO3.zarr/
HADS,HADS_LBDC1,s3://cadcat/histwxstns/HADS/HADS_LBDC1.zarr/
HADS,HADS_LBDN5,s3://cadcat/histwxstns/HADS/HADS_LBDN5.zarr/
HADS,HADS_LBFM8,s3://cadcat/histwxstns/HADS/HADS_LBFM8.zarr/
HADS,HADS_LBHC1,s3://cadcat/histwxstns/HADS/HADS_LBHC1.zarr/
HADS,HADS_LBIC1,s3://cadcat/histwxstns/HADS/HADS_LBIC1.zarr/
HADS,HADS_LBNN5,s3://cadcat/histwxstns/HADS/HADS_LBNN5.zarr/
HADS,HADS_LBYW1,s3://cadcat/histwxstns/HADS/HADS_LBYW1.zarr/
HADS,HADS_LBZA3,s3://cadcat/histwxstns/HADS/HADS_LBZA3.zarr/
HADS,HADS_LCCN2,s3://cadcat/histwxstns/HADS/HADS_LCCN2.zarr/
HADS,HADS_LCDC2,s3://cadcat/histwxstns/HADS/HADS_LCDC2.zarr/
HADS,HADS_LCJA3,s3://cadcat/histwxstns/HADS/HADS_LCJA3.zarr/
HADS,HADS_LCJC2,s3://cadcat/histwxstns/HADS/HADS_LCJC2.zarr/
HADS,HADS_LCLC2,s3://cadcat/histwxstns/HADS/HADS_LCLC2.zarr/
HADS,HADS_LCOC2,s3://cadcat/histwxstns/HADS/HADS_LCOC2.zarr/
HADS,HADS_LCPA3,s3://cadcat/histwxstns/HADS/HADS_LCPA3.zarr/
HADS,HADS_LCRA3,s3://cadcat/histwxstns/HADS/HADS_LCRA3.zarr/
HADS,HADS_LCRW1,s3://cadcat/histwxstns/HADS/HADS_LCRW1.zarr/
HADS,HADS_LCSA3,s3://cadcat/histwxstns/HADS/HADS_LCSA3.zarr/
HADS,HADS_LCTC1,s3://cadcat/histwxstns/HADS/HADS_LCTC1.zarr/
HADS,HADS_LCZA3,s3://cadcat/histwxstns/HADS/HADS_LCZA3.zarr/
HADS,HADS_LDKM8,s3://cadcat/histwxstns/HADS/HADS_LDKM8.zarr/
HADS,HADS_LDPC1,s3://cadcat/histwxstns/HADS/HADS_LDPC1.zarr/
HADS,HADS_LECW1,s3://cadcat/histwxstns/HADS/HADS_LECW1.zarr/
HADS,HADS_LEDC2,s3://cadcat/histwxstns/HADS/HADS_LEDC2.zarr/
HADS,HADS_LEEO3,s3://cadcat/histwxstns/HADS/HADS_LEEO3.zarr/
HADS,HADS_LEGC1,s3://cadcat/histwxstns/HADS/HADS_LEGC1.zarr/
HADS,HADS_LERI1,s3://cadcat/histwxstns/HADS/HADS_LERI1.zarr/
HADS,HADS_LFRM8,s3://cadcat/histwxstns/HADS/HADS_LFRM8.zarr/
HADS,HADS_LGAC2,s3://cadcat/histwxstns/HADS/HADS_LGAC2.zarr/
HADS,HADS_LGBC1,s3://cadcat/histwxstns/HADS/HADS_LGBC1.zarr/
HADS,HADS_LGCW4,s3://cadcat/histwxstns/HADS/HADS_LGCW4.zarr/
HADS,HADS_LGDC1,s3://cadcat/histwxstns/HADS/HADS_LGDC1.zarr/
HADS,HADS_LGNU1,s3://cadcat/histwxstns/HADS/HADS_LGNU1.zarr/
HADS,HADS_LGPC1,s3://cadcat/histwxstns/HADS/HADS_LGPC1.zarr/
HADS,HADS_LHGW1,s3://cadcat/histwxstns/HADS/HADS_LHGW1.zarr/
HADS,HADS_LITW1,s3://cadcat/histwxstns/HADS/HADS_LITW1.zarr/
HADS,HADS_LIVC2,s3://cadcat/histwxstns/HADS/HADS_LIVC2.zarr/
HADS,HADS_LIVM8,s3://cadcat/histwxstns/HADS/HADS_LIVM8.zarr/
HADS,HADS_LJCC2,s3://cadcat/histwxstns/HADS/HADS_LJCC2.zarr/
HADS,HADS_LKAW4,s3://cadcat/histwxstns/HADS/HADS_LKAW4.zarr/
HADS,HADS_LKHC1,s3://cadcat/histwxstns/HADS/HADS_LKHC1.zarr/
HADS,HADS_LKMC1,s3://cadcat/histwxstns/HADS/HADS_LKMC1.zarr/
HADS,HADS_LKWA3,s3://cadcat/histwxstns/HADS/HADS_LKWA3.zarr/
HADS,HADS_LLPC1,s3://cadcat/histwxstns/HADS/HADS_LLPC1.zarr/
HADS,HADS_LLRW4,s3://cadcat/histwxstns/HADS/HADS_LLRW4.zarr/
HADS,HADS_LLSC1,s3://cadcat/histwxstns/HADS/HADS_LLSC1.zarr/
HADS,HADS_LMAW4,s3://cadcat/histwxstns/HADS/HADS_LMAW4.zarr/
HADS,HADS_LMDW4,s3://cadcat/histwxstns/HADS/HADS_LMDW4.zarr/
HADS,HADS_LMWN2,s3://cadcat/histwxstns/HADS/HADS_LMWN2.zarr/
HADS,HADS_LNBW1,s3://cadcat/histwxstns/HADS/HADS_LNBW1.zarr/
HADS,HADS_LNDW1,s3://cadcat/histwxstns/HADS/HADS_LNDW1.zarr/
HADS,HADS_LNEO3,s3://cadcat/histwxstns/HADS/HADS_LNEO3.zarr/
HADS,HADS_LNSC2,s3://cadcat/histwxstns/HADS/HADS_LNSC2.zarr/
HADS,HADS_LOCC2,s3://cadcat/histwxstns/HADS/HADS_LOCC2.zarr/
HADS,HADS_LOCM8,s3://cadcat/histwxstns/HADS/HADS_LOCM8.zarr/
HADS,HADS_LOFC1,s3://cadcat/histwxstns/HADS/HADS_LOFC1.zarr/
HADS,HADS_LOGM8,s3://cadcat/histwxstns/HADS/HADS_LOGM8.zarr/
HADS,HADS_LOLM8,s3://cadcat/histwxstns/HADS/HADS_LOLM8.zarr/
HADS,HADS_LOVC2,s3://cadcat/histwxstns/HADS/HADS_LOVC2.zarr/
HADS,HADS_LPHC2,s3://cadcat/histwxstns/HADS/HADS_LPHC2.zarr/
HADS,HADS_LPHW4,s3://cadcat/histwxstns/HADS/HADS_LPHW4.zarr/
HADS,HADS_LPIC2,s3://cadcat/histwxstns/HADS/HADS_LPIC2.zarr/
HADS,HADS_LPMC1,s3://cadcat/histwxstns/HADS/HADS_LPMC1.zarr/
HADS,HADS_LPPC1,s3://cadcat/histwxstns/HADS/HADS_LPPC1.zarr/
HADS,HADS_LPPM8,s3://cadcat/histwxstns/HADS/HADS_LPPM8.zarr/
HADS,HADS_LPSC2,s3://cadcat/histwxstns/HADS/HADS_LPSC2.zarr/
HADS,HADS_LPTC1,s3://cadcat/histwxstns/HADS/HADS_LPTC1.zarr/
HADS,HADS_LPTW4,s3://cadcat/histwxstns/HADS/HADS_LPTW4.zarr/
HADS,HADS_LQCW1,s3://cadcat/histwxstns/HADS/HADS_LQCW1.zarr/
HADS,HADS_LRAC2,s3://cadcat/histwxstns/HADS/HADS_LRAC2.zarr/
HADS,HADS_LRBO3,s3://cadcat/histwxstns/HADS/HADS_LRBO3.zarr/
HADS,HADS_LRCO3,s3://cadcat/histwxstns/HADS/HADS_LRCO3.zarr/
HADS,HADS_LRMC1,s3://cadcat/histwxstns/HADS/HADS_LRMC1.zarr/
HADS,HADS_LRRM8,s3://cadcat/histwxstns/HADS/HADS_LRRM8.zarr/
HADS,HADS_LSBW4,s3://cadcat/histwxstns/HADS/HADS_LSBW4.zarr/
HADS,HADS_LSCM8,s3://cadcat/histwxstns/HADS/HADS_LSCM8.zarr/
HADS,HADS_LSHC1,s3://cadcat/histwxstns/HADS/HADS_LSHC1.zarr/
HADS,HADS_LSRC2,s3://cadcat/histwxstns/HADS/HADS_LSRC2.zarr/
HADS,HADS_LSSC2,s3://cadcat/histwxstns/HADS/HADS_LSSC2.zarr/
HADS,HADS_LTAW4,s3://cadcat/histwxstns/HADS/HADS_LTAW4.zarr/
HADS,HADS_LTCM8,s3://cadcat/histwxstns/HADS/HADS_LTCM8.zarr/
HADS,HADS_LTGW4,s3://cadcat/histwxstns/HADS/HADS_LTGW4.zarr/
HADS,HADS_LTRM8,s3://cadcat/histwxstns/HADS/HADS_LTRM8.zarr/
HADS,HADS_LUCA3,s3://cadcat/histwxstns/HADS/HADS_LUCA3.zarr/
HADS,HADS_LVEW4,s3://cadcat/histwxstns/HADS/HADS_LVEW4.zarr/
HADS,HADS_LVMC2,s3://cadcat/histwxstns/HADS/HADS_LVMC2.zarr/
HADS,HADS_LVPN2,s3://cadcat/histwxstns/HADS/HADS_LVPN2.zarr/
HADS,HADS_LWAC2,s3://cadcat/histwxstns/HADS/HADS_LWAC2.zarr/
HADS,HADS_LWCN2,s3://cadcat/histwxstns/HADS/HADS_LWCN2.zarr/
HADS,HADS_LWNW1,s3://cadcat/histwxstns/HADS/HADS_LWNW1.zarr/
HADS,HADS_LWRW4,s3://cadcat/histwxstns/HADS/HADS_LWRW4.zarr/
HADS,HADS_LXHC2,s3://cadcat/histwxstns/HADS/HADS_LXHC2.zarr/
HADS,HADS_LXVC2,s3://cadcat/histwxstns/HADS/HADS_LXVC2.zarr/
HADS,HADS_LYCC1,s3://cadcat/histwxstns/HADS/HADS_LYCC1.zarr/
HADS,HADS_LYMA3,s3://cadcat/histwxstns/HADS/HADS_LYMA3.zarr/
HADS,HADS_MADC1,s3://cadcat/histwxstns/HADS/HADS_MADC1.zarr/
HADS,HADS_MADM8,s3://cadcat/histwxstns/HADS/HADS_MADM8.zarr/
HADS,HADS_MADW1,s3://cadcat/histwxstns/HADS/HADS_MADW1.zarr/
HADS,HADS_MAEC1,s3://cadcat/histwxstns/HADS/HADS_MAEC1.zarr/
HADS,HADS_MAFC1,s3://cadcat/histwxstns/HADS/HADS_MAFC1.zarr/
HADS,HADS_MAGC1,s3://cadcat/histwxstns/HADS/HADS_MAGC1.zarr/
HADS,HADS_MAIC1,s3://cadcat/histwxstns/HADS/HADS_MAIC1.zarr/
HADS,HADS_MAJC1,s3://cadcat/histwxstns/HADS/HADS_MAJC1.zarr/
HADS,HADS_MALI1,s3://cadcat/histwxstns/HADS/HADS_MALI1.zarr/
HADS,HADS_MAMC1,s3://cadcat/histwxstns/HADS/HADS_MAMC1.zarr/
HADS,HADS_MANW1,s3://cadcat/histwxstns/HADS/HADS_MANW1.zarr/
HADS,HADS_MBBC1,s3://cadcat/histwxstns/HADS/HADS_MBBC1.zarr/
HADS,HADS_MBGC1,s3://cadcat/histwxstns/HADS/HADS_MBGC1.zarr/
HADS,HADS_MBLC2,s3://cadcat/histwxstns/HADS/HADS_MBLC2.zarr/
HADS,HADS_MBLN5,s3://cadcat/histwxstns/HADS/HADS_MBLN5.zarr/
HADS,HADS_MBMC1,s3://cadcat/histwxstns/HADS/HADS_MBMC1.zarr/
HADS,HADS_MBNC2,s3://cadcat/histwxstns/HADS/HADS_MBNC2.zarr/
HADS,HADS_MBRW4,s3://cadcat/histwxstns/HADS/HADS_MBRW4.zarr/
HADS,HADS_MBSC1,s3://cadcat/histwxstns/HADS/HADS_MBSC1.zarr/
HADS,HADS_MBWC1,s3://cadcat/histwxstns/HADS/HADS_MBWC1.zarr/
HADS,HADS_MCBC2,s3://cadcat/histwxstns/HADS/HADS_MCBC2.zarr/
HADS,HADS_MCCC2,s3://cadcat/histwxstns/HADS/HADS_MCCC2.zarr/
HADS,HADS_MCCO3,s3://cadcat/histwxstns/HADS/HADS_MCCO3.zarr/
HADS,HADS_MCDO3,s3://cadcat/histwxstns/HADS/HADS_MCDO3.zarr/
HADS,HADS_MCHC2,s3://cadcat/histwxstns/HADS/HADS_MCHC2.zarr/
HADS,HADS_MCKW1,s3://cadcat/histwxstns/HADS/HADS_MCKW1.zarr/
HADS,HADS_MCLW1,s3://cadcat/histwxstns/HADS/HADS_MCLW1.zarr/
HADS,HADS_MCNC2,s3://cadcat/histwxstns/HADS/HADS_MCNC2.zarr/
HADS,HADS_MCRM8,s3://cadcat/histwxstns/HADS/HADS_MCRM8.zarr/
HADS,HADS_MCRW1,s3://cadcat/histwxstns/HADS/HADS_MCRW1.zarr/
HADS,HADS_MCSN2,s3://cadcat/histwxstns/HADS/HADS_MCSN2.zarr/
HADS,HADS_MCUC1,s3://cadcat/histwxstns/HADS/HADS_MCUC1.zarr/
HADS,HADS_MDBC1,s3://cadcat/histwxstns/HADS/HADS_MDBC1.zarr/
HADS,HADS_MDCC1,s3://cadcat/histwxstns/HADS/HADS_MDCC1.zarr/
HADS,HADS_MDHC2,s3://cadcat/histwxstns/HADS/HADS_MDHC2.zarr/
HADS,HADS_MDIC2,s3://cadcat/histwxstns/HADS/HADS_MDIC2.zarr/
HADS,HADS_MDNM8,s3://cadcat/histwxstns/HADS/HADS_MDNM8.zarr/
HADS,HADS_MDNW1,s3://cadcat/histwxstns/HADS/HADS_MDNW1.zarr/
HADS,HADS_MDPC1,s3://cadcat/histwxstns/HADS/HADS_MDPC1.zarr/
HADS,HADS_MDSM8,s3://cadcat/histwxstns/HADS/HADS_MDSM8.zarr/
HADS,HADS_MDTC2,s3://cadcat/histwxstns/HADS/HADS_MDTC2.zarr/
HADS,HADS_MDXU1,s3://cadcat/histwxstns/HADS/HADS_MDXU1.zarr/
HADS,HADS_MEDC2,s3://cadcat/histwxstns/HADS/HADS_MEDC2.zarr/
HADS,HADS_MELC1,s3://cadcat/histwxstns/HADS/HADS_MELC1.zarr/
HADS,HADS_MERW1,s3://cadcat/histwxstns/HADS/HADS_MERW1.zarr/
HADS,HADS_MFBW4,s3://cadcat/histwxstns/HADS/HADS_MFBW4.zarr/
HADS,HADS_MFDW1,s3://cadcat/histwxstns/HADS/HADS_MFDW1.zarr/
HADS,HADS_MFLC1,s3://cadcat/histwxstns/HADS/HADS_MFLC1.zarr/
HADS,HADS_MFNC1,s3://cadcat/histwxstns/HADS/HADS_MFNC1.zarr/
HADS,HADS_MFPW1,s3://cadcat/histwxstns/HADS/HADS_MFPW1.zarr/
HADS,HADS_MGCN1,s3://cadcat/histwxstns/HADS/HADS_MGCN1.zarr/
HADS,HADS_MGHW4,s3://cadcat/histwxstns/HADS/HADS_MGHW4.zarr/
HADS,HADS_MHDM8,s3://cadcat/histwxstns/HADS/HADS_MHDM8.zarr/
HADS,HADS_MHPC2,s3://cadcat/histwxstns/HADS/HADS_MHPC2.zarr/
HADS,HADS_MHYC1,s3://cadcat/histwxstns/HADS/HADS_MHYC1.zarr/
HADS,HADS_MICM8,s3://cadcat/histwxstns/HADS/HADS_MICM8.zarr/
HADS,HADS_MIEC1,s3://cadcat/histwxstns/HADS/HADS_MIEC1.zarr/
HADS,HADS_MIIC1,s3://cadcat/histwxstns/HADS/HADS_MIIC1.zarr/
HADS,HADS_MILM8,s3://cadcat/histwxstns/HADS/HADS_MILM8.zarr/
HADS,HADS_MINI1,s3://cadcat/histwxstns/HADS/HADS_MINI1.zarr/
HADS,HADS_MISW1,s3://cadcat/histwxstns/HADS/HADS_MISW1.zarr/
HADS,HADS_MJCC1,s3://cadcat/histwxstns/HADS/HADS_MJCC1.zarr/
HADS,HADS_MJDC1,s3://cadcat/histwxstns/HADS/HADS_MJDC1.zarr/
HADS,HADS_MLAN5,s3://cadcat/histwxstns/HADS/HADS_MLAN5.zarr/
HADS,HADS_MLBW4,s3://cadcat/histwxstns/HADS/HADS_MLBW4.zarr/
HADS,HADS_MLGN5,s3://cadcat/histwxstns/HADS/HADS_MLGN5.zarr/
HADS,HADS_MLHC1,s3://cadcat/histwxstns/HADS/HADS_MLHC1.zarr/
HADS,HADS_MLHW4,s3://cadcat/histwxstns/HADS/HADS_MLHW4.zarr/
HADS,HADS_MLKW1,s3://cadcat/histwxstns/HADS/HADS_MLKW1.zarr/
HADS,HADS_MLLN5,s3://cadcat/histwxstns/HADS/HADS_MLLN5.zarr/
HADS,HADS_MLRM8,s3://cadcat/histwxstns/HADS/HADS_MLRM8.zarr/
HADS,HADS_MLSW4,s3://cadcat/histwxstns/HADS/HADS_MLSW4.zarr/
HADS,HADS_MMAC1,s3://cadcat/histwxstns/HADS/HADS_MMAC1.zarr/
HADS,HADS_MMCC1,s3://cadcat/histwxstns/HADS/HADS_MMCC1.zarr/
HADS,HADS_MMLW1,s3://cadcat/histwxstns/HADS/HADS_MMLW1.zarr/
HADS,HADS_MMSC1,s3://cadcat/histwxstns/HADS/HADS_MMSC1.zarr/
HADS,HADS_MMSC2,s3://cadcat/histwxstns/HADS/HADS_MMSC2.zarr/
HADS,HADS_MMTC2,s3://cadcat/histwxstns/HADS/HADS_MMTC2.zarr/
HADS,HADS_MMUC1,s3://cadcat/histwxstns/HADS/HADS_MMUC1.zarr/
HADS,HADS_MNAC1,s3://cadcat/histwxstns/HADS/HADS_MNAC1.zarr/
HADS,HADS_MNCN2,s3://cadcat/histwxstns/HADS/HADS_MNCN2.zarr/
HADS,HADS_MNGC1,s3://cadcat/histwxstns/HADS/HADS_MNGC1.zarr/
HADS,HADS_MNIC1,s3://cadcat/histwxstns/HADS/HADS_MNIC1.zarr/
HADS,HADS_MNJC1,s3://cadcat/histwxstns/HADS/HADS_MNJC1.zarr/
HADS,HADS_MNMO3,s3://cadcat/histwxstns/HADS/HADS_MNMO3.zarr/
HADS,HADS_MNRC2,s3://cadcat/histwxstns/HADS/HADS_MNRC2.zarr/
HADS,HADS_MOAN2,s3://cadcat/histwxstns/HADS/HADS_MOAN2.zarr/
HADS,HADS_MOCW1,s3://cadcat/histwxstns/HADS/HADS_MOCW1.zarr/
HADS,HADS_MOGC2,s3://cadcat/histwxstns/HADS/HADS_MOGC2.zarr/
HADS,HADS_MOGN2,s3://cadcat/histwxstns/HADS/HADS_MOGN2.zarr/
HADS,HADS_MOHA3,s3://cadcat/histwxstns/HADS/HADS_MOHA3.zarr/
HADS,HADS_MOHC2,s3://cadcat/histwxstns/HADS/HADS_MOHC2.zarr/
HADS,HADS_MONO3,s3://cadcat/histwxstns/HADS/HADS_MONO3.zarr/
HADS,HADS_MONU1,s3://cadcat/histwxstns/HADS/HADS_MONU1.zarr/
HADS,HADS_MORQ2,s3://cadcat/histwxstns/HADS/HADS_MORQ2.zarr/
HADS,HADS_MORW1,s3://cadcat/histwxstns/HADS/HADS_MORW1.zarr/
HADS,HADS_MOWC2,s3://cadcat/histwxstns/HADS/HADS_MOWC2.zarr/
HADS,HADS_MPSC2,s3://cadcat/histwxstns/HADS/HADS_MPSC2.zarr/
HADS,HADS_MRBC1,s3://cadcat/histwxstns/HADS/HADS_MRBC1.zarr/
HADS,HADS_MRDC1,s3://cadcat/histwxstns/HADS/HADS_MRDC1.zarr/
HADS,HADS_MRGW1,s3://cadcat/histwxstns/HADS/HADS_MRGW1.zarr/
HADS,HADS_MRLN5,s3://cadcat/histwxstns/HADS/HADS_MRLN5.zarr/
HADS,HADS_MRNC1,s3://cadcat/histwxstns/HADS/HADS_MRNC1.zarr/
HADS,HADS_MROW1,s3://cadcat/histwxstns/HADS/HADS_MROW1.zarr/
HADS,HADS_MRRC2,s3://cadcat/histwxstns/HADS/HADS_MRRC2.zarr/
HADS,HADS_MRRO3,s3://cadcat/histwxstns/HADS/HADS_MRRO3.zarr/
HADS,HADS_MSBM8,s3://cadcat/histwxstns/HADS/HADS_MSBM8.zarr/
HADS,HADS_MSGC1,s3://cadcat/histwxstns/HADS/HADS_MSGC1.zarr/
HADS,HADS_MSLW1,s3://cadcat/histwxstns/HADS/HADS_MSLW1.zarr/
HADS,HADS_MSNM8,s3://cadcat/histwxstns/HADS/HADS_MSNM8.zarr/
HADS,HADS_MSOC2,s3://cadcat/histwxstns/HADS/HADS_MSOC2.zarr/
HADS,HADS_MSPC2,s3://cadcat/histwxstns/HADS/HADS_MSPC2.zarr/
HADS,HADS_MSRC1,s3://cadcat/histwxstns/HADS/HADS_MSRC1.zarr/
HADS,HADS_MSYC1,s3://cadcat/histwxstns/HADS/HADS_MSYC1.zarr/
HADS,HADS_MTAW1,s3://cadcat/histwxstns/HADS/HADS_MTAW1.zarr/
HADS,HADS_MTHU1,s3://cadcat/histwxstns/HADS/HADS_MTHU1.zarr/
HADS,HADS_MTNW1,s3://cadcat/histwxstns/HADS/HADS_MTNW1.zarr/
HADS,HADS_MTSC1,s3://cadcat/histwxstns/HADS/HADS_MTSC1.zarr/
HADS,HADS_MTZN5,s3://cadcat/histwxstns/HADS/HADS_MTZN5.zarr/
HADS,HADS_MUDC1,s3://cadcat/histwxstns/HADS/HADS_MUDC1.zarr/
HADS,HADS_MUDC2,s3://cadcat/histwxstns/HADS/HADS_MUDC2.zarr/
HADS,HADS_MUDN2,s3://cadcat/histwxstns/HADS/HADS_MUDN2.zarr/
HADS,HADS_MUDW1,s3://cadcat/histwxstns/HADS/HADS_MUDW1.zarr/
HADS,HADS_MUMC1,s3://cadcat/histwxstns/HADS/HADS_MUMC1.zarr/
HADS,HADS_MVDC1,s3://cadcat/histwxstns/HADS/HADS_MVDC1.zarr/
HADS,HADS_MVDN2,s3://cadcat/histwxstns/HADS/HADS_MVDN2.zarr/
HADS,HADS_MVEW1,s3://cadcat/histwxstns/HADS/HADS_MVEW1.zarr/
HADS,HADS_MVLC1,s3://cadcat/histwxstns/HADS/HADS_MVLC1.zarr/
HADS,HADS_MVPC2,s3://cadcat/histwxstns/HADS/HADS_MVPC2.zarr/
HADS,HADS_MVTC2,s3://cadcat/histwxstns/HADS/HADS_MVTC2.zarr/
HADS,HADS_MWBW4,s3://cadcat/histwxstns/HADS/HADS_MWBW4.zarr/
HADS,HADS_MWMC1,s3://cadcat/histwxstns/HADS/HADS_MWMC1.zarr/
HADS,HADS_MXCB1,s3://cadcat/histwxstns/HADS/HADS_MXCB1.zarr/
HADS,HADS_MXSC1,s3://cadcat/histwxstns/HADS/HADS_MXSC1.zarr/
HADS,HADS_MYMC1,s3://cadcat/histwxstns/HADS/HADS_MYMC1.zarr/
HADS,HADS_MYSC1,s3://cadcat/histwxstns/HADS/HADS_MYSC1.zarr/
HADS,HADS_MZAW1,s3://cadcat/histwxstns/HADS/HADS_MZAW1.zarr/
HADS,HADS_MZCA3,s3://cadcat/histwxstns/HADS/HADS_MZCA3.zarr/
HADS,HADS_MZTC1,s3://cadcat/histwxstns/HADS/HADS_MZTC1.zarr/
HADS,HADS_MZVA3,s3://cadcat/histwxstns/HADS/HADS_MZVA3.zarr/
HADS,HADS_NAPC1,s3://cadcat/histwxstns/HADS/HADS_NAPC1.zarr/
HADS,HADS_NBCC2,s3://cadcat/histwxstns/HADS/HADS_NBCC2.zarr/
HADS,HADS_NBYC1,s3://cadcat/histwxstns/HADS/HADS_NBYC1.zarr/
HADS,HADS_NCAW1,s3://cadcat/histwxstns/HADS/HADS_NCAW1.zarr/
HADS,HADS_NCKC1,s3://cadcat/histwxstns/HADS/HADS_NCKC1.zarr/
HADS,HADS_NCNA3,s3://cadcat/histwxstns/HADS/HADS_NCNA3.zarr/
HADS,HADS_NCRW1,s3://cadcat/histwxstns/HADS/HADS_NCRW1.zarr/
HADS,HADS_NCSA3,s3://cadcat/histwxstns/HADS/HADS_NCSA3.zarr/
HADS,HADS_NEBS2,s3://cadcat/histwxstns/HADS/HADS_NEBS2.zarr/
HADS,HADS_NFCN5,s3://cadcat/histwxstns/HADS/HADS_NFCN5.zarr/
HADS,HADS_NFFW1,s3://cadcat/histwxstns/HADS/HADS_NFFW1.zarr/
HADS,HADS_NFKC1,s3://cadcat/histwxstns/HADS/HADS_NFKC1.zarr/
HADS,HADS_NFRM8,s3://cadcat/histwxstns/HADS/HADS_NFRM8.zarr/
HADS,HADS_NFSC2,s3://cadcat/histwxstns/HADS/HADS_NFSC2.zarr/
HADS,HADS_NFSW4,s3://cadcat/histwxstns/HADS/HADS_NFSW4.zarr/
HADS,HADS_NFTW1,s3://cadcat/histwxstns/HADS/HADS_NFTW1.zarr/
HADS,HADS_NFVU1,s3://cadcat/histwxstns/HADS/HADS_NFVU1.zarr/
HADS,HADS_NGPC2,s3://cadcat/histwxstns/HADS/HADS_NGPC2.zarr/
HADS,HADS_NGTC2,s3://cadcat/histwxstns/HADS/HADS_NGTC2.zarr/
HADS,HADS_NHWC1,s3://cadcat/histwxstns/HADS/HADS_NHWC1.zarr/
HADS,HADS_NISW1,s3://cadcat/histwxstns/HADS/HADS_NISW1.zarr/
HADS,HADS_NITW1,s3://cadcat/histwxstns/HADS/HADS_NITW1.zarr/
HADS,HADS_NKSW1,s3://cadcat/histwxstns/HADS/HADS_NKSW1.zarr/
HADS,HADS_NLSC1,s3://cadcat/histwxstns/HADS/HADS_NLSC1.zarr/
HADS,HADS_NLWW4,s3://cadcat/histwxstns/HADS/HADS_NLWW4.zarr/
HADS,HADS_NMCM8,s3://cadcat/histwxstns/HADS/HADS_NMCM8.zarr/
HADS,HADS_NMIC2,s3://cadcat/histwxstns/HADS/HADS_NMIC2.zarr/
HADS,HADS_NMLI1,s3://cadcat/histwxstns/HADS/HADS_NMLI1.zarr/
HADS,HADS_NMSC1,s3://cadcat/histwxstns/HADS/HADS_NMSC1.zarr/
HADS,HADS_NNFW1,s3://cadcat/histwxstns/HADS/HADS_NNFW1.zarr/
HADS,HADS_NOCW1,s3://cadcat/histwxstns/HADS/HADS_NOCW1.zarr/
HADS,HADS_NOGN5,s3://cadcat/histwxstns/HADS/HADS_NOGN5.zarr/
HADS,HADS_NOOW1,s3://cadcat/histwxstns/HADS/HADS_NOOW1.zarr/
HADS,HADS_NPGW4,s3://cadcat/histwxstns/HADS/HADS_NPGW4.zarr/
HADS,HADS_NPTC2,s3://cadcat/histwxstns/HADS/HADS_NPTC2.zarr/
HADS,HADS_NRKW1,s3://cadcat/histwxstns/HADS/HADS_NRKW1.zarr/
HADS,HADS_NRSN5,s3://cadcat/histwxstns/HADS/HADS_NRSN5.zarr/
HADS,HADS_NRWC1,s3://cadcat/histwxstns/HADS/HADS_NRWC1.zarr/
HADS,HADS_NSAC1,s3://cadcat/histwxstns/HADS/HADS_NSAC1.zarr/
HADS,HADS_NSFW1,s3://cadcat/histwxstns/HADS/HADS_NSFW1.zarr/
HADS,HADS_NSHM8,s3://cadcat/histwxstns/HADS/HADS_NSHM8.zarr/
HADS,HADS_NTCA3,s3://cadcat/histwxstns/HADS/HADS_NTCA3.zarr/
HADS,HADS_NTDN2,s3://cadcat/histwxstns/HADS/HADS_NTDN2.zarr/
HADS,HADS_NTPO3,s3://cadcat/histwxstns/HADS/HADS_NTPO3.zarr/
HADS,HADS_NTRC1,s3://cadcat/histwxstns/HADS/HADS_NTRC1.zarr/
HADS,HADS_NUTU1,s3://cadcat/histwxstns/HADS/HADS_NUTU1.zarr/
HADS,HADS_NWCW1,s3://cadcat/histwxstns/HADS/HADS_NWCW1.zarr/
HADS,HADS_NWMW4,s3://cadcat/histwxstns/HADS/HADS_NWMW4.zarr/
HADS,HADS_NWRA3,s3://cadcat/histwxstns/HADS/HADS_NWRA3.zarr/
HADS,HADS_NWSW4,s3://cadcat/histwxstns/HADS/HADS_NWSW4.zarr/
HADS,HADS_NYMO3,s3://cadcat/histwxstns/HADS/HADS_NYMO3.zarr/
HADS,HADS_OAKA3,s3://cadcat/histwxstns/HADS/HADS_OAKA3.zarr/
HADS,HADS_OAWU1,s3://cadcat/histwxstns/HADS/HADS_OAWU1.zarr/
HADS,HADS_OCHO3,s3://cadcat/histwxstns/HADS/HADS_OCHO3.zarr/
HADS,HADS_OCKW4,s3://cadcat/histwxstns/HADS/HADS_OCKW4.zarr/
HADS,HADS_OCRO3,s3://cadcat/histwxstns/HADS/HADS_OCRO3.zarr/
HADS,HADS_OCRW1,s3://cadcat/histwxstns/HADS/HADS_OCRW1.zarr/
HADS,HADS_OCUC1,s3://cadcat/histwxstns/HADS/HADS_OCUC1.zarr/
HADS,HADS_OCWO3,s3://cadcat/histwxstns/HADS/HADS_OCWO3.zarr/
HADS,HADS_ODLC1,s3://cadcat/histwxstns/HADS/HADS_ODLC1.zarr/
HADS,HADS_OFAW4,s3://cadcat/histwxstns/HADS/HADS_OFAW4.zarr/
HADS,HADS_OGHU1,s3://cadcat/histwxstns/HADS/HADS_OGHU1.zarr/
HADS,HADS_OGOC1,s3://cadcat/histwxstns/HADS/HADS_OGOC1.zarr/
HADS,HADS_OICC1,s3://cadcat/histwxstns/HADS/HADS_OICC1.zarr/
HADS,HADS_OKGC1,s3://cadcat/histwxstns/HADS/HADS_OKGC1.zarr/
HADS,HADS_OKHC1,s3://cadcat/histwxstns/HADS/HADS_OKHC1.zarr/
HADS,HADS_OKLW1,s3://cadcat/histwxstns/HADS/HADS_OKLW1.zarr/
HADS,HADS_OLYC2,s3://cadcat/histwxstns/HADS/HADS_OLYC2.zarr/
HADS,HADS_OMBC1,s3://cadcat/histwxstns/HADS/HADS_OMBC1.zarr/
HADS,HADS_ONLC2,s3://cadcat/histwxstns/HADS/HADS_ONLC2.zarr/
HADS,HADS_ONSC1,s3://cadcat/histwxstns/HADS/HADS_ONSC1.zarr/
HADS,HADS_ORCO3,s3://cadcat/histwxstns/HADS/HADS_ORCO3.zarr/
HADS,HADS_ORDC1,s3://cadcat/histwxstns/HADS/HADS_ORDC1.zarr/
HADS,HADS_ORHM8,s3://cadcat/histwxstns/HADS/HADS_ORHM8.zarr/
HADS,HADS_ORIC1,s3://cadcat/histwxstns/HADS/HADS_ORIC1.zarr/
HADS,HADS_ORIW4,s3://cadcat/histwxstns/HADS/HADS_ORIW4.zarr/
HADS,HADS_OROC2,s3://cadcat/histwxstns/HADS/HADS_OROC2.zarr/
HADS,HADS_ORRC1,s3://cadcat/histwxstns/HADS/HADS_ORRC1.zarr/
HADS,HADS_ORWA3,s3://cadcat/histwxstns/HADS/HADS_ORWA3.zarr/
HADS,HADS_OSAS2,s3://cadcat/histwxstns/HADS/HADS_OSAS2.zarr/
HADS,HADS_OSTC1,s3://cadcat/histwxstns/HADS/HADS_OSTC1.zarr/
HADS,HADS_OURC1,s3://cadcat/histwxstns/HADS/HADS_OURC1.zarr/
HADS,HADS_OVMN2,s3://cadcat/histwxstns/HADS/HADS_OVMN2.zarr/
HADS,HADS_OVNM8,s3://cadcat/histwxstns/HADS/HADS_OVNM8.zarr/
HADS,HADS_OWDC1,s3://cadcat/histwxstns/HADS/HADS_OWDC1.zarr/
HADS,HADS_OWSC1,s3://cadcat/histwxstns/HADS/HADS_OWSC1.zarr/
HADS,HADS_OWYN2,s3://cadcat/histwxstns/HADS/HADS_OWYN2.zarr/
HADS,HADS_OWYO3,s3://cadcat/histwxstns/HADS/HADS_OWYO3.zarr/
HADS,HADS_PACS2,s3://cadcat/histwxstns/HADS/HADS_PACS2.zarr/
HADS,HADS_PACW1,s3://cadcat/histwxstns/HADS/HADS_PACW1.zarr/
HADS,HADS_PAEC1,s3://cadcat/histwxstns/HADS/HADS_PAEC1.zarr/
HADS,HADS_PAFC2,s3://cadcat/histwxstns/HADS/HADS_PAFC2.zarr/
HADS,HADS_PAHW4,s3://cadcat/histwxstns/HADS/HADS_PAHW4.zarr/
HADS,HADS_PALI1,s3://cadcat/histwxstns/HADS/HADS_PALI1.zarr/
HADS,HADS_PALW1,s3://cadcat/histwxstns/HADS/HADS_PALW1.zarr/
HADS,HADS_PARI1,s3://cadcat/histwxstns/HADS/HADS_PARI1.zarr/
HADS,HADS_PBAC2,s3://cadcat/histwxstns/HADS/HADS_PBAC2.zarr/
HADS,HADS_PBCC1,s3://cadcat/histwxstns/HADS/HADS_PBCC1.zarr/
HADS,HADS_PCBU1,s3://cadcat/histwxstns/HADS/HADS_PCBU1.zarr/
HADS,HADS_PCCO3,s3://cadcat/histwxstns/HADS/HADS_PCCO3.zarr/
HADS,HADS_PCDN2,s3://cadcat/histwxstns/HADS/HADS_PCDN2.zarr/
HADS,HADS_PCFW4,s3://cadcat/histwxstns/HADS/HADS_PCFW4.zarr/
HADS,HADS_PCIC1,s3://cadcat/histwxstns/HADS/HADS_PCIC1.zarr/
HADS,HADS_PCKC1,s3://cadcat/histwxstns/HADS/HADS_PCKC1.zarr/
HADS,HADS_PCKW1,s3://cadcat/histwxstns/HADS/HADS_PCKW1.zarr/
HADS,HADS_PCKW4,s3://cadcat/histwxstns/HADS/HADS_PCKW4.zarr/
HADS,HADS_PCMA3,s3://cadcat/histwxstns/HADS/HADS_PCMA3.zarr/
HADS,HADS_PCMW4,s3://cadcat/histwxstns/HADS/HADS_PCMW4.zarr/
HADS,HADS_PCON2,s3://cadcat/histwxstns/HADS/HADS_PCON2.zarr/
HADS,HADS_PCPC1,s3://cadcat/histwxstns/HADS/HADS_PCPC1.zarr/
HADS,HADS_PCQC1,s3://cadcat/histwxstns/HADS/HADS_PCQC1.zarr/
HADS,HADS_PCRA3,s3://cadcat/histwxstns/HADS/HADS_PCRA3.zarr/
HADS,HADS_PCWW1,s3://cadcat/histwxstns/HADS/HADS_PCWW1.zarr/
HADS,HADS_PDDW4,s3://cadcat/histwxstns/HADS/HADS_PDDW4.zarr/
HADS,HADS_PDEC1,s3://cadcat/histwxstns/HADS/HADS_PDEC1.zarr/
HADS,HADS_PDMC1,s3://cadcat/histwxstns/HADS/HADS_PDMC1.zarr/
HADS,HADS_PDRC1,s3://cadcat/histwxstns/HADS/HADS_PDRC1.zarr/
HADS,HADS_PDSC1,s3://cadcat/histwxstns/HADS/HADS_PDSC1.zarr/
HADS,HADS_PEAW1,s3://cadcat/histwxstns/HADS/HADS_PEAW1.zarr/
HADS,HADS_PECC1,s3://cadcat/histwxstns/HADS/HADS_PECC1.zarr/
HADS,HADS_PECN5,s3://cadcat/histwxstns/HADS/HADS_PECN5.zarr/
HADS,HADS_PEOM8,s3://cadcat/histwxstns/HADS/HADS_PEOM8.zarr/
HADS,HADS_PEPW1,s3://cadcat/histwxstns/HADS/HADS_PEPW1.zarr/
HADS,HADS_PERM8,s3://cadcat/histwxstns/HADS/HADS_PERM8.zarr/
HADS,HADS_PESW1,s3://cadcat/histwxstns/HADS/HADS_PESW1.zarr/
HADS,HADS_PEYC1,s3://cadcat/histwxstns/HADS/HADS_PEYC1.zarr/
HADS,HADS_PFAN2,s3://cadcat/histwxstns/HADS/HADS_PFAN2.zarr/
HADS,HADS_PFBN2,s3://cadcat/histwxstns/HADS/HADS_PFBN2.zarr/
HADS,HADS_PFCN2,s3://cadcat/histwxstns/HADS/HADS_PFCN2.zarr/
HADS,HADS_PFDN2,s3://cadcat/histwxstns/HADS/HADS_PFDN2.zarr/
HADS,HADS_PFEN2,s3://cadcat/histwxstns/HADS/HADS_PFEN2.zarr/
HADS,HADS_PFHC1,s3://cadcat/histwxstns/HADS/HADS_PFHC1.zarr/
HADS,HADS_PFYA3,s3://cadcat/histwxstns/HADS/HADS_PFYA3.zarr/
HADS,HADS_PGMC2,s3://cadcat/histwxstns/HADS/HADS_PGMC2.zarr/
HADS,HADS_PGRC1,s3://cadcat/histwxstns/HADS/HADS_PGRC1.zarr/
HADS,HADS_PGRC2,s3://cadcat/histwxstns/HADS/HADS_PGRC2.zarr/
HADS,HADS_PGSC2,s3://cadcat/histwxstns/HADS/HADS_PGSC2.zarr/
HADS,HADS_PHAW1,s3://cadcat/histwxstns/HADS/HADS_PHAW1.zarr/
HADS,HADS_PHIN2,s3://cadcat/histwxstns/HADS/HADS_PHIN2.zarr/
HADS,HADS_PHLN2,s3://cadcat/histwxstns/HADS/HADS_PHLN2.zarr/
HADS,HADS_PHLO3,s3://cadcat/histwxstns/HADS/HADS_PHLO3.zarr/
HADS,HADS_PHPN2,s3://cadcat/histwxstns/HADS/HADS_PHPN2.zarr/
HADS,HADS_PIDC1,s3://cadcat/histwxstns/HADS/HADS_PIDC1.zarr/
HADS,HADS_PIFC1,s3://cadcat/histwxstns/HADS/HADS_PIFC1.zarr/
HADS,HADS_PIIC1,s3://cadcat/histwxstns/HADS/HADS_PIIC1.zarr/
HADS,HADS_PIMC1,s3://cadcat/histwxstns/HADS/HADS_PIMC1.zarr/
HADS,HADS_PINW4,s3://cadcat/histwxstns/HADS/HADS_PINW4.zarr/
HADS,HADS_PIRI1,s3://cadcat/histwxstns/HADS/HADS_PIRI1.zarr/
HADS,HADS_PITC1,s3://cadcat/histwxstns/HADS/HADS_PITC1.zarr/
HADS,HADS_PIXW4,s3://cadcat/histwxstns/HADS/HADS_PIXW4.zarr/
HADS,HADS_PLBC1,s3://cadcat/histwxstns/HADS/HADS_PLBC1.zarr/
HADS,HADS_PLCW1,s3://cadcat/histwxstns/HADS/HADS_PLCW1.zarr/
HADS,HADS_PLLC1,s3://cadcat/histwxstns/HADS/HADS_PLLC1.zarr/
HADS,HADS_PLPC1,s3://cadcat/histwxstns/HADS/HADS_PLPC1.zarr/
HADS,HADS_PLRC2,s3://cadcat/histwxstns/HADS/HADS_PLRC2.zarr/
HADS,HADS_PLRM8,s3://cadcat/histwxstns/HADS/HADS_PLRM8.zarr/
HADS,HADS_PLVM8,s3://cadcat/histwxstns/HADS/HADS_PLVM8.zarr/
HADS,HADS_PMGC1,s3://cadcat/histwxstns/HADS/HADS_PMGC1.zarr/
HADS,HADS_PMMN2,s3://cadcat/histwxstns/HADS/HADS_PMMN2.zarr/
HADS,HADS_PMSC2,s3://cadcat/histwxstns/HADS/HADS_PMSC2.zarr/
HADS,HADS_PMWC1,s3://cadcat/histwxstns/HADS/HADS_PMWC1.zarr/
HADS,HADS_PMYC1,s3://cadcat/histwxstns/HADS/HADS_PMYC1.zarr/
HADS,HADS_PNCC1,s3://cadcat/histwxstns/HADS/HADS_PNCC1.zarr/
HADS,HADS_PNCN2,s3://cadcat/histwxstns/HADS/HADS_PNCN2.zarr/
HADS,HADS_PNES2,s3://cadcat/histwxstns/HADS/HADS_PNES2.zarr/
HADS,HADS_PNLA3,s3://cadcat/histwxstns/HADS/HADS_PNLA3.zarr/
HADS,HADS_PNRI1,s3://cadcat/histwxstns/HADS/HADS_PNRI1.zarr/
HADS,HADS_PNVN2,s3://cadcat/histwxstns/HADS/HADS_PNVN2.zarr/
HADS,HADS_POHI1,s3://cadcat/histwxstns/HADS/HADS_POHI1.zarr/
HADS,HADS_POLA3,s3://cadcat/histwxstns/HADS/HADS_POLA3.zarr/
HADS,HADS_POLM8,s3://cadcat/histwxstns/HADS/HADS_POLM8.zarr/
HADS,HADS_PONC2,s3://cadcat/histwxstns/HADS/HADS_PONC2.zarr/
HADS,HADS_POSC1,s3://cadcat/histwxstns/HADS/HADS_POSC1.zarr/
HADS,HADS_POUC2,s3://cadcat/histwxstns/HADS/HADS_POUC2.zarr/
HADS,HADS_POWO3,s3://cadcat/histwxstns/HADS/HADS_POWO3.zarr/
HADS,HADS_POWT2,s3://cadcat/histwxstns/HADS/HADS_POWT2.zarr/
HADS,HADS_PPDC1,s3://cadcat/histwxstns/HADS/HADS_PPDC1.zarr/
HADS,HADS_PPHC1,s3://cadcat/histwxstns/HADS/HADS_PPHC1.zarr/
HADS,HADS_PPMC1,s3://cadcat/histwxstns/HADS/HADS_PPMC1.zarr/
HADS,HADS_PPRM8,s3://cadcat/histwxstns/HADS/HADS_PPRM8.zarr/
HADS,HADS_PPSN5,s3://cadcat/histwxstns/HADS/HADS_PPSN5.zarr/
HADS,HADS_PRCI1,s3://cadcat/histwxstns/HADS/HADS_PRCI1.zarr/
HADS,HADS_PRIO3,s3://cadcat/histwxstns/HADS/HADS_PRIO3.zarr/
HADS,HADS_PRIS2,s3://cadcat/histwxstns/HADS/HADS_PRIS2.zarr/
HADS,HADS_PRKA3,s3://cadcat/histwxstns/HADS/HADS_PRKA3.zarr/
HADS,HADS_PRKC2,s3://cadcat/histwxstns/HADS/HADS_PRKC2.zarr/
HADS,HADS_PRLI1,s3://cadcat/histwxstns/HADS/HADS_PRLI1.zarr/
HADS,HADS_PROC1,s3://cadcat/histwxstns/HADS/HADS_PROC1.zarr/
HADS,HADS_PROO3,s3://cadcat/histwxstns/HADS/HADS_PROO3.zarr/
HADS,HADS_PROW4,s3://cadcat/histwxstns/HADS/HADS_PROW4.zarr/
HADS,HADS_PRRW4,s3://cadcat/histwxstns/HADS/HADS_PRRW4.zarr/
HADS,HADS_PRSC2,s3://cadcat/histwxstns/HADS/HADS_PRSC2.zarr/
HADS,HADS_PRTC2,s3://cadcat/histwxstns/HADS/HADS_PRTC2.zarr/
HADS,HADS_PRWC1,s3://cadcat/histwxstns/HADS/HADS_PRWC1.zarr/
HADS,HADS_PSCM8,s3://cadcat/histwxstns/HADS/HADS_PSCM8.zarr/
HADS,HADS_PSDN5,s3://cadcat/histwxstns/HADS/HADS_PSDN5.zarr/
HADS,HADS_PSKW4,s3://cadcat/histwxstns/HADS/HADS_PSKW4.zarr/
HADS,HADS_PSPC1,s3://cadcat/histwxstns/HADS/HADS_PSPC1.zarr/
HADS,HADS_PSRC1,s3://cadcat/histwxstns/HADS/HADS_PSRC1.zarr/
HADS,HADS_PSXC2,s3://cadcat/histwxstns/HADS/HADS_PSXC2.zarr/
HADS,HADS_PTAC2,s3://cadcat/histwxstns/HADS/HADS_PTAC2.zarr/
HADS,HADS_PTDW4,s3://cadcat/histwxstns/HADS/HADS_PTDW4.zarr/
HADS,HADS_PTFC1,s3://cadcat/histwxstns/HADS/HADS_PTFC1.zarr/
HADS,HADS_PTHC1,s3://cadcat/histwxstns/HADS/HADS_PTHC1.zarr/
HADS,HADS_PTHW4,s3://cadcat/histwxstns/HADS/HADS_PTHW4.zarr/
HADS,HADS_PTLC2,s3://cadcat/histwxstns/HADS/HADS_PTLC2.zarr/
HADS,HADS_PTOC2,s3://cadcat/histwxstns/HADS/HADS_PTOC2.zarr/
HADS,HADS_PTQC1,s3://cadcat/histwxstns/HADS/HADS_PTQC1.zarr/
HADS,HADS_PTRC2,s3://cadcat/histwxstns/HADS/HADS_PTRC2.zarr/
HADS,HADS_PTVN2,s3://cadcat/histwxstns/HADS/HADS_PTVN2.zarr/
HADS,HADS_PUCA3,s3://cadcat/histwxstns/HADS/HADS_PUCA3.zarr/
HADS,HADS_PUKC2,s3://cadcat/histwxstns/HADS/HADS_PUKC2.zarr/
HADS,HADS_PVBC1,s3://cadcat/histwxstns/HADS/HADS_PVBC1.zarr/
HADS,HADS_PVLN2,s3://cadcat/histwxstns/HADS/HADS_PVLN2.zarr/
HADS,HADS_PVSA3,s3://cadcat/histwxstns/HADS/HADS_PVSA3.zarr/
HADS,HADS_PWBA3,s3://cadcat/histwxstns/HADS/HADS_PWBA3.zarr/
HADS,HADS_PXDC1,s3://cadcat/histwxstns/HADS/HADS_PXDC1.zarr/
HADS,HADS_PYLC1,s3://cadcat/histwxstns/HADS/HADS_PYLC1.zarr/
HADS,HADS_QNYC1,s3://cadcat/histwxstns/HADS/HADS_QNYC1.zarr/
HADS,HADS_QUAC1,s3://cadcat/histwxstns/HADS/HADS_QUAC1.zarr/
HADS,HADS_QUBC1,s3://cadcat/histwxstns/HADS/HADS_QUBC1.zarr/
HADS,HADS_QUPC1,s3://cadcat/histwxstns/HADS/HADS_QUPC1.zarr/
HADS,HADS_R01N5,s3://cadcat/histwxstns/HADS/HADS_R01N5.zarr/
HADS,HADS_R02N5,s3://cadcat/histwxstns/HADS/HADS_R02N5.zarr/
HADS,HADS_R03N5,s3://cadcat/histwxstns/HADS/HADS_R03N5.zarr/
HADS,HADS_R04N5,s3://cadcat/histwxstns/HADS/HADS_R04N5.zarr/
HADS,HADS_R05N5,s3://cadcat/histwxstns/HADS/HADS_R05N5.zarr/
HADS,HADS_R06N5,s3://cadcat/histwxstns/HADS/HADS_R06N5.zarr/
HADS,HADS_R08N5,s3://cadcat/histwxstns/HADS/HADS_R08N5.zarr/
HADS,HADS_R11N5,s3://cadcat/histwxstns/HADS/HADS_R11N5.zarr/
HADS,HADS_R13N5,s3://cadcat/histwxstns/HADS/HADS_R13N5.zarr/
HADS,HADS_R14N5,s3://cadcat/histwxstns/HADS/HADS_R14N5.zarr/
HADS,HADS_R15N5,s3://cadcat/histwxstns/HADS/HADS_R15N5.zarr/
HADS,HADS_R16N5,s3://cadcat/histwxstns/HADS/HADS_R16N5.zarr/
HADS,HADS_R17N5,s3://cadcat/histwxstns/HADS/HADS_R17N5.zarr/
HADS,HADS_R18N5,s3://cadcat/histwxstns/HADS/HADS_R18N5.zarr/
HADS,HADS_RACI1,s3://cadcat/histwxstns/HADS/HADS_RACI1.zarr/
HADS,HADS_RAOC1,s3://cadcat/histwxstns/HADS/HADS_RAOC1.zarr/
HADS,HADS_RATC2,s3://cadcat/histwxstns/HADS/HADS_RATC2.zarr/
HADS,HADS_RAVS2,s3://cadcat/histwxstns/HADS/HADS_RAVS2.zarr/
HADS,HADS_RBCU1,s3://cadcat/histwxstns/HADS/HADS_RBCU1.zarr/
HADS,HADS_RBFN5,s3://cadcat/histwxstns/HADS/HADS_RBFN5.zarr/
HADS,HADS_RCCW1,s3://cadcat/histwxstns/HADS/HADS_RCCW1.zarr/
HADS,HADS_RCFC1,s3://cadcat/histwxstns/HADS/HADS_RCFC1.zarr/
HADS,HADS_RCKC1,s3://cadcat/histwxstns/HADS/HADS_RCKC1.zarr/
HADS,HADS_RCLC1,s3://cadcat/histwxstns/HADS/HADS_RCLC1.zarr/
HADS,HADS_RCLT2,s3://cadcat/histwxstns/HADS/HADS_RCLT2.zarr/
HADS,HADS_RCRW1,s3://cadcat/histwxstns/HADS/HADS_RCRW1.zarr/
HADS,HADS_RCVS2,s3://cadcat/histwxstns/HADS/HADS_RCVS2.zarr/
HADS,HADS_RCWC1,s3://cadcat/histwxstns/HADS/HADS_RCWC1.zarr/
HADS,HADS_RCYS2,s3://cadcat/histwxstns/HADS/HADS_RCYS2.zarr/
HADS,HADS_RDAW1,s3://cadcat/histwxstns/HADS/HADS_RDAW1.zarr/
HADS,HADS_RDBC1,s3://cadcat/histwxstns/HADS/HADS_RDBC1.zarr/
HADS,HADS_RDBW1,s3://cadcat/histwxstns/HADS/HADS_RDBW1.zarr/
HADS,HADS_RDCW1,s3://cadcat/histwxstns/HADS/HADS_RDCW1.zarr/
HADS,HADS_RDDA3,s3://cadcat/histwxstns/HADS/HADS_RDDA3.zarr/
HADS,HADS_RDDW1,s3://cadcat/histwxstns/HADS/HADS_RDDW1.zarr/
HADS,HADS_RDEW1,s3://cadcat/histwxstns/HADS/HADS_RDEW1.zarr/
HADS,HADS_RDFW1,s3://cadcat/histwxstns/HADS/HADS_RDFW1.zarr/
HADS,HADS_RDGW1,s3://cadcat/histwxstns/HADS/HADS_RDGW1.zarr/
HADS,HADS_RDHW1,s3://cadcat/histwxstns/HADS/HADS_RDHW1.zarr/
HADS,HADS_RDIW1,s3://cadcat/histwxstns/HADS/HADS_RDIW1.zarr/
HADS,HADS_RDJW1,s3://cadcat/histwxstns/HADS/HADS_RDJW1.zarr/
HADS,HADS_RDKW1,s3://cadcat/histwxstns/HADS/HADS_RDKW1.zarr/
HADS,HADS_RDLO3,s3://cadcat/histwxstns/HADS/HADS_RDLO3.zarr/
HADS,HADS_RDLW1,s3://cadcat/histwxstns/HADS/HADS_RDLW1.zarr/
HADS,HADS_RDMW1,s3://cadcat/histwxstns/HADS/HADS_RDMW1.zarr/
HADS,HADS_RDNW1,s3://cadcat/histwxstns/HADS/HADS_RDNW1.zarr/
HADS,HADS_RDOW1,s3://cadcat/histwxstns/HADS/HADS_RDOW1.zarr/
HADS,HADS_RDPW1,s3://cadcat/histwxstns/HADS/HADS_RDPW1.zarr/
HADS,HADS_RDQW1,s3://cadcat/histwxstns/HADS/HADS_RDQW1.zarr/
HADS,HADS_RDRW1,s3://cadcat/histwxstns/HADS/HADS_RDRW1.zarr/
HADS,HADS_RDSW1,s3://cadcat/histwxstns/HADS/HADS_RDSW1.zarr/
HADS,HADS_RDTW1,s3://cadcat/histwxstns/HADS/HADS_RDTW1.zarr/
HADS,HADS_RDUS2,s3://cadcat/histwxstns/HADS/HADS_RDUS2.zarr/
HADS,HADS_RDUW1,s3://cadcat/histwxstns/HADS/HADS_RDUW1.zarr/
HADS,HADS_RDVW1,s3://cadcat/histwxstns/HADS/HADS_RDVW1.zarr/
HADS,HADS_RDWW1,s3://cadcat/histwxstns/HADS/HADS_RDWW1.zarr/
HADS,HADS_RDXW1,s3://cadcat/histwxstns/HADS/HADS_RDXW1.zarr/
HADS,HADS_RDYW1,s3://cadcat/histwxstns/HADS/HADS_RDYW1.zarr/
HADS,HADS_RDZW1,s3://cadcat/histwxstns/HADS/HADS_RDZW1.zarr/
HADS,HADS_REAW1,s3://cadcat/histwxstns/HADS/HADS_REAW1.zarr/
HADS,HADS_REBW1,s3://cadcat/histwxstns/HADS/HADS_REBW1.zarr/
HADS,HADS_RECW1,s3://cadcat/histwxstns/HADS/HADS_RECW1.zarr/
HADS,HADS_REDW1,s3://cadcat/histwxstns/HADS/HADS_REDW1.zarr/
HADS,HADS_RELC1,s3://cadcat/histwxstns/HADS/HADS_RELC1.zarr/
HADS,HADS_REXC2,s3://cadcat/histwxstns/HADS/HADS_REXC2.zarr/
HADS,HADS_REXW1,s3://cadcat/histwxstns/HADS/HADS_REXW1.zarr/
HADS,HADS_RFCC2,s3://cadcat/histwxstns/HADS/HADS_RFCC2.zarr/
HADS,HADS_RFSC1,s3://cadcat/histwxstns/HADS/HADS_RFSC1.zarr/
HADS,HADS_RGBC2,s3://cadcat/histwxstns/HADS/HADS_RGBC2.zarr/
HADS,HADS_RGCC1,s3://cadcat/histwxstns/HADS/HADS_RGCC1.zarr/
HADS,HADS_RGMC2,s3://cadcat/histwxstns/HADS/HADS_RGMC2.zarr/
HADS,HADS_RGNI1,s3://cadcat/histwxstns/HADS/HADS_RGNI1.zarr/
HADS,HADS_RGRN5,s3://cadcat/histwxstns/HADS/HADS_RGRN5.zarr/
HADS,HADS_RGTC1,s3://cadcat/histwxstns/HADS/HADS_RGTC1.zarr/
HADS,HADS_RGUS2,s3://cadcat/histwxstns/HADS/HADS_RGUS2.zarr/
HADS,HADS_RHBN5,s3://cadcat/histwxstns/HADS/HADS_RHBN5.zarr/
HADS,HADS_RHRN5,s3://cadcat/histwxstns/HADS/HADS_RHRN5.zarr/
HADS,HADS_RIFC1,s3://cadcat/histwxstns/HADS/HADS_RIFC1.zarr/
HADS,HADS_RIOC2,s3://cadcat/histwxstns/HADS/HADS_RIOC2.zarr/
HADS,HADS_RIPN5,s3://cadcat/histwxstns/HADS/HADS_RIPN5.zarr/
HADS,HADS_RIPS2,s3://cadcat/histwxstns/HADS/HADS_RIPS2.zarr/
HADS,HADS_RISC2,s3://cadcat/histwxstns/HADS/HADS_RISC2.zarr/
HADS,HADS_RIWI1,s3://cadcat/histwxstns/HADS/HADS_RIWI1.zarr/
HADS,HADS_RKCC1,s3://cadcat/histwxstns/HADS/HADS_RKCC1.zarr/
HADS,HADS_RKCW1,s3://cadcat/histwxstns/HADS/HADS_RKCW1.zarr/
HADS,HADS_RMSA3,s3://cadcat/histwxstns/HADS/HADS_RMSA3.zarr/
HADS,HADS_RNGC2,s3://cadcat/histwxstns/HADS/HADS_RNGC2.zarr/
HADS,HADS_ROAW1,s3://cadcat/histwxstns/HADS/HADS_ROAW1.zarr/
HADS,HADS_ROBS2,s3://cadcat/histwxstns/HADS/HADS_ROBS2.zarr/
HADS,HADS_ROBW1,s3://cadcat/histwxstns/HADS/HADS_ROBW1.zarr/
HADS,HADS_RODB1,s3://cadcat/histwxstns/HADS/HADS_RODB1.zarr/
HADS,HADS_ROKW1,s3://cadcat/histwxstns/HADS/HADS_ROKW1.zarr/
HADS,HADS_ROKW4,s3://cadcat/histwxstns/HADS/HADS_ROKW4.zarr/
HADS,HADS_ROLC1,s3://cadcat/histwxstns/HADS/HADS_ROLC1.zarr/
HADS,HADS_RPKW4,s3://cadcat/histwxstns/HADS/HADS_RPKW4.zarr/
HADS,HADS_RRFC1,s3://cadcat/histwxstns/HADS/HADS_RRFC1.zarr/
HADS,HADS_RRGC2,s3://cadcat/histwxstns/HADS/HADS_RRGC2.zarr/
HADS,HADS_RRIC1,s3://cadcat/histwxstns/HADS/HADS_RRIC1.zarr/
HADS,HADS_RRMC1,s3://cadcat/histwxstns/HADS/HADS_RRMC1.zarr/
HADS,HADS_RRQN5,s3://cadcat/histwxstns/HADS/HADS_RRQN5.zarr/
HADS,HADS_RRRM8,s3://cadcat/histwxstns/HADS/HADS_RRRM8.zarr/
HADS,HADS_RRRN5,s3://cadcat/histwxstns/HADS/HADS_RRRN5.zarr/
HADS,HADS_RRUN5,s3://cadcat/histwxstns/HADS/HADS_RRUN5.zarr/
HADS,HADS_RSAI1,s3://cadcat/histwxstns/HADS/HADS_RSAI1.zarr/
HADS,HADS_RSFN5,s3://cadcat/histwxstns/HADS/HADS_RSFN5.zarr/
HADS,HADS_RSFW1,s3://cadcat/histwxstns/HADS/HADS_RSFW1.zarr/
HADS,HADS_RSIS2,s3://cadcat/histwxstns/HADS/HADS_RSIS2.zarr/
HADS,HADS_RSTW1,s3://cadcat/histwxstns/HADS/HADS_RSTW1.zarr/
HADS,HADS_RSWC1,s3://cadcat/histwxstns/HADS/HADS_RSWC1.zarr/
HADS,HADS_RTLC1,s3://cadcat/histwxstns/HADS/HADS_RTLC1.zarr/
HADS,HADS_RTMC2,s3://cadcat/histwxstns/HADS/HADS_RTMC2.zarr/
HADS,HADS_RTRO3,s3://cadcat/histwxstns/HADS/HADS_RTRO3.zarr/
HADS,HADS_RUMB1,s3://cadcat/histwxstns/HADS/HADS_RUMB1.zarr/
HADS,HADS_RUPM8,s3://cadcat/histwxstns/HADS/HADS_RUPM8.zarr/
HADS,HADS_RURC2,s3://cadcat/histwxstns/HADS/HADS_RURC2.zarr/
HADS,HADS_RUSC1,s3://cadcat/histwxstns/HADS/HADS_RUSC1.zarr/
HADS,HADS_RUSS2,s3://cadcat/histwxstns/HADS/HADS_RUSS2.zarr/
HADS,HADS_RUTC2,s3://cadcat/histwxstns/HADS/HADS_RUTC2.zarr/
HADS,HADS_RVTW4,s3://cadcat/histwxstns/HADS/HADS_RVTW4.zarr/
HADS,HADS_RWRS2,s3://cadcat/histwxstns/HADS/HADS_RWRS2.zarr/
HADS,HADS_RWXO3,s3://cadcat/histwxstns/HADS/HADS_RWXO3.zarr/
HADS,HADS_RXRC2,s3://cadcat/histwxstns/HADS/HADS_RXRC2.zarr/
HADS,HADS_RZSC1,s3://cadcat/histwxstns/HADS/HADS_RZSC1.zarr/
HADS,HADS_SABC1,s3://cadcat/histwxstns/HADS/HADS_SABC1.zarr/
HADS,HADS_SACC2,s3://cadcat/histwxstns/HADS/HADS_SACC2.zarr/
HADS,HADS_SACM8,s3://cadcat/histwxstns/HADS/HADS_SACM8.zarr/
HADS,HADS_SAHN2,s3://cadcat/histwxstns/HADS/HADS_SAHN2.zarr/
HADS,HADS_SALI1,s3://cadcat/histwxstns/HADS/HADS_SALI1.zarr/
HADS,HADS_SALW1,s3://cadcat/histwxstns/HADS/HADS_SALW1.zarr/
HADS,HADS_SALW4,s3://cadcat/histwxstns/HADS/HADS_SALW4.zarr/
HADS,HADS_SAPA3,s3://cadcat/histwxstns/HADS/HADS_SAPA3.zarr/
HADS,HADS_SAWC1,s3://cadcat/histwxstns/HADS/HADS_SAWC1.zarr/
HADS,HADS_SAYC1,s3://cadcat/histwxstns/HADS/HADS_SAYC1.zarr/
HADS,HADS_SBCA3,s3://cadcat/histwxstns/HADS/HADS_SBCA3.zarr/
HADS,HADS_SBCM8,s3://cadcat/histwxstns/HADS/HADS_SBCM8.zarr/
HADS,HADS_SBCO3,s3://cadcat/histwxstns/HADS/HADS_SBCO3.zarr/
HADS,HADS_SBFS2,s3://cadcat/histwxstns/HADS/HADS_SBFS2.zarr/
HADS,HADS_SBHW4,s3://cadcat/histwxstns/HADS/HADS_SBHW4.zarr/
HADS,HADS_SBKW1,s3://cadcat/histwxstns/HADS/HADS_SBKW1.zarr/
HADS,HADS_SBLW4,s3://cadcat/histwxstns/HADS/HADS_SBLW4.zarr/
HADS,HADS_SBSW4,s3://cadcat/histwxstns/HADS/HADS_SBSW4.zarr/
HADS,HADS_SCCA3,s3://cadcat/histwxstns/HADS/HADS_SCCA3.zarr/
HADS,HADS_SCCC2,s3://cadcat/histwxstns/HADS/HADS_SCCC2.zarr/
HADS,HADS_SCCN2,s3://cadcat/histwxstns/HADS/HADS_SCCN2.zarr/
HADS,HADS_SCEC2,s3://cadcat/histwxstns/HADS/HADS_SCEC2.zarr/
HADS,HADS_SCKC1,s3://cadcat/histwxstns/HADS/HADS_SCKC1.zarr/
HADS,HADS_SCKC2,s3://cadcat/histwxstns/HADS/HADS_SCKC2.zarr/
HADS,HADS_SCLW4,s3://cadcat/histwxstns/HADS/HADS_SCLW4.zarr/
HADS,HADS_SCMC1,s3://cadcat/histwxstns/HADS/HADS_SCMC1.zarr/
HADS,HADS_SCNS2,s3://cadcat/histwxstns/HADS/HADS_SCNS2.zarr/
HADS,HADS_SCOC2,s3://cadcat/histwxstns/HADS/HADS_SCOC2.zarr/
HADS,HADS_SCON5,s3://cadcat/histwxstns/HADS/HADS_SCON5.zarr/
HADS,HADS_SCOO3,s3://cadcat/histwxstns/HADS/HADS_SCOO3.zarr/
HADS,HADS_SCPW1,s3://cadcat/histwxstns/HADS/HADS_SCPW1.zarr/
HADS,HADS_SCPW4,s3://cadcat/histwxstns/HADS/HADS_SCPW4.zarr/
HADS,HADS_SCUW1,s3://cadcat/histwxstns/HADS/HADS_SCUW1.zarr/
HADS,HADS_SCWW1,s3://cadcat/histwxstns/HADS/HADS_SCWW1.zarr/
HADS,HADS_SCYW1,s3://cadcat/histwxstns/HADS/HADS_SCYW1.zarr/
HADS,HADS_SDCC1,s3://cadcat/histwxstns/HADS/HADS_SDCC1.zarr/
HADS,HADS_SDCC2,s3://cadcat/histwxstns/HADS/HADS_SDCC2.zarr/
HADS,HADS_SDFC1,s3://cadcat/histwxstns/HADS/HADS_SDFC1.zarr/
HADS,HADS_SDQW1,s3://cadcat/histwxstns/HADS/HADS_SDQW1.zarr/
HADS,HADS_SDRN5,s3://cadcat/histwxstns/HADS/HADS_SDRN5.zarr/
HADS,HADS_SDRW4,s3://cadcat/histwxstns/HADS/HADS_SDRW4.zarr/
HADS,HADS_SDVN5,s3://cadcat/histwxstns/HADS/HADS_SDVN5.zarr/
HADS,HADS_SDVW1,s3://cadcat/histwxstns/HADS/HADS_SDVW1.zarr/
HADS,HADS_SEEC1,s3://cadcat/histwxstns/HADS/HADS_SEEC1.zarr/
HADS,HADS_SELM8,s3://cadcat/histwxstns/HADS/HADS_SELM8.zarr/
HADS,HADS_SEMA3,s3://cadcat/histwxstns/HADS/HADS_SEMA3.zarr/
HADS,HADS_SEPC1,s3://cadcat/histwxstns/HADS/HADS_SEPC1.zarr/
HADS,HADS_SERO3,s3://cadcat/histwxstns/HADS/HADS_SERO3.zarr/
HADS,HADS_SETW4,s3://cadcat/histwxstns/HADS/HADS_SETW4.zarr/
HADS,HADS_SEVO3,s3://cadcat/histwxstns/HADS/HADS_SEVO3.zarr/
HADS,HADS_SEWS2,s3://cadcat/histwxstns/HADS/HADS_SEWS2.zarr/
HADS,HADS_SEXC1,s3://cadcat/histwxstns/HADS/HADS_SEXC1.zarr/
HADS,HADS_SEYC1,s3://cadcat/histwxstns/HADS/HADS_SEYC1.zarr/
HADS,HADS_SEYW4,s3://cadcat/histwxstns/HADS/HADS_SEYW4.zarr/
HADS,HADS_SFCA3,s3://cadcat/histwxstns/HADS/HADS_SFCA3.zarr/
HADS,HADS_SFDU1,s3://cadcat/histwxstns/HADS/HADS_SFDU1.zarr/
HADS,HADS_SFHS2,s3://cadcat/histwxstns/HADS/HADS_SFHS2.zarr/
HADS,HADS_SFKC1,s3://cadcat/histwxstns/HADS/HADS_SFKC1.zarr/
HADS,HADS_SFLA3,s3://cadcat/histwxstns/HADS/HADS_SFLA3.zarr/
HADS,HADS_SFNW1,s3://cadcat/histwxstns/HADS/HADS_SFNW1.zarr/
HADS,HADS_SFOC1,s3://cadcat/histwxstns/HADS/HADS_SFOC1.zarr/
HADS,HADS_SFPC1,s3://cadcat/histwxstns/HADS/HADS_SFPC1.zarr/
HADS,HADS_SFRW4,s3://cadcat/histwxstns/HADS/HADS_SFRW4.zarr/
HADS,HADS_SFTC1,s3://cadcat/histwxstns/HADS/HADS_SFTC1.zarr/
HADS,HADS_SFTW1,s3://cadcat/histwxstns/HADS/HADS_SFTW1.zarr/
HADS,HADS_SGAU1,s3://cadcat/histwxstns/HADS/HADS_SGAU1.zarr/
HADS,HADS_SGEC1,s3://cadcat/histwxstns/HADS/HADS_SGEC1.zarr/
HADS,HADS_SGPC1,s3://cadcat/histwxstns/HADS/HADS_SGPC1.zarr/
HADS,HADS_SGQC1,s3://cadcat/histwxstns/HADS/HADS_SGQC1.zarr/
HADS,HADS_SGTC2,s3://cadcat/histwxstns/HADS/HADS_SGTC2.zarr/
HADS,HADS_SGWI1,s3://cadcat/histwxstns/HADS/HADS_SGWI1.zarr/
HADS,HADS_SGXC1,s3://cadcat/histwxstns/HADS/HADS_SGXC1.zarr/
HADS,HADS_SGYC1,s3://cadcat/histwxstns/HADS/HADS_SGYC1.zarr/
HADS,HADS_SHBM8,s3://cadcat/histwxstns/HADS/HADS_SHBM8.zarr/
HADS,HADS_SHBW4,s3://cadcat/histwxstns/HADS/HADS_SHBW4.zarr/
HADS,HADS_SHCN5,s3://cadcat/histwxstns/HADS/HADS_SHCN5.zarr/
HADS,HADS_SHDC1,s3://cadcat/histwxstns/HADS/HADS_SHDC1.zarr/
HADS,HADS_SHIC1,s3://cadcat/histwxstns/HADS/HADS_SHIC1.zarr/
HADS,HADS_SHIO3,s3://cadcat/histwxstns/HADS/HADS_SHIO3.zarr/
HADS,HADS_SHLM8,s3://cadcat/histwxstns/HADS/HADS_SHLM8.zarr/
HADS,HADS_SHMC1,s3://cadcat/histwxstns/HADS/HADS_SHMC1.zarr/
HADS,HADS_SHRC2,s3://cadcat/histwxstns/HADS/HADS_SHRC2.zarr/
HADS,HADS_SHYC1,s3://cadcat/histwxstns/HADS/HADS_SHYC1.zarr/
HADS,HADS_SIAC1,s3://cadcat/histwxstns/HADS/HADS_SIAC1.zarr/
HADS,HADS_SILC1,s3://cadcat/histwxstns/HADS/HADS_SILC1.zarr/
HADS,HADS_SINW1,s3://cadcat/histwxstns/HADS/HADS_SINW1.zarr/
HADS,HADS_SINW4,s3://cadcat/histwxstns/HADS/HADS_SINW4.zarr/
HADS,HADS_SIRC1,s3://cadcat/histwxstns/HADS/HADS_SIRC1.zarr/
HADS,HADS_SJAC2,s3://cadcat/histwxstns/HADS/HADS_SJAC2.zarr/
HADS,HADS_SKCC2,s3://cadcat/histwxstns/HADS/HADS_SKCC2.zarr/
HADS,HADS_SKHW1,s3://cadcat/histwxstns/HADS/HADS_SKHW1.zarr/
HADS,HADS_SKLA3,s3://cadcat/histwxstns/HADS/HADS_SKLA3.zarr/
HADS,HADS_SKLW4,s3://cadcat/histwxstns/HADS/HADS_SKLW4.zarr/
HADS,HADS_SKMW1,s3://cadcat/histwxstns/HADS/HADS_SKMW1.zarr/
HADS,HADS_SKOW1,s3://cadcat/histwxstns/HADS/HADS_SKOW1.zarr/
HADS,HADS_SKVC1,s3://cadcat/histwxstns/HADS/HADS_SKVC1.zarr/
HADS,HADS_SKYN5,s3://cadcat/histwxstns/HADS/HADS_SKYN5.zarr/
HADS,HADS_SLAC1,s3://cadcat/histwxstns/HADS/HADS_SLAC1.zarr/
HADS,HADS_SLCA3,s3://cadcat/histwxstns/HADS/HADS_SLCA3.zarr/
HADS,HADS_SLFA3,s3://cadcat/histwxstns/HADS/HADS_SLFA3.zarr/
HADS,HADS_SLFW4,s3://cadcat/histwxstns/HADS/HADS_SLFW4.zarr/
HADS,HADS_SLIC1,s3://cadcat/histwxstns/HADS/HADS_SLIC1.zarr/
HADS,HADS_SLKW4,s3://cadcat/histwxstns/HADS/HADS_SLKW4.zarr/
HADS,HADS_SLMC1,s3://cadcat/histwxstns/HADS/HADS_SLMC1.zarr/
HADS,HADS_SLON2,s3://cadcat/histwxstns/HADS/HADS_SLON2.zarr/
HADS,HADS_SLPC1,s3://cadcat/histwxstns/HADS/HADS_SLPC1.zarr/
HADS,HADS_SLRA3,s3://cadcat/histwxstns/HADS/HADS_SLRA3.zarr/
HADS,HADS_SLTC1,s3://cadcat/histwxstns/HADS/HADS_SLTC1.zarr/
HADS,HADS_SLZW1,s3://cadcat/histwxstns/HADS/HADS_SLZW1.zarr/
HADS,HADS_SMBA3,s3://cadcat/histwxstns/HADS/HADS_SMBA3.zarr/
HADS,HADS_SMBM8,s3://cadcat/histwxstns/HADS/HADS_SMBM8.zarr/
HADS,HADS_SMCW4,s3://cadcat/histwxstns/HADS/HADS_SMCW4.zarr/
HADS,HADS_SMDA3,s3://cadcat/histwxstns/HADS/HADS_SMDA3.zarr/
HADS,HADS_SMFC1,s3://cadcat/histwxstns/HADS/HADS_SMFC1.zarr/
HADS,HADS_SMHM8,s3://cadcat/histwxstns/HADS/HADS_SMHM8.zarr/
HADS,HADS_SMIC1,s3://cadcat/histwxstns/HADS/HADS_SMIC1.zarr/
HADS,HADS_SMJC1,s3://cadcat/histwxstns/HADS/HADS_SMJC1.zarr/
HADS,HADS_SMPC1,s3://cadcat/histwxstns/HADS/HADS_SMPC1.zarr/
HADS,HADS_SMPT2,s3://cadcat/histwxstns/HADS/HADS_SMPT2.zarr/
HADS,HADS_SMRC1,s3://cadcat/histwxstns/HADS/HADS_SMRC1.zarr/
HADS,HADS_SMRW4,s3://cadcat/histwxstns/HADS/HADS_SMRW4.zarr/
HADS,HADS_SMSC2,s3://cadcat/histwxstns/HADS/HADS_SMSC2.zarr/
HADS,HADS_SMTC1,s3://cadcat/histwxstns/HADS/HADS_SMTC1.zarr/
HADS,HADS_SMTW4,s3://cadcat/histwxstns/HADS/HADS_SMTW4.zarr/
HADS,HADS_SMUN5,s3://cadcat/histwxstns/HADS/HADS_SMUN5.zarr/
HADS,HADS_SMXC2,s3://cadcat/histwxstns/HADS/HADS_SMXC2.zarr/
HADS,HADS_SNFW1,s3://cadcat/histwxstns/HADS/HADS_SNFW1.zarr/
HADS,HADS_SNKC1,s3://cadcat/histwxstns/HADS/HADS_SNKC1.zarr/
HADS,HADS_SNMC2,s3://cadcat/histwxstns/HADS/HADS_SNMC2.zarr/
HADS,HADS_SNWC1,s3://cadcat/histwxstns/HADS/HADS_SNWC1.zarr/
HADS,HADS_SNWW1,s3://cadcat/histwxstns/HADS/HADS_SNWW1.zarr/
HADS,HADS_SNWW4,s3://cadcat/histwxstns/HADS/HADS_SNWW4.zarr/
HADS,HADS_SNYM8,s3://cadcat/histwxstns/HADS/HADS_SNYM8.zarr/
HADS,HADS_SOLC1,s3://cadcat/histwxstns/HADS/HADS_SOLC1.zarr/
HADS,HADS_SOLI1,s3://cadcat/histwxstns/HADS/HADS_SOLI1.zarr/
HADS,HADS_SOLN2,s3://cadcat/histwxstns/HADS/HADS_SOLN2.zarr/
HADS,HADS_SOMC1,s3://cadcat/histwxstns/HADS/HADS_SOMC1.zarr/
HADS,HADS_SOPC1,s3://cadcat/histwxstns/HADS/HADS_SOPC1.zarr/
HADS,HADS_SOUC1,s3://cadcat/histwxstns/HADS/HADS_SOUC1.zarr/
HADS,HADS_SOXC2,s3://cadcat/histwxstns/HADS/HADS_SOXC2.zarr/
HADS,HADS_SPBA3,s3://cadcat/histwxstns/HADS/HADS_SPBA3.zarr/
HADS,HADS_SPCW4,s3://cadcat/histwxstns/HADS/HADS_SPCW4.zarr/
HADS,HADS_SPEW1,s3://cadcat/histwxstns/HADS/HADS_SPEW1.zarr/
HADS,HADS_SPIW1,s3://cadcat/histwxstns/HADS/HADS_SPIW1.zarr/
HADS,HADS_SPJC1,s3://cadcat/histwxstns/HADS/HADS_SPJC1.zarr/
HADS,HADS_SPMC2,s3://cadcat/histwxstns/HADS/HADS_SPMC2.zarr/
HADS,HADS_SPSI1,s3://cadcat/histwxstns/HADS/HADS_SPSI1.zarr/
HADS,HADS_SPSO3,s3://cadcat/histwxstns/HADS/HADS_SPSO3.zarr/
HADS,HADS_SPTC2,s3://cadcat/histwxstns/HADS/HADS_SPTC2.zarr/
HADS,HADS_SPWC1,s3://cadcat/histwxstns/HADS/HADS_SPWC1.zarr/
HADS,HADS_SPWW4,s3://cadcat/histwxstns/HADS/HADS_SPWW4.zarr/
HADS,HADS_SPXC1,s3://cadcat/histwxstns/HADS/HADS_SPXC1.zarr/
HADS,HADS_SQLW1,s3://cadcat/histwxstns/HADS/HADS_SQLW1.zarr/
HADS,HADS_SQNC1,s3://cadcat/histwxstns/HADS/HADS_SQNC1.zarr/
HADS,HADS_SRAM8,s3://cadcat/histwxstns/HADS/HADS_SRAM8.zarr/
HADS,HADS_SRAW4,s3://cadcat/histwxstns/HADS/HADS_SRAW4.zarr/
HADS,HADS_SRBW1,s3://cadcat/histwxstns/HADS/HADS_SRBW1.zarr/
HADS,HADS_SRCM8,s3://cadcat/histwxstns/HADS/HADS_SRCM8.zarr/
HADS,HADS_SRDW1,s3://cadcat/histwxstns/HADS/HADS_SRDW1.zarr/
HADS,HADS_SRFU1,s3://cadcat/histwxstns/HADS/HADS_SRFU1.zarr/
HADS,HADS_SRGC2,s3://cadcat/histwxstns/HADS/HADS_SRGC2.zarr/
HADS,HADS_SRGM8,s3://cadcat/histwxstns/HADS/HADS_SRGM8.zarr/
HADS,HADS_SRJU1,s3://cadcat/histwxstns/HADS/HADS_SRJU1.zarr/
HADS,HADS_SRKU1,s3://cadcat/histwxstns/HADS/HADS_SRKU1.zarr/
HADS,HADS_SRMO3,s3://cadcat/histwxstns/HADS/HADS_SRMO3.zarr/
HADS,HADS_SRNC1,s3://cadcat/histwxstns/HADS/HADS_SRNC1.zarr/
HADS,HADS_SROW1,s3://cadcat/histwxstns/HADS/HADS_SROW1.zarr/
HADS,HADS_SRSO3,s3://cadcat/histwxstns/HADS/HADS_SRSO3.zarr/
HADS,HADS_SRXU1,s3://cadcat/histwxstns/HADS/HADS_SRXU1.zarr/
HADS,HADS_SSBN2,s3://cadcat/histwxstns/HADS/HADS_SSBN2.zarr/
HADS,HADS_SSFW1,s3://cadcat/histwxstns/HADS/HADS_SSFW1.zarr/
HADS,HADS_SSKW4,s3://cadcat/histwxstns/HADS/HADS_SSKW4.zarr/
HADS,HADS_SSPC2,s3://cadcat/histwxstns/HADS/HADS_SSPC2.zarr/
HADS,HADS_SSPW1,s3://cadcat/histwxstns/HADS/HADS_SSPW1.zarr/
HADS,HADS_SSRW4,s3://cadcat/histwxstns/HADS/HADS_SSRW4.zarr/
HADS,HADS_SSSW1,s3://cadcat/histwxstns/HADS/HADS_SSSW1.zarr/
HADS,HADS_STBA3,s3://cadcat/histwxstns/HADS/HADS_STBA3.zarr/
HADS,HADS_STCW1,s3://cadcat/histwxstns/HADS/HADS_STCW1.zarr/
HADS,HADS_STEN1,s3://cadcat/histwxstns/HADS/HADS_STEN1.zarr/
HADS,HADS_STGS2,s3://cadcat/histwxstns/HADS/HADS_STGS2.zarr/
HADS,HADS_STIM8,s3://cadcat/histwxstns/HADS/HADS_STIM8.zarr/
HADS,HADS_STMC1,s3://cadcat/histwxstns/HADS/HADS_STMC1.zarr/
HADS,HADS_STOW1,s3://cadcat/histwxstns/HADS/HADS_STOW1.zarr/
HADS,HADS_STPC1,s3://cadcat/histwxstns/HADS/HADS_STPC1.zarr/
HADS,HADS_STQC1,s3://cadcat/histwxstns/HADS/HADS_STQC1.zarr/
HADS,HADS_STSM8,s3://cadcat/histwxstns/HADS/HADS_STSM8.zarr/
HADS,HADS_STUS2,s3://cadcat/histwxstns/HADS/HADS_STUS2.zarr/
HADS,HADS_STVC1,s3://cadcat/histwxstns/HADS/HADS_STVC1.zarr/
HADS,HADS_STWC2,s3://cadcat/histwxstns/HADS/HADS_STWC2.zarr/
HADS,HADS_STXC1,s3://cadcat/histwxstns/HADS/HADS_STXC1.zarr/
HADS,HADS_SUFA3,s3://cadcat/histwxstns/HADS/HADS_SUFA3.zarr/
HADS,HADS_SUMM8,s3://cadcat/histwxstns/HADS/HADS_SUMM8.zarr/
HADS,HADS_SUMQ2,s3://cadcat/histwxstns/HADS/HADS_SUMQ2.zarr/
HADS,HADS_SUNS2,s3://cadcat/histwxstns/HADS/HADS_SUNS2.zarr/
HADS,HADS_SUPC1,s3://cadcat/histwxstns/HADS/HADS_SUPC1.zarr/
HADS,HADS_SUPC2,s3://cadcat/histwxstns/HADS/HADS_SUPC2.zarr/
HADS,HADS_SVIA3,s3://cadcat/histwxstns/HADS/HADS_SVIA3.zarr/
HADS,HADS_SVOA3,s3://cadcat/histwxstns/HADS/HADS_SVOA3.zarr/
HADS,HADS_SVPC2,s3://cadcat/histwxstns/HADS/HADS_SVPC2.zarr/
HADS,HADS_SVRN5,s3://cadcat/histwxstns/HADS/HADS_SVRN5.zarr/
HADS,HADS_SWAC1,s3://cadcat/histwxstns/HADS/HADS_SWAC1.zarr/
HADS,HADS_SWAN2,s3://cadcat/histwxstns/HADS/HADS_SWAN2.zarr/
HADS,HADS_SWEW4,s3://cadcat/histwxstns/HADS/HADS_SWEW4.zarr/
HADS,HADS_SWIC1,s3://cadcat/histwxstns/HADS/HADS_SWIC1.zarr/
HADS,HADS_SWLM8,s3://cadcat/histwxstns/HADS/HADS_SWLM8.zarr/
HADS,HADS_SWRW4,s3://cadcat/histwxstns/HADS/HADS_SWRW4.zarr/
HADS,HADS_SWSW4,s3://cadcat/histwxstns/HADS/HADS_SWSW4.zarr/
HADS,HADS_SWVC1,s3://cadcat/histwxstns/HADS/HADS_SWVC1.zarr/
HADS,HADS_SWWW4,s3://cadcat/histwxstns/HADS/HADS_SWWW4.zarr/
HADS,HADS_SXAC1,s3://cadcat/histwxstns/HADS/HADS_SXAC1.zarr/
HADS,HADS_SXXW4,s3://cadcat/histwxstns/HADS/HADS_SXXW4.zarr/
HADS,HADS_SYCA3,s3://cadcat/histwxstns/HADS/HADS_SYCA3.zarr/
HADS,HADS_SYSN2,s3://cadcat/histwxstns/HADS/HADS_SYSN2.zarr/
HADS,HADS_SZSC1,s3://cadcat/histwxstns/HADS/HADS_SZSC1.zarr/
HADS,HADS_TADU1,s3://cadcat/histwxstns/HADS/HADS_TADU1.zarr/
HADS,HADS_TAFN2,s3://cadcat/histwxstns/HADS/HADS_TAFN2.zarr/
HADS,HADS_TAIC2,s3://cadcat/histwxstns/HADS/HADS_TAIC2.zarr/
HADS,HADS_TAPC1,s3://cadcat/histwxstns/HADS/HADS_TAPC1.zarr/
HADS,HADS_TARC2,s3://cadcat/histwxstns/HADS/HADS_TARC2.zarr/
HADS,HADS_TATA3,s3://cadcat/histwxstns/HADS/HADS_TATA3.zarr/
HADS,HADS_TAYC1,s3://cadcat/histwxstns/HADS/HADS_TAYC1.zarr/
HADS,HADS_TAYW1,s3://cadcat/histwxstns/HADS/HADS_TAYW1.zarr/
HADS,HADS_TBAM8,s3://cadcat/histwxstns/HADS/HADS_TBAM8.zarr/
HADS,HADS_TBEC2,s3://cadcat/histwxstns/HADS/HADS_TBEC2.zarr/
HADS,HADS_TBRA3,s3://cadcat/histwxstns/HADS/HADS_TBRA3.zarr/
HADS,HADS_TBRM8,s3://cadcat/histwxstns/HADS/HADS_TBRM8.zarr/
HADS,HADS_TBTC1,s3://cadcat/histwxstns/HADS/HADS_TBTC1.zarr/
HADS,HADS_TCCU1,s3://cadcat/histwxstns/HADS/HADS_TCCU1.zarr/
HADS,HADS_TCCW1,s3://cadcat/histwxstns/HADS/HADS_TCCW1.zarr/
HADS,HADS_TCFC2,s3://cadcat/histwxstns/HADS/HADS_TCFC2.zarr/
HADS,HADS_TCKC2,s3://cadcat/histwxstns/HADS/HADS_TCKC2.zarr/
HADS,HADS_TCKW1,s3://cadcat/histwxstns/HADS/HADS_TCKW1.zarr/
HADS,HADS_TCKW4,s3://cadcat/histwxstns/HADS/HADS_TCKW4.zarr/
HADS,HADS_TCLW1,s3://cadcat/histwxstns/HADS/HADS_TCLW1.zarr/
HADS,HADS_TCNC1,s3://cadcat/histwxstns/HADS/HADS_TCNC1.zarr/
HADS,HADS_TCRC1,s3://cadcat/histwxstns/HADS/HADS_TCRC1.zarr/
HADS,HADS_TDAW1,s3://cadcat/histwxstns/HADS/HADS_TDAW1.zarr/
HADS,HADS_TDFS2,s3://cadcat/histwxstns/HADS/HADS_TDFS2.zarr/
HADS,HADS_TEKC1,s3://cadcat/histwxstns/HADS/HADS_TEKC1.zarr/
HADS,HADS_TEKW1,s3://cadcat/histwxstns/HADS/HADS_TEKW1.zarr/
HADS,HADS_TELC2,s3://cadcat/histwxstns/HADS/HADS_TELC2.zarr/
HADS,HADS_TERC1,s3://cadcat/histwxstns/HADS/HADS_TERC1.zarr/
HADS,HADS_TERC2,s3://cadcat/histwxstns/HADS/HADS_TERC2.zarr/
HADS,HADS_TESC1,s3://cadcat/histwxstns/HADS/HADS_TESC1.zarr/
HADS,HADS_TFAW4,s3://cadcat/histwxstns/HADS/HADS_TFAW4.zarr/
HADS,HADS_TFHA3,s3://cadcat/histwxstns/HADS/HADS_TFHA3.zarr/
HADS,HADS_TFKM8,s3://cadcat/histwxstns/HADS/HADS_TFKM8.zarr/
HADS,HADS_TGCC1,s3://cadcat/histwxstns/HADS/HADS_TGCC1.zarr/
HADS,HADS_TGPI1,s3://cadcat/histwxstns/HADS/HADS_TGPI1.zarr/
HADS,HADS_TGRO3,s3://cadcat/histwxstns/HADS/HADS_TGRO3.zarr/
HADS,HADS_TGSC1,s3://cadcat/histwxstns/HADS/HADS_TGSC1.zarr/
HADS,HADS_THAC1,s3://cadcat/histwxstns/HADS/HADS_THAC1.zarr/
HADS,HADS_THNC1,s3://cadcat/histwxstns/HADS/HADS_THNC1.zarr/
HADS,HADS_THSC1,s3://cadcat/histwxstns/HADS/HADS_THSC1.zarr/
HADS,HADS_THYC1,s3://cadcat/histwxstns/HADS/HADS_THYC1.zarr/
HADS,HADS_TIGC1,s3://cadcat/histwxstns/HADS/HADS_TIGC1.zarr/
HADS,HADS_TIJC1,s3://cadcat/histwxstns/HADS/HADS_TIJC1.zarr/
HADS,HADS_TILO3,s3://cadcat/histwxstns/HADS/HADS_TILO3.zarr/
HADS,HADS_TILW1,s3://cadcat/histwxstns/HADS/HADS_TILW1.zarr/
HADS,HADS_TIMC1,s3://cadcat/histwxstns/HADS/HADS_TIMC1.zarr/
HADS,HADS_TINC2,s3://cadcat/histwxstns/HADS/HADS_TINC2.zarr/
HADS,HADS_TIOC1,s3://cadcat/histwxstns/HADS/HADS_TIOC1.zarr/
HADS,HADS_TIRC1,s3://cadcat/histwxstns/HADS/HADS_TIRC1.zarr/
HADS,HADS_TJCW1,s3://cadcat/histwxstns/HADS/HADS_TJCW1.zarr/
HADS,HADS_TJEN5,s3://cadcat/histwxstns/HADS/HADS_TJEN5.zarr/
HADS,HADS_TLHC1,s3://cadcat/histwxstns/HADS/HADS_TLHC1.zarr/
HADS,HADS_TLMO3,s3://cadcat/histwxstns/HADS/HADS_TLMO3.zarr/
HADS,HADS_TLRW1,s3://cadcat/histwxstns/HADS/HADS_TLRW1.zarr/
HADS,HADS_TMRC1,s3://cadcat/histwxstns/HADS/HADS_TMRC1.zarr/
HADS,HADS_TMRM8,s3://cadcat/histwxstns/HADS/HADS_TMRM8.zarr/
HADS,HADS_TNAW1,s3://cadcat/histwxstns/HADS/HADS_TNAW1.zarr/
HADS,HADS_TNEC1,s3://cadcat/histwxstns/HADS/HADS_TNEC1.zarr/
HADS,HADS_TNFW1,s3://cadcat/histwxstns/HADS/HADS_TNFW1.zarr/
HADS,HADS_TNRA3,s3://cadcat/histwxstns/HADS/HADS_TNRA3.zarr/
HADS,HADS_TNRW1,s3://cadcat/histwxstns/HADS/HADS_TNRW1.zarr/
HADS,HADS_TOPI1,s3://cadcat/histwxstns/HADS/HADS_TOPI1.zarr/
HADS,HADS_TOPW1,s3://cadcat/histwxstns/HADS/HADS_TOPW1.zarr/
HADS,HADS_TOSM8,s3://cadcat/histwxstns/HADS/HADS_TOSM8.zarr/
HADS,HADS_TOTC1,s3://cadcat/histwxstns/HADS/HADS_TOTC1.zarr/
HADS,HADS_TPNC1,s3://cadcat/histwxstns/HADS/HADS_TPNC1.zarr/
HADS,HADS_TRBC2,s3://cadcat/histwxstns/HADS/HADS_TRBC2.zarr/
HADS,HADS_TRBW1,s3://cadcat/histwxstns/HADS/HADS_TRBW1.zarr/
HADS,HADS_TRCC2,s3://cadcat/histwxstns/HADS/HADS_TRCC2.zarr/
HADS,HADS_TRCI1,s3://cadcat/histwxstns/HADS/HADS_TRCI1.zarr/
HADS,HADS_TRCW1,s3://cadcat/histwxstns/HADS/HADS_TRCW1.zarr/
HADS,HADS_TRDN5,s3://cadcat/histwxstns/HADS/HADS_TRDN5.zarr/
HADS,HADS_TRHC1,s3://cadcat/histwxstns/HADS/HADS_TRHC1.zarr/
HADS,HADS_TRQC2,s3://cadcat/histwxstns/HADS/HADS_TRQC2.zarr/
HADS,HADS_TRTC1,s3://cadcat/histwxstns/HADS/HADS_TRTC1.zarr/
HADS,HADS_TRTC2,s3://cadcat/histwxstns/HADS/HADS_TRTC2.zarr/
HADS,HADS_TRWC1,s3://cadcat/histwxstns/HADS/HADS_TRWC1.zarr/
HADS,HADS_TRXC2,s3://cadcat/histwxstns/HADS/HADS_TRXC2.zarr/
HADS,HADS_TRYO3,s3://cadcat/histwxstns/HADS/HADS_TRYO3.zarr/
HADS,HADS_TSDC1,s3://cadcat/histwxstns/HADS/HADS_TSDC1.zarr/
HADS,HADS_TSLA3,s3://cadcat/histwxstns/HADS/HADS_TSLA3.zarr/
HADS,HADS_TTRC1,s3://cadcat/histwxstns/HADS/HADS_TTRC1.zarr/
HADS,HADS_TTRC2,s3://cadcat/histwxstns/HADS/HADS_TTRC2.zarr/
HADS,HADS_TTRN2,s3://cadcat/histwxstns/HADS/HADS_TTRN2.zarr/
HADS,HADS_TTSC1,s3://cadcat/histwxstns/HADS/HADS_TTSC1.zarr/
HADS,HADS_TUCW1,s3://cadcat/histwxstns/HADS/HADS_TUCW1.zarr/
HADS,HADS_TUMC1,s3://cadcat/histwxstns/HADS/HADS_TUMC1.zarr/
HADS,HADS_TUNC1,s3://cadcat/histwxstns/HADS/HADS_TUNC1.zarr/
HADS,HADS_TUNW1,s3://cadcat/histwxstns/HADS/HADS_TUNW1.zarr/
HADS,HADS_TVYC1,s3://cadcat/histwxstns/HADS/HADS_TVYC1.zarr/
HADS,HADS_TWCC1,s3://cadcat/histwxstns/HADS/HADS_TWCC1.zarr/
HADS,HADS_TWIM8,s3://cadcat/histwxstns/HADS/HADS_TWIM8.zarr/
HADS,HADS_TWLC2,s3://cadcat/histwxstns/HADS/HADS_TWLC2.zarr/
HADS,HADS_TWLW4,s3://cadcat/histwxstns/HADS/HADS_TWLW4.zarr/
HADS,HADS_TWRI1,s3://cadcat/histwxstns/HADS/HADS_TWRI1.zarr/
HADS,HADS_TWSC1,s3://cadcat/histwxstns/HADS/HADS_TWSC1.zarr/
HADS,HADS_TWTC2,s3://cadcat/histwxstns/HADS/HADS_TWTC2.zarr/
HADS,HADS_TYLC2,s3://cadcat/histwxstns/HADS/HADS_TYLC2.zarr/
HADS,HADS_TYLN5,s3://cadcat/histwxstns/HADS/HADS_TYLN5.zarr/
HADS,HADS_TYNC1,s3://cadcat/histwxstns/HADS/HADS_TYNC1.zarr/
HADS,HADS_TYRC1,s3://cadcat/histwxstns/HADS/HADS_TYRC1.zarr/
HADS,HADS_TYRC2,s3://cadcat/histwxstns/HADS/HADS_TYRC2.zarr/
HADS,HADS_UBCC1,s3://cadcat/histwxstns/HADS/HADS_UBCC1.zarr/
HADS,HADS_UBCC2,s3://cadcat/histwxstns/HADS/HADS_UBCC2.zarr/
HADS,HADS_UBDW1,s3://cadcat/histwxstns/HADS/HADS_UBDW1.zarr/
HADS,HADS_UBKW1,s3://cadcat/histwxstns/HADS/HADS_UBKW1.zarr/
HADS,HADS_UBLC2,s3://cadcat/histwxstns/HADS/HADS_UBLC2.zarr/
HADS,HADS_UCMC1,s3://cadcat/histwxstns/HADS/HADS_UCMC1.zarr/
HADS,HADS_UDCT2,s3://cadcat/histwxstns/HADS/HADS_UDCT2.zarr/
HADS,HADS_UDGW4,s3://cadcat/histwxstns/HADS/HADS_UDGW4.zarr/
HADS,HADS_UFGC2,s3://cadcat/histwxstns/HADS/HADS_UFGC2.zarr/
HADS,HADS_UKIO3,s3://cadcat/histwxstns/HADS/HADS_UKIO3.zarr/
HADS,HADS_ULMM8,s3://cadcat/histwxstns/HADS/HADS_ULMM8.zarr/
HADS,HADS_ULWM8,s3://cadcat/histwxstns/HADS/HADS_ULWM8.zarr/
HADS,HADS_UMAO3,s3://cadcat/histwxstns/HADS/HADS_UMAO3.zarr/
HADS,HADS_UMMO3,s3://cadcat/histwxstns/HADS/HADS_UMMO3.zarr/
HADS,HADS_UMTC1,s3://cadcat/histwxstns/HADS/HADS_UMTC1.zarr/
HADS,HADS_UMTW1,s3://cadcat/histwxstns/HADS/HADS_UMTW1.zarr/
HADS,HADS_UNRC2,s3://cadcat/histwxstns/HADS/HADS_UNRC2.zarr/
HADS,HADS_UNYO3,s3://cadcat/histwxstns/HADS/HADS_UNYO3.zarr/
HADS,HADS_UOLC2,s3://cadcat/histwxstns/HADS/HADS_UOLC2.zarr/
HADS,HADS_UPBA3,s3://cadcat/histwxstns/HADS/HADS_UPBA3.zarr/
HADS,HADS_UPCS2,s3://cadcat/histwxstns/HADS/HADS_UPCS2.zarr/
HADS,HADS_UQCC2,s3://cadcat/histwxstns/HADS/HADS_UQCC2.zarr/
HADS,HADS_URCC2,s3://cadcat/histwxstns/HADS/HADS_URCC2.zarr/
HADS,HADS_USCM8,s3://cadcat/histwxstns/HADS/HADS_USCM8.zarr/
HADS,HADS_UTPI1,s3://cadcat/histwxstns/HADS/HADS_UTPI1.zarr/
HADS,HADS_UTRC1,s3://cadcat/histwxstns/HADS/HADS_UTRC1.zarr/
HADS,HADS_UWAC2,s3://cadcat/histwxstns/HADS/HADS_UWAC2.zarr/
HADS,HADS_UWIC2,s3://cadcat/histwxstns/HADS/HADS_UWIC2.zarr/
HADS,HADS_UWNC1,s3://cadcat/histwxstns/HADS/HADS_UWNC1.zarr/
HADS,HADS_VAEC1,s3://cadcat/histwxstns/HADS/HADS_VAEC1.zarr/
HADS,HADS_VAUM8,s3://cadcat/histwxstns/HADS/HADS_VAUM8.zarr/
HADS,HADS_VAUN5,s3://cadcat/histwxstns/HADS/HADS_VAUN5.zarr/
HADS,HADS_VAVS2,s3://cadcat/histwxstns/HADS/HADS_VAVS2.zarr/
HADS,HADS_VBMC2,s3://cadcat/histwxstns/HADS/HADS_VBMC2.zarr/
HADS,HADS_VBSC1,s3://cadcat/histwxstns/HADS/HADS_VBSC1.zarr/
HADS,HADS_VBVS2,s3://cadcat/histwxstns/HADS/HADS_VBVS2.zarr/
HADS,HADS_VCDN5,s3://cadcat/histwxstns/HADS/HADS_VCDN5.zarr/
HADS,HADS_VCRC2,s3://cadcat/histwxstns/HADS/HADS_VCRC2.zarr/
HADS,HADS_VCVU1,s3://cadcat/histwxstns/HADS/HADS_VCVU1.zarr/
HADS,HADS_VDCA3,s3://cadcat/histwxstns/HADS/HADS_VDCA3.zarr/
HADS,HADS_VDPA3,s3://cadcat/histwxstns/HADS/HADS_VDPA3.zarr/
HADS,HADS_VDRC1,s3://cadcat/histwxstns/HADS/HADS_VDRC1.zarr/
HADS,HADS_VDSA3,s3://cadcat/histwxstns/HADS/HADS_VDSA3.zarr/
HADS,HADS_VDTA3,s3://cadcat/histwxstns/HADS/HADS_VDTA3.zarr/
HADS,HADS_VEGC2,s3://cadcat/histwxstns/HADS/HADS_VEGC2.zarr/
HADS,HADS_VENC1,s3://cadcat/histwxstns/HADS/HADS_VENC1.zarr/
HADS,HADS_VENO3,s3://cadcat/histwxstns/HADS/HADS_VENO3.zarr/
HADS,HADS_VEVA3,s3://cadcat/histwxstns/HADS/HADS_VEVA3.zarr/
HADS,HADS_VGNC1,s3://cadcat/histwxstns/HADS/HADS_VGNC1.zarr/
HADS,HADS_VGSC1,s3://cadcat/histwxstns/HADS/HADS_VGSC1.zarr/
HADS,HADS_VKOC1,s3://cadcat/histwxstns/HADS/HADS_VKOC1.zarr/
HADS,HADS_VLKC1,s3://cadcat/histwxstns/HADS/HADS_VLKC1.zarr/
HADS,HADS_VLMN2,s3://cadcat/histwxstns/HADS/HADS_VLMN2.zarr/
HADS,HADS_VLPC1,s3://cadcat/histwxstns/HADS/HADS_VLPC1.zarr/
HADS,HADS_VLVI1,s3://cadcat/histwxstns/HADS/HADS_VLVI1.zarr/
HADS,HADS_VLWM8,s3://cadcat/histwxstns/HADS/HADS_VLWM8.zarr/
HADS,HADS_VLYW4,s3://cadcat/histwxstns/HADS/HADS_VLYW4.zarr/
HADS,HADS_VNBC2,s3://cadcat/histwxstns/HADS/HADS_VNBC2.zarr/
HADS,HADS_VNKS2,s3://cadcat/histwxstns/HADS/HADS_VNKS2.zarr/
HADS,HADS_VNRM8,s3://cadcat/histwxstns/HADS/HADS_VNRM8.zarr/
HADS,HADS_VRGM8,s3://cadcat/histwxstns/HADS/HADS_VRGM8.zarr/
HADS,HADS_VRSC1,s3://cadcat/histwxstns/HADS/HADS_VRSC1.zarr/
HADS,HADS_VSPI1,s3://cadcat/histwxstns/HADS/HADS_VSPI1.zarr/
HADS,HADS_VTAC2,s3://cadcat/histwxstns/HADS/HADS_VTAC2.zarr/
HADS,HADS_VVDN2,s3://cadcat/histwxstns/HADS/HADS_VVDN2.zarr/
HADS,HADS_VWLC1,s3://cadcat/histwxstns/HADS/HADS_VWLC1.zarr/
HADS,HADS_WAHI1,s3://cadcat/histwxstns/HADS/HADS_WAHI1.zarr/
HADS,HADS_WAHN2,s3://cadcat/histwxstns/HADS/HADS_WAHN2.zarr/
HADS,HADS_WALW1,s3://cadcat/histwxstns/HADS/HADS_WALW1.zarr/
HADS,HADS_WARO3,s3://cadcat/histwxstns/HADS/HADS_WARO3.zarr/
HADS,HADS_WASS2,s3://cadcat/histwxstns/HADS/HADS_WASS2.zarr/
HADS,HADS_WASW1,s3://cadcat/histwxstns/HADS/HADS_WASW1.zarr/
HADS,HADS_WATC1,s3://cadcat/histwxstns/HADS/HADS_WATC1.zarr/
HADS,HADS_WATU1,s3://cadcat/histwxstns/HADS/HADS_WATU1.zarr/
HADS,HADS_WAXU1,s3://cadcat/histwxstns/HADS/HADS_WAXU1.zarr/
HADS,HADS_WBCA3,s3://cadcat/histwxstns/HADS/HADS_WBCA3.zarr/
HADS,HADS_WBCO3,s3://cadcat/histwxstns/HADS/HADS_WBCO3.zarr/
HADS,HADS_WBGW4,s3://cadcat/histwxstns/HADS/HADS_WBGW4.zarr/
HADS,HADS_WBRW4,s3://cadcat/histwxstns/HADS/HADS_WBRW4.zarr/
HADS,HADS_WBSA3,s3://cadcat/histwxstns/HADS/HADS_WBSA3.zarr/
HADS,HADS_WBVA3,s3://cadcat/histwxstns/HADS/HADS_WBVA3.zarr/
HADS,HADS_WCAC1,s3://cadcat/histwxstns/HADS/HADS_WCAC1.zarr/
HADS,HADS_WCCN5,s3://cadcat/histwxstns/HADS/HADS_WCCN5.zarr/
HADS,HADS_WCEA3,s3://cadcat/histwxstns/HADS/HADS_WCEA3.zarr/
HADS,HADS_WCFC1,s3://cadcat/histwxstns/HADS/HADS_WCFC1.zarr/
HADS,HADS_WCGU1,s3://cadcat/histwxstns/HADS/HADS_WCGU1.zarr/
HADS,HADS_WCHM8,s3://cadcat/histwxstns/HADS/HADS_WCHM8.zarr/
HADS,HADS_WCLA3,s3://cadcat/histwxstns/HADS/HADS_WCLA3.zarr/
HADS,HADS_WCPC1,s3://cadcat/histwxstns/HADS/HADS_WCPC1.zarr/
HADS,HADS_WCPI1,s3://cadcat/histwxstns/HADS/HADS_WCPI1.zarr/
HADS,HADS_WCUC2,s3://cadcat/histwxstns/HADS/HADS_WCUC2.zarr/
HADS,HADS_WDCC2,s3://cadcat/histwxstns/HADS/HADS_WDCC2.zarr/
HADS,HADS_WDHN2,s3://cadcat/histwxstns/HADS/HADS_WDHN2.zarr/
HADS,HADS_WDLW4,s3://cadcat/histwxstns/HADS/HADS_WDLW4.zarr/
HADS,HADS_WDRA3,s3://cadcat/histwxstns/HADS/HADS_WDRA3.zarr/
HADS,HADS_WEBA3,s3://cadcat/histwxstns/HADS/HADS_WEBA3.zarr/
HADS,HADS_WECC2,s3://cadcat/histwxstns/HADS/HADS_WECC2.zarr/
HADS,HADS_WEHC1,s3://cadcat/histwxstns/HADS/HADS_WEHC1.zarr/
HADS,HADS_WEMC1,s3://cadcat/histwxstns/HADS/HADS_WEMC1.zarr/
HADS,HADS_WESC1,s3://cadcat/histwxstns/HADS/HADS_WESC1.zarr/
HADS,HADS_WETC2,s3://cadcat/histwxstns/HADS/HADS_WETC2.zarr/
HADS,HADS_WFBU1,s3://cadcat/histwxstns/HADS/HADS_WFBU1.zarr/
HADS,HADS_WFGN5,s3://cadcat/histwxstns/HADS/HADS_WFGN5.zarr/
HADS,HADS_WFSW1,s3://cadcat/histwxstns/HADS/HADS_WFSW1.zarr/
HADS,HADS_WGLM8,s3://cadcat/histwxstns/HADS/HADS_WGLM8.zarr/
HADS,HADS_WGWC1,s3://cadcat/histwxstns/HADS/HADS_WGWC1.zarr/
HADS,HADS_WHBW4,s3://cadcat/histwxstns/HADS/HADS_WHBW4.zarr/
HADS,HADS_WHIA3,s3://cadcat/histwxstns/HADS/HADS_WHIA3.zarr/
HADS,HADS_WHIW1,s3://cadcat/histwxstns/HADS/HADS_WHIW1.zarr/
HADS,HADS_WHLW1,s3://cadcat/histwxstns/HADS/HADS_WHLW1.zarr/
HADS,HADS_WHLW4,s3://cadcat/histwxstns/HADS/HADS_WHLW4.zarr/
HADS,HADS_WHRU1,s3://cadcat/histwxstns/HADS/HADS_WHRU1.zarr/
HADS,HADS_WHTA3,s3://cadcat/histwxstns/HADS/HADS_WHTA3.zarr/
HADS,HADS_WHTW1,s3://cadcat/histwxstns/HADS/HADS_WHTW1.zarr/
HADS,HADS_WICO3,s3://cadcat/histwxstns/HADS/HADS_WICO3.zarr/
HADS,HADS_WIKA3,s3://cadcat/histwxstns/HADS/HADS_WIKA3.zarr/
HADS,HADS_WIKC2,s3://cadcat/histwxstns/HADS/HADS_WIKC2.zarr/
HADS,HADS_WILC1,s3://cadcat/histwxstns/HADS/HADS_WILC1.zarr/
HADS,HADS_WILS2,s3://cadcat/histwxstns/HADS/HADS_WILS2.zarr/
HADS,HADS_WIMO3,s3://cadcat/histwxstns/HADS/HADS_WIMO3.zarr/
HADS,HADS_WINW1,s3://cadcat/histwxstns/HADS/HADS_WINW1.zarr/
HADS,HADS_WKBW1,s3://cadcat/histwxstns/HADS/HADS_WKBW1.zarr/
HADS,HADS_WKPA3,s3://cadcat/histwxstns/HADS/HADS_WKPA3.zarr/
HADS,HADS_WLBC1,s3://cadcat/histwxstns/HADS/HADS_WLBC1.zarr/
HADS,HADS_WLFW4,s3://cadcat/histwxstns/HADS/HADS_WLFW4.zarr/
HADS,HADS_WLLM8,s3://cadcat/histwxstns/HADS/HADS_WLLM8.zarr/
HADS,HADS_WLLO3,s3://cadcat/histwxstns/HADS/HADS_WLLO3.zarr/
HADS,HADS_WLLW4,s3://cadcat/histwxstns/HADS/HADS_WLLW4.zarr/
HADS,HADS_WMCO3,s3://cadcat/histwxstns/HADS/HADS_WMCO3.zarr/
HADS,HADS_WMOC2,s3://cadcat/histwxstns/HADS/HADS_WMOC2.zarr/
HADS,HADS_WNSC1,s3://cadcat/histwxstns/HADS/HADS_WNSC1.zarr/
HADS,HADS_WNTW4,s3://cadcat/histwxstns/HADS/HADS_WNTW4.zarr/
HADS,HADS_WNWS2,s3://cadcat/histwxstns/HADS/HADS_WNWS2.zarr/
HADS,HADS_WOBU1,s3://cadcat/histwxstns/HADS/HADS_WOBU1.zarr/
HADS,HADS_WODI1,s3://cadcat/histwxstns/HADS/HADS_WODI1.zarr/
HADS,HADS_WOON5,s3://cadcat/histwxstns/HADS/HADS_WOON5.zarr/
HADS,HADS_WOPW4,s3://cadcat/histwxstns/HADS/HADS_WOPW4.zarr/
HADS,HADS_WPSC2,s3://cadcat/histwxstns/HADS/HADS_WPSC2.zarr/
HADS,HADS_WPTM8,s3://cadcat/histwxstns/HADS/HADS_WPTM8.zarr/
HADS,HADS_WRCW1,s3://cadcat/histwxstns/HADS/HADS_WRCW1.zarr/
HADS,HADS_WRCW4,s3://cadcat/histwxstns/HADS/HADS_WRCW4.zarr/
HADS,HADS_WRKC1,s3://cadcat/histwxstns/HADS/HADS_WRKC1.zarr/
HADS,HADS_WRNO3,s3://cadcat/histwxstns/HADS/HADS_WRNO3.zarr/
HADS,HADS_WRSC1,s3://cadcat/histwxstns/HADS/HADS_WRSC1.zarr/
HADS,HADS_WRSU1,s3://cadcat/histwxstns/HADS/HADS_WRSU1.zarr/
HADS,HADS_WRWW1,s3://cadcat/histwxstns/HADS/HADS_WRWW1.zarr/
HADS,HADS_WRXC2,s3://cadcat/histwxstns/HADS/HADS_WRXC2.zarr/
HADS,HADS_WSHC1,s3://cadcat/histwxstns/HADS/HADS_WSHC1.zarr/
HADS,HADS_WSKW1,s3://cadcat/histwxstns/HADS/HADS_WSKW1.zarr/
HADS,HADS_WSLC2,s3://cadcat/histwxstns/HADS/HADS_WSLC2.zarr/
HADS,HADS_WSPC1,s3://cadcat/histwxstns/HADS/HADS_WSPC1.zarr/
HADS,HADS_WSPC2,s3://cadcat/histwxstns/HADS/HADS_WSPC2.zarr/
HADS,HADS_WSVC2,s3://cadcat/histwxstns/HADS/HADS_WSVC2.zarr/
HADS,HADS_WSWM8,s3://cadcat/histwxstns/HADS/HADS_WSWM8.zarr/
HADS,HADS_WTBA3,s3://cadcat/histwxstns/HADS/HADS_WTBA3.zarr/
HADS,HADS_WTLA3,s3://cadcat/histwxstns/HADS/HADS_WTLA3.zarr/
HADS,HADS_WTNW1,s3://cadcat/histwxstns/HADS/HADS_WTNW1.zarr/
HADS,HADS_WTRC1,s3://cadcat/histwxstns/HADS/HADS_WTRC1.zarr/
HADS,HADS_WTRU1,s3://cadcat/histwxstns/HADS/HADS_WTRU1.zarr/
HADS,HADS_WTRW4,s3://cadcat/histwxstns/HADS/HADS_WTRW4.zarr/
HADS,HADS_WTSN5,s3://cadcat/histwxstns/HADS/HADS_WTSN5.zarr/
HADS,HADS_WTSO3,s3://cadcat/histwxstns/HADS/HADS_WTSO3.zarr/
HADS,HADS_WTWS2,s3://cadcat/histwxstns/HADS/HADS_WTWS2.zarr/
HADS,HADS_WUPO3,s3://cadcat/histwxstns/HADS/HADS_WUPO3.zarr/
HADS,HADS_WVAA3,s3://cadcat/histwxstns/HADS/HADS_WVAA3.zarr/
HADS,HADS_WVRN2,s3://cadcat/histwxstns/HADS/HADS_WVRN2.zarr/
HADS,HADS_WWDA3,s3://cadcat/histwxstns/HADS/HADS_WWDA3.zarr/
HADS,HADS_WWEC1,s3://cadcat/histwxstns/HADS/HADS_WWEC1.zarr/
HADS,HADS_WXBC1,s3://cadcat/histwxstns/HADS/HADS_WXBC1.zarr/
HADS,HADS_WXMC1,s3://cadcat/histwxstns/HADS/HADS_WXMC1.zarr/
HADS,HADS_WXSC1,s3://cadcat/histwxstns/HADS/HADS_WXSC1.zarr/
HADS,HADS_WXXW1,s3://cadcat/histwxstns/HADS/HADS_WXXW1.zarr/
HADS,HADS_WYNW1,s3://cadcat/histwxstns/HADS/HADS_WYNW1.zarr/
HADS,HADS_XOAC1,s3://cadcat/histwxstns/HADS/HADS_XOAC1.zarr/
HADS,HADS_XOBC1,s3://cadcat/histwxstns/HADS/HADS_XOBC1.zarr/
HADS,HADS_XOCC1,s3://cadcat/histwxstns/HADS/HADS_XOCC1.zarr/
HADS,HADS_XODC1,s3://cadcat/histwxstns/HADS/HADS_XODC1.zarr/
HADS,HADS_XOEC1,s3://cadcat/histwxstns/HADS/HADS_XOEC1.zarr/
HADS,HADS_XOFC1,s3://cadcat/histwxstns/HADS/HADS_XOFC1.zarr/
HADS,HADS_XOGC1,s3://cadcat/histwxstns/HADS/HADS_XOGC1.zarr/
HADS,HADS_XOHC1,s3://cadcat/histwxstns/HADS/HADS_XOHC1.zarr/
HADS,HADS_XOMC1,s3://cadcat/histwxstns/HADS/HADS_XOMC1.zarr/
HADS,HADS_XONC1,s3://cadcat/histwxstns/HADS/HADS_XONC1.zarr/
HADS,HADS_XORC1,s3://cadcat/histwxstns/HADS/HADS_XORC1.zarr/
HADS,HADS_XTLC1,s3://cadcat/histwxstns/HADS/HADS_XTLC1.zarr/
HADS,HADS_YCAC2,s3://cadcat/histwxstns/HADS/HADS_YCAC2.zarr/
HADS,HADS_YCRC2,s3://cadcat/histwxstns/HADS/HADS_YCRC2.zarr/
HADS,HADS_YHMC2,s3://cadcat/histwxstns/HADS/HADS_YHMC2.zarr/
HADS,HADS_YLAW4,s3://cadcat/histwxstns/HADS/HADS_YLAW4.zarr/
HADS,HADS_YLLU1,s3://cadcat/histwxstns/HADS/HADS_YLLU1.zarr/
HADS,HADS_YOLC1,s3://cadcat/histwxstns/HADS/HADS_YOLC1.zarr/
HADS,HADS_YRGN5,s3://cadcat/histwxstns/HADS/HADS_YRGN5.zarr/
HADS,HADS_YRKC1,s3://cadcat/histwxstns/HADS/HADS_YRKC1.zarr/
HADS,HADS_YRSC2,s3://cadcat/histwxstns/HADS/HADS_YRSC2.zarr/
HADS,HADS_YUBC1,s3://cadcat/histwxstns/HADS/HADS_YUBC1.zarr/
HADS,HADS_YUNW1,s3://cadcat/histwxstns/HADS/HADS_YUNW1.zarr/
HADS,HADS_YWAC1,s3://cadcat/histwxstns/HADS/HADS_YWAC1.zarr/
HADS,HADS_YYVC1,s3://cadcat/histwxstns/HADS/HADS_YYVC1.zarr/
HADS,HADS_ZAMB1,s3://cadcat/histwxstns/HADS/HADS_ZAMB1.zarr/
HADS,HADS_ZENC1,s3://cadcat/histwxstns/HADS/HADS_ZENC1.zarr/
HADS,HADS_ZPCC1,s3://cadcat/histwxstns/HADS/HADS_ZPCC1.zarr/
HADS,HADS_ZZZI1,s3://cadcat/histwxstns/HADS/HADS_ZZZI1.zarr/
HADS,HADS_ZZZW1,s3://cadcat/histwxstns/HADS/HADS_ZZZW1.zarr/
HNXWFO,HNXWFO_AAWC1,s3://cadcat/histwxstns/HNXWFO/HNXWFO_AAWC1.zarr/
HNXWFO,HNXWFO_ABLC1,s3://cadcat/histwxstns/HNXWFO/HNXWFO_ABLC1.zarr/
HNXWFO,HNXWFO_ACHC1,s3://cadcat/histwxstns/HNXWFO/HNXWFO_ACHC1.zarr/
HNXWFO,HNXWFO_ACOC1,s3://cadcat/histwxstns/HNXWFO/HNXWFO_ACOC1.zarr/
HNXWFO,HNXWFO_AHIC1,s3://cadcat/histwxstns/HNXWFO/HNXWFO_AHIC1.zarr/
HNXWFO,HNXWFO_AJMC1,s3://cadcat/histwxstns/HNXWFO/HNXWFO_AJMC1.zarr/
HNXWFO,HNXWFO_ALHC1,s3://cadcat/histwxstns/HNXWFO/HNXWFO_ALHC1.zarr/
HNXWFO,HNXWFO_ALMC1,s3://cadcat/histwxstns/HNXWFO/HNXWFO_ALMC1.zarr/
HNXWFO,HNXWFO_AMNC1,s3://cadcat/histwxstns/HNXWFO/HNXWFO_AMNC1.zarr/
HNXWFO,HNXWFO_AMTC1,s3://cadcat/histwxstns/HNXWFO/HNXWFO_AMTC1.zarr/
HNXWFO,HNXWFO_ARDC1,s3://cadcat/histwxstns/HNXWFO/HNXWFO_ARDC1.zarr/
HNXWFO,HNXWFO_AT285,s3://cadcat/histwxstns/HNXWFO/HNXWFO_AT285.zarr/
HNXWFO,HNXWFO_AT338,s3://cadcat/histwxstns/HNXWFO/HNXWFO_AT338.zarr/
HNXWFO,HNXWFO_AT423,s3://cadcat/histwxstns/HNXWFO/HNXWFO_AT423.zarr/
HNXWFO,HNXWFO_AT565,s3://cadcat/histwxstns/HNXWFO/HNXWFO_AT565.zarr/
HNXWFO,HNXWFO_AT714,s3://cadcat/histwxstns/HNXWFO/HNXWFO_AT714.zarr/
HNXWFO,HNXWFO_AT846,s3://cadcat/histwxstns/HNXWFO/HNXWFO_AT846.zarr/
HNXWFO,HNXWFO_AU172,s3://cadcat/histwxstns/HNXWFO/HNXWFO_AU172.zarr/
HNXWFO,HNXWFO_AU202,s3://cadcat/histwxstns/HNXWFO/HNXWFO_AU202.zarr/
HNXWFO,HNXWFO_AU491,s3://cadcat/histwxstns/HNXWFO/HNXWFO_AU491.zarr/
HNXWFO,HNXWFO_AU562,s3://cadcat/histwxstns/HNXWFO/HNXWFO_AU562.zarr/
HNXWFO,HNXWFO_AU642,s3://cadcat/histwxstns/HNXWFO/HNXWFO_AU642.zarr/
HNXWFO,HNXWFO_AU767,s3://cadcat/histwxstns/HNXWFO/HNXWFO_AU767.zarr/
HNXWFO,HNXWFO_AV022,s3://cadcat/histwxstns/HNXWFO/HNXWFO_AV022.zarr/
HNXWFO,HNXWFO_AV176,s3://cadcat/histwxstns/HNXWFO/HNXWFO_AV176.zarr/
HNXWFO,HNXWFO_AV342,s3://cadcat/histwxstns/HNXWFO/HNXWFO_AV342.zarr/
HNXWFO,HNXWFO_AV552,s3://cadcat/histwxstns/HNXWFO/HNXWFO_AV552.zarr/
HNXWFO,HNXWFO_AWSC1,s3://cadcat/histwxstns/HNXWFO/HNXWFO_AWSC1.zarr/
HOLFUY,HOLFUY_HF001,s3://cadcat/histwxstns/HOLFUY/HOLFUY_HF001.zarr/
HOLFUY,HOLFUY_HF002,s3://cadcat/histwxstns/HOLFUY/HOLFUY_HF002.zarr/
HOLFUY,HOLFUY_HF003,s3://cadcat/histwxstns/HOLFUY/HOLFUY_HF003.zarr/
HOLFUY,HOLFUY_HF004,s3://cadcat/histwxstns/HOLFUY/HOLFUY_HF004.zarr/
HOLFUY,HOLFUY_HF005,s3://cadcat/histwxstns/HOLFUY/HOLFUY_HF005.zarr/
HOLFUY,HOLFUY_HF006,s3://cadcat/histwxstns/HOLFUY/HOLFUY_HF006.zarr/
HOLFUY,HOLFUY_HF007,s3://cadcat/histwxstns/HOLFUY/HOLFUY_HF007.zarr/
HOLFUY,HOLFUY_HF008,s3://cadcat/histwxstns/HOLFUY/HOLFUY_HF008.zarr/
HOLFUY,HOLFUY_HF009,s3://cadcat/histwxstns/HOLFUY/HOLFUY_HF009.zarr/
HOLFUY,HOLFUY_HF010,s3://cadcat/histwxstns/HOLFUY/HOLFUY_HF010.zarr/
HOLFUY,HOLFUY_HF011,s3://cadcat/histwxstns/HOLFUY/HOLFUY_HF011.zarr/
HOLFUY,HOLFUY_HF012,s3://cadcat/histwxstns/HOLFUY/HOLFUY_HF012.zarr/
HPWREN,HPWREN_HP001,s3://cadcat/histwxstns/HPWREN/HPWREN_HP001.zarr/
HPWREN,HPWREN_HP002,s3://cadcat/histwxstns/HPWREN/HPWREN_HP002.zarr/
HPWREN,HPWREN_HP003,s3://cadcat/histwxstns/HPWREN/HPWREN_HP003.zarr/
HPWREN,HPWREN_HP004,s3://cadcat/histwxstns/HPWREN/HPWREN_HP004.zarr/
HPWREN,HPWREN_HP005,s3://cadcat/histwxstns/HPWREN/HPWREN_HP005.zarr/
HPWREN,HPWREN_HP006,s3://cadcat/histwxstns/HPWREN/HPWREN_HP006.zarr/
HPWREN,HPWREN_HP007,s3://cadcat/histwxstns/HPWREN/HPWREN_HP007.zarr/
HPWREN,HPWREN_HP008,s3://cadcat/histwxstns/HPWREN/HPWREN_HP008.zarr/
HPWREN,HPWREN_HP009,s3://cadcat/histwxstns/HPWREN/HPWREN_HP009.zarr/
HPWREN,HPWREN_HP010,s3://cadcat/histwxstns/HPWREN/HPWREN_HP010.zarr/
HPWREN,HPWREN_HP011,s3://cadcat/histwxstns/HPWREN/HPWREN_HP011.zarr/
HPWREN,HPWREN_HP012,s3://cadcat/histwxstns/HPWREN/HPWREN_HP012.zarr/
HPWREN,HPWREN_HP013,s3://cadcat/histwxstns/HPWREN/HPWREN_HP013.zarr/
HPWREN,HPWREN_HP014,s3://cadcat/histwxstns/HPWREN/HPWREN_HP014.zarr/
HPWREN,HPWREN_HP015,s3://cadcat/histwxstns/HPWREN/HPWREN_HP015.zarr/
HPWREN,HPWREN_HP016,s3://cadcat/histwxstns/HPWREN/HPWREN_HP016.zarr/
HPWREN,HPWREN_HP017,s3://cadcat/histwxstns/HPWREN/HPWREN_HP017.zarr/
HPWREN,HPWREN_HP018,s3://cadcat/histwxstns/HPWREN/HPWREN_HP018.zarr/
HPWREN,HPWREN_HP019,s3://cadcat/histwxstns/HPWREN/HPWREN_HP019.zarr/
HPWREN,HPWREN_HP020,s3://cadcat/histwxstns/HPWREN/HPWREN_HP020.zarr/
HPWREN,HPWREN_HP021,s3://cadcat/histwxstns/HPWREN/HPWREN_HP021.zarr/
HPWREN,HPWREN_HP022,s3://cadcat/histwxstns/HPWREN/HPWREN_HP022.zarr/
HPWREN,HPWREN_HP023,s3://cadcat/histwxstns/HPWREN/HPWREN_HP023.zarr/
HPWREN,HPWREN_HP024,s3://cadcat/histwxstns/HPWREN/HPWREN_HP024.zarr/
HPWREN,HPWREN_HP025,s3://cadcat/histwxstns/HPWREN/HPWREN_HP025.zarr/
HPWREN,HPWREN_HP026,s3://cadcat/histwxstns/HPWREN/HPWREN_HP026.zarr/
HPWREN,HPWREN_HP028,s3://cadcat/histwxstns/HPWREN/HPWREN_HP028.zarr/
HPWREN,HPWREN_HP029,s3://cadcat/histwxstns/HPWREN/HPWREN_HP029.zarr/
HPWREN,HPWREN_HP031,s3://cadcat/histwxstns/HPWREN/HPWREN_HP031.zarr/
HPWREN,HPWREN_HP032,s3://cadcat/histwxstns/HPWREN/HPWREN_HP032.zarr/
HPWREN,HPWREN_HP033,s3://cadcat/histwxstns/HPWREN/HPWREN_HP033.zarr/
HPWREN,HPWREN_HP034,s3://cadcat/histwxstns/HPWREN/HPWREN_HP034.zarr/
HPWREN,HPWREN_HP035,s3://cadcat/histwxstns/HPWREN/HPWREN_HP035.zarr/
HPWREN,HPWREN_HP036,s3://cadcat/histwxstns/HPWREN/HPWREN_HP036.zarr/
HPWREN,HPWREN_HP037,s3://cadcat/histwxstns/HPWREN/HPWREN_HP037.zarr/
HPWREN,HPWREN_HP038,s3://cadcat/histwxstns/HPWREN/HPWREN_HP038.zarr/
LOXWFO,LOXWFO_AIDC1,s3://cadcat/histwxstns/LOXWFO/LOXWFO_AIDC1.zarr/
LOXWFO,LOXWFO_AOMC1,s3://cadcat/histwxstns/LOXWFO/LOXWFO_AOMC1.zarr/
LOXWFO,LOXWFO_BCXC1,s3://cadcat/histwxstns/LOXWFO/LOXWFO_BCXC1.zarr/
LOXWFO,LOXWFO_BFXC1,s3://cadcat/histwxstns/LOXWFO/LOXWFO_BFXC1.zarr/
LOXWFO,LOXWFO_CASC1,s3://cadcat/histwxstns/LOXWFO/LOXWFO_CASC1.zarr/
LOXWFO,LOXWFO_CBGC1,s3://cadcat/histwxstns/LOXWFO/LOXWFO_CBGC1.zarr/
LOXWFO,LOXWFO_CRXC1,s3://cadcat/histwxstns/LOXWFO/LOXWFO_CRXC1.zarr/
LOXWFO,LOXWFO_CSUC1,s3://cadcat/histwxstns/LOXWFO/LOXWFO_CSUC1.zarr/
LOXWFO,LOXWFO_CTMC1,s3://cadcat/histwxstns/LOXWFO/LOXWFO_CTMC1.zarr/
LOXWFO,LOXWFO_CWRC1,s3://cadcat/histwxstns/LOXWFO/LOXWFO_CWRC1.zarr/
LOXWFO,LOXWFO_ELAC1,s3://cadcat/histwxstns/LOXWFO/LOXWFO_ELAC1.zarr/
LOXWFO,LOXWFO_FULC1,s3://cadcat/histwxstns/LOXWFO/LOXWFO_FULC1.zarr/
LOXWFO,LOXWFO_GDNC1,s3://cadcat/histwxstns/LOXWFO/LOXWFO_GDNC1.zarr/
LOXWFO,LOXWFO_HANC1,s3://cadcat/histwxstns/LOXWFO/LOXWFO_HANC1.zarr/
LOXWFO,LOXWFO_KIDC1,s3://cadcat/histwxstns/LOXWFO/LOXWFO_KIDC1.zarr/
LOXWFO,LOXWFO_LCPC1,s3://cadcat/histwxstns/LOXWFO/LOXWFO_LCPC1.zarr/
LOXWFO,LOXWFO_LGRC1,s3://cadcat/histwxstns/LOXWFO/LOXWFO_LGRC1.zarr/
LOXWFO,LOXWFO_LOCGP,s3://cadcat/histwxstns/LOXWFO/LOXWFO_LOCGP.zarr/
LOXWFO,LOXWFO_LOJPK,s3://cadcat/histwxstns/LOXWFO/LOXWFO_LOJPK.zarr/
LOXWFO,LOXWFO_LOKC1,s3://cadcat/histwxstns/LOXWFO/LOXWFO_LOKC1.zarr/
LOXWFO,LOXWFO_LOMLS,s3://cadcat/histwxstns/LOXWFO/LOXWFO_LOMLS.zarr/
LOXWFO,LOXWFO_LOOM1,s3://cadcat/histwxstns/LOXWFO/LOXWFO_LOOM1.zarr/
LOXWFO,LOXWFO_LOSMT,s3://cadcat/histwxstns/LOXWFO/LOXWFO_LOSMT.zarr/
LOXWFO,LOXWFO_MLBC1,s3://cadcat/histwxstns/LOXWFO/LOXWFO_MLBC1.zarr/
LOXWFO,LOXWFO_MTBC1,s3://cadcat/histwxstns/LOXWFO/LOXWFO_MTBC1.zarr/
LOXWFO,LOXWFO_MWSC1,s3://cadcat/histwxstns/LOXWFO/LOXWFO_MWSC1.zarr/
LOXWFO,LOXWFO_OJAC1,s3://cadcat/histwxstns/LOXWFO/LOXWFO_OJAC1.zarr/
LOXWFO,LOXWFO_OOSC1,s3://cadcat/histwxstns/LOXWFO/LOXWFO_OOSC1.zarr/
LOXWFO,LOXWFO_OPIC1,s3://cadcat/histwxstns/LOXWFO/LOXWFO_OPIC1.zarr/
LOXWFO,LOXWFO_OX1MB,s3://cadcat/histwxstns/LOXWFO/LOXWFO_OX1MB.zarr/
LOXWFO,LOXWFO_OX1SL,s3://cadcat/histwxstns/LOXWFO/LOXWFO_OX1SL.zarr/
LOXWFO,LOXWFO_OXAHV,s3://cadcat/histwxstns/LOXWFO/LOXWFO_OXAHV.zarr/
LOXWFO,LOXWFO_OXERO,s3://cadcat/histwxstns/LOXWFO/LOXWFO_OXERO.zarr/
LOXWFO,LOXWFO_OXFIG,s3://cadcat/histwxstns/LOXWFO/LOXWFO_OXFIG.zarr/
LOXWFO,LOXWFO_OXL97,s3://cadcat/histwxstns/LOXWFO/LOXWFO_OXL97.zarr/
LOXWFO,LOXWFO_OXLAN,s3://cadcat/histwxstns/LOXWFO/LOXWFO_OXLAN.zarr/
LOXWFO,LOXWFO_OXLBA,s3://cadcat/histwxstns/LOXWFO/LOXWFO_OXLBA.zarr/
LOXWFO,LOXWFO_OXOJI,s3://cadcat/histwxstns/LOXWFO/LOXWFO_OXOJI.zarr/
LOXWFO,LOXWFO_OXSIM,s3://cadcat/histwxstns/LOXWFO/LOXWFO_OXSIM.zarr/
LOXWFO,LOXWFO_OXSMB,s3://cadcat/histwxstns/LOXWFO/LOXWFO_OXSMB.zarr/
LOXWFO,LOXWFO_PULC1,s3://cadcat/histwxstns/LOXWFO/LOXWFO_PULC1.zarr/
LOXWFO,LOXWFO_RSVC1,s3://cadcat/histwxstns/LOXWFO/LOXWFO_RSVC1.zarr/
LOXWFO,LOXWFO_SBTC1,s3://cadcat/histwxstns/LOXWFO/LOXWFO_SBTC1.zarr/
LOXWFO,LOXWFO_SMNC1,s3://cadcat/histwxstns/LOXWFO/LOXWFO_SMNC1.zarr/
LOXWFO,LOXWFO_SRVC1,s3://cadcat/histwxstns/LOXWFO/LOXWFO_SRVC1.zarr/
LOXWFO,LOXWFO_STWC1,s3://cadcat/histwxstns/LOXWFO/LOXWFO_STWC1.zarr/
LOXWFO,LOXWFO_SYTC1,s3://cadcat/histwxstns/LOXWFO/LOXWFO_SYTC1.zarr/
LOXWFO,LOXWFO_TJGC1,s3://cadcat/histwxstns/LOXWFO/LOXWFO_TJGC1.zarr/
LOXWFO,LOXWFO_VTUC1,s3://cadcat/histwxstns/LOXWFO/LOXWFO_VTUC1.zarr/
LOXWFO,LOXWFO_WBPC1,s3://cadcat/histwxstns/LOXWFO/LOXWFO_WBPC1.zarr/
LOXWFO,LOXWFO_WLHC1,s3://cadcat/histwxstns/LOXWFO/LOXWFO_WLHC1.zarr/
LOXWFO,LOXWFO_WMRC1,s3://cadcat/histwxstns/LOXWFO/LOXWFO_WMRC1.zarr/
LOXWFO,LOXWFO_WPCC1,s3://cadcat/histwxstns/LOXWFO/LOXWFO_WPCC1.zarr/
LOXWFO,LOXWFO_YBAC1,s3://cadcat/histwxstns/LOXWFO/LOXWFO_YBAC1.zarr/
MAP,MAP_ACVCA,s3://cadcat/histwxstns/MAP/MAP_ACVCA.zarr/
MAP,MAP_ALZC1,s3://cadcat/histwxstns/MAP/MAP_ALZC1.zarr/
MAP,MAP_ARIC1,s3://cadcat/histwxstns/MAP/MAP_ARIC1.zarr/
MAP,MAP_ARLC1,s3://cadcat/histwxstns/MAP/MAP_ARLC1.zarr/
MAP,MAP_ASTOR,s3://cadcat/histwxstns/MAP/MAP_ASTOR.zarr/
MAP,MAP_BBLCA,s3://cadcat/histwxstns/MAP/MAP_BBLCA.zarr/
MAP,MAP_BCJC1,s3://cadcat/histwxstns/MAP/MAP_BCJC1.zarr/
MAP,MAP_BGDC1,s3://cadcat/histwxstns/MAP/MAP_BGDC1.zarr/
MAP,MAP_BKRCA,s3://cadcat/histwxstns/MAP/MAP_BKRCA.zarr/
MAP,MAP_BLOC1,s3://cadcat/histwxstns/MAP/MAP_BLOC1.zarr/
MAP,MAP_BNAID,s3://cadcat/histwxstns/MAP/MAP_BNAID.zarr/
MAP,MAP_BNVOR,s3://cadcat/histwxstns/MAP/MAP_BNVOR.zarr/
MAP,MAP_BOCAZ,s3://cadcat/histwxstns/MAP/MAP_BOCAZ.zarr/
MAP,MAP_BVECA,s3://cadcat/histwxstns/MAP/MAP_BVECA.zarr/
MAP,MAP_CCXC1,s3://cadcat/histwxstns/MAP/MAP_CCXC1.zarr/
MAP,MAP_CCYCA,s3://cadcat/histwxstns/MAP/MAP_CCYCA.zarr/
MAP,MAP_CDNOR,s3://cadcat/histwxstns/MAP/MAP_CDNOR.zarr/
MAP,MAP_CFCCA,s3://cadcat/histwxstns/MAP/MAP_CFCCA.zarr/
MAP,MAP_CFXC1,s3://cadcat/histwxstns/MAP/MAP_CFXC1.zarr/
MAP,MAP_CIMC1,s3://cadcat/histwxstns/MAP/MAP_CIMC1.zarr/
MAP,MAP_CINC1,s3://cadcat/histwxstns/MAP/MAP_CINC1.zarr/
MAP,MAP_CJLC1,s3://cadcat/histwxstns/MAP/MAP_CJLC1.zarr/
MAP,MAP_CNACA,s3://cadcat/histwxstns/MAP/MAP_CNACA.zarr/
MAP,MAP_COQC1,s3://cadcat/histwxstns/MAP/MAP_COQC1.zarr/
MAP,MAP_CSBOR,s3://cadcat/histwxstns/MAP/MAP_CSBOR.zarr/
MAP,MAP_CZCC1,s3://cadcat/histwxstns/MAP/MAP_CZCC1.zarr/
MAP,MAP_DGSWA,s3://cadcat/histwxstns/MAP/MAP_DGSWA.zarr/
MAP,MAP_DRNNV,s3://cadcat/histwxstns/MAP/MAP_DRNNV.zarr/
MAP,MAP_DSCCA,s3://cadcat/histwxstns/MAP/MAP_DSCCA.zarr/
MAP,MAP_DUCAZ,s3://cadcat/histwxstns/MAP/MAP_DUCAZ.zarr/
MAP,MAP_DYLWA,s3://cadcat/histwxstns/MAP/MAP_DYLWA.zarr/
MAP,MAP_ELGAZ,s3://cadcat/histwxstns/MAP/MAP_ELGAZ.zarr/
MAP,MAP_FBKAZ,s3://cadcat/histwxstns/MAP/MAP_FBKAZ.zarr/
MAP,MAP_FFAC1,s3://cadcat/histwxstns/MAP/MAP_FFAC1.zarr/
MAP,MAP_FKSWA,s3://cadcat/histwxstns/MAP/MAP_FKSWA.zarr/
MAP,MAP_FMSAZ,s3://cadcat/histwxstns/MAP/MAP_FMSAZ.zarr/
MAP,MAP_FOHC1,s3://cadcat/histwxstns/MAP/MAP_FOHC1.zarr/
MAP,MAP_FTHID,s3://cadcat/histwxstns/MAP/MAP_FTHID.zarr/
MAP,MAP_GMPCA,s3://cadcat/histwxstns/MAP/MAP_GMPCA.zarr/
MAP,MAP_GNBCO,s3://cadcat/histwxstns/MAP/MAP_GNBCO.zarr/
MAP,MAP_GSNCA,s3://cadcat/histwxstns/MAP/MAP_GSNCA.zarr/
MAP,MAP_GSWCA,s3://cadcat/histwxstns/MAP/MAP_GSWCA.zarr/
MAP,MAP_GTSNM,s3://cadcat/histwxstns/MAP/MAP_GTSNM.zarr/
MAP,MAP_GYYC1,s3://cadcat/histwxstns/MAP/MAP_GYYC1.zarr/
MAP,MAP_HBGC1,s3://cadcat/histwxstns/MAP/MAP_HBGC1.zarr/
MAP,MAP_HBKCA,s3://cadcat/histwxstns/MAP/MAP_HBKCA.zarr/
MAP,MAP_HCPCA,s3://cadcat/histwxstns/MAP/MAP_HCPCA.zarr/
MAP,MAP_HDMCA,s3://cadcat/histwxstns/MAP/MAP_HDMCA.zarr/
MAP,MAP_HDNCA,s3://cadcat/histwxstns/MAP/MAP_HDNCA.zarr/
MAP,MAP_HMBCA,s3://cadcat/histwxstns/MAP/MAP_HMBCA.zarr/
MAP,MAP_HOPCA,s3://cadcat/histwxstns/MAP/MAP_HOPCA.zarr/
MAP,MAP_HPHC1,s3://cadcat/histwxstns/MAP/MAP_HPHC1.zarr/
MAP,MAP_HYSCA,s3://cadcat/histwxstns/MAP/MAP_HYSCA.zarr/
MAP,MAP_IDPCA,s3://cadcat/histwxstns/MAP/MAP_IDPCA.zarr/
MAP,MAP_JCBCA,s3://cadcat/histwxstns/MAP/MAP_JCBCA.zarr/
MAP,MAP_KLGCA,s3://cadcat/histwxstns/MAP/MAP_KLGCA.zarr/
MAP,MAP_KLHC1,s3://cadcat/histwxstns/MAP/MAP_KLHC1.zarr/
MAP,MAP_KNVCA,s3://cadcat/histwxstns/MAP/MAP_KNVCA.zarr/
MAP,MAP_LCDCA,s3://cadcat/histwxstns/MAP/MAP_LCDCA.zarr/
MAP,MAP_LEGCA,s3://cadcat/histwxstns/MAP/MAP_LEGCA.zarr/
MAP,MAP_LGGC1,s3://cadcat/histwxstns/MAP/MAP_LGGC1.zarr/
MAP,MAP_LGROR,s3://cadcat/histwxstns/MAP/MAP_LGROR.zarr/
MAP,MAP_LKAC1,s3://cadcat/histwxstns/MAP/MAP_LKAC1.zarr/
MAP,MAP_LLBC1,s3://cadcat/histwxstns/MAP/MAP_LLBC1.zarr/
MAP,MAP_LQTCA,s3://cadcat/histwxstns/MAP/MAP_LQTCA.zarr/
MAP,MAP_LSOCA,s3://cadcat/histwxstns/MAP/MAP_LSOCA.zarr/
MAP,MAP_LUSC1,s3://cadcat/histwxstns/MAP/MAP_LUSC1.zarr/
MAP,MAP_LVECA,s3://cadcat/histwxstns/MAP/MAP_LVECA.zarr/
MAP,MAP_LWDCA,s3://cadcat/histwxstns/MAP/MAP_LWDCA.zarr/
MAP,MAP_MCAID,s3://cadcat/histwxstns/MAP/MAP_MCAID.zarr/
MAP,MAP_MCHC1,s3://cadcat/histwxstns/MAP/MAP_MCHC1.zarr/
MAP,MAP_MDTCA,s3://cadcat/histwxstns/MAP/MAP_MDTCA.zarr/
MAP,MAP_MGCCA,s3://cadcat/histwxstns/MAP/MAP_MGCCA.zarr/
MAP,MAP_MIQC1,s3://cadcat/histwxstns/MAP/MAP_MIQC1.zarr/
MAP,MAP_MNTCO,s3://cadcat/histwxstns/MAP/MAP_MNTCO.zarr/
MAP,MAP_MTACA,s3://cadcat/histwxstns/MAP/MAP_MTACA.zarr/
MAP,MAP_NDNCA,s3://cadcat/histwxstns/MAP/MAP_NDNCA.zarr/
MAP,MAP_NERCA,s3://cadcat/histwxstns/MAP/MAP_NERCA.zarr/
MAP,MAP_NPSCA,s3://cadcat/histwxstns/MAP/MAP_NPSCA.zarr/
MAP,MAP_NVCCA,s3://cadcat/histwxstns/MAP/MAP_NVCCA.zarr/
MAP,MAP_OCLCA,s3://cadcat/histwxstns/MAP/MAP_OCLCA.zarr/
MAP,MAP_OCRCA,s3://cadcat/histwxstns/MAP/MAP_OCRCA.zarr/
MAP,MAP_OMMCA,s3://cadcat/histwxstns/MAP/MAP_OMMCA.zarr/
MAP,MAP_ONSCA,s3://cadcat/histwxstns/MAP/MAP_ONSCA.zarr/
MAP,MAP_ORKCA,s3://cadcat/histwxstns/MAP/MAP_ORKCA.zarr/
MAP,MAP_OTCOR,s3://cadcat/histwxstns/MAP/MAP_OTCOR.zarr/
MAP,MAP_OTHOR,s3://cadcat/histwxstns/MAP/MAP_OTHOR.zarr/
MAP,MAP_OVECA,s3://cadcat/histwxstns/MAP/MAP_OVECA.zarr/
MAP,MAP_OVLCA,s3://cadcat/histwxstns/MAP/MAP_OVLCA.zarr/
MAP,MAP_PCKCA,s3://cadcat/histwxstns/MAP/MAP_PCKCA.zarr/
MAP,MAP_PFDCA,s3://cadcat/histwxstns/MAP/MAP_PFDCA.zarr/
MAP,MAP_PLDCA,s3://cadcat/histwxstns/MAP/MAP_PLDCA.zarr/
MAP,MAP_POVCA,s3://cadcat/histwxstns/MAP/MAP_POVCA.zarr/
MAP,MAP_PRVCA,s3://cadcat/histwxstns/MAP/MAP_PRVCA.zarr/
MAP,MAP_PTSCA,s3://cadcat/histwxstns/MAP/MAP_PTSCA.zarr/
MAP,MAP_PVCCA,s3://cadcat/histwxstns/MAP/MAP_PVCCA.zarr/
MAP,MAP_PVEOR,s3://cadcat/histwxstns/MAP/MAP_PVEOR.zarr/
MAP,MAP_PVKC1,s3://cadcat/histwxstns/MAP/MAP_PVKC1.zarr/
MAP,MAP_PVLCO,s3://cadcat/histwxstns/MAP/MAP_PVLCO.zarr/
MAP,MAP_PVWCA,s3://cadcat/histwxstns/MAP/MAP_PVWCA.zarr/
MAP,MAP_RDHWA,s3://cadcat/histwxstns/MAP/MAP_RDHWA.zarr/
MAP,MAP_RFECO,s3://cadcat/histwxstns/MAP/MAP_RFECO.zarr/
MAP,MAP_RJYCO,s3://cadcat/histwxstns/MAP/MAP_RJYCO.zarr/
MAP,MAP_RNOC1,s3://cadcat/histwxstns/MAP/MAP_RNOC1.zarr/
MAP,MAP_RSLOR,s3://cadcat/histwxstns/MAP/MAP_RSLOR.zarr/
MAP,MAP_RVECA,s3://cadcat/histwxstns/MAP/MAP_RVECA.zarr/
MAP,MAP_RVNCA,s3://cadcat/histwxstns/MAP/MAP_RVNCA.zarr/
MAP,MAP_RVWCA,s3://cadcat/histwxstns/MAP/MAP_RVWCA.zarr/
MAP,MAP_RZAC1,s3://cadcat/histwxstns/MAP/MAP_RZAC1.zarr/
MAP,MAP_SBACA,s3://cadcat/histwxstns/MAP/MAP_SBACA.zarr/
MAP,MAP_SBOCA,s3://cadcat/histwxstns/MAP/MAP_SBOCA.zarr/
MAP,MAP_SERCA,s3://cadcat/histwxstns/MAP/MAP_SERCA.zarr/
MAP,MAP_SFEC1,s3://cadcat/histwxstns/MAP/MAP_SFEC1.zarr/
MAP,MAP_SFRWA,s3://cadcat/histwxstns/MAP/MAP_SFRWA.zarr/
MAP,MAP_SGSCA,s3://cadcat/histwxstns/MAP/MAP_SGSCA.zarr/
MAP,MAP_SIQC1,s3://cadcat/histwxstns/MAP/MAP_SIQC1.zarr/
MAP,MAP_SKFC1,s3://cadcat/histwxstns/MAP/MAP_SKFC1.zarr/
MAP,MAP_SKGC1,s3://cadcat/histwxstns/MAP/MAP_SKGC1.zarr/
MAP,MAP_SKGCO,s3://cadcat/histwxstns/MAP/MAP_SKGCO.zarr/
MAP,MAP_SLRCA,s3://cadcat/histwxstns/MAP/MAP_SLRCA.zarr/
MAP,MAP_SMSCA,s3://cadcat/histwxstns/MAP/MAP_SMSCA.zarr/
MAP,MAP_SMTCA,s3://cadcat/histwxstns/MAP/MAP_SMTCA.zarr/
MAP,MAP_SPRAZ,s3://cadcat/histwxstns/MAP/MAP_SPRAZ.zarr/
MAP,MAP_SPVCA,s3://cadcat/histwxstns/MAP/MAP_SPVCA.zarr/
MAP,MAP_SSHOR,s3://cadcat/histwxstns/MAP/MAP_SSHOR.zarr/
MAP,MAP_STDCA,s3://cadcat/histwxstns/MAP/MAP_STDCA.zarr/
MAP,MAP_STMCA,s3://cadcat/histwxstns/MAP/MAP_STMCA.zarr/
MAP,MAP_TCICA,s3://cadcat/histwxstns/MAP/MAP_TCICA.zarr/
MAP,MAP_TDEOR,s3://cadcat/histwxstns/MAP/MAP_TDEOR.zarr/
MAP,MAP_VDJCA,s3://cadcat/histwxstns/MAP/MAP_VDJCA.zarr/
MAP,MAP_WCAOR,s3://cadcat/histwxstns/MAP/MAP_WCAOR.zarr/
MAP,MAP_WCCCA,s3://cadcat/histwxstns/MAP/MAP_WCCCA.zarr/
MAP,MAP_WDCCA,s3://cadcat/histwxstns/MAP/MAP_WDCCA.zarr/
MAP,MAP_WDLCA,s3://cadcat/histwxstns/MAP/MAP_WDLCA.zarr/
MAP,MAP_WLTC1,s3://cadcat/histwxstns/MAP/MAP_WLTC1.zarr/
MAP,MAP_WRPOR,s3://cadcat/histwxstns/MAP/MAP_WRPOR.zarr/
MAP,MAP_WSEAZ,s3://cadcat/histwxstns/MAP/MAP_WSEAZ.zarr/
MAP,MAP_WVVCA,s3://cadcat/histwxstns/MAP/MAP_WVVCA.zarr/
MARITIME,MARITIME_AAMC1,s3://cadcat/histwxstns/MARITIME/MARITIME_AAMC1.zarr/
MARITIME,MARITIME_AGXC1,s3://cadcat/histwxstns/MARITIME/MARITIME_AGXC1.zarr/
MARITIME,MARITIME_ANVC1,s3://cadcat/histwxstns/MARITIME/MARITIME_ANVC1.zarr/
MARITIME,MARITIME_ASTO3,s3://cadcat/histwxstns/MARITIME/MARITIME_ASTO3.zarr/
MARITIME,MARITIME_BAXC1,s3://cadcat/histwxstns/MARITIME/MARITIME_BAXC1.zarr/
MARITIME,MARITIME_BMTW1,s3://cadcat/histwxstns/MARITIME/MARITIME_BMTW1.zarr/
MARITIME,MARITIME_CARO3,s3://cadcat/histwxstns/MARITIME/MARITIME_CARO3.zarr/
MARITIME,MARITIME_CECC1,s3://cadcat/histwxstns/MARITIME/MARITIME_CECC1.zarr/
MARITIME,MARITIME_CHAO3,s3://cadcat/histwxstns/MARITIME/MARITIME_CHAO3.zarr/
MARITIME,MARITIME_CHYW1,s3://cadcat/histwxstns/MARITIME/MARITIME_CHYW1.zarr/
MARITIME,MARITIME_CPMW1,s3://cadcat/histwxstns/MARITIME/MARITIME_CPMW1.zarr/
MARITIME,MARITIME_CPNW1,s3://cadcat/histwxstns/MARITIME/MARITIME_CPNW1.zarr/
MARITIME,MARITIME_CPXC1,s3://cadcat/histwxstns/MARITIME/MARITIME_CPXC1.zarr/
MARITIME,MARITIME_DESW1,s3://cadcat/histwxstns/MARITIME/MARITIME_DESW1.zarr/
MARITIME,MARITIME_DMNO3,s3://cadcat/histwxstns/MARITIME/MARITIME_DMNO3.zarr/
MARITIME,MARITIME_DPXC1,s3://cadcat/histwxstns/MARITIME/MARITIME_DPXC1.zarr/
MARITIME,MARITIME_EBSW1,s3://cadcat/histwxstns/MARITIME/MARITIME_EBSW1.zarr/
MARITIME,MARITIME_FRDW1,s3://cadcat/histwxstns/MARITIME/MARITIME_FRDW1.zarr/
MARITIME,MARITIME_FTPC1,s3://cadcat/histwxstns/MARITIME/MARITIME_FTPC1.zarr/
MARITIME,MARITIME_HBYC1,s3://cadcat/histwxstns/MARITIME/MARITIME_HBYC1.zarr/
MARITIME,MARITIME_HRVC1,s3://cadcat/histwxstns/MARITIME/MARITIME_HRVC1.zarr/
MARITIME,MARITIME_ICAC1,s3://cadcat/histwxstns/MARITIME/MARITIME_ICAC1.zarr/
MARITIME,MARITIME_IIWC1,s3://cadcat/histwxstns/MARITIME/MARITIME_IIWC1.zarr/
MARITIME,MARITIME_LAPW1,s3://cadcat/histwxstns/MARITIME/MARITIME_LAPW1.zarr/
MARITIME,MARITIME_LJAC1,s3://cadcat/histwxstns/MARITIME/MARITIME_LJAC1.zarr/
MARITIME,MARITIME_LJPC1,s3://cadcat/histwxstns/MARITIME/MARITIME_LJPC1.zarr/
MARITIME,MARITIME_LNDC1,s3://cadcat/histwxstns/MARITIME/MARITIME_LNDC1.zarr/
MARITIME,MARITIME_LOPW1,s3://cadcat/histwxstns/MARITIME/MARITIME_LOPW1.zarr/
MARITIME,MARITIME_LPOI1,s3://cadcat/histwxstns/MARITIME/MARITIME_LPOI1.zarr/
MARITIME,MARITIME_MEYC1,s3://cadcat/histwxstns/MARITIME/MARITIME_MEYC1.zarr/
MARITIME,MARITIME_MLSC1,s3://cadcat/histwxstns/MARITIME/MARITIME_MLSC1.zarr/
MARITIME,MARITIME_MLTO3,s3://cadcat/histwxstns/MARITIME/MARITIME_MLTO3.zarr/
MARITIME,MARITIME_MZXC1,s3://cadcat/histwxstns/MARITIME/MARITIME_MZXC1.zarr/
MARITIME,MARITIME_NBBA3,s3://cadcat/histwxstns/MARITIME/MARITIME_NBBA3.zarr/
MARITIME,MARITIME_NEAW1,s3://cadcat/histwxstns/MARITIME/MARITIME_NEAW1.zarr/
MARITIME,MARITIME_NJLC1,s3://cadcat/histwxstns/MARITIME/MARITIME_NJLC1.zarr/
MARITIME,MARITIME_NLMA3,s3://cadcat/histwxstns/MARITIME/MARITIME_NLMA3.zarr/
MARITIME,MARITIME_NTBC1,s3://cadcat/histwxstns/MARITIME/MARITIME_NTBC1.zarr/
MARITIME,MARITIME_NWPO3,s3://cadcat/histwxstns/MARITIME/MARITIME_NWPO3.zarr/
MARITIME,MARITIME_OBXC1,s3://cadcat/histwxstns/MARITIME/MARITIME_OBXC1.zarr/
MARITIME,MARITIME_OHBC1,s3://cadcat/histwxstns/MARITIME/MARITIME_OHBC1.zarr/
MARITIME,MARITIME_OKXC1,s3://cadcat/histwxstns/MARITIME/MARITIME_OKXC1.zarr/
MARITIME,MARITIME_OMHC1,s3://cadcat/histwxstns/MARITIME/MARITIME_OMHC1.zarr/
MARITIME,MARITIME_PCOC1,s3://cadcat/histwxstns/MARITIME/MARITIME_PCOC1.zarr/
MARITIME,MARITIME_PFDC1,s3://cadcat/histwxstns/MARITIME/MARITIME_PFDC1.zarr/
MARITIME,MARITIME_PFXC1,s3://cadcat/histwxstns/MARITIME/MARITIME_PFXC1.zarr/
MARITIME,MARITIME_PORO3,s3://cadcat/histwxstns/MARITIME/MARITIME_PORO3.zarr/
MARITIME,MARITIME_PPXC1,s3://cadcat/histwxstns/MARITIME/MARITIME_PPXC1.zarr/
MARITIME,MARITIME_PRJC1,s3://cadcat/histwxstns/MARITIME/MARITIME_PRJC1.zarr/
MARITIME,MARITIME_PRYC1,s3://cadcat/histwxstns/MARITIME/MARITIME_PRYC1.zarr/
MARITIME,MARITIME_PSBC1,s3://cadcat/histwxstns/MARITIME/MARITIME_PSBC1.zarr/
MARITIME,MARITIME_PSLC1,s3://cadcat/histwxstns/MARITIME/MARITIME_PSLC1.zarr/
MARITIME,MARITIME_PSXC1,s3://cadcat/histwxstns/MARITIME/MARITIME_PSXC1.zarr/
MARITIME,MARITIME_PTAC1,s3://cadcat/histwxstns/MARITIME/MARITIME_PTAC1.zarr/
MARITIME,MARITIME_PTAW1,s3://cadcat/histwxstns/MARITIME/MARITIME_PTAW1.zarr/
MARITIME,MARITIME_PTGC1,s3://cadcat/histwxstns/MARITIME/MARITIME_PTGC1.zarr/
MARITIME,MARITIME_PTWW1,s3://cadcat/histwxstns/MARITIME/MARITIME_PTWW1.zarr/
MARITIME,MARITIME_PXAC1,s3://cadcat/histwxstns/MARITIME/MARITIME_PXAC1.zarr/
MARITIME,MARITIME_PXOC1,s3://cadcat/histwxstns/MARITIME/MARITIME_PXOC1.zarr/
MARITIME,MARITIME_PXSC1,s3://cadcat/histwxstns/MARITIME/MARITIME_PXSC1.zarr/
MARITIME,MARITIME_RCMC1,s3://cadcat/histwxstns/MARITIME/MARITIME_RCMC1.zarr/
MARITIME,MARITIME_RTYC1,s3://cadcat/histwxstns/MARITIME/MARITIME_RTYC1.zarr/
MARITIME,MARITIME_SBBN2,s3://cadcat/histwxstns/MARITIME/MARITIME_SBBN2.zarr/
MARITIME,MARITIME_SBEO3,s3://cadcat/histwxstns/MARITIME/MARITIME_SBEO3.zarr/
MARITIME,MARITIME_SDBC1,s3://cadcat/histwxstns/MARITIME/MARITIME_SDBC1.zarr/
MARITIME,MARITIME_SISW1,s3://cadcat/histwxstns/MARITIME/MARITIME_SISW1.zarr/
MARITIME,MARITIME_SLMN2,s3://cadcat/histwxstns/MARITIME/MARITIME_SLMN2.zarr/
MARITIME,MARITIME_TCMW1,s3://cadcat/histwxstns/MARITIME/MARITIME_TCMW1.zarr/
MARITIME,MARITIME_TCNW1,s3://cadcat/histwxstns/MARITIME/MARITIME_TCNW1.zarr/
MARITIME,MARITIME_TIBC1,s3://cadcat/histwxstns/MARITIME/MARITIME_TIBC1.zarr/
MARITIME,MARITIME_TLBO3,s3://cadcat/histwxstns/MARITIME/MARITIME_TLBO3.zarr/
MARITIME,MARITIME_TOKW1,s3://cadcat/histwxstns/MARITIME/MARITIME_TOKW1.zarr/
MARITIME,MARITIME_TPXA2,s3://cadcat/histwxstns/MARITIME/MARITIME_TPXA2.zarr/
MARITIME,MARITIME_TTIW1,s3://cadcat/histwxstns/MARITIME/MARITIME_TTIW1.zarr/
MARITIME,MARITIME_UPBC1,s3://cadcat/histwxstns/MARITIME/MARITIME_UPBC1.zarr/
MARITIME,MARITIME_VBBA3,s3://cadcat/histwxstns/MARITIME/MARITIME_VBBA3.zarr/
MARITIME,MARITIME_WPOW1,s3://cadcat/histwxstns/MARITIME/MARITIME_WPOW1.zarr/
MARITIME,MARITIME_WPTW1,s3://cadcat/histwxstns/MARITIME/MARITIME_WPTW1.zarr/
MTRWFO,MTRWFO_AISC1,s3://cadcat/histwxstns/MTRWFO/MTRWFO_AISC1.zarr/
MTRWFO,MTRWFO_BADC1,s3://cadcat/histwxstns/MTRWFO/MTRWFO_BADC1.zarr/
MTRWFO,MTRWFO_BINC1,s3://cadcat/histwxstns/MTRWFO/MTRWFO_BINC1.zarr/
MTRWFO,MTRWFO_GGBC1,s3://cadcat/histwxstns/MTRWFO/MTRWFO_GGBC1.zarr/
MTRWFO,MTRWFO_GOHC1,s3://cadcat/histwxstns/MTRWFO/MTRWFO_GOHC1.zarr/
MTRWFO,MTRWFO_KDGC1,s3://cadcat/histwxstns/MTRWFO/MTRWFO_KDGC1.zarr/
MTRWFO,MTRWFO_LKLC1,s3://cadcat/histwxstns/MTRWFO/MTRWFO_LKLC1.zarr/
MTRWFO,MTRWFO_LRCC1,s3://cadcat/histwxstns/MTRWFO/MTRWFO_LRCC1.zarr/
MTRWFO,MTRWFO_LRNC1,s3://cadcat/histwxstns/MTRWFO/MTRWFO_LRNC1.zarr/
MTRWFO,MTRWFO_MKZC1,s3://cadcat/histwxstns/MTRWFO/MTRWFO_MKZC1.zarr/
MTRWFO,MTRWFO_MVNC1,s3://cadcat/histwxstns/MTRWFO/MTRWFO_MVNC1.zarr/
MTRWFO,MTRWFO_NRMC1,s3://cadcat/histwxstns/MTRWFO/MTRWFO_NRMC1.zarr/
MTRWFO,MTRWFO_OAMC1,s3://cadcat/histwxstns/MTRWFO/MTRWFO_OAMC1.zarr/
MTRWFO,MTRWFO_PHAC1,s3://cadcat/histwxstns/MTRWFO/MTRWFO_PHAC1.zarr/
MTRWFO,MTRWFO_PPCC1,s3://cadcat/histwxstns/MTRWFO/MTRWFO_PPCC1.zarr/
MTRWFO,MTRWFO_PREC1,s3://cadcat/histwxstns/MTRWFO/MTRWFO_PREC1.zarr/
MTRWFO,MTRWFO_QSGC1,s3://cadcat/histwxstns/MTRWFO/MTRWFO_QSGC1.zarr/
MTRWFO,MTRWFO_RWCC1,s3://cadcat/histwxstns/MTRWFO/MTRWFO_RWCC1.zarr/
MTRWFO,MTRWFO_SARC1,s3://cadcat/histwxstns/MTRWFO/MTRWFO_SARC1.zarr/
MTRWFO,MTRWFO_SNYC1,s3://cadcat/histwxstns/MTRWFO/MTRWFO_SNYC1.zarr/
MTRWFO,MTRWFO_SPRC1,s3://cadcat/histwxstns/MTRWFO/MTRWFO_SPRC1.zarr/
MTRWFO,MTRWFO_USVC1,s3://cadcat/histwxstns/MTRWFO/MTRWFO_USVC1.zarr/
MTRWFO,MTRWFO_WBXC1,s3://cadcat/histwxstns/MTRWFO/MTRWFO_WBXC1.zarr/
MTRWFO,MTRWFO_WLAC1,s3://cadcat/histwxstns/MTRWFO/MTRWFO_WLAC1.zarr/
MTRWFO,MTRWFO_XOIC1,s3://cadcat/histwxstns/MTRWFO/MTRWFO_XOIC1.zarr/
NCAWOS,NCAWOS_09CA,s3://cadcat/histwxstns/NCAWOS/NCAWOS_09CA.zarr/
NCAWOS,NCAWOS_2CN4,s3://cadcat/histwxstns/NCAWOS/NCAWOS_2CN4.zarr/
NCAWOS,NCAWOS_3CO4,s3://cadcat/histwxstns/NCAWOS/NCAWOS_3CO4.zarr/
NCAWOS,NCAWOS_AZ82,s3://cadcat/histwxstns/NCAWOS/NCAWOS_AZ82.zarr/
NCAWOS,NCAWOS_CA37,s3://cadcat/histwxstns/NCAWOS/NCAWOS_CA37.zarr/
NCAWOS,NCAWOS_CN01,s3://cadcat/histwxstns/NCAWOS/NCAWOS_CN01.zarr/
NCAWOS,NCAWOS_CO82,s3://cadcat/histwxstns/NCAWOS/NCAWOS_CO82.zarr/
NCAWOS,NCAWOS_DUC9,s3://cadcat/histwxstns/NCAWOS/NCAWOS_DUC9.zarr/
NCAWOS,NCAWOS_EDGE,s3://cadcat/histwxstns/NCAWOS/NCAWOS_EDGE.zarr/
NCAWOS,NCAWOS_K3S4,s3://cadcat/histwxstns/NCAWOS/NCAWOS_K3S4.zarr/
NCAWOS,NCAWOS_K49B,s3://cadcat/histwxstns/NCAWOS/NCAWOS_K49B.zarr/
NCAWOS,NCAWOS_K6K5,s3://cadcat/histwxstns/NCAWOS/NCAWOS_K6K5.zarr/
NCAWOS,NCAWOS_K6V4,s3://cadcat/histwxstns/NCAWOS/NCAWOS_K6V4.zarr/
NCAWOS,NCAWOS_K74S,s3://cadcat/histwxstns/NCAWOS/NCAWOS_K74S.zarr/
NCAWOS,NCAWOS_K8V7,s3://cadcat/histwxstns/NCAWOS/NCAWOS_K8V7.zarr/
NCAWOS,NCAWOS_KAPV,s3://cadcat/histwxstns/NCAWOS/NCAWOS_KAPV.zarr/
NCAWOS,NCAWOS_KEFC,s3://cadcat/histwxstns/NCAWOS/NCAWOS_KEFC.zarr/
NCAWOS,NCAWOS_KHES,s3://cadcat/histwxstns/NCAWOS/NCAWOS_KHES.zarr/
NCAWOS,NCAWOS_KHSR,s3://cadcat/histwxstns/NCAWOS/NCAWOS_KHSR.zarr/
NCAWOS,NCAWOS_KHWQ,s3://cadcat/histwxstns/NCAWOS/NCAWOS_KHWQ.zarr/
NCAWOS,NCAWOS_KLLR,s3://cadcat/histwxstns/NCAWOS/NCAWOS_KLLR.zarr/
NCAWOS,NCAWOS_KO19,s3://cadcat/histwxstns/NCAWOS/NCAWOS_KO19.zarr/
NCAWOS,NCAWOS_KO43,s3://cadcat/histwxstns/NCAWOS/NCAWOS_KO43.zarr/
NCAWOS,NCAWOS_KO57,s3://cadcat/histwxstns/NCAWOS/NCAWOS_KO57.zarr/
NCAWOS,NCAWOS_KQAV,s3://cadcat/histwxstns/NCAWOS/NCAWOS_KQAV.zarr/
NCAWOS,NCAWOS_KQMG,s3://cadcat/histwxstns/NCAWOS/NCAWOS_KQMG.zarr/
NCAWOS,NCAWOS_KREI,s3://cadcat/histwxstns/NCAWOS/NCAWOS_KREI.zarr/
NCAWOS,NCAWOS_KS03,s3://cadcat/histwxstns/NCAWOS/NCAWOS_KS03.zarr/
NCAWOS,NCAWOS_KS10,s3://cadcat/histwxstns/NCAWOS/NCAWOS_KS10.zarr/
NCAWOS,NCAWOS_KSPZ,s3://cadcat/histwxstns/NCAWOS/NCAWOS_KSPZ.zarr/
NCAWOS,NCAWOS_KTNP,s3://cadcat/histwxstns/NCAWOS/NCAWOS_KTNP.zarr/
NCAWOS,NCAWOS_KU76,s3://cadcat/histwxstns/NCAWOS/NCAWOS_KU76.zarr/
NCAWOS,NCAWOS_MKIYK,s3://cadcat/histwxstns/NCAWOS/NCAWOS_MKIYK.zarr/
NCAWOS,NCAWOS_O889,s3://cadcat/histwxstns/NCAWOS/NCAWOS_O889.zarr/
NCAWOS,NCAWOS_S599,s3://cadcat/histwxstns/NCAWOS/NCAWOS_S599.zarr/
NDBC,NDBC_46010,s3://cadcat/histwxstns/NDBC/NDBC_46010.zarr/
NDBC,NDBC_46011,s3://cadcat/histwxstns/NDBC/NDBC_46011.zarr/
NDBC,NDBC_46012,s3://cadcat/histwxstns/NDBC/NDBC_46012.zarr/
NDBC,NDBC_46013,s3://cadcat/histwxstns/NDBC/NDBC_46013.zarr/
NDBC,NDBC_46014,s3://cadcat/histwxstns/NDBC/NDBC_46014.zarr/
NDBC,NDBC_46015,s3://cadcat/histwxstns/NDBC/NDBC_46015.zarr/
NDBC,NDBC_46022,s3://cadcat/histwxstns/NDBC/NDBC_46022.zarr/
NDBC,NDBC_46023,s3://cadcat/histwxstns/NDBC/NDBC_46023.zarr/
NDBC,NDBC_46024,s3://cadcat/histwxstns/NDBC/NDBC_46024.zarr/
NDBC,NDBC_46025,s3://cadcat/histwxstns/NDBC/NDBC_46025.zarr/
NDBC,NDBC_46026,s3://cadcat/histwxstns/NDBC/NDBC_46026.zarr/
NDBC,NDBC_46027,s3://cadcat/histwxstns/NDBC/NDBC_46027.zarr/
NDBC,NDBC_46028,s3://cadcat/histwxstns/NDBC/NDBC_46028.zarr/
NDBC,NDBC_46029,s3://cadcat/histwxstns/NDBC/NDBC_46029.zarr/
NDBC,NDBC_46030,s3://cadcat/histwxstns/NDBC/NDBC_46030.zarr/
NDBC,NDBC_46038,s3://cadcat/histwxstns/NDBC/NDBC_46038.zarr/
NDBC,NDBC_46039,s3://cadcat/histwxstns/NDBC/NDBC_46039.zarr/
NDBC,NDBC_46040,s3://cadcat/histwxstns/NDBC/NDBC_46040.zarr/
NDBC,NDBC_46041,s3://cadcat/histwxstns/NDBC/NDBC_46041.zarr/
NDBC,NDBC_46042,s3://cadcat/histwxstns/NDBC/NDBC_46042.zarr/
NDBC,NDBC_46043,s3://cadcat/histwxstns/NDBC/NDBC_46043.zarr/
NDBC,NDBC_46044,s3://cadcat/histwxstns/NDBC/NDBC_46044.zarr/
NDBC,NDBC_46045,s3://cadcat/histwxstns/NDBC/NDBC_46045.zarr/
NDBC,NDBC_46047,s3://cadcat/histwxstns/NDBC/NDBC_46047.zarr/
NDBC,NDBC_46048,s3://cadcat/histwxstns/NDBC/NDBC_46048.zarr/
NDBC,NDBC_46050,s3://cadcat/histwxstns/NDBC/NDBC_46050.zarr/
NDBC,NDBC_46051,s3://cadcat/histwxstns/NDBC/NDBC_46051.zarr/
NDBC,NDBC_46053,s3://cadcat/histwxstns/NDBC/NDBC_46053.zarr/
NDBC,NDBC_46054,s3://cadcat/histwxstns/NDBC/NDBC_46054.zarr/
NDBC,NDBC_46062,s3://cadcat/histwxstns/NDBC/NDBC_46062.zarr/
NDBC,NDBC_46063,s3://cadcat/histwxstns/NDBC/NDBC_46063.zarr/
NDBC,NDBC_46069,s3://cadcat/histwxstns/NDBC/NDBC_46069.zarr/
NDBC,NDBC_46086,s3://cadcat/histwxstns/NDBC/NDBC_46086.zarr/
NDBC,NDBC_46087,s3://cadcat/histwxstns/NDBC/NDBC_46087.zarr/
NDBC,NDBC_46088,s3://cadcat/histwxstns/NDBC/NDBC_46088.zarr/
NDBC,NDBC_46089,s3://cadcat/histwxstns/NDBC/NDBC_46089.zarr/
NDBC,NDBC_46091,s3://cadcat/histwxstns/NDBC/NDBC_46091.zarr/
NDBC,NDBC_46092,s3://cadcat/histwxstns/NDBC/NDBC_46092.zarr/
NDBC,NDBC_46093,s3://cadcat/histwxstns/NDBC/NDBC_46093.zarr/
NDBC,NDBC_46094,s3://cadcat/histwxstns/NDBC/NDBC_46094.zarr/
NDBC,NDBC_46096,s3://cadcat/histwxstns/NDBC/NDBC_46096.zarr/
NDBC,NDBC_46097,s3://cadcat/histwxstns/NDBC/NDBC_46097.zarr/
NDBC,NDBC_46098,s3://cadcat/histwxstns/NDBC/NDBC_46098.zarr/
NDBC,NDBC_46099,s3://cadcat/histwxstns/NDBC/NDBC_46099.zarr/
NDBC,NDBC_46100,s3://cadcat/histwxstns/NDBC/NDBC_46100.zarr/
NDBC,NDBC_46109,s3://cadcat/histwxstns/NDBC/NDBC_46109.zarr/
NDBC,NDBC_46110,s3://cadcat/histwxstns/NDBC/NDBC_46110.zarr/
NDBC,NDBC_46111,s3://cadcat/histwxstns/NDBC/NDBC_46111.zarr/
NDBC,NDBC_46112,s3://cadcat/histwxstns/NDBC/NDBC_46112.zarr/
NDBC,NDBC_46113,s3://cadcat/histwxstns/NDBC/NDBC_46113.zarr/
NDBC,NDBC_46118,s3://cadcat/histwxstns/NDBC/NDBC_46118.zarr/
NDBC,NDBC_46119,s3://cadcat/histwxstns/NDBC/NDBC_46119.zarr/
NDBC,NDBC_46120,s3://cadcat/histwxstns/NDBC/NDBC_46120.zarr/
NDBC,NDBC_46121,s3://cadcat/histwxstns/NDBC/NDBC_46121.zarr/
NDBC,NDBC_46125,s3://cadcat/histwxstns/NDBC/NDBC_46125.zarr/
NDBC,NDBC_46127,s3://cadcat/histwxstns/NDBC/NDBC_46127.zarr/
NDBC,NDBC_46128,s3://cadcat/histwxstns/NDBC/NDBC_46128.zarr/
NDBC,NDBC_46131,s3://cadcat/histwxstns/NDBC/NDBC_46131.zarr/
NDBC,NDBC_46132,s3://cadcat/histwxstns/NDBC/NDBC_46132.zarr/
NDBC,NDBC_46134,s3://cadcat/histwxstns/NDBC/NDBC_46134.zarr/
NDBC,NDBC_46145,s3://cadcat/histwxstns/NDBC/NDBC_46145.zarr/
NDBC,NDBC_46146,s3://cadcat/histwxstns/NDBC/NDBC_46146.zarr/
NDBC,NDBC_46147,s3://cadcat/histwxstns/NDBC/NDBC_46147.zarr/
NDBC,NDBC_46181,s3://cadcat/histwxstns/NDBC/NDBC_46181.zarr/
NDBC,NDBC_46183,s3://cadcat/histwxstns/NDBC/NDBC_46183.zarr/
NDBC,NDBC_46185,s3://cadcat/histwxstns/NDBC/NDBC_46185.zarr/
NDBC,NDBC_46204,s3://cadcat/histwxstns/NDBC/NDBC_46204.zarr/
NDBC,NDBC_46206,s3://cadcat/histwxstns/NDBC/NDBC_46206.zarr/
NDBC,NDBC_46207,s3://cadcat/histwxstns/NDBC/NDBC_46207.zarr/
NDBC,NDBC_46208,s3://cadcat/histwxstns/NDBC/NDBC_46208.zarr/
NDBC,NDBC_46233,s3://cadcat/histwxstns/NDBC/NDBC_46233.zarr/
NDBC,NDBC_46235,s3://cadcat/histwxstns/NDBC/NDBC_46235.zarr/
NDBC,NDBC_46237,s3://cadcat/histwxstns/NDBC/NDBC_46237.zarr/
NDBC,NDBC_46254,s3://cadcat/histwxstns/NDBC/NDBC_46254.zarr/
NDBC,NDBC_46266,s3://cadcat/histwxstns/NDBC/NDBC_46266.zarr/
NDBC,NDBC_46268,s3://cadcat/histwxstns/NDBC/NDBC_46268.zarr/
NDBC,NDBC_46269,s3://cadcat/histwxstns/NDBC/NDBC_46269.zarr/
NDBC,NDBC_46273,s3://cadcat/histwxstns/NDBC/NDBC_46273.zarr/
NDBC,NDBC_46274,s3://cadcat/histwxstns/NDBC/NDBC_46274.zarr/
NOS-NWLON,NOS-NWLON_AAMC1,s3://cadcat/histwxstns/NOS-NWLON/NOS-NWLON_AAMC1.zarr/
NOS-NWLON,NOS-NWLON_ANVC1,s3://cadcat/histwxstns/NOS-NWLON/NOS-NWLON_ANVC1.zarr/
NOS-NWLON,NOS-NWLON_ASTO3,s3://cadcat/histwxstns/NOS-NWLON/NOS-NWLON_ASTO3.zarr/
NOS-NWLON,NOS-NWLON_CA052,s3://cadcat/histwxstns/NOS-NWLON/NOS-NWLON_CA052.zarr/
NOS-NWLON,NOS-NWLON_CECC1,s3://cadcat/histwxstns/NOS-NWLON/NOS-NWLON_CECC1.zarr/
NOS-NWLON,NOS-NWLON_CHAO3,s3://cadcat/histwxstns/NOS-NWLON/NOS-NWLON_CHAO3.zarr/
NOS-NWLON,NOS-NWLON_CHYW1,s3://cadcat/histwxstns/NOS-NWLON/NOS-NWLON_CHYW1.zarr/
NOS-NWLON,NOS-NWLON_EBSW1,s3://cadcat/histwxstns/NOS-NWLON/NOS-NWLON_EBSW1.zarr/
NOS-NWLON,NOS-NWLON_FRDW1,s3://cadcat/histwxstns/NOS-NWLON/NOS-NWLON_FRDW1.zarr/
NOS-NWLON,NOS-NWLON_FTPC1,s3://cadcat/histwxstns/NOS-NWLON/NOS-NWLON_FTPC1.zarr/
NOS-NWLON,NOS-NWLON_HBYC1,s3://cadcat/histwxstns/NOS-NWLON/NOS-NWLON_HBYC1.zarr/
NOS-NWLON,NOS-NWLON_HRVC1,s3://cadcat/histwxstns/NOS-NWLON/NOS-NWLON_HRVC1.zarr/
NOS-NWLON,NOS-NWLON_ICAC1,s3://cadcat/histwxstns/NOS-NWLON/NOS-NWLON_ICAC1.zarr/
NOS-NWLON,NOS-NWLON_IIWC1,s3://cadcat/histwxstns/NOS-NWLON/NOS-NWLON_IIWC1.zarr/
NOS-NWLON,NOS-NWLON_LAPW1,s3://cadcat/histwxstns/NOS-NWLON/NOS-NWLON_LAPW1.zarr/
NOS-NWLON,NOS-NWLON_LJAC1,s3://cadcat/histwxstns/NOS-NWLON/NOS-NWLON_LJAC1.zarr/
NOS-NWLON,NOS-NWLON_LOPW1,s3://cadcat/histwxstns/NOS-NWLON/NOS-NWLON_LOPW1.zarr/
NOS-NWLON,NOS-NWLON_MTYC1,s3://cadcat/histwxstns/NOS-NWLON/NOS-NWLON_MTYC1.zarr/
NOS-NWLON,NOS-NWLON_NEAW1,s3://cadcat/histwxstns/NOS-NWLON/NOS-NWLON_NEAW1.zarr/
NOS-NWLON,NOS-NWLON_NTBC1,s3://cadcat/histwxstns/NOS-NWLON/NOS-NWLON_NTBC1.zarr/
NOS-NWLON,NOS-NWLON_OHBC1,s3://cadcat/histwxstns/NOS-NWLON/NOS-NWLON_OHBC1.zarr/
NOS-NWLON,NOS-NWLON_PCOC1,s3://cadcat/histwxstns/NOS-NWLON/NOS-NWLON_PCOC1.zarr/
NOS-NWLON,NOS-NWLON_PORO3,s3://cadcat/histwxstns/NOS-NWLON/NOS-NWLON_PORO3.zarr/
NOS-NWLON,NOS-NWLON_PRYC1,s3://cadcat/histwxstns/NOS-NWLON/NOS-NWLON_PRYC1.zarr/
NOS-NWLON,NOS-NWLON_PSLC1,s3://cadcat/histwxstns/NOS-NWLON/NOS-NWLON_PSLC1.zarr/
NOS-NWLON,NOS-NWLON_PTAW1,s3://cadcat/histwxstns/NOS-NWLON/NOS-NWLON_PTAW1.zarr/
NOS-NWLON,NOS-NWLON_PTWW1,s3://cadcat/histwxstns/NOS-NWLON/NOS-NWLON_PTWW1.zarr/
NOS-NWLON,NOS-NWLON_SBEO3,s3://cadcat/histwxstns/NOS-NWLON/NOS-NWLON_SBEO3.zarr/
NOS-NWLON,NOS-NWLON_SDBC1,s3://cadcat/histwxstns/NOS-NWLON/NOS-NWLON_SDBC1.zarr/
NOS-NWLON,NOS-NWLON_TLBO3,s3://cadcat/histwxstns/NOS-NWLON/NOS-NWLON_TLBO3.zarr/
NOS-NWLON,NOS-NWLON_TOKW1,s3://cadcat/histwxstns/NOS-NWLON/NOS-NWLON_TOKW1.zarr/
NOS-NWLON,NOS-NWLON_WPTW1,s3://cadcat/histwxstns/NOS-NWLON/NOS-NWLON_WPTW1.zarr/
NOS-PORTS,NOS-PORTS_AGXC1,s3://cadcat/histwxstns/NOS-PORTS/NOS-PORTS_AGXC1.zarr/
NOS-PORTS,NOS-PORTS_BAXC1,s3://cadcat/histwxstns/NOS-PORTS/NOS-PORTS_BAXC1.zarr/
NOS-PORTS,NOS-PORTS_DPXC1,s3://cadcat/histwxstns/NOS-PORTS/NOS-PORTS_DPXC1.zarr/
NOS-PORTS,NOS-PORTS_LNDC1,s3://cadcat/histwxstns/NOS-PORTS/NOS-PORTS_LNDC1.zarr/
NOS-PORTS,NOS-PORTS_MZXC1,s3://cadcat/histwxstns/NOS-PORTS/NOS-PORTS_MZXC1.zarr/
NOS-PORTS,NOS-PORTS_NP157,s3://cadcat/histwxstns/NOS-PORTS/NOS-PORTS_NP157.zarr/
NOS-PORTS,NOS-PORTS_OKXC1,s3://cadcat/histwxstns/NOS-PORTS/NOS-PORTS_OKXC1.zarr/
NOS-PORTS,NOS-PORTS_OMHC1,s3://cadcat/histwxstns/NOS-PORTS/NOS-PORTS_OMHC1.zarr/
NOS-PORTS,NOS-PORTS_PFDC1,s3://cadcat/histwxstns/NOS-PORTS/NOS-PORTS_PFDC1.zarr/
NOS-PORTS,NOS-PORTS_PFXC1,s3://cadcat/histwxstns/NOS-PORTS/NOS-PORTS_PFXC1.zarr/
NOS-PORTS,NOS-PORTS_PPXC1,s3://cadcat/histwxstns/NOS-PORTS/NOS-PORTS_PPXC1.zarr/
NOS-PORTS,NOS-PORTS_PRJC1,s3://cadcat/histwxstns/NOS-PORTS/NOS-PORTS_PRJC1.zarr/
NOS-PORTS,NOS-PORTS_PSBC1,s3://cadcat/histwxstns/NOS-PORTS/NOS-PORTS_PSBC1.zarr/
NOS-PORTS,NOS-PORTS_PSXC1,s3://cadcat/histwxstns/NOS-PORTS/NOS-PORTS_PSXC1.zarr/
NOS-PORTS,NOS-PORTS_PXAC1,s3://cadcat/histwxstns/NOS-PORTS/NOS-PORTS_PXAC1.zarr/
NOS-PORTS,NOS-PORTS_PXOC1,s3://cadcat/histwxstns/NOS-PORTS/NOS-PORTS_PXOC1.zarr/
NOS-PORTS,NOS-PORTS_RCMC1,s3://cadcat/histwxstns/NOS-PORTS/NOS-PORTS_RCMC1.zarr/
NOS-PORTS,NOS-PORTS_RTYC1,s3://cadcat/histwxstns/NOS-PORTS/NOS-PORTS_RTYC1.zarr/
NOS-PORTS,NOS-PORTS_TCMW1,s3://cadcat/histwxstns/NOS-PORTS/NOS-PORTS_TCMW1.zarr/
NOS-PORTS,NOS-PORTS_TCNW1,s3://cadcat/histwxstns/NOS-PORTS/NOS-PORTS_TCNW1.zarr/
NOS-PORTS,NOS-PORTS_UPBC1,s3://cadcat/histwxstns/NOS-PORTS/NOS-PORTS_UPBC1.zarr/
OtherISD,OtherISD_69002093218,s3://cadcat/histwxstns/OtherISD/OtherISD_69002093218.zarr/
OtherISD,OtherISD_69002099999,s3://cadcat/histwxstns/OtherISD/OtherISD_69002099999.zarr/
OtherISD,OtherISD_69014093101,s3://cadcat/histwxstns/OtherISD/OtherISD_69014093101.zarr/
OtherISD,OtherISD_69015093121,s3://cadcat/histwxstns/OtherISD/OtherISD_69015093121.zarr/
OtherISD,OtherISD_69015099999,s3://cadcat/histwxstns/OtherISD/OtherISD_69015099999.zarr/
OtherISD,OtherISD_69017099999,s3://cadcat/histwxstns/OtherISD/OtherISD_69017099999.zarr/
OtherISD,OtherISD_69017499999,s3://cadcat/histwxstns/OtherISD/OtherISD_69017499999.zarr/
OtherISD,OtherISD_69024099999,s3://cadcat/histwxstns/OtherISD/OtherISD_69024099999.zarr/
OtherISD,OtherISD_69032099999,s3://cadcat/histwxstns/OtherISD/OtherISD_69032099999.zarr/
OtherISD,OtherISD_69033099999,s3://cadcat/histwxstns/OtherISD/OtherISD_69033099999.zarr/
OtherISD,OtherISD_69236499999,s3://cadcat/histwxstns/OtherISD/OtherISD_69236499999.zarr/
OtherISD,OtherISD_72004699999,s3://cadcat/histwxstns/OtherISD/OtherISD_72004699999.zarr/
OtherISD,OtherISD_72005999999,s3://cadcat/histwxstns/OtherISD/OtherISD_72005999999.zarr/
OtherISD,OtherISD_72012999999,s3://cadcat/histwxstns/OtherISD/OtherISD_72012999999.zarr/
OtherISD,OtherISD_72020299999,s3://cadcat/histwxstns/OtherISD/OtherISD_72020299999.zarr/
OtherISD,OtherISD_72026799999,s3://cadcat/histwxstns/OtherISD/OtherISD_72026799999.zarr/
OtherISD,OtherISD_72027299999,s3://cadcat/histwxstns/OtherISD/OtherISD_72027299999.zarr/
OtherISD,OtherISD_72032299999,s3://cadcat/histwxstns/OtherISD/OtherISD_72032299999.zarr/
OtherISD,OtherISD_72032999999,s3://cadcat/histwxstns/OtherISD/OtherISD_72032999999.zarr/
OtherISD,OtherISD_72034599999,s3://cadcat/histwxstns/OtherISD/OtherISD_72034599999.zarr/
OtherISD,OtherISD_72036599999,s3://cadcat/histwxstns/OtherISD/OtherISD_72036599999.zarr/
OtherISD,OtherISD_72038799999,s3://cadcat/histwxstns/OtherISD/OtherISD_72038799999.zarr/
OtherISD,OtherISD_72040699999,s3://cadcat/histwxstns/OtherISD/OtherISD_72040699999.zarr/
OtherISD,OtherISD_72042499999,s3://cadcat/histwxstns/OtherISD/OtherISD_72042499999.zarr/
OtherISD,OtherISD_72051699999,s3://cadcat/histwxstns/OtherISD/OtherISD_72051699999.zarr/
OtherISD,OtherISD_72051899999,s3://cadcat/histwxstns/OtherISD/OtherISD_72051899999.zarr/
OtherISD,OtherISD_72051999999,s3://cadcat/histwxstns/OtherISD/OtherISD_72051999999.zarr/
OtherISD,OtherISD_72052803064,s3://cadcat/histwxstns/OtherISD/OtherISD_72052803064.zarr/
OtherISD,OtherISD_72053499999,s3://cadcat/histwxstns/OtherISD/OtherISD_72053499999.zarr/
OtherISD,OtherISD_72053699999,s3://cadcat/histwxstns/OtherISD/OtherISD_72053699999.zarr/
OtherISD,OtherISD_72055199999,s3://cadcat/histwxstns/OtherISD/OtherISD_72055199999.zarr/
OtherISD,OtherISD_72056299999,s3://cadcat/histwxstns/OtherISD/OtherISD_72056299999.zarr/
OtherISD,OtherISD_72056599999,s3://cadcat/histwxstns/OtherISD/OtherISD_72056599999.zarr/
OtherISD,OtherISD_72056999999,s3://cadcat/histwxstns/OtherISD/OtherISD_72056999999.zarr/
OtherISD,OtherISD_72057299999,s3://cadcat/histwxstns/OtherISD/OtherISD_72057299999.zarr/
OtherISD,OtherISD_72061999999,s3://cadcat/histwxstns/OtherISD/OtherISD_72061999999.zarr/
OtherISD,OtherISD_72064199999,s3://cadcat/histwxstns/OtherISD/OtherISD_72064199999.zarr/
OtherISD,OtherISD_72064299999,s3://cadcat/histwxstns/OtherISD/OtherISD_72064299999.zarr/
OtherISD,OtherISD_72064499999,s3://cadcat/histwxstns/OtherISD/OtherISD_72064499999.zarr/
OtherISD,OtherISD_72065299999,s3://cadcat/histwxstns/OtherISD/OtherISD_72065299999.zarr/
OtherISD,OtherISD_72067599999,s3://cadcat/histwxstns/OtherISD/OtherISD_72067599999.zarr/
OtherISD,OtherISD_72068199999,s3://cadcat/histwxstns/OtherISD/OtherISD_72068199999.zarr/
OtherISD,OtherISD_72068499999,s3://cadcat/histwxstns/OtherISD/OtherISD_72068499999.zarr/
OtherISD,OtherISD_72068799999,s3://cadcat/histwxstns/OtherISD/OtherISD_72068799999.zarr/
OtherISD,OtherISD_72072499999,s3://cadcat/histwxstns/OtherISD/OtherISD_72072499999.zarr/
OtherISD,OtherISD_72074799999,s3://cadcat/histwxstns/OtherISD/OtherISD_72074799999.zarr/
OtherISD,OtherISD_72075999999,s3://cadcat/histwxstns/OtherISD/OtherISD_72075999999.zarr/
OtherISD,OtherISD_72083799999,s3://cadcat/histwxstns/OtherISD/OtherISD_72083799999.zarr/
OtherISD,OtherISD_72084499999,s3://cadcat/histwxstns/OtherISD/OtherISD_72084499999.zarr/
OtherISD,OtherISD_72092299999,s3://cadcat/histwxstns/OtherISD/OtherISD_72092299999.zarr/
OtherISD,OtherISD_72095299999,s3://cadcat/histwxstns/OtherISD/OtherISD_72095299999.zarr/
OtherISD,OtherISD_72096399999,s3://cadcat/histwxstns/OtherISD/OtherISD_72096399999.zarr/
OtherISD,OtherISD_72096999999,s3://cadcat/histwxstns/OtherISD/OtherISD_72096999999.zarr/
OtherISD,OtherISD_72097199999,s3://cadcat/histwxstns/OtherISD/OtherISD_72097199999.zarr/
OtherISD,OtherISD_72098799999,s3://cadcat/histwxstns/OtherISD/OtherISD_72098799999.zarr/
OtherISD,OtherISD_72098999999,s3://cadcat/histwxstns/OtherISD/OtherISD_72098999999.zarr/
OtherISD,OtherISD_72099199999,s3://cadcat/histwxstns/OtherISD/OtherISD_72099199999.zarr/
OtherISD,OtherISD_72099299999,s3://cadcat/histwxstns/OtherISD/OtherISD_72099299999.zarr/
OtherISD,OtherISD_72099399999,s3://cadcat/histwxstns/OtherISD/OtherISD_72099399999.zarr/
OtherISD,OtherISD_72099499999,s3://cadcat/histwxstns/OtherISD/OtherISD_72099499999.zarr/
OtherISD,OtherISD_72099599999,s3://cadcat/histwxstns/OtherISD/OtherISD_72099599999.zarr/
OtherISD,OtherISD_72099699999,s3://cadcat/histwxstns/OtherISD/OtherISD_72099699999.zarr/
OtherISD,OtherISD_72099799999,s3://cadcat/histwxstns/OtherISD/OtherISD_72099799999.zarr/
OtherISD,OtherISD_72099899999,s3://cadcat/histwxstns/OtherISD/OtherISD_72099899999.zarr/
OtherISD,OtherISD_72099999999,s3://cadcat/histwxstns/OtherISD/OtherISD_72099999999.zarr/
OtherISD,OtherISD_72100199999,s3://cadcat/histwxstns/OtherISD/OtherISD_72100199999.zarr/
OtherISD,OtherISD_72100299999,s3://cadcat/histwxstns/OtherISD/OtherISD_72100299999.zarr/
OtherISD,OtherISD_72100399999,s3://cadcat/histwxstns/OtherISD/OtherISD_72100399999.zarr/
OtherISD,OtherISD_72100499999,s3://cadcat/histwxstns/OtherISD/OtherISD_72100499999.zarr/
OtherISD,OtherISD_72100599999,s3://cadcat/histwxstns/OtherISD/OtherISD_72100599999.zarr/
OtherISD,OtherISD_72100699999,s3://cadcat/histwxstns/OtherISD/OtherISD_72100699999.zarr/
OtherISD,OtherISD_72100799999,s3://cadcat/histwxstns/OtherISD/OtherISD_72100799999.zarr/
OtherISD,OtherISD_72100899999,s3://cadcat/histwxstns/OtherISD/OtherISD_72100899999.zarr/
OtherISD,OtherISD_72100999999,s3://cadcat/histwxstns/OtherISD/OtherISD_72100999999.zarr/
OtherISD,OtherISD_72103699999,s3://cadcat/histwxstns/OtherISD/OtherISD_72103699999.zarr/
OtherISD,OtherISD_72206199999,s3://cadcat/histwxstns/OtherISD/OtherISD_72206199999.zarr/
OtherISD,OtherISD_72209699999,s3://cadcat/histwxstns/OtherISD/OtherISD_72209699999.zarr/
OtherISD,OtherISD_72210199999,s3://cadcat/histwxstns/OtherISD/OtherISD_72210199999.zarr/
OtherISD,OtherISD_72214299999,s3://cadcat/histwxstns/OtherISD/OtherISD_72214299999.zarr/
OtherISD,OtherISD_72215599999,s3://cadcat/histwxstns/OtherISD/OtherISD_72215599999.zarr/
OtherISD,OtherISD_72220399999,s3://cadcat/histwxstns/OtherISD/OtherISD_72220399999.zarr/
OtherISD,OtherISD_72220899999,s3://cadcat/histwxstns/OtherISD/OtherISD_72220899999.zarr/
OtherISD,OtherISD_72233399999,s3://cadcat/histwxstns/OtherISD/OtherISD_72233399999.zarr/
OtherISD,OtherISD_72267699999,s3://cadcat/histwxstns/OtherISD/OtherISD_72267699999.zarr/
OtherISD,OtherISD_72267799999,s3://cadcat/histwxstns/OtherISD/OtherISD_72267799999.zarr/
OtherISD,OtherISD_72267899999,s3://cadcat/histwxstns/OtherISD/OtherISD_72267899999.zarr/
OtherISD,OtherISD_72268399999,s3://cadcat/histwxstns/OtherISD/OtherISD_72268399999.zarr/
OtherISD,OtherISD_72268599999,s3://cadcat/histwxstns/OtherISD/OtherISD_72268599999.zarr/
OtherISD,OtherISD_72268623008,s3://cadcat/histwxstns/OtherISD/OtherISD_72268623008.zarr/
OtherISD,OtherISD_72268699999,s3://cadcat/histwxstns/OtherISD/OtherISD_72268699999.zarr/
OtherISD,OtherISD_72268893034,s3://cadcat/histwxstns/OtherISD/OtherISD_72268893034.zarr/
OtherISD,OtherISD_72268899999,s3://cadcat/histwxstns/OtherISD/OtherISD_72268899999.zarr/
OtherISD,OtherISD_72268999999,s3://cadcat/histwxstns/OtherISD/OtherISD_72268999999.zarr/
OtherISD,OtherISD_72269399999,s3://cadcat/histwxstns/OtherISD/OtherISD_72269399999.zarr/
OtherISD,OtherISD_72269599999,s3://cadcat/histwxstns/OtherISD/OtherISD_72269599999.zarr/
OtherISD,OtherISD_72270499999,s3://cadcat/histwxstns/OtherISD/OtherISD_72270499999.zarr/
OtherISD,OtherISD_72271099999,s3://cadcat/histwxstns/OtherISD/OtherISD_72271099999.zarr/
OtherISD,OtherISD_72272093026,s3://cadcat/histwxstns/OtherISD/OtherISD_72272093026.zarr/
OtherISD,OtherISD_72272099999,s3://cadcat/histwxstns/OtherISD/OtherISD_72272099999.zarr/
OtherISD,OtherISD_72272599999,s3://cadcat/histwxstns/OtherISD/OtherISD_72272599999.zarr/
OtherISD,OtherISD_72272899999,s3://cadcat/histwxstns/OtherISD/OtherISD_72272899999.zarr/
OtherISD,OtherISD_72273099999,s3://cadcat/histwxstns/OtherISD/OtherISD_72273099999.zarr/
OtherISD,OtherISD_72273593026,s3://cadcat/histwxstns/OtherISD/OtherISD_72273593026.zarr/
OtherISD,OtherISD_72274399999,s3://cadcat/histwxstns/OtherISD/OtherISD_72274399999.zarr/
OtherISD,OtherISD_72274523109,s3://cadcat/histwxstns/OtherISD/OtherISD_72274523109.zarr/
OtherISD,OtherISD_72274599999,s3://cadcat/histwxstns/OtherISD/OtherISD_72274599999.zarr/
OtherISD,OtherISD_72274799999,s3://cadcat/histwxstns/OtherISD/OtherISD_72274799999.zarr/
OtherISD,OtherISD_72274899999,s3://cadcat/histwxstns/OtherISD/OtherISD_72274899999.zarr/
OtherISD,OtherISD_72274999999,s3://cadcat/histwxstns/OtherISD/OtherISD_72274999999.zarr/
OtherISD,OtherISD_72276499999,s3://cadcat/histwxstns/OtherISD/OtherISD_72276499999.zarr/
OtherISD,OtherISD_72278399999,s3://cadcat/histwxstns/OtherISD/OtherISD_72278399999.zarr/
OtherISD,OtherISD_72278499999,s3://cadcat/histwxstns/OtherISD/OtherISD_72278499999.zarr/
OtherISD,OtherISD_72278523111,s3://cadcat/histwxstns/OtherISD/OtherISD_72278523111.zarr/
OtherISD,OtherISD_72278599999,s3://cadcat/histwxstns/OtherISD/OtherISD_72278599999.zarr/
OtherISD,OtherISD_72278699999,s3://cadcat/histwxstns/OtherISD/OtherISD_72278699999.zarr/
OtherISD,OtherISD_72278799999,s3://cadcat/histwxstns/OtherISD/OtherISD_72278799999.zarr/
OtherISD,OtherISD_72278899999,s3://cadcat/histwxstns/OtherISD/OtherISD_72278899999.zarr/
OtherISD,OtherISD_72278999999,s3://cadcat/histwxstns/OtherISD/OtherISD_72278999999.zarr/
OtherISD,OtherISD_72280023195,s3://cadcat/histwxstns/OtherISD/OtherISD_72280023195.zarr/
OtherISD,OtherISD_72280099999,s3://cadcat/histwxstns/OtherISD/OtherISD_72280099999.zarr/
OtherISD,OtherISD_72282599999,s3://cadcat/histwxstns/OtherISD/OtherISD_72282599999.zarr/
OtherISD,OtherISD_72286023119,s3://cadcat/histwxstns/OtherISD/OtherISD_72286023119.zarr/
OtherISD,OtherISD_72286099999,s3://cadcat/histwxstns/OtherISD/OtherISD_72286099999.zarr/
OtherISD,OtherISD_72286593180,s3://cadcat/histwxstns/OtherISD/OtherISD_72286593180.zarr/
OtherISD,OtherISD_72286599999,s3://cadcat/histwxstns/OtherISD/OtherISD_72286599999.zarr/
OtherISD,OtherISD_72286623122,s3://cadcat/histwxstns/OtherISD/OtherISD_72286623122.zarr/
OtherISD,OtherISD_72286699999,s3://cadcat/histwxstns/OtherISD/OtherISD_72286699999.zarr/
OtherISD,OtherISD_72286723156,s3://cadcat/histwxstns/OtherISD/OtherISD_72286723156.zarr/
OtherISD,OtherISD_72286799999,s3://cadcat/histwxstns/OtherISD/OtherISD_72286799999.zarr/
OtherISD,OtherISD_72286899999,s3://cadcat/histwxstns/OtherISD/OtherISD_72286899999.zarr/
OtherISD,OtherISD_72286999999,s3://cadcat/histwxstns/OtherISD/OtherISD_72286999999.zarr/
OtherISD,OtherISD_72288099999,s3://cadcat/histwxstns/OtherISD/OtherISD_72288099999.zarr/
OtherISD,OtherISD_72288599999,s3://cadcat/histwxstns/OtherISD/OtherISD_72288599999.zarr/
OtherISD,OtherISD_72288699999,s3://cadcat/histwxstns/OtherISD/OtherISD_72288699999.zarr/
OtherISD,OtherISD_72288703180,s3://cadcat/histwxstns/OtherISD/OtherISD_72288703180.zarr/
OtherISD,OtherISD_72288799999,s3://cadcat/histwxstns/OtherISD/OtherISD_72288799999.zarr/
OtherISD,OtherISD_72289093136,s3://cadcat/histwxstns/OtherISD/OtherISD_72289093136.zarr/
OtherISD,OtherISD_72289099999,s3://cadcat/histwxstns/OtherISD/OtherISD_72289099999.zarr/
OtherISD,OtherISD_72289599999,s3://cadcat/histwxstns/OtherISD/OtherISD_72289599999.zarr/
OtherISD,OtherISD_72289799999,s3://cadcat/histwxstns/OtherISD/OtherISD_72289799999.zarr/
OtherISD,OtherISD_72289999999,s3://cadcat/histwxstns/OtherISD/OtherISD_72289999999.zarr/
OtherISD,OtherISD_72290399999,s3://cadcat/histwxstns/OtherISD/OtherISD_72290399999.zarr/
OtherISD,OtherISD_72290423196,s3://cadcat/histwxstns/OtherISD/OtherISD_72290423196.zarr/
OtherISD,OtherISD_72290499999,s3://cadcat/histwxstns/OtherISD/OtherISD_72290499999.zarr/
OtherISD,OtherISD_72290799999,s3://cadcat/histwxstns/OtherISD/OtherISD_72290799999.zarr/
OtherISD,OtherISD_72291099999,s3://cadcat/histwxstns/OtherISD/OtherISD_72291099999.zarr/
OtherISD,OtherISD_72291593114,s3://cadcat/histwxstns/OtherISD/OtherISD_72291593114.zarr/
OtherISD,OtherISD_72292099999,s3://cadcat/histwxstns/OtherISD/OtherISD_72292099999.zarr/
OtherISD,OtherISD_72292599999,s3://cadcat/histwxstns/OtherISD/OtherISD_72292599999.zarr/
OtherISD,OtherISD_72292799999,s3://cadcat/histwxstns/OtherISD/OtherISD_72292799999.zarr/
OtherISD,OtherISD_72292899999,s3://cadcat/histwxstns/OtherISD/OtherISD_72292899999.zarr/
OtherISD,OtherISD_72293199999,s3://cadcat/histwxstns/OtherISD/OtherISD_72293199999.zarr/
OtherISD,OtherISD_72293499999,s3://cadcat/histwxstns/OtherISD/OtherISD_72293499999.zarr/
OtherISD,OtherISD_72295303183,s3://cadcat/histwxstns/OtherISD/OtherISD_72295303183.zarr/
OtherISD,OtherISD_72295399999,s3://cadcat/histwxstns/OtherISD/OtherISD_72295399999.zarr/
OtherISD,OtherISD_72295503122,s3://cadcat/histwxstns/OtherISD/OtherISD_72295503122.zarr/
OtherISD,OtherISD_72295599999,s3://cadcat/histwxstns/OtherISD/OtherISD_72295599999.zarr/
OtherISD,OtherISD_72295699999,s3://cadcat/histwxstns/OtherISD/OtherISD_72295699999.zarr/
OtherISD,OtherISD_72297499999,s3://cadcat/histwxstns/OtherISD/OtherISD_72297499999.zarr/
OtherISD,OtherISD_72297593106,s3://cadcat/histwxstns/OtherISD/OtherISD_72297593106.zarr/
OtherISD,OtherISD_72297599999,s3://cadcat/histwxstns/OtherISD/OtherISD_72297599999.zarr/
OtherISD,OtherISD_72297699999,s3://cadcat/histwxstns/OtherISD/OtherISD_72297699999.zarr/
OtherISD,OtherISD_72297799999,s3://cadcat/histwxstns/OtherISD/OtherISD_72297799999.zarr/
OtherISD,OtherISD_72317199999,s3://cadcat/histwxstns/OtherISD/OtherISD_72317199999.zarr/
OtherISD,OtherISD_72362093040,s3://cadcat/histwxstns/OtherISD/OtherISD_72362093040.zarr/
OtherISD,OtherISD_72362099999,s3://cadcat/histwxstns/OtherISD/OtherISD_72362099999.zarr/
OtherISD,OtherISD_72362599999,s3://cadcat/histwxstns/OtherISD/OtherISD_72362599999.zarr/
OtherISD,OtherISD_72364099999,s3://cadcat/histwxstns/OtherISD/OtherISD_72364099999.zarr/
OtherISD,OtherISD_72364799999,s3://cadcat/histwxstns/OtherISD/OtherISD_72364799999.zarr/
OtherISD,OtherISD_72365399999,s3://cadcat/histwxstns/OtherISD/OtherISD_72365399999.zarr/
OtherISD,OtherISD_72365499999,s3://cadcat/histwxstns/OtherISD/OtherISD_72365499999.zarr/
OtherISD,OtherISD_72365699999,s3://cadcat/histwxstns/OtherISD/OtherISD_72365699999.zarr/
OtherISD,OtherISD_72365703014,s3://cadcat/histwxstns/OtherISD/OtherISD_72365703014.zarr/
OtherISD,OtherISD_72365799999,s3://cadcat/histwxstns/OtherISD/OtherISD_72365799999.zarr/
OtherISD,OtherISD_72365899999,s3://cadcat/histwxstns/OtherISD/OtherISD_72365899999.zarr/
OtherISD,OtherISD_72365999999,s3://cadcat/histwxstns/OtherISD/OtherISD_72365999999.zarr/
OtherISD,OtherISD_72366399999,s3://cadcat/histwxstns/OtherISD/OtherISD_72366399999.zarr/
OtherISD,OtherISD_72367599999,s3://cadcat/histwxstns/OtherISD/OtherISD_72367599999.zarr/
OtherISD,OtherISD_72367699999,s3://cadcat/histwxstns/OtherISD/OtherISD_72367699999.zarr/
OtherISD,OtherISD_72370099999,s3://cadcat/histwxstns/OtherISD/OtherISD_72370099999.zarr/
OtherISD,OtherISD_72371099999,s3://cadcat/histwxstns/OtherISD/OtherISD_72371099999.zarr/
OtherISD,OtherISD_72374593139,s3://cadcat/histwxstns/OtherISD/OtherISD_72374593139.zarr/
OtherISD,OtherISD_72374703101,s3://cadcat/histwxstns/OtherISD/OtherISD_72374703101.zarr/
OtherISD,OtherISD_72374799999,s3://cadcat/histwxstns/OtherISD/OtherISD_72374799999.zarr/
OtherISD,OtherISD_72375099999,s3://cadcat/histwxstns/OtherISD/OtherISD_72375099999.zarr/
OtherISD,OtherISD_72375499999,s3://cadcat/histwxstns/OtherISD/OtherISD_72375499999.zarr/
OtherISD,OtherISD_72375699999,s3://cadcat/histwxstns/OtherISD/OtherISD_72375699999.zarr/
OtherISD,OtherISD_72375799999,s3://cadcat/histwxstns/OtherISD/OtherISD_72375799999.zarr/
OtherISD,OtherISD_72376299999,s3://cadcat/histwxstns/OtherISD/OtherISD_72376299999.zarr/
OtherISD,OtherISD_72378399999,s3://cadcat/histwxstns/OtherISD/OtherISD_72378399999.zarr/
OtherISD,OtherISD_72378899999,s3://cadcat/histwxstns/OtherISD/OtherISD_72378899999.zarr/
OtherISD,OtherISD_72381023114,s3://cadcat/histwxstns/OtherISD/OtherISD_72381023114.zarr/
OtherISD,OtherISD_72381099999,s3://cadcat/histwxstns/OtherISD/OtherISD_72381099999.zarr/
OtherISD,OtherISD_72381493121,s3://cadcat/histwxstns/OtherISD/OtherISD_72381493121.zarr/
OtherISD,OtherISD_72382099999,s3://cadcat/histwxstns/OtherISD/OtherISD_72382099999.zarr/
OtherISD,OtherISD_72382599999,s3://cadcat/histwxstns/OtherISD/OtherISD_72382599999.zarr/
OtherISD,OtherISD_72382693194,s3://cadcat/histwxstns/OtherISD/OtherISD_72382693194.zarr/
OtherISD,OtherISD_72382699999,s3://cadcat/histwxstns/OtherISD/OtherISD_72382699999.zarr/
OtherISD,OtherISD_72389403181,s3://cadcat/histwxstns/OtherISD/OtherISD_72389403181.zarr/
OtherISD,OtherISD_72389499999,s3://cadcat/histwxstns/OtherISD/OtherISD_72389499999.zarr/
OtherISD,OtherISD_72389599999,s3://cadcat/histwxstns/OtherISD/OtherISD_72389599999.zarr/
OtherISD,OtherISD_72389699999,s3://cadcat/histwxstns/OtherISD/OtherISD_72389699999.zarr/
OtherISD,OtherISD_72389799999,s3://cadcat/histwxstns/OtherISD/OtherISD_72389799999.zarr/
OtherISD,OtherISD_72389899999,s3://cadcat/histwxstns/OtherISD/OtherISD_72389899999.zarr/
OtherISD,OtherISD_72391599999,s3://cadcat/histwxstns/OtherISD/OtherISD_72391599999.zarr/
OtherISD,OtherISD_72392699999,s3://cadcat/histwxstns/OtherISD/OtherISD_72392699999.zarr/
OtherISD,OtherISD_72392799999,s3://cadcat/histwxstns/OtherISD/OtherISD_72392799999.zarr/
OtherISD,OtherISD_72392899999,s3://cadcat/histwxstns/OtherISD/OtherISD_72392899999.zarr/
OtherISD,OtherISD_72393099999,s3://cadcat/histwxstns/OtherISD/OtherISD_72393099999.zarr/
OtherISD,OtherISD_72393599999,s3://cadcat/histwxstns/OtherISD/OtherISD_72393599999.zarr/
OtherISD,OtherISD_72462599999,s3://cadcat/histwxstns/OtherISD/OtherISD_72462599999.zarr/
OtherISD,OtherISD_72462799999,s3://cadcat/histwxstns/OtherISD/OtherISD_72462799999.zarr/
OtherISD,OtherISD_72463699999,s3://cadcat/histwxstns/OtherISD/OtherISD_72463699999.zarr/
OtherISD,OtherISD_72464699999,s3://cadcat/histwxstns/OtherISD/OtherISD_72464699999.zarr/
OtherISD,OtherISD_72466599999,s3://cadcat/histwxstns/OtherISD/OtherISD_72466599999.zarr/
OtherISD,OtherISD_72466699999,s3://cadcat/histwxstns/OtherISD/OtherISD_72466699999.zarr/
OtherISD,OtherISD_72467199999,s3://cadcat/histwxstns/OtherISD/OtherISD_72467199999.zarr/
OtherISD,OtherISD_72467399999,s3://cadcat/histwxstns/OtherISD/OtherISD_72467399999.zarr/
OtherISD,OtherISD_72467499999,s3://cadcat/histwxstns/OtherISD/OtherISD_72467499999.zarr/
OtherISD,OtherISD_72467599999,s3://cadcat/histwxstns/OtherISD/OtherISD_72467599999.zarr/
OtherISD,OtherISD_72467699999,s3://cadcat/histwxstns/OtherISD/OtherISD_72467699999.zarr/
OtherISD,OtherISD_72467799999,s3://cadcat/histwxstns/OtherISD/OtherISD_72467799999.zarr/
OtherISD,OtherISD_72467899999,s3://cadcat/histwxstns/OtherISD/OtherISD_72467899999.zarr/
OtherISD,OtherISD_72468099999,s3://cadcat/histwxstns/OtherISD/OtherISD_72468099999.zarr/
OtherISD,OtherISD_72468599999,s3://cadcat/histwxstns/OtherISD/OtherISD_72468599999.zarr/
OtherISD,OtherISD_72468999999,s3://cadcat/histwxstns/OtherISD/OtherISD_72468999999.zarr/
OtherISD,OtherISD_72469023062,s3://cadcat/histwxstns/OtherISD/OtherISD_72469023062.zarr/
OtherISD,OtherISD_72469099999,s3://cadcat/histwxstns/OtherISD/OtherISD_72469099999.zarr/
OtherISD,OtherISD_72469523036,s3://cadcat/histwxstns/OtherISD/OtherISD_72469523036.zarr/
OtherISD,OtherISD_72469599999,s3://cadcat/histwxstns/OtherISD/OtherISD_72469599999.zarr/
OtherISD,OtherISD_72469899999,s3://cadcat/histwxstns/OtherISD/OtherISD_72469899999.zarr/
OtherISD,OtherISD_72469999999,s3://cadcat/histwxstns/OtherISD/OtherISD_72469999999.zarr/
OtherISD,OtherISD_72470099999,s3://cadcat/histwxstns/OtherISD/OtherISD_72470099999.zarr/
OtherISD,OtherISD_72472393025,s3://cadcat/histwxstns/OtherISD/OtherISD_72472393025.zarr/
OtherISD,OtherISD_72473323170,s3://cadcat/histwxstns/OtherISD/OtherISD_72473323170.zarr/
OtherISD,OtherISD_72473523170,s3://cadcat/histwxstns/OtherISD/OtherISD_72473523170.zarr/
OtherISD,OtherISD_72473599999,s3://cadcat/histwxstns/OtherISD/OtherISD_72473599999.zarr/
OtherISD,OtherISD_72475099999,s3://cadcat/histwxstns/OtherISD/OtherISD_72475099999.zarr/
OtherISD,OtherISD_72475499999,s3://cadcat/histwxstns/OtherISD/OtherISD_72475499999.zarr/
OtherISD,OtherISD_72475699999,s3://cadcat/histwxstns/OtherISD/OtherISD_72475699999.zarr/
OtherISD,OtherISD_72476599999,s3://cadcat/histwxstns/OtherISD/OtherISD_72476599999.zarr/
OtherISD,OtherISD_72476799999,s3://cadcat/histwxstns/OtherISD/OtherISD_72476799999.zarr/
OtherISD,OtherISD_72476899999,s3://cadcat/histwxstns/OtherISD/OtherISD_72476899999.zarr/
OtherISD,OtherISD_72476999999,s3://cadcat/histwxstns/OtherISD/OtherISD_72476999999.zarr/
OtherISD,OtherISD_72477099999,s3://cadcat/histwxstns/OtherISD/OtherISD_72477099999.zarr/
OtherISD,OtherISD_72477393132,s3://cadcat/histwxstns/OtherISD/OtherISD_72477393132.zarr/
OtherISD,OtherISD_72477699999,s3://cadcat/histwxstns/OtherISD/OtherISD_72477699999.zarr/
OtherISD,OtherISD_72479599999,s3://cadcat/histwxstns/OtherISD/OtherISD_72479599999.zarr/
OtherISD,OtherISD_72479699999,s3://cadcat/histwxstns/OtherISD/OtherISD_72479699999.zarr/
OtherISD,OtherISD_72481023203,s3://cadcat/histwxstns/OtherISD/OtherISD_72481023203.zarr/
OtherISD,OtherISD_72481099999,s3://cadcat/histwxstns/OtherISD/OtherISD_72481099999.zarr/
OtherISD,OtherISD_72481599999,s3://cadcat/histwxstns/OtherISD/OtherISD_72481599999.zarr/
OtherISD,OtherISD_72482899999,s3://cadcat/histwxstns/OtherISD/OtherISD_72482899999.zarr/
OtherISD,OtherISD_72483399999,s3://cadcat/histwxstns/OtherISD/OtherISD_72483399999.zarr/
OtherISD,OtherISD_72483623208,s3://cadcat/histwxstns/OtherISD/OtherISD_72483623208.zarr/
OtherISD,OtherISD_72483699999,s3://cadcat/histwxstns/OtherISD/OtherISD_72483699999.zarr/
OtherISD,OtherISD_72483793216,s3://cadcat/histwxstns/OtherISD/OtherISD_72483793216.zarr/
OtherISD,OtherISD_72483799999,s3://cadcat/histwxstns/OtherISD/OtherISD_72483799999.zarr/
OtherISD,OtherISD_72483899999,s3://cadcat/histwxstns/OtherISD/OtherISD_72483899999.zarr/
OtherISD,OtherISD_72483993225,s3://cadcat/histwxstns/OtherISD/OtherISD_72483993225.zarr/
OtherISD,OtherISD_72483999999,s3://cadcat/histwxstns/OtherISD/OtherISD_72483999999.zarr/
OtherISD,OtherISD_72484499999,s3://cadcat/histwxstns/OtherISD/OtherISD_72484499999.zarr/
OtherISD,OtherISD_72484699999,s3://cadcat/histwxstns/OtherISD/OtherISD_72484699999.zarr/
OtherISD,OtherISD_72485699999,s3://cadcat/histwxstns/OtherISD/OtherISD_72485699999.zarr/
OtherISD,OtherISD_72487003163,s3://cadcat/histwxstns/OtherISD/OtherISD_72487003163.zarr/
OtherISD,OtherISD_72491523245,s3://cadcat/histwxstns/OtherISD/OtherISD_72491523245.zarr/
OtherISD,OtherISD_72491699999,s3://cadcat/histwxstns/OtherISD/OtherISD_72491699999.zarr/
OtherISD,OtherISD_72492523240,s3://cadcat/histwxstns/OtherISD/OtherISD_72492523240.zarr/
OtherISD,OtherISD_72492799999,s3://cadcat/histwxstns/OtherISD/OtherISD_72492799999.zarr/
OtherISD,OtherISD_72493099999,s3://cadcat/histwxstns/OtherISD/OtherISD_72493099999.zarr/
OtherISD,OtherISD_72493723289,s3://cadcat/histwxstns/OtherISD/OtherISD_72493723289.zarr/
OtherISD,OtherISD_72493799999,s3://cadcat/histwxstns/OtherISD/OtherISD_72493799999.zarr/
OtherISD,OtherISD_72493893231,s3://cadcat/histwxstns/OtherISD/OtherISD_72493893231.zarr/
OtherISD,OtherISD_72493899999,s3://cadcat/histwxstns/OtherISD/OtherISD_72493899999.zarr/
OtherISD,OtherISD_72494693232,s3://cadcat/histwxstns/OtherISD/OtherISD_72494693232.zarr/
OtherISD,OtherISD_72494699999,s3://cadcat/histwxstns/OtherISD/OtherISD_72494699999.zarr/
OtherISD,OtherISD_72495023250,s3://cadcat/histwxstns/OtherISD/OtherISD_72495023250.zarr/
OtherISD,OtherISD_72495599999,s3://cadcat/histwxstns/OtherISD/OtherISD_72495599999.zarr/
OtherISD,OtherISD_72495799999,s3://cadcat/histwxstns/OtherISD/OtherISD_72495799999.zarr/
OtherISD,OtherISD_72497393203,s3://cadcat/histwxstns/OtherISD/OtherISD_72497393203.zarr/
OtherISD,OtherISD_72497399999,s3://cadcat/histwxstns/OtherISD/OtherISD_72497399999.zarr/
OtherISD,OtherISD_72499199999,s3://cadcat/histwxstns/OtherISD/OtherISD_72499199999.zarr/
OtherISD,OtherISD_72564399999,s3://cadcat/histwxstns/OtherISD/OtherISD_72564399999.zarr/
OtherISD,OtherISD_72564499999,s3://cadcat/histwxstns/OtherISD/OtherISD_72564499999.zarr/
OtherISD,OtherISD_72564699999,s3://cadcat/histwxstns/OtherISD/OtherISD_72564699999.zarr/
OtherISD,OtherISD_72564799999,s3://cadcat/histwxstns/OtherISD/OtherISD_72564799999.zarr/
OtherISD,OtherISD_72564899999,s3://cadcat/histwxstns/OtherISD/OtherISD_72564899999.zarr/
OtherISD,OtherISD_72564999999,s3://cadcat/histwxstns/OtherISD/OtherISD_72564999999.zarr/
OtherISD,OtherISD_72568524019,s3://cadcat/histwxstns/OtherISD/OtherISD_72568524019.zarr/
OtherISD,OtherISD_72568699999,s3://cadcat/histwxstns/OtherISD/OtherISD_72568699999.zarr/
OtherISD,OtherISD_72570099999,s3://cadcat/histwxstns/OtherISD/OtherISD_72570099999.zarr/
OtherISD,OtherISD_72570599999,s3://cadcat/histwxstns/OtherISD/OtherISD_72570599999.zarr/
OtherISD,OtherISD_72570899999,s3://cadcat/histwxstns/OtherISD/OtherISD_72570899999.zarr/
OtherISD,OtherISD_72571799999,s3://cadcat/histwxstns/OtherISD/OtherISD_72571799999.zarr/
OtherISD,OtherISD_72572499999,s3://cadcat/histwxstns/OtherISD/OtherISD_72572499999.zarr/
OtherISD,OtherISD_72575024126,s3://cadcat/histwxstns/OtherISD/OtherISD_72575024126.zarr/
OtherISD,OtherISD_72575099999,s3://cadcat/histwxstns/OtherISD/OtherISD_72575099999.zarr/
OtherISD,OtherISD_72575399999,s3://cadcat/histwxstns/OtherISD/OtherISD_72575399999.zarr/
OtherISD,OtherISD_72575524101,s3://cadcat/histwxstns/OtherISD/OtherISD_72575524101.zarr/
OtherISD,OtherISD_72575599999,s3://cadcat/histwxstns/OtherISD/OtherISD_72575599999.zarr/
OtherISD,OtherISD_72576399999,s3://cadcat/histwxstns/OtherISD/OtherISD_72576399999.zarr/
OtherISD,OtherISD_72577599999,s3://cadcat/histwxstns/OtherISD/OtherISD_72577599999.zarr/
OtherISD,OtherISD_72577699999,s3://cadcat/histwxstns/OtherISD/OtherISD_72577699999.zarr/
OtherISD,OtherISD_72578499999,s3://cadcat/histwxstns/OtherISD/OtherISD_72578499999.zarr/
OtherISD,OtherISD_72578624151,s3://cadcat/histwxstns/OtherISD/OtherISD_72578624151.zarr/
OtherISD,OtherISD_72578699999,s3://cadcat/histwxstns/OtherISD/OtherISD_72578699999.zarr/
OtherISD,OtherISD_72578724158,s3://cadcat/histwxstns/OtherISD/OtherISD_72578724158.zarr/
OtherISD,OtherISD_72581099999,s3://cadcat/histwxstns/OtherISD/OtherISD_72581099999.zarr/
OtherISD,OtherISD_72582794190,s3://cadcat/histwxstns/OtherISD/OtherISD_72582794190.zarr/
OtherISD,OtherISD_72582799999,s3://cadcat/histwxstns/OtherISD/OtherISD_72582799999.zarr/
OtherISD,OtherISD_72583524119,s3://cadcat/histwxstns/OtherISD/OtherISD_72583524119.zarr/
OtherISD,OtherISD_72583599999,s3://cadcat/histwxstns/OtherISD/OtherISD_72583599999.zarr/
OtherISD,OtherISD_72583799999,s3://cadcat/histwxstns/OtherISD/OtherISD_72583799999.zarr/
OtherISD,OtherISD_72584699999,s3://cadcat/histwxstns/OtherISD/OtherISD_72584699999.zarr/
OtherISD,OtherISD_72584799999,s3://cadcat/histwxstns/OtherISD/OtherISD_72584799999.zarr/
OtherISD,OtherISD_72586594161,s3://cadcat/histwxstns/OtherISD/OtherISD_72586594161.zarr/
OtherISD,OtherISD_72586599999,s3://cadcat/histwxstns/OtherISD/OtherISD_72586599999.zarr/
OtherISD,OtherISD_72586699999,s3://cadcat/histwxstns/OtherISD/OtherISD_72586699999.zarr/
OtherISD,OtherISD_72586899999,s3://cadcat/histwxstns/OtherISD/OtherISD_72586899999.zarr/
OtherISD,OtherISD_72586994186,s3://cadcat/histwxstns/OtherISD/OtherISD_72586994186.zarr/
OtherISD,OtherISD_72586999999,s3://cadcat/histwxstns/OtherISD/OtherISD_72586999999.zarr/
OtherISD,OtherISD_72587599999,s3://cadcat/histwxstns/OtherISD/OtherISD_72587599999.zarr/
OtherISD,OtherISD_72589599999,s3://cadcat/histwxstns/OtherISD/OtherISD_72589599999.zarr/
OtherISD,OtherISD_72590599999,s3://cadcat/histwxstns/OtherISD/OtherISD_72590599999.zarr/
OtherISD,OtherISD_72594024213,s3://cadcat/histwxstns/OtherISD/OtherISD_72594024213.zarr/
OtherISD,OtherISD_72594099999,s3://cadcat/histwxstns/OtherISD/OtherISD_72594099999.zarr/
OtherISD,OtherISD_72594699999,s3://cadcat/histwxstns/OtherISD/OtherISD_72594699999.zarr/
OtherISD,OtherISD_72595599999,s3://cadcat/histwxstns/OtherISD/OtherISD_72595599999.zarr/
OtherISD,OtherISD_72595624212,s3://cadcat/histwxstns/OtherISD/OtherISD_72595624212.zarr/
OtherISD,OtherISD_72595799999,s3://cadcat/histwxstns/OtherISD/OtherISD_72595799999.zarr/
OtherISD,OtherISD_72595899999,s3://cadcat/histwxstns/OtherISD/OtherISD_72595899999.zarr/
OtherISD,OtherISD_72595999999,s3://cadcat/histwxstns/OtherISD/OtherISD_72595999999.zarr/
OtherISD,OtherISD_72597699999,s3://cadcat/histwxstns/OtherISD/OtherISD_72597699999.zarr/
OtherISD,OtherISD_72665099999,s3://cadcat/histwxstns/OtherISD/OtherISD_72665099999.zarr/
OtherISD,OtherISD_72665499999,s3://cadcat/histwxstns/OtherISD/OtherISD_72665499999.zarr/
OtherISD,OtherISD_72666599999,s3://cadcat/histwxstns/OtherISD/OtherISD_72666599999.zarr/
OtherISD,OtherISD_72666799999,s3://cadcat/histwxstns/OtherISD/OtherISD_72666799999.zarr/
OtherISD,OtherISD_72667399999,s3://cadcat/histwxstns/OtherISD/OtherISD_72667399999.zarr/
OtherISD,OtherISD_72667699999,s3://cadcat/histwxstns/OtherISD/OtherISD_72667699999.zarr/
OtherISD,OtherISD_72669099999,s3://cadcat/histwxstns/OtherISD/OtherISD_72669099999.zarr/
OtherISD,OtherISD_72670099999,s3://cadcat/histwxstns/OtherISD/OtherISD_72670099999.zarr/
OtherISD,OtherISD_72671099999,s3://cadcat/histwxstns/OtherISD/OtherISD_72671099999.zarr/
OtherISD,OtherISD_72672099999,s3://cadcat/histwxstns/OtherISD/OtherISD_72672099999.zarr/
OtherISD,OtherISD_72676399999,s3://cadcat/histwxstns/OtherISD/OtherISD_72676399999.zarr/
OtherISD,OtherISD_72676499999,s3://cadcat/histwxstns/OtherISD/OtherISD_72676499999.zarr/
OtherISD,OtherISD_72677799999,s3://cadcat/histwxstns/OtherISD/OtherISD_72677799999.zarr/
OtherISD,OtherISD_72681399999,s3://cadcat/histwxstns/OtherISD/OtherISD_72681399999.zarr/
OtherISD,OtherISD_72681524106,s3://cadcat/histwxstns/OtherISD/OtherISD_72681524106.zarr/
OtherISD,OtherISD_72681599999,s3://cadcat/histwxstns/OtherISD/OtherISD_72681599999.zarr/
OtherISD,OtherISD_72681699999,s3://cadcat/histwxstns/OtherISD/OtherISD_72681699999.zarr/
OtherISD,OtherISD_72681799999,s3://cadcat/histwxstns/OtherISD/OtherISD_72681799999.zarr/
OtherISD,OtherISD_72683099999,s3://cadcat/histwxstns/OtherISD/OtherISD_72683099999.zarr/
OtherISD,OtherISD_72683699999,s3://cadcat/histwxstns/OtherISD/OtherISD_72683699999.zarr/
OtherISD,OtherISD_72683799999,s3://cadcat/histwxstns/OtherISD/OtherISD_72683799999.zarr/
OtherISD,OtherISD_72686599999,s3://cadcat/histwxstns/OtherISD/OtherISD_72686599999.zarr/
OtherISD,OtherISD_72687399999,s3://cadcat/histwxstns/OtherISD/OtherISD_72687399999.zarr/
OtherISD,OtherISD_72687599999,s3://cadcat/histwxstns/OtherISD/OtherISD_72687599999.zarr/
OtherISD,OtherISD_72687699999,s3://cadcat/histwxstns/OtherISD/OtherISD_72687699999.zarr/
OtherISD,OtherISD_72688199999,s3://cadcat/histwxstns/OtherISD/OtherISD_72688199999.zarr/
OtherISD,OtherISD_72688399999,s3://cadcat/histwxstns/OtherISD/OtherISD_72688399999.zarr/
OtherISD,OtherISD_72688499999,s3://cadcat/histwxstns/OtherISD/OtherISD_72688499999.zarr/
OtherISD,OtherISD_72688799999,s3://cadcat/histwxstns/OtherISD/OtherISD_72688799999.zarr/
OtherISD,OtherISD_72690499999,s3://cadcat/histwxstns/OtherISD/OtherISD_72690499999.zarr/
OtherISD,OtherISD_72691799999,s3://cadcat/histwxstns/OtherISD/OtherISD_72691799999.zarr/
OtherISD,OtherISD_72694599999,s3://cadcat/histwxstns/OtherISD/OtherISD_72694599999.zarr/
OtherISD,OtherISD_72695099999,s3://cadcat/histwxstns/OtherISD/OtherISD_72695099999.zarr/
OtherISD,OtherISD_72695999999,s3://cadcat/histwxstns/OtherISD/OtherISD_72695999999.zarr/
OtherISD,OtherISD_72696399999,s3://cadcat/histwxstns/OtherISD/OtherISD_72696399999.zarr/
OtherISD,OtherISD_72698599999,s3://cadcat/histwxstns/OtherISD/OtherISD_72698599999.zarr/
OtherISD,OtherISD_72698699999,s3://cadcat/histwxstns/OtherISD/OtherISD_72698699999.zarr/
OtherISD,OtherISD_72698794204,s3://cadcat/histwxstns/OtherISD/OtherISD_72698794204.zarr/
OtherISD,OtherISD_72698799999,s3://cadcat/histwxstns/OtherISD/OtherISD_72698799999.zarr/
OtherISD,OtherISD_72768499999,s3://cadcat/histwxstns/OtherISD/OtherISD_72768499999.zarr/
OtherISD,OtherISD_72768699999,s3://cadcat/histwxstns/OtherISD/OtherISD_72768699999.zarr/
OtherISD,OtherISD_72768799999,s3://cadcat/histwxstns/OtherISD/OtherISD_72768799999.zarr/
OtherISD,OtherISD_72773524139,s3://cadcat/histwxstns/OtherISD/OtherISD_72773524139.zarr/
OtherISD,OtherISD_72773599999,s3://cadcat/histwxstns/OtherISD/OtherISD_72773599999.zarr/
OtherISD,OtherISD_72775599999,s3://cadcat/histwxstns/OtherISD/OtherISD_72775599999.zarr/
OtherISD,OtherISD_72781399999,s3://cadcat/histwxstns/OtherISD/OtherISD_72781399999.zarr/
OtherISD,OtherISD_72782599999,s3://cadcat/histwxstns/OtherISD/OtherISD_72782599999.zarr/
OtherISD,OtherISD_72782799999,s3://cadcat/histwxstns/OtherISD/OtherISD_72782799999.zarr/
OtherISD,OtherISD_72783499999,s3://cadcat/histwxstns/OtherISD/OtherISD_72783499999.zarr/
OtherISD,OtherISD_72784094187,s3://cadcat/histwxstns/OtherISD/OtherISD_72784094187.zarr/
OtherISD,OtherISD_72784099999,s3://cadcat/histwxstns/OtherISD/OtherISD_72784099999.zarr/
OtherISD,OtherISD_72784524163,s3://cadcat/histwxstns/OtherISD/OtherISD_72784524163.zarr/
OtherISD,OtherISD_72784599999,s3://cadcat/histwxstns/OtherISD/OtherISD_72784599999.zarr/
OtherISD,OtherISD_72785524114,s3://cadcat/histwxstns/OtherISD/OtherISD_72785524114.zarr/
OtherISD,OtherISD_72785599999,s3://cadcat/histwxstns/OtherISD/OtherISD_72785599999.zarr/
OtherISD,OtherISD_72785699999,s3://cadcat/histwxstns/OtherISD/OtherISD_72785699999.zarr/
OtherISD,OtherISD_72785799999,s3://cadcat/histwxstns/OtherISD/OtherISD_72785799999.zarr/
OtherISD,OtherISD_72787099999,s3://cadcat/histwxstns/OtherISD/OtherISD_72787099999.zarr/
OtherISD,OtherISD_72787399999,s3://cadcat/histwxstns/OtherISD/OtherISD_72787399999.zarr/
OtherISD,OtherISD_72788399999,s3://cadcat/histwxstns/OtherISD/OtherISD_72788399999.zarr/
OtherISD,OtherISD_72788499999,s3://cadcat/histwxstns/OtherISD/OtherISD_72788499999.zarr/
OtherISD,OtherISD_72788599999,s3://cadcat/histwxstns/OtherISD/OtherISD_72788599999.zarr/
OtherISD,OtherISD_72789099999,s3://cadcat/histwxstns/OtherISD/OtherISD_72789099999.zarr/
OtherISD,OtherISD_72791799999,s3://cadcat/histwxstns/OtherISD/OtherISD_72791799999.zarr/
OtherISD,OtherISD_72791899999,s3://cadcat/histwxstns/OtherISD/OtherISD_72791899999.zarr/
OtherISD,OtherISD_72792499999,s3://cadcat/histwxstns/OtherISD/OtherISD_72792499999.zarr/
OtherISD,OtherISD_72792599999,s3://cadcat/histwxstns/OtherISD/OtherISD_72792599999.zarr/
OtherISD,OtherISD_72792624241,s3://cadcat/histwxstns/OtherISD/OtherISD_72792624241.zarr/
OtherISD,OtherISD_72792699999,s3://cadcat/histwxstns/OtherISD/OtherISD_72792699999.zarr/
OtherISD,OtherISD_72792899999,s3://cadcat/histwxstns/OtherISD/OtherISD_72792899999.zarr/
OtherISD,OtherISD_72793499999,s3://cadcat/histwxstns/OtherISD/OtherISD_72793499999.zarr/
OtherISD,OtherISD_72793599999,s3://cadcat/histwxstns/OtherISD/OtherISD_72793599999.zarr/
OtherISD,OtherISD_72793799999,s3://cadcat/histwxstns/OtherISD/OtherISD_72793799999.zarr/
OtherISD,OtherISD_72793899999,s3://cadcat/histwxstns/OtherISD/OtherISD_72793899999.zarr/
OtherISD,OtherISD_72794599999,s3://cadcat/histwxstns/OtherISD/OtherISD_72794599999.zarr/
OtherISD,OtherISD_72796499999,s3://cadcat/histwxstns/OtherISD/OtherISD_72796499999.zarr/
OtherISD,OtherISD_72797399999,s3://cadcat/histwxstns/OtherISD/OtherISD_72797399999.zarr/
OtherISD,OtherISD_72797824240,s3://cadcat/histwxstns/OtherISD/OtherISD_72797824240.zarr/
OtherISD,OtherISD_72798499999,s3://cadcat/histwxstns/OtherISD/OtherISD_72798499999.zarr/
OtherISD,OtherISD_72798599999,s3://cadcat/histwxstns/OtherISD/OtherISD_72798599999.zarr/
OtherISD,OtherISD_74000299999,s3://cadcat/histwxstns/OtherISD/OtherISD_74000299999.zarr/
OtherISD,OtherISD_74003024103,s3://cadcat/histwxstns/OtherISD/OtherISD_74003024103.zarr/
OtherISD,OtherISD_74003099999,s3://cadcat/histwxstns/OtherISD/OtherISD_74003099999.zarr/
OtherISD,OtherISD_74201099999,s3://cadcat/histwxstns/OtherISD/OtherISD_74201099999.zarr/
OtherISD,OtherISD_74201699999,s3://cadcat/histwxstns/OtherISD/OtherISD_74201699999.zarr/
OtherISD,OtherISD_74206024207,s3://cadcat/histwxstns/OtherISD/OtherISD_74206024207.zarr/
OtherISD,OtherISD_74206099999,s3://cadcat/histwxstns/OtherISD/OtherISD_74206099999.zarr/
OtherISD,OtherISD_74207024201,s3://cadcat/histwxstns/OtherISD/OtherISD_74207024201.zarr/
OtherISD,OtherISD_74207124201,s3://cadcat/histwxstns/OtherISD/OtherISD_74207124201.zarr/
OtherISD,OtherISD_74503999999,s3://cadcat/histwxstns/OtherISD/OtherISD_74503999999.zarr/
OtherISD,OtherISD_74504699999,s3://cadcat/histwxstns/OtherISD/OtherISD_74504699999.zarr/
OtherISD,OtherISD_74504899999,s3://cadcat/histwxstns/OtherISD/OtherISD_74504899999.zarr/
OtherISD,OtherISD_74505699999,s3://cadcat/histwxstns/OtherISD/OtherISD_74505699999.zarr/
OtherISD,OtherISD_74505799999,s3://cadcat/histwxstns/OtherISD/OtherISD_74505799999.zarr/
OtherISD,OtherISD_74505899999,s3://cadcat/histwxstns/OtherISD/OtherISD_74505899999.zarr/
OtherISD,OtherISD_74506023239,s3://cadcat/histwxstns/OtherISD/OtherISD_74506023239.zarr/
OtherISD,OtherISD_74509099999,s3://cadcat/histwxstns/OtherISD/OtherISD_74509099999.zarr/
OtherISD,OtherISD_74516023202,s3://cadcat/histwxstns/OtherISD/OtherISD_74516023202.zarr/
OtherISD,OtherISD_74516099999,s3://cadcat/histwxstns/OtherISD/OtherISD_74516099999.zarr/
OtherISD,OtherISD_74531093065,s3://cadcat/histwxstns/OtherISD/OtherISD_74531093065.zarr/
OtherISD,OtherISD_74531099999,s3://cadcat/histwxstns/OtherISD/OtherISD_74531099999.zarr/
OtherISD,OtherISD_74611003182,s3://cadcat/histwxstns/OtherISD/OtherISD_74611003182.zarr/
OtherISD,OtherISD_74611099999,s3://cadcat/histwxstns/OtherISD/OtherISD_74611099999.zarr/
OtherISD,OtherISD_74614023112,s3://cadcat/histwxstns/OtherISD/OtherISD_74614023112.zarr/
OtherISD,OtherISD_74614123141,s3://cadcat/histwxstns/OtherISD/OtherISD_74614123141.zarr/
OtherISD,OtherISD_74618003147,s3://cadcat/histwxstns/OtherISD/OtherISD_74618003147.zarr/
OtherISD,OtherISD_74638099999,s3://cadcat/histwxstns/OtherISD/OtherISD_74638099999.zarr/
OtherISD,OtherISD_74704099999,s3://cadcat/histwxstns/OtherISD/OtherISD_74704099999.zarr/
OtherISD,OtherISD_74704303165,s3://cadcat/histwxstns/OtherISD/OtherISD_74704303165.zarr/
OtherISD,OtherISD_74704399999,s3://cadcat/histwxstns/OtherISD/OtherISD_74704399999.zarr/
OtherISD,OtherISD_74718599999,s3://cadcat/histwxstns/OtherISD/OtherISD_74718599999.zarr/
OtherISD,OtherISD_74718603164,s3://cadcat/histwxstns/OtherISD/OtherISD_74718603164.zarr/
OtherISD,OtherISD_74718699999,s3://cadcat/histwxstns/OtherISD/OtherISD_74718699999.zarr/
OtherISD,OtherISD_74724003148,s3://cadcat/histwxstns/OtherISD/OtherISD_74724003148.zarr/
OtherISD,OtherISD_74724023168,s3://cadcat/histwxstns/OtherISD/OtherISD_74724023168.zarr/
OtherISD,OtherISD_74724099999,s3://cadcat/histwxstns/OtherISD/OtherISD_74724099999.zarr/
OtherISD,OtherISD_74732023002,s3://cadcat/histwxstns/OtherISD/OtherISD_74732023002.zarr/
OtherISD,OtherISD_74732099999,s3://cadcat/histwxstns/OtherISD/OtherISD_74732099999.zarr/
OtherISD,OtherISD_74916799999,s3://cadcat/histwxstns/OtherISD/OtherISD_74916799999.zarr/
OtherISD,OtherISD_74917399999,s3://cadcat/histwxstns/OtherISD/OtherISD_74917399999.zarr/
OtherISD,OtherISD_99999903163,s3://cadcat/histwxstns/OtherISD/OtherISD_99999903163.zarr/
OtherISD,OtherISD_99999923122,s3://cadcat/histwxstns/OtherISD/OtherISD_99999923122.zarr/
OtherISD,OtherISD_99999924134,s3://cadcat/histwxstns/OtherISD/OtherISD_99999924134.zarr/
OtherISD,OtherISD_99999924241,s3://cadcat/histwxstns/OtherISD/OtherISD_99999924241.zarr/
OtherISD,OtherISD_99999993101,s3://cadcat/histwxstns/OtherISD/OtherISD_99999993101.zarr/
OtherISD,OtherISD_99999994290,s3://cadcat/histwxstns/OtherISD/OtherISD_99999994290.zarr/
RAWS,RAWS_AATC1,s3://cadcat/histwxstns/RAWS/RAWS_AATC1.zarr/
RAWS,RAWS_ABNW1,s3://cadcat/histwxstns/RAWS/RAWS_ABNW1.zarr/
RAWS,RAWS_ACON5,s3://cadcat/histwxstns/RAWS/RAWS_ACON5.zarr/
RAWS,RAWS_ACRI1,s3://cadcat/histwxstns/RAWS/RAWS_ACRI1.zarr/
RAWS,RAWS_ACRU1,s3://cadcat/histwxstns/RAWS/RAWS_ACRU1.zarr/
RAWS,RAWS_ADFW1,s3://cadcat/histwxstns/RAWS/RAWS_ADFW1.zarr/
RAWS,RAWS_AENC2,s3://cadcat/histwxstns/RAWS/RAWS_AENC2.zarr/
RAWS,RAWS_AFSN2,s3://cadcat/histwxstns/RAWS/RAWS_AFSN2.zarr/
RAWS,RAWS_AGFO3,s3://cadcat/histwxstns/RAWS/RAWS_AGFO3.zarr/
RAWS,RAWS_AKPA3,s3://cadcat/histwxstns/RAWS/RAWS_AKPA3.zarr/
RAWS,RAWS_ALDC1,s3://cadcat/histwxstns/RAWS/RAWS_ALDC1.zarr/
RAWS,RAWS_ALDM8,s3://cadcat/histwxstns/RAWS/RAWS_ALDM8.zarr/
RAWS,RAWS_ALFO3,s3://cadcat/histwxstns/RAWS/RAWS_ALFO3.zarr/
RAWS,RAWS_ALLC1,s3://cadcat/histwxstns/RAWS/RAWS_ALLC1.zarr/
RAWS,RAWS_ALLN2,s3://cadcat/histwxstns/RAWS/RAWS_ALLN2.zarr/
RAWS,RAWS_ALRA3,s3://cadcat/histwxstns/RAWS/RAWS_ALRA3.zarr/
RAWS,RAWS_ALRN2,s3://cadcat/histwxstns/RAWS/RAWS_ALRN2.zarr/
RAWS,RAWS_AMOC1,s3://cadcat/histwxstns/RAWS/RAWS_AMOC1.zarr/
RAWS,RAWS_ANBC1,s3://cadcat/histwxstns/RAWS/RAWS_ANBC1.zarr/
RAWS,RAWS_ANDW4,s3://cadcat/histwxstns/RAWS/RAWS_ANDW4.zarr/
RAWS,RAWS_ANEC1,s3://cadcat/histwxstns/RAWS/RAWS_ANEC1.zarr/
RAWS,RAWS_ANEW1,s3://cadcat/histwxstns/RAWS/RAWS_ANEW1.zarr/
RAWS,RAWS_ANIC1,s3://cadcat/histwxstns/RAWS/RAWS_ANIC1.zarr/
RAWS,RAWS_ANUC1,s3://cadcat/histwxstns/RAWS/RAWS_ANUC1.zarr/
RAWS,RAWS_ARAU1,s3://cadcat/histwxstns/RAWS/RAWS_ARAU1.zarr/
RAWS,RAWS_ARFC2,s3://cadcat/histwxstns/RAWS/RAWS_ARFC2.zarr/
RAWS,RAWS_ARFO3,s3://cadcat/histwxstns/RAWS/RAWS_ARFO3.zarr/
RAWS,RAWS_ARGC1,s3://cadcat/histwxstns/RAWS/RAWS_ARGC1.zarr/
RAWS,RAWS_ARMM8,s3://cadcat/histwxstns/RAWS/RAWS_ARMM8.zarr/
RAWS,RAWS_ASHW1,s3://cadcat/histwxstns/RAWS/RAWS_ASHW1.zarr/
RAWS,RAWS_ASRC1,s3://cadcat/histwxstns/RAWS/RAWS_ASRC1.zarr/
RAWS,RAWS_ASYU1,s3://cadcat/histwxstns/RAWS/RAWS_ASYU1.zarr/
RAWS,RAWS_ATFO3,s3://cadcat/histwxstns/RAWS/RAWS_ATFO3.zarr/
RAWS,RAWS_ATLC1,s3://cadcat/histwxstns/RAWS/RAWS_ATLC1.zarr/
RAWS,RAWS_ATNC1,s3://cadcat/histwxstns/RAWS/RAWS_ATNC1.zarr/
RAWS,RAWS_ATRC1,s3://cadcat/histwxstns/RAWS/RAWS_ATRC1.zarr/
RAWS,RAWS_ATSC1,s3://cadcat/histwxstns/RAWS/RAWS_ATSC1.zarr/
RAWS,RAWS_AWSW4,s3://cadcat/histwxstns/RAWS/RAWS_AWSW4.zarr/
RAWS,RAWS_AZPA3,s3://cadcat/histwxstns/RAWS/RAWS_AZPA3.zarr/
RAWS,RAWS_BABC1,s3://cadcat/histwxstns/RAWS/RAWS_BABC1.zarr/
RAWS,RAWS_BADU1,s3://cadcat/histwxstns/RAWS/RAWS_BADU1.zarr/
RAWS,RAWS_BAEI1,s3://cadcat/histwxstns/RAWS/RAWS_BAEI1.zarr/
RAWS,RAWS_BAFM8,s3://cadcat/histwxstns/RAWS/RAWS_BAFM8.zarr/
RAWS,RAWS_BAFO3,s3://cadcat/histwxstns/RAWS/RAWS_BAFO3.zarr/
RAWS,RAWS_BAJC1,s3://cadcat/histwxstns/RAWS/RAWS_BAJC1.zarr/
RAWS,RAWS_BATN2,s3://cadcat/histwxstns/RAWS/RAWS_BATN2.zarr/
RAWS,RAWS_BATN5,s3://cadcat/histwxstns/RAWS/RAWS_BATN5.zarr/
RAWS,RAWS_BAWC2,s3://cadcat/histwxstns/RAWS/RAWS_BAWC2.zarr/
RAWS,RAWS_BAZC1,s3://cadcat/histwxstns/RAWS/RAWS_BAZC1.zarr/
RAWS,RAWS_BBEC1,s3://cadcat/histwxstns/RAWS/RAWS_BBEC1.zarr/
RAWS,RAWS_BBFO3,s3://cadcat/histwxstns/RAWS/RAWS_BBFO3.zarr/
RAWS,RAWS_BBNC1,s3://cadcat/histwxstns/RAWS/RAWS_BBNC1.zarr/
RAWS,RAWS_BBRC2,s3://cadcat/histwxstns/RAWS/RAWS_BBRC2.zarr/
RAWS,RAWS_BCFC2,s3://cadcat/histwxstns/RAWS/RAWS_BCFC2.zarr/
RAWS,RAWS_BCFI1,s3://cadcat/histwxstns/RAWS/RAWS_BCFI1.zarr/
RAWS,RAWS_BCFO3,s3://cadcat/histwxstns/RAWS/RAWS_BCFO3.zarr/
RAWS,RAWS_BCHN5,s3://cadcat/histwxstns/RAWS/RAWS_BCHN5.zarr/
RAWS,RAWS_BCNC1,s3://cadcat/histwxstns/RAWS/RAWS_BCNC1.zarr/
RAWS,RAWS_BCRU1,s3://cadcat/histwxstns/RAWS/RAWS_BCRU1.zarr/
RAWS,RAWS_BDAN2,s3://cadcat/histwxstns/RAWS/RAWS_BDAN2.zarr/
RAWS,RAWS_BDAN5,s3://cadcat/histwxstns/RAWS/RAWS_BDAN5.zarr/
RAWS,RAWS_BDFO3,s3://cadcat/histwxstns/RAWS/RAWS_BDFO3.zarr/
RAWS,RAWS_BDLM8,s3://cadcat/histwxstns/RAWS/RAWS_BDLM8.zarr/
RAWS,RAWS_BDMC1,s3://cadcat/histwxstns/RAWS/RAWS_BDMC1.zarr/
RAWS,RAWS_BDOC1,s3://cadcat/histwxstns/RAWS/RAWS_BDOC1.zarr/
RAWS,RAWS_BDYC2,s3://cadcat/histwxstns/RAWS/RAWS_BDYC2.zarr/
RAWS,RAWS_BECW4,s3://cadcat/histwxstns/RAWS/RAWS_BECW4.zarr/
RAWS,RAWS_BEFM8,s3://cadcat/histwxstns/RAWS/RAWS_BEFM8.zarr/
RAWS,RAWS_BEFO3,s3://cadcat/histwxstns/RAWS/RAWS_BEFO3.zarr/
RAWS,RAWS_BEKC2,s3://cadcat/histwxstns/RAWS/RAWS_BEKC2.zarr/
RAWS,RAWS_BENC1,s3://cadcat/histwxstns/RAWS/RAWS_BENC1.zarr/
RAWS,RAWS_BETC1,s3://cadcat/histwxstns/RAWS/RAWS_BETC1.zarr/
RAWS,RAWS_BEUU1,s3://cadcat/histwxstns/RAWS/RAWS_BEUU1.zarr/
RAWS,RAWS_BEVC1,s3://cadcat/histwxstns/RAWS/RAWS_BEVC1.zarr/
RAWS,RAWS_BEYC2,s3://cadcat/histwxstns/RAWS/RAWS_BEYC2.zarr/
RAWS,RAWS_BFPC1,s3://cadcat/histwxstns/RAWS/RAWS_BFPC1.zarr/
RAWS,RAWS_BFRI1,s3://cadcat/histwxstns/RAWS/RAWS_BFRI1.zarr/
RAWS,RAWS_BFYI1,s3://cadcat/histwxstns/RAWS/RAWS_BFYI1.zarr/
RAWS,RAWS_BGBC1,s3://cadcat/histwxstns/RAWS/RAWS_BGBC1.zarr/
RAWS,RAWS_BGFO3,s3://cadcat/histwxstns/RAWS/RAWS_BGFO3.zarr/
RAWS,RAWS_BGHC1,s3://cadcat/histwxstns/RAWS/RAWS_BGHC1.zarr/
RAWS,RAWS_BGIN5,s3://cadcat/histwxstns/RAWS/RAWS_BGIN5.zarr/
RAWS,RAWS_BGRM8,s3://cadcat/histwxstns/RAWS/RAWS_BGRM8.zarr/
RAWS,RAWS_BHMM8,s3://cadcat/histwxstns/RAWS/RAWS_BHMM8.zarr/
RAWS,RAWS_BHRC2,s3://cadcat/histwxstns/RAWS/RAWS_BHRC2.zarr/
RAWS,RAWS_BHRO3,s3://cadcat/histwxstns/RAWS/RAWS_BHRO3.zarr/
RAWS,RAWS_BHTC1,s3://cadcat/histwxstns/RAWS/RAWS_BHTC1.zarr/
RAWS,RAWS_BIAJ2,s3://cadcat/histwxstns/RAWS/RAWS_BIAJ2.zarr/
RAWS,RAWS_BIFM8,s3://cadcat/histwxstns/RAWS/RAWS_BIFM8.zarr/
RAWS,RAWS_BIIC1,s3://cadcat/histwxstns/RAWS/RAWS_BIIC1.zarr/
RAWS,RAWS_BIJC1,s3://cadcat/histwxstns/RAWS/RAWS_BIJC1.zarr/
RAWS,RAWS_BIVU1,s3://cadcat/histwxstns/RAWS/RAWS_BIVU1.zarr/
RAWS,RAWS_BKAO3,s3://cadcat/histwxstns/RAWS/RAWS_BKAO3.zarr/
RAWS,RAWS_BKBW1,s3://cadcat/histwxstns/RAWS/RAWS_BKBW1.zarr/
RAWS,RAWS_BKCU1,s3://cadcat/histwxstns/RAWS/RAWS_BKCU1.zarr/
RAWS,RAWS_BKFN2,s3://cadcat/histwxstns/RAWS/RAWS_BKFN2.zarr/
RAWS,RAWS_BKFO3,s3://cadcat/histwxstns/RAWS/RAWS_BKFO3.zarr/
RAWS,RAWS_BKFS2,s3://cadcat/histwxstns/RAWS/RAWS_BKFS2.zarr/
RAWS,RAWS_BKGC1,s3://cadcat/histwxstns/RAWS/RAWS_BKGC1.zarr/
RAWS,RAWS_BKKW1,s3://cadcat/histwxstns/RAWS/RAWS_BKKW1.zarr/
RAWS,RAWS_BKOC1,s3://cadcat/histwxstns/RAWS/RAWS_BKOC1.zarr/
RAWS,RAWS_BKRC1,s3://cadcat/histwxstns/RAWS/RAWS_BKRC1.zarr/
RAWS,RAWS_BKRW1,s3://cadcat/histwxstns/RAWS/RAWS_BKRW1.zarr/
RAWS,RAWS_BKSC1,s3://cadcat/histwxstns/RAWS/RAWS_BKSC1.zarr/
RAWS,RAWS_BKWC1,s3://cadcat/histwxstns/RAWS/RAWS_BKWC1.zarr/
RAWS,RAWS_BLAU1,s3://cadcat/histwxstns/RAWS/RAWS_BLAU1.zarr/
RAWS,RAWS_BLCN5,s3://cadcat/histwxstns/RAWS/RAWS_BLCN5.zarr/
RAWS,RAWS_BLDC1,s3://cadcat/histwxstns/RAWS/RAWS_BLDC1.zarr/
RAWS,RAWS_BLIC1,s3://cadcat/histwxstns/RAWS/RAWS_BLIC1.zarr/
RAWS,RAWS_BLKO3,s3://cadcat/histwxstns/RAWS/RAWS_BLKO3.zarr/
RAWS,RAWS_BLMA3,s3://cadcat/histwxstns/RAWS/RAWS_BLMA3.zarr/
RAWS,RAWS_BLMM8,s3://cadcat/histwxstns/RAWS/RAWS_BLMM8.zarr/
RAWS,RAWS_BLPC2,s3://cadcat/histwxstns/RAWS/RAWS_BLPC2.zarr/
RAWS,RAWS_BLUM8,s3://cadcat/histwxstns/RAWS/RAWS_BLUM8.zarr/
RAWS,RAWS_BLUN2,s3://cadcat/histwxstns/RAWS/RAWS_BLUN2.zarr/
RAWS,RAWS_BLWN5,s3://cadcat/histwxstns/RAWS/RAWS_BLWN5.zarr/
RAWS,RAWS_BMFW1,s3://cadcat/histwxstns/RAWS/RAWS_BMFW1.zarr/
RAWS,RAWS_BMOC2,s3://cadcat/histwxstns/RAWS/RAWS_BMOC2.zarr/
RAWS,RAWS_BMRN5,s3://cadcat/histwxstns/RAWS/RAWS_BMRN5.zarr/
RAWS,RAWS_BMTN5,s3://cadcat/histwxstns/RAWS/RAWS_BMTN5.zarr/
RAWS,RAWS_BMUC1,s3://cadcat/histwxstns/RAWS/RAWS_BMUC1.zarr/
RAWS,RAWS_BMXC1,s3://cadcat/histwxstns/RAWS/RAWS_BMXC1.zarr/
RAWS,RAWS_BNDC1,s3://cadcat/histwxstns/RAWS/RAWS_BNDC1.zarr/
RAWS,RAWS_BNFO3,s3://cadcat/histwxstns/RAWS/RAWS_BNFO3.zarr/
RAWS,RAWS_BNGC1,s3://cadcat/histwxstns/RAWS/RAWS_BNGC1.zarr/
RAWS,RAWS_BNJC1,s3://cadcat/histwxstns/RAWS/RAWS_BNJC1.zarr/
RAWS,RAWS_BNRI1,s3://cadcat/histwxstns/RAWS/RAWS_BNRI1.zarr/
RAWS,RAWS_BNTC1,s3://cadcat/histwxstns/RAWS/RAWS_BNTC1.zarr/
RAWS,RAWS_BNVC1,s3://cadcat/histwxstns/RAWS/RAWS_BNVC1.zarr/
RAWS,RAWS_BOFC1,s3://cadcat/histwxstns/RAWS/RAWS_BOFC1.zarr/
RAWS,RAWS_BOFO3,s3://cadcat/histwxstns/RAWS/RAWS_BOFO3.zarr/
RAWS,RAWS_BOGC1,s3://cadcat/histwxstns/RAWS/RAWS_BOGC1.zarr/
RAWS,RAWS_BOLC1,s3://cadcat/histwxstns/RAWS/RAWS_BOLC1.zarr/
RAWS,RAWS_BOOM8,s3://cadcat/histwxstns/RAWS/RAWS_BOOM8.zarr/
RAWS,RAWS_BPFC1,s3://cadcat/histwxstns/RAWS/RAWS_BPFC1.zarr/
RAWS,RAWS_BPKC1,s3://cadcat/histwxstns/RAWS/RAWS_BPKC1.zarr/
RAWS,RAWS_BPNC1,s3://cadcat/histwxstns/RAWS/RAWS_BPNC1.zarr/
RAWS,RAWS_BPOC1,s3://cadcat/histwxstns/RAWS/RAWS_BPOC1.zarr/
RAWS,RAWS_BPYW4,s3://cadcat/histwxstns/RAWS/RAWS_BPYW4.zarr/
RAWS,RAWS_BQFO3,s3://cadcat/histwxstns/RAWS/RAWS_BQFO3.zarr/
RAWS,RAWS_BRAM8,s3://cadcat/histwxstns/RAWS/RAWS_BRAM8.zarr/
RAWS,RAWS_BRAU1,s3://cadcat/histwxstns/RAWS/RAWS_BRAU1.zarr/
RAWS,RAWS_BRHC1,s3://cadcat/histwxstns/RAWS/RAWS_BRHC1.zarr/
RAWS,RAWS_BRLN2,s3://cadcat/histwxstns/RAWS/RAWS_BRLN2.zarr/
RAWS,RAWS_BRLW4,s3://cadcat/histwxstns/RAWS/RAWS_BRLW4.zarr/
RAWS,RAWS_BRPN2,s3://cadcat/histwxstns/RAWS/RAWS_BRPN2.zarr/
RAWS,RAWS_BRPU1,s3://cadcat/histwxstns/RAWS/RAWS_BRPU1.zarr/
RAWS,RAWS_BRRM8,s3://cadcat/histwxstns/RAWS/RAWS_BRRM8.zarr/
RAWS,RAWS_BRTM8,s3://cadcat/histwxstns/RAWS/RAWS_BRTM8.zarr/
RAWS,RAWS_BRUM8,s3://cadcat/histwxstns/RAWS/RAWS_BRUM8.zarr/
RAWS,RAWS_BRUO3,s3://cadcat/histwxstns/RAWS/RAWS_BRUO3.zarr/
RAWS,RAWS_BSFM8,s3://cadcat/histwxstns/RAWS/RAWS_BSFM8.zarr/
RAWS,RAWS_BSHM8,s3://cadcat/histwxstns/RAWS/RAWS_BSHM8.zarr/
RAWS,RAWS_BSTU1,s3://cadcat/histwxstns/RAWS/RAWS_BSTU1.zarr/
RAWS,RAWS_BSUI1,s3://cadcat/histwxstns/RAWS/RAWS_BSUI1.zarr/
RAWS,RAWS_BTAC2,s3://cadcat/histwxstns/RAWS/RAWS_BTAC2.zarr/
RAWS,RAWS_BTFO3,s3://cadcat/histwxstns/RAWS/RAWS_BTFO3.zarr/
RAWS,RAWS_BTKM8,s3://cadcat/histwxstns/RAWS/RAWS_BTKM8.zarr/
RAWS,RAWS_BTTC1,s3://cadcat/histwxstns/RAWS/RAWS_BTTC1.zarr/
RAWS,RAWS_BUCO3,s3://cadcat/histwxstns/RAWS/RAWS_BUCO3.zarr/
RAWS,RAWS_BUFC1,s3://cadcat/histwxstns/RAWS/RAWS_BUFC1.zarr/
RAWS,RAWS_BUFN2,s3://cadcat/histwxstns/RAWS/RAWS_BUFN2.zarr/
RAWS,RAWS_BUGC1,s3://cadcat/histwxstns/RAWS/RAWS_BUGC1.zarr/
RAWS,RAWS_BUJW4,s3://cadcat/histwxstns/RAWS/RAWS_BUJW4.zarr/
RAWS,RAWS_BUKU1,s3://cadcat/histwxstns/RAWS/RAWS_BUKU1.zarr/
RAWS,RAWS_BULI1,s3://cadcat/histwxstns/RAWS/RAWS_BULI1.zarr/
RAWS,RAWS_BVDC1,s3://cadcat/histwxstns/RAWS/RAWS_BVDC1.zarr/
RAWS,RAWS_BVRC1,s3://cadcat/histwxstns/RAWS/RAWS_BVRC1.zarr/
RAWS,RAWS_BVRN5,s3://cadcat/histwxstns/RAWS/RAWS_BVRN5.zarr/
RAWS,RAWS_BWFO3,s3://cadcat/histwxstns/RAWS/RAWS_BWFO3.zarr/
RAWS,RAWS_BWSO3,s3://cadcat/histwxstns/RAWS/RAWS_BWSO3.zarr/
RAWS,RAWS_BYCU1,s3://cadcat/histwxstns/RAWS/RAWS_BYCU1.zarr/
RAWS,RAWS_BYFO3,s3://cadcat/histwxstns/RAWS/RAWS_BYFO3.zarr/
RAWS,RAWS_BZRC1,s3://cadcat/histwxstns/RAWS/RAWS_BZRC1.zarr/
RAWS,RAWS_CACM8,s3://cadcat/histwxstns/RAWS/RAWS_CACM8.zarr/
RAWS,RAWS_CAFO3,s3://cadcat/histwxstns/RAWS/RAWS_CAFO3.zarr/
RAWS,RAWS_CAHC1,s3://cadcat/histwxstns/RAWS/RAWS_CAHC1.zarr/
RAWS,RAWS_CAMW4,s3://cadcat/histwxstns/RAWS/RAWS_CAMW4.zarr/
RAWS,RAWS_CAPC1,s3://cadcat/histwxstns/RAWS/RAWS_CAPC1.zarr/
RAWS,RAWS_CATN2,s3://cadcat/histwxstns/RAWS/RAWS_CATN2.zarr/
RAWS,RAWS_CAZC1,s3://cadcat/histwxstns/RAWS/RAWS_CAZC1.zarr/
RAWS,RAWS_CBBN5,s3://cadcat/histwxstns/RAWS/RAWS_CBBN5.zarr/
RAWS,RAWS_CBFI1,s3://cadcat/histwxstns/RAWS/RAWS_CBFI1.zarr/
RAWS,RAWS_CBPN5,s3://cadcat/histwxstns/RAWS/RAWS_CBPN5.zarr/
RAWS,RAWS_CBRA3,s3://cadcat/histwxstns/RAWS/RAWS_CBRA3.zarr/
RAWS,RAWS_CBTN8,s3://cadcat/histwxstns/RAWS/RAWS_CBTN8.zarr/
RAWS,RAWS_CBUM8,s3://cadcat/histwxstns/RAWS/RAWS_CBUM8.zarr/
RAWS,RAWS_CBXC1,s3://cadcat/histwxstns/RAWS/RAWS_CBXC1.zarr/
RAWS,RAWS_CCDC2,s3://cadcat/histwxstns/RAWS/RAWS_CCDC2.zarr/
RAWS,RAWS_CCEC2,s3://cadcat/histwxstns/RAWS/RAWS_CCEC2.zarr/
RAWS,RAWS_CCRN2,s3://cadcat/histwxstns/RAWS/RAWS_CCRN2.zarr/
RAWS,RAWS_CCRO3,s3://cadcat/histwxstns/RAWS/RAWS_CCRO3.zarr/
RAWS,RAWS_CCRU1,s3://cadcat/histwxstns/RAWS/RAWS_CCRU1.zarr/
RAWS,RAWS_CCYC2,s3://cadcat/histwxstns/RAWS/RAWS_CCYC2.zarr/
RAWS,RAWS_CDAW4,s3://cadcat/histwxstns/RAWS/RAWS_CDAW4.zarr/
RAWS,RAWS_CDEC1,s3://cadcat/histwxstns/RAWS/RAWS_CDEC1.zarr/
RAWS,RAWS_CDFO3,s3://cadcat/histwxstns/RAWS/RAWS_CDFO3.zarr/
RAWS,RAWS_CDMU1,s3://cadcat/histwxstns/RAWS/RAWS_CDMU1.zarr/
RAWS,RAWS_CEDN2,s3://cadcat/histwxstns/RAWS/RAWS_CEDN2.zarr/
RAWS,RAWS_CEEC1,s3://cadcat/histwxstns/RAWS/RAWS_CEEC1.zarr/
RAWS,RAWS_CEFO3,s3://cadcat/histwxstns/RAWS/RAWS_CEFO3.zarr/
RAWS,RAWS_CEKC1,s3://cadcat/histwxstns/RAWS/RAWS_CEKC1.zarr/
RAWS,RAWS_CEKC2,s3://cadcat/histwxstns/RAWS/RAWS_CEKC2.zarr/
RAWS,RAWS_CENU1,s3://cadcat/histwxstns/RAWS/RAWS_CENU1.zarr/
RAWS,RAWS_CESC1,s3://cadcat/histwxstns/RAWS/RAWS_CESC1.zarr/
RAWS,RAWS_CFAC1,s3://cadcat/histwxstns/RAWS/RAWS_CFAC1.zarr/
RAWS,RAWS_CFCC1,s3://cadcat/histwxstns/RAWS/RAWS_CFCC1.zarr/
RAWS,RAWS_CGFO3,s3://cadcat/histwxstns/RAWS/RAWS_CGFO3.zarr/
RAWS,RAWS_CGFW1,s3://cadcat/histwxstns/RAWS/RAWS_CGFW1.zarr/
RAWS,RAWS_CGRC2,s3://cadcat/histwxstns/RAWS/RAWS_CGRC2.zarr/
RAWS,RAWS_CGVC1,s3://cadcat/histwxstns/RAWS/RAWS_CGVC1.zarr/
RAWS,RAWS_CHAC1,s3://cadcat/histwxstns/RAWS/RAWS_CHAC1.zarr/
RAWS,RAWS_CHAC2,s3://cadcat/histwxstns/RAWS/RAWS_CHAC2.zarr/
RAWS,RAWS_CHEA3,s3://cadcat/histwxstns/RAWS/RAWS_CHEA3.zarr/
RAWS,RAWS_CHOC1,s3://cadcat/histwxstns/RAWS/RAWS_CHOC1.zarr/
RAWS,RAWS_CHPU1,s3://cadcat/histwxstns/RAWS/RAWS_CHPU1.zarr/
RAWS,RAWS_CHRC2,s3://cadcat/histwxstns/RAWS/RAWS_CHRC2.zarr/
RAWS,RAWS_CHRI1,s3://cadcat/histwxstns/RAWS/RAWS_CHRI1.zarr/
RAWS,RAWS_CHRO3,s3://cadcat/histwxstns/RAWS/RAWS_CHRO3.zarr/
RAWS,RAWS_CICC1,s3://cadcat/histwxstns/RAWS/RAWS_CICC1.zarr/
RAWS,RAWS_CIFO3,s3://cadcat/histwxstns/RAWS/RAWS_CIFO3.zarr/
RAWS,RAWS_CIMN5,s3://cadcat/histwxstns/RAWS/RAWS_CIMN5.zarr/
RAWS,RAWS_CISC1,s3://cadcat/histwxstns/RAWS/RAWS_CISC1.zarr/
RAWS,RAWS_CKPA2,s3://cadcat/histwxstns/RAWS/RAWS_CKPA2.zarr/
RAWS,RAWS_CLBC1,s3://cadcat/histwxstns/RAWS/RAWS_CLBC1.zarr/
RAWS,RAWS_CLFO3,s3://cadcat/histwxstns/RAWS/RAWS_CLFO3.zarr/
RAWS,RAWS_CLFU1,s3://cadcat/histwxstns/RAWS/RAWS_CLFU1.zarr/
RAWS,RAWS_CLHC1,s3://cadcat/histwxstns/RAWS/RAWS_CLHC1.zarr/
RAWS,RAWS_CLNC1,s3://cadcat/histwxstns/RAWS/RAWS_CLNC1.zarr/
RAWS,RAWS_CLSW1,s3://cadcat/histwxstns/RAWS/RAWS_CLSW1.zarr/
RAWS,RAWS_CLWM8,s3://cadcat/histwxstns/RAWS/RAWS_CLWM8.zarr/
RAWS,RAWS_CMAC1,s3://cadcat/histwxstns/RAWS/RAWS_CMAC1.zarr/
RAWS,RAWS_CMEC2,s3://cadcat/histwxstns/RAWS/RAWS_CMEC2.zarr/
RAWS,RAWS_CMFW1,s3://cadcat/histwxstns/RAWS/RAWS_CMFW1.zarr/
RAWS,RAWS_CMNC1,s3://cadcat/histwxstns/RAWS/RAWS_CMNC1.zarr/
RAWS,RAWS_CMOC1,s3://cadcat/histwxstns/RAWS/RAWS_CMOC1.zarr/
RAWS,RAWS_CMRW4,s3://cadcat/histwxstns/RAWS/RAWS_CMRW4.zarr/
RAWS,RAWS_CMWW4,s3://cadcat/histwxstns/RAWS/RAWS_CMWW4.zarr/
RAWS,RAWS_CNAC1,s3://cadcat/histwxstns/RAWS/RAWS_CNAC1.zarr/
RAWS,RAWS_CNFC1,s3://cadcat/histwxstns/RAWS/RAWS_CNFC1.zarr/
RAWS,RAWS_CNFO3,s3://cadcat/histwxstns/RAWS/RAWS_CNFO3.zarr/
RAWS,RAWS_CNIC1,s3://cadcat/histwxstns/RAWS/RAWS_CNIC1.zarr/
RAWS,RAWS_CNSC1,s3://cadcat/histwxstns/RAWS/RAWS_CNSC1.zarr/
RAWS,RAWS_CNYC1,s3://cadcat/histwxstns/RAWS/RAWS_CNYC1.zarr/
RAWS,RAWS_COIN2,s3://cadcat/histwxstns/RAWS/RAWS_COIN2.zarr/
RAWS,RAWS_COKC1,s3://cadcat/histwxstns/RAWS/RAWS_COKC1.zarr/
RAWS,RAWS_COMN2,s3://cadcat/histwxstns/RAWS/RAWS_COMN2.zarr/
RAWS,RAWS_CONM8,s3://cadcat/histwxstns/RAWS/RAWS_CONM8.zarr/
RAWS,RAWS_COPN5,s3://cadcat/histwxstns/RAWS/RAWS_COPN5.zarr/
RAWS,RAWS_COWC1,s3://cadcat/histwxstns/RAWS/RAWS_COWC1.zarr/
RAWS,RAWS_COWW4,s3://cadcat/histwxstns/RAWS/RAWS_COWW4.zarr/
RAWS,RAWS_COXC1,s3://cadcat/histwxstns/RAWS/RAWS_COXC1.zarr/
RAWS,RAWS_COYN2,s3://cadcat/histwxstns/RAWS/RAWS_COYN2.zarr/
RAWS,RAWS_COYN5,s3://cadcat/histwxstns/RAWS/RAWS_COYN5.zarr/
RAWS,RAWS_CPFO3,s3://cadcat/histwxstns/RAWS/RAWS_CPFO3.zarr/
RAWS,RAWS_CPOW1,s3://cadcat/histwxstns/RAWS/RAWS_CPOW1.zarr/
RAWS,RAWS_CPPC2,s3://cadcat/histwxstns/RAWS/RAWS_CPPC2.zarr/
RAWS,RAWS_CPPN5,s3://cadcat/histwxstns/RAWS/RAWS_CPPN5.zarr/
RAWS,RAWS_CPRW1,s3://cadcat/histwxstns/RAWS/RAWS_CPRW1.zarr/
RAWS,RAWS_CPTC2,s3://cadcat/histwxstns/RAWS/RAWS_CPTC2.zarr/
RAWS,RAWS_CQFO3,s3://cadcat/histwxstns/RAWS/RAWS_CQFO3.zarr/
RAWS,RAWS_CQHC1,s3://cadcat/histwxstns/RAWS/RAWS_CQHC1.zarr/
RAWS,RAWS_CRCW1,s3://cadcat/histwxstns/RAWS/RAWS_CRCW1.zarr/
RAWS,RAWS_CRGC1,s3://cadcat/histwxstns/RAWS/RAWS_CRGC1.zarr/
RAWS,RAWS_CRII1,s3://cadcat/histwxstns/RAWS/RAWS_CRII1.zarr/
RAWS,RAWS_CRKI1,s3://cadcat/histwxstns/RAWS/RAWS_CRKI1.zarr/
RAWS,RAWS_CRNI1,s3://cadcat/histwxstns/RAWS/RAWS_CRNI1.zarr/
RAWS,RAWS_CRRS2,s3://cadcat/histwxstns/RAWS/RAWS_CRRS2.zarr/
RAWS,RAWS_CRSN2,s3://cadcat/histwxstns/RAWS/RAWS_CRSN2.zarr/
RAWS,RAWS_CRVC1,s3://cadcat/histwxstns/RAWS/RAWS_CRVC1.zarr/
RAWS,RAWS_CRWC2,s3://cadcat/histwxstns/RAWS/RAWS_CRWC2.zarr/
RAWS,RAWS_CRZC1,s3://cadcat/histwxstns/RAWS/RAWS_CRZC1.zarr/
RAWS,RAWS_CSFO3,s3://cadcat/histwxstns/RAWS/RAWS_CSFO3.zarr/
RAWS,RAWS_CSMN5,s3://cadcat/histwxstns/RAWS/RAWS_CSMN5.zarr/
RAWS,RAWS_CSPC1,s3://cadcat/histwxstns/RAWS/RAWS_CSPC1.zarr/
RAWS,RAWS_CSPS2,s3://cadcat/histwxstns/RAWS/RAWS_CSPS2.zarr/
RAWS,RAWS_CSPS3,s3://cadcat/histwxstns/RAWS/RAWS_CSPS3.zarr/
RAWS,RAWS_CSTC1,s3://cadcat/histwxstns/RAWS/RAWS_CSTC1.zarr/
RAWS,RAWS_CSVC1,s3://cadcat/histwxstns/RAWS/RAWS_CSVC1.zarr/
RAWS,RAWS_CSWC1,s3://cadcat/histwxstns/RAWS/RAWS_CSWC1.zarr/
RAWS,RAWS_CSXC1,s3://cadcat/histwxstns/RAWS/RAWS_CSXC1.zarr/
RAWS,RAWS_CSZC1,s3://cadcat/histwxstns/RAWS/RAWS_CSZC1.zarr/
RAWS,RAWS_CTGC1,s3://cadcat/histwxstns/RAWS/RAWS_CTGC1.zarr/
RAWS,RAWS_CTGC9,s3://cadcat/histwxstns/RAWS/RAWS_CTGC9.zarr/
RAWS,RAWS_CTLN2,s3://cadcat/histwxstns/RAWS/RAWS_CTLN2.zarr/
RAWS,RAWS_CTMU1,s3://cadcat/histwxstns/RAWS/RAWS_CTMU1.zarr/
RAWS,RAWS_CTOC1,s3://cadcat/histwxstns/RAWS/RAWS_CTOC1.zarr/
RAWS,RAWS_CTPC2,s3://cadcat/histwxstns/RAWS/RAWS_CTPC2.zarr/
RAWS,RAWS_CUHC2,s3://cadcat/histwxstns/RAWS/RAWS_CUHC2.zarr/
RAWS,RAWS_CURI1,s3://cadcat/histwxstns/RAWS/RAWS_CURI1.zarr/
RAWS,RAWS_CUUC1,s3://cadcat/histwxstns/RAWS/RAWS_CUUC1.zarr/
RAWS,RAWS_CUVC1,s3://cadcat/histwxstns/RAWS/RAWS_CUVC1.zarr/
RAWS,RAWS_CVBC1,s3://cadcat/histwxstns/RAWS/RAWS_CVBC1.zarr/
RAWS,RAWS_CVEC1,s3://cadcat/histwxstns/RAWS/RAWS_CVEC1.zarr/
RAWS,RAWS_CVFO3,s3://cadcat/histwxstns/RAWS/RAWS_CVFO3.zarr/
RAWS,RAWS_CWFO3,s3://cadcat/histwxstns/RAWS/RAWS_CWFO3.zarr/
RAWS,RAWS_CWNC1,s3://cadcat/histwxstns/RAWS/RAWS_CWNC1.zarr/
RAWS,RAWS_CWRN5,s3://cadcat/histwxstns/RAWS/RAWS_CWRN5.zarr/
RAWS,RAWS_CWSC1,s3://cadcat/histwxstns/RAWS/RAWS_CWSC1.zarr/
RAWS,RAWS_CXPC1,s3://cadcat/histwxstns/RAWS/RAWS_CXPC1.zarr/
RAWS,RAWS_CYFI1,s3://cadcat/histwxstns/RAWS/RAWS_CYFI1.zarr/
RAWS,RAWS_CYFM8,s3://cadcat/histwxstns/RAWS/RAWS_CYFM8.zarr/
RAWS,RAWS_CYFW1,s3://cadcat/histwxstns/RAWS/RAWS_CYFW1.zarr/
RAWS,RAWS_CYNC2,s3://cadcat/histwxstns/RAWS/RAWS_CYNC2.zarr/
RAWS,RAWS_CYVC1,s3://cadcat/histwxstns/RAWS/RAWS_CYVC1.zarr/
RAWS,RAWS_CYVN2,s3://cadcat/histwxstns/RAWS/RAWS_CYVN2.zarr/
RAWS,RAWS_CZRC1,s3://cadcat/histwxstns/RAWS/RAWS_CZRC1.zarr/
RAWS,RAWS_DBCM8,s3://cadcat/histwxstns/RAWS/RAWS_DBCM8.zarr/
RAWS,RAWS_DBLC1,s3://cadcat/histwxstns/RAWS/RAWS_DBLC1.zarr/
RAWS,RAWS_DBLN2,s3://cadcat/histwxstns/RAWS/RAWS_DBLN2.zarr/
RAWS,RAWS_DBOM8,s3://cadcat/histwxstns/RAWS/RAWS_DBOM8.zarr/
RAWS,RAWS_DBYM8,s3://cadcat/histwxstns/RAWS/RAWS_DBYM8.zarr/
RAWS,RAWS_DCCW1,s3://cadcat/histwxstns/RAWS/RAWS_DCCW1.zarr/
RAWS,RAWS_DCRM8,s3://cadcat/histwxstns/RAWS/RAWS_DCRM8.zarr/
RAWS,RAWS_DEAI1,s3://cadcat/histwxstns/RAWS/RAWS_DEAI1.zarr/
RAWS,RAWS_DECN2,s3://cadcat/histwxstns/RAWS/RAWS_DECN2.zarr/
RAWS,RAWS_DEDN2,s3://cadcat/histwxstns/RAWS/RAWS_DEDN2.zarr/
RAWS,RAWS_DEEM8,s3://cadcat/histwxstns/RAWS/RAWS_DEEM8.zarr/
RAWS,RAWS_DEHI1,s3://cadcat/histwxstns/RAWS/RAWS_DEHI1.zarr/
RAWS,RAWS_DEMC1,s3://cadcat/histwxstns/RAWS/RAWS_DEMC1.zarr/
RAWS,RAWS_DENC1,s3://cadcat/histwxstns/RAWS/RAWS_DENC1.zarr/
RAWS,RAWS_DESN2,s3://cadcat/histwxstns/RAWS/RAWS_DESN2.zarr/
RAWS,RAWS_DEXC1,s3://cadcat/histwxstns/RAWS/RAWS_DEXC1.zarr/
RAWS,RAWS_DGRC1,s3://cadcat/histwxstns/RAWS/RAWS_DGRC1.zarr/
RAWS,RAWS_DHOC2,s3://cadcat/histwxstns/RAWS/RAWS_DHOC2.zarr/
RAWS,RAWS_DIAU1,s3://cadcat/histwxstns/RAWS/RAWS_DIAU1.zarr/
RAWS,RAWS_DICC1,s3://cadcat/histwxstns/RAWS/RAWS_DICC1.zarr/
RAWS,RAWS_DIFW1,s3://cadcat/histwxstns/RAWS/RAWS_DIFW1.zarr/
RAWS,RAWS_DJTC2,s3://cadcat/histwxstns/RAWS/RAWS_DJTC2.zarr/
RAWS,RAWS_DKYC1,s3://cadcat/histwxstns/RAWS/RAWS_DKYC1.zarr/
RAWS,RAWS_DLCN5,s3://cadcat/histwxstns/RAWS/RAWS_DLCN5.zarr/
RAWS,RAWS_DLVC1,s3://cadcat/histwxstns/RAWS/RAWS_DLVC1.zarr/
RAWS,RAWS_DMFW1,s3://cadcat/histwxstns/RAWS/RAWS_DMFW1.zarr/
RAWS,RAWS_DMMC2,s3://cadcat/histwxstns/RAWS/RAWS_DMMC2.zarr/
RAWS,RAWS_DMNI1,s3://cadcat/histwxstns/RAWS/RAWS_DMNI1.zarr/
RAWS,RAWS_DMTC2,s3://cadcat/histwxstns/RAWS/RAWS_DMTC2.zarr/
RAWS,RAWS_DNFI1,s3://cadcat/histwxstns/RAWS/RAWS_DNFI1.zarr/
RAWS,RAWS_DNTC1,s3://cadcat/histwxstns/RAWS/RAWS_DNTC1.zarr/
RAWS,RAWS_DODW4,s3://cadcat/histwxstns/RAWS/RAWS_DODW4.zarr/
RAWS,RAWS_DOGC1,s3://cadcat/histwxstns/RAWS/RAWS_DOGC1.zarr/
RAWS,RAWS_DOHS2,s3://cadcat/histwxstns/RAWS/RAWS_DOHS2.zarr/
RAWS,RAWS_DOUW1,s3://cadcat/histwxstns/RAWS/RAWS_DOUW1.zarr/
RAWS,RAWS_DPKI1,s3://cadcat/histwxstns/RAWS/RAWS_DPKI1.zarr/
RAWS,RAWS_DPKN5,s3://cadcat/histwxstns/RAWS/RAWS_DPKN5.zarr/
RAWS,RAWS_DPMC1,s3://cadcat/histwxstns/RAWS/RAWS_DPMC1.zarr/
RAWS,RAWS_DPRN5,s3://cadcat/histwxstns/RAWS/RAWS_DPRN5.zarr/
RAWS,RAWS_DRAC2,s3://cadcat/histwxstns/RAWS/RAWS_DRAC2.zarr/
RAWS,RAWS_DRYC2,s3://cadcat/histwxstns/RAWS/RAWS_DRYC2.zarr/
RAWS,RAWS_DRYN2,s3://cadcat/histwxstns/RAWS/RAWS_DRYN2.zarr/
RAWS,RAWS_DRYW1,s3://cadcat/histwxstns/RAWS/RAWS_DRYW1.zarr/
RAWS,RAWS_DSRO3,s3://cadcat/histwxstns/RAWS/RAWS_DSRO3.zarr/
RAWS,RAWS_DTLN5,s3://cadcat/histwxstns/RAWS/RAWS_DTLN5.zarr/
RAWS,RAWS_DUCC1,s3://cadcat/histwxstns/RAWS/RAWS_DUCC1.zarr/
RAWS,RAWS_DUFC2,s3://cadcat/histwxstns/RAWS/RAWS_DUFC2.zarr/
RAWS,RAWS_DUIC1,s3://cadcat/histwxstns/RAWS/RAWS_DUIC1.zarr/
RAWS,RAWS_DUNN5,s3://cadcat/histwxstns/RAWS/RAWS_DUNN5.zarr/
RAWS,RAWS_DUNO3,s3://cadcat/histwxstns/RAWS/RAWS_DUNO3.zarr/
RAWS,RAWS_DVLO3,s3://cadcat/histwxstns/RAWS/RAWS_DVLO3.zarr/
RAWS,RAWS_DVLW4,s3://cadcat/histwxstns/RAWS/RAWS_DVLW4.zarr/
RAWS,RAWS_DVOC1,s3://cadcat/histwxstns/RAWS/RAWS_DVOC1.zarr/
RAWS,RAWS_DWRN2,s3://cadcat/histwxstns/RAWS/RAWS_DWRN2.zarr/
RAWS,RAWS_DYGC2,s3://cadcat/histwxstns/RAWS/RAWS_DYGC2.zarr/
RAWS,RAWS_DYKC2,s3://cadcat/histwxstns/RAWS/RAWS_DYKC2.zarr/
RAWS,RAWS_DYLC1,s3://cadcat/histwxstns/RAWS/RAWS_DYLC1.zarr/
RAWS,RAWS_EAPN2,s3://cadcat/histwxstns/RAWS/RAWS_EAPN2.zarr/
RAWS,RAWS_ECEW4,s3://cadcat/histwxstns/RAWS/RAWS_ECEW4.zarr/
RAWS,RAWS_ECKC1,s3://cadcat/histwxstns/RAWS/RAWS_ECKC1.zarr/
RAWS,RAWS_ECSC1,s3://cadcat/histwxstns/RAWS/RAWS_ECSC1.zarr/
RAWS,RAWS_EDRC1,s3://cadcat/histwxstns/RAWS/RAWS_EDRC1.zarr/
RAWS,RAWS_EELC1,s3://cadcat/histwxstns/RAWS/RAWS_EELC1.zarr/
RAWS,RAWS_EGKO3,s3://cadcat/histwxstns/RAWS/RAWS_EGKO3.zarr/
RAWS,RAWS_EGLW4,s3://cadcat/histwxstns/RAWS/RAWS_EGLW4.zarr/
RAWS,RAWS_EGRC2,s3://cadcat/histwxstns/RAWS/RAWS_EGRC2.zarr/
RAWS,RAWS_EKCO3,s3://cadcat/histwxstns/RAWS/RAWS_EKCO3.zarr/
RAWS,RAWS_EKHM8,s3://cadcat/histwxstns/RAWS/RAWS_EKHM8.zarr/
RAWS,RAWS_EKIM8,s3://cadcat/histwxstns/RAWS/RAWS_EKIM8.zarr/
RAWS,RAWS_EKRW1,s3://cadcat/histwxstns/RAWS/RAWS_EKRW1.zarr/
RAWS,RAWS_ELKW4,s3://cadcat/histwxstns/RAWS/RAWS_ELKW4.zarr/
RAWS,RAWS_EMFO3,s3://cadcat/histwxstns/RAWS/RAWS_EMFO3.zarr/
RAWS,RAWS_EMRC1,s3://cadcat/histwxstns/RAWS/RAWS_EMRC1.zarr/
RAWS,RAWS_EMTW1,s3://cadcat/histwxstns/RAWS/RAWS_EMTW1.zarr/
RAWS,RAWS_ENCW1,s3://cadcat/histwxstns/RAWS/RAWS_ENCW1.zarr/
RAWS,RAWS_ENFO3,s3://cadcat/histwxstns/RAWS/RAWS_ENFO3.zarr/
RAWS,RAWS_ENNM8,s3://cadcat/histwxstns/RAWS/RAWS_ENNM8.zarr/
RAWS,RAWS_ENTU1,s3://cadcat/histwxstns/RAWS/RAWS_ENTU1.zarr/
RAWS,RAWS_EPKC1,s3://cadcat/histwxstns/RAWS/RAWS_EPKC1.zarr/
RAWS,RAWS_EPON2,s3://cadcat/histwxstns/RAWS/RAWS_EPON2.zarr/
RAWS,RAWS_EPTC1,s3://cadcat/histwxstns/RAWS/RAWS_EPTC1.zarr/
RAWS,RAWS_EPWC1,s3://cadcat/histwxstns/RAWS/RAWS_EPWC1.zarr/
RAWS,RAWS_ERAW4,s3://cadcat/histwxstns/RAWS/RAWS_ERAW4.zarr/
RAWS,RAWS_ERCC1,s3://cadcat/histwxstns/RAWS/RAWS_ERCC1.zarr/
RAWS,RAWS_ESCW1,s3://cadcat/histwxstns/RAWS/RAWS_ESCW1.zarr/
RAWS,RAWS_ESPC1,s3://cadcat/histwxstns/RAWS/RAWS_ESPC1.zarr/
RAWS,RAWS_ESPC2,s3://cadcat/histwxstns/RAWS/RAWS_ESPC2.zarr/
RAWS,RAWS_ESTW4,s3://cadcat/histwxstns/RAWS/RAWS_ESTW4.zarr/
RAWS,RAWS_EURM8,s3://cadcat/histwxstns/RAWS/RAWS_EURM8.zarr/
RAWS,RAWS_EVFO3,s3://cadcat/histwxstns/RAWS/RAWS_EVFO3.zarr/
RAWS,RAWS_EVLC1,s3://cadcat/histwxstns/RAWS/RAWS_EVLC1.zarr/
RAWS,RAWS_EZRI1,s3://cadcat/histwxstns/RAWS/RAWS_EZRI1.zarr/
RAWS,RAWS_FAFO3,s3://cadcat/histwxstns/RAWS/RAWS_FAFO3.zarr/
RAWS,RAWS_FBFW1,s3://cadcat/histwxstns/RAWS/RAWS_FBFW1.zarr/
RAWS,RAWS_FBLM8,s3://cadcat/histwxstns/RAWS/RAWS_FBLM8.zarr/
RAWS,RAWS_FBZC1,s3://cadcat/histwxstns/RAWS/RAWS_FBZC1.zarr/
RAWS,RAWS_FCHC1,s3://cadcat/histwxstns/RAWS/RAWS_FCHC1.zarr/
RAWS,RAWS_FCRC2,s3://cadcat/histwxstns/RAWS/RAWS_FCRC2.zarr/
RAWS,RAWS_FCRM8,s3://cadcat/histwxstns/RAWS/RAWS_FCRM8.zarr/
RAWS,RAWS_FEFO3,s3://cadcat/histwxstns/RAWS/RAWS_FEFO3.zarr/
RAWS,RAWS_FERI1,s3://cadcat/histwxstns/RAWS/RAWS_FERI1.zarr/
RAWS,RAWS_FFFO3,s3://cadcat/histwxstns/RAWS/RAWS_FFFO3.zarr/
RAWS,RAWS_FGFO3,s3://cadcat/histwxstns/RAWS/RAWS_FGFO3.zarr/
RAWS,RAWS_FGMC1,s3://cadcat/histwxstns/RAWS/RAWS_FGMC1.zarr/
RAWS,RAWS_FHCC1,s3://cadcat/histwxstns/RAWS/RAWS_FHCC1.zarr/
RAWS,RAWS_FHFI1,s3://cadcat/histwxstns/RAWS/RAWS_FHFI1.zarr/
RAWS,RAWS_FHFM8,s3://cadcat/histwxstns/RAWS/RAWS_FHFM8.zarr/
RAWS,RAWS_FHLC1,s3://cadcat/histwxstns/RAWS/RAWS_FHLC1.zarr/
RAWS,RAWS_FIEM8,s3://cadcat/histwxstns/RAWS/RAWS_FIEM8.zarr/
RAWS,RAWS_FIFW1,s3://cadcat/histwxstns/RAWS/RAWS_FIFW1.zarr/
RAWS,RAWS_FINM8,s3://cadcat/histwxstns/RAWS/RAWS_FINM8.zarr/
RAWS,RAWS_FIRM8,s3://cadcat/histwxstns/RAWS/RAWS_FIRM8.zarr/
RAWS,RAWS_FISN2,s3://cadcat/histwxstns/RAWS/RAWS_FISN2.zarr/
RAWS,RAWS_FIVU1,s3://cadcat/histwxstns/RAWS/RAWS_FIVU1.zarr/
RAWS,RAWS_FKFO3,s3://cadcat/histwxstns/RAWS/RAWS_FKFO3.zarr/
RAWS,RAWS_FKTC2,s3://cadcat/histwxstns/RAWS/RAWS_FKTC2.zarr/
RAWS,RAWS_FLAC1,s3://cadcat/histwxstns/RAWS/RAWS_FLAC1.zarr/
RAWS,RAWS_FLEI1,s3://cadcat/histwxstns/RAWS/RAWS_FLEI1.zarr/
RAWS,RAWS_FLFI1,s3://cadcat/histwxstns/RAWS/RAWS_FLFI1.zarr/
RAWS,RAWS_FLFO3,s3://cadcat/histwxstns/RAWS/RAWS_FLFO3.zarr/
RAWS,RAWS_FMFO3,s3://cadcat/histwxstns/RAWS/RAWS_FMFO3.zarr/
RAWS,RAWS_FMOC1,s3://cadcat/histwxstns/RAWS/RAWS_FMOC1.zarr/
RAWS,RAWS_FMRC1,s3://cadcat/histwxstns/RAWS/RAWS_FMRC1.zarr/
RAWS,RAWS_FMRS2,s3://cadcat/histwxstns/RAWS/RAWS_FMRS2.zarr/
RAWS,RAWS_FNWC1,s3://cadcat/histwxstns/RAWS/RAWS_FNWC1.zarr/
RAWS,RAWS_FNWO3,s3://cadcat/histwxstns/RAWS/RAWS_FNWO3.zarr/
RAWS,RAWS_FOXN2,s3://cadcat/histwxstns/RAWS/RAWS_FOXN2.zarr/
RAWS,RAWS_FPRO3,s3://cadcat/histwxstns/RAWS/RAWS_FPRO3.zarr/
RAWS,RAWS_FQDN5,s3://cadcat/histwxstns/RAWS/RAWS_FQDN5.zarr/
RAWS,RAWS_FRCC1,s3://cadcat/histwxstns/RAWS/RAWS_FRCC1.zarr/
RAWS,RAWS_FRCW1,s3://cadcat/histwxstns/RAWS/RAWS_FRCW1.zarr/
RAWS,RAWS_FRKW1,s3://cadcat/histwxstns/RAWS/RAWS_FRKW1.zarr/
RAWS,RAWS_FSAC1,s3://cadcat/histwxstns/RAWS/RAWS_FSAC1.zarr/
RAWS,RAWS_FSBC1,s3://cadcat/histwxstns/RAWS/RAWS_FSBC1.zarr/
RAWS,RAWS_FSHC1,s3://cadcat/histwxstns/RAWS/RAWS_FSHC1.zarr/
RAWS,RAWS_FSLM8,s3://cadcat/histwxstns/RAWS/RAWS_FSLM8.zarr/
RAWS,RAWS_FTAW1,s3://cadcat/histwxstns/RAWS/RAWS_FTAW1.zarr/
RAWS,RAWS_FTFW1,s3://cadcat/histwxstns/RAWS/RAWS_FTFW1.zarr/
RAWS,RAWS_FTMU1,s3://cadcat/histwxstns/RAWS/RAWS_FTMU1.zarr/
RAWS,RAWS_FTNC1,s3://cadcat/histwxstns/RAWS/RAWS_FTNC1.zarr/
RAWS,RAWS_FTYA3,s3://cadcat/histwxstns/RAWS/RAWS_FTYA3.zarr/
RAWS,RAWS_FWFW1,s3://cadcat/histwxstns/RAWS/RAWS_FWFW1.zarr/
RAWS,RAWS_FWSC1,s3://cadcat/histwxstns/RAWS/RAWS_FWSC1.zarr/
RAWS,RAWS_FZWA3,s3://cadcat/histwxstns/RAWS/RAWS_FZWA3.zarr/
RAWS,RAWS_GAAM8,s3://cadcat/histwxstns/RAWS/RAWS_GAAM8.zarr/
RAWS,RAWS_GALN2,s3://cadcat/histwxstns/RAWS/RAWS_GALN2.zarr/
RAWS,RAWS_GASI1,s3://cadcat/histwxstns/RAWS/RAWS_GASI1.zarr/
RAWS,RAWS_GBWW4,s3://cadcat/histwxstns/RAWS/RAWS_GBWW4.zarr/
RAWS,RAWS_GCRW4,s3://cadcat/histwxstns/RAWS/RAWS_GCRW4.zarr/
RAWS,RAWS_GDFO3,s3://cadcat/histwxstns/RAWS/RAWS_GDFO3.zarr/
RAWS,RAWS_GDRC2,s3://cadcat/histwxstns/RAWS/RAWS_GDRC2.zarr/
RAWS,RAWS_GELO3,s3://cadcat/histwxstns/RAWS/RAWS_GELO3.zarr/
RAWS,RAWS_GHFW1,s3://cadcat/histwxstns/RAWS/RAWS_GHFW1.zarr/
RAWS,RAWS_GINM8,s3://cadcat/histwxstns/RAWS/RAWS_GINM8.zarr/
RAWS,RAWS_GLFM8,s3://cadcat/histwxstns/RAWS/RAWS_GLFM8.zarr/
RAWS,RAWS_GMFW1,s3://cadcat/histwxstns/RAWS/RAWS_GMFW1.zarr/
RAWS,RAWS_GMLN5,s3://cadcat/histwxstns/RAWS/RAWS_GMLN5.zarr/
RAWS,RAWS_GMRC1,s3://cadcat/histwxstns/RAWS/RAWS_GMRC1.zarr/
RAWS,RAWS_GMTC1,s3://cadcat/histwxstns/RAWS/RAWS_GMTC1.zarr/
RAWS,RAWS_GNLW1,s3://cadcat/histwxstns/RAWS/RAWS_GNLW1.zarr/
RAWS,RAWS_GNMN5,s3://cadcat/histwxstns/RAWS/RAWS_GNMN5.zarr/
RAWS,RAWS_GNRW4,s3://cadcat/histwxstns/RAWS/RAWS_GNRW4.zarr/
RAWS,RAWS_GNSC1,s3://cadcat/histwxstns/RAWS/RAWS_GNSC1.zarr/
RAWS,RAWS_GNTC1,s3://cadcat/histwxstns/RAWS/RAWS_GNTC1.zarr/
RAWS,RAWS_GORC1,s3://cadcat/histwxstns/RAWS/RAWS_GORC1.zarr/
RAWS,RAWS_GOSC1,s3://cadcat/histwxstns/RAWS/RAWS_GOSC1.zarr/
RAWS,RAWS_GPFO3,s3://cadcat/histwxstns/RAWS/RAWS_GPFO3.zarr/
RAWS,RAWS_GPKM8,s3://cadcat/histwxstns/RAWS/RAWS_GPKM8.zarr/
RAWS,RAWS_GPRC2,s3://cadcat/histwxstns/RAWS/RAWS_GPRC2.zarr/
RAWS,RAWS_GPRM8,s3://cadcat/histwxstns/RAWS/RAWS_GPRM8.zarr/
RAWS,RAWS_GQEC1,s3://cadcat/histwxstns/RAWS/RAWS_GQEC1.zarr/
RAWS,RAWS_GRAA3,s3://cadcat/histwxstns/RAWS/RAWS_GRAA3.zarr/
RAWS,RAWS_GRAI1,s3://cadcat/histwxstns/RAWS/RAWS_GRAI1.zarr/
RAWS,RAWS_GRBO3,s3://cadcat/histwxstns/RAWS/RAWS_GRBO3.zarr/
RAWS,RAWS_GRFW1,s3://cadcat/histwxstns/RAWS/RAWS_GRFW1.zarr/
RAWS,RAWS_GRSC1,s3://cadcat/histwxstns/RAWS/RAWS_GRSC1.zarr/
RAWS,RAWS_GRSN5,s3://cadcat/histwxstns/RAWS/RAWS_GRSN5.zarr/
RAWS,RAWS_GRVN2,s3://cadcat/histwxstns/RAWS/RAWS_GRVN2.zarr/
RAWS,RAWS_GSCN5,s3://cadcat/histwxstns/RAWS/RAWS_GSCN5.zarr/
RAWS,RAWS_GSFO3,s3://cadcat/histwxstns/RAWS/RAWS_GSFO3.zarr/
RAWS,RAWS_GSKI1,s3://cadcat/histwxstns/RAWS/RAWS_GSKI1.zarr/
RAWS,RAWS_GSNM8,s3://cadcat/histwxstns/RAWS/RAWS_GSNM8.zarr/
RAWS,RAWS_GSPC2,s3://cadcat/histwxstns/RAWS/RAWS_GSPC2.zarr/
RAWS,RAWS_GTGW4,s3://cadcat/histwxstns/RAWS/RAWS_GTGW4.zarr/
RAWS,RAWS_GVPC1,s3://cadcat/histwxstns/RAWS/RAWS_GVPC1.zarr/
RAWS,RAWS_GVTC1,s3://cadcat/histwxstns/RAWS/RAWS_GVTC1.zarr/
RAWS,RAWS_GWFW1,s3://cadcat/histwxstns/RAWS/RAWS_GWFW1.zarr/
RAWS,RAWS_GZFC1,s3://cadcat/histwxstns/RAWS/RAWS_GZFC1.zarr/
RAWS,RAWS_HACC2,s3://cadcat/histwxstns/RAWS/RAWS_HACC2.zarr/
RAWS,RAWS_HAFW4,s3://cadcat/histwxstns/RAWS/RAWS_HAFW4.zarr/
RAWS,RAWS_HBFI1,s3://cadcat/histwxstns/RAWS/RAWS_HBFI1.zarr/
RAWS,RAWS_HBOM8,s3://cadcat/histwxstns/RAWS/RAWS_HBOM8.zarr/
RAWS,RAWS_HBRM8,s3://cadcat/histwxstns/RAWS/RAWS_HBRM8.zarr/
RAWS,RAWS_HCKC2,s3://cadcat/histwxstns/RAWS/RAWS_HCKC2.zarr/
RAWS,RAWS_HDVC1,s3://cadcat/histwxstns/RAWS/RAWS_HDVC1.zarr/
RAWS,RAWS_HDZC1,s3://cadcat/histwxstns/RAWS/RAWS_HDZC1.zarr/
RAWS,RAWS_HFLC1,s3://cadcat/histwxstns/RAWS/RAWS_HFLC1.zarr/
RAWS,RAWS_HFNC1,s3://cadcat/histwxstns/RAWS/RAWS_HFNC1.zarr/
RAWS,RAWS_HGFW1,s3://cadcat/histwxstns/RAWS/RAWS_HGFW1.zarr/
RAWS,RAWS_HGLC1,s3://cadcat/histwxstns/RAWS/RAWS_HGLC1.zarr/
RAWS,RAWS_HHAI1,s3://cadcat/histwxstns/RAWS/RAWS_HHAI1.zarr/
RAWS,RAWS_HHFO3,s3://cadcat/histwxstns/RAWS/RAWS_HHFO3.zarr/
RAWS,RAWS_HHPC1,s3://cadcat/histwxstns/RAWS/RAWS_HHPC1.zarr/
RAWS,RAWS_HHRN5,s3://cadcat/histwxstns/RAWS/RAWS_HHRN5.zarr/
RAWS,RAWS_HHRW4,s3://cadcat/histwxstns/RAWS/RAWS_HHRW4.zarr/
RAWS,RAWS_HIBW1,s3://cadcat/histwxstns/RAWS/RAWS_HIBW1.zarr/
RAWS,RAWS_HKFW1,s3://cadcat/histwxstns/RAWS/RAWS_HKFW1.zarr/
RAWS,RAWS_HLKC1,s3://cadcat/histwxstns/RAWS/RAWS_HLKC1.zarr/
RAWS,RAWS_HLLC1,s3://cadcat/histwxstns/RAWS/RAWS_HLLC1.zarr/
RAWS,RAWS_HMDC1,s3://cadcat/histwxstns/RAWS/RAWS_HMDC1.zarr/
RAWS,RAWS_HMEC2,s3://cadcat/histwxstns/RAWS/RAWS_HMEC2.zarr/
RAWS,RAWS_HMMC1,s3://cadcat/histwxstns/RAWS/RAWS_HMMC1.zarr/
RAWS,RAWS_HMRC1,s3://cadcat/histwxstns/RAWS/RAWS_HMRC1.zarr/
RAWS,RAWS_HNGC1,s3://cadcat/histwxstns/RAWS/RAWS_HNGC1.zarr/
RAWS,RAWS_HNMU1,s3://cadcat/histwxstns/RAWS/RAWS_HNMU1.zarr/
RAWS,RAWS_HNYM8,s3://cadcat/histwxstns/RAWS/RAWS_HNYM8.zarr/
RAWS,RAWS_HOAC1,s3://cadcat/histwxstns/RAWS/RAWS_HOAC1.zarr/
RAWS,RAWS_HOBW4,s3://cadcat/histwxstns/RAWS/RAWS_HOBW4.zarr/
RAWS,RAWS_HOHU1,s3://cadcat/histwxstns/RAWS/RAWS_HOHU1.zarr/
RAWS,RAWS_HOOI1,s3://cadcat/histwxstns/RAWS/RAWS_HOOI1.zarr/
RAWS,RAWS_HORM8,s3://cadcat/histwxstns/RAWS/RAWS_HORM8.zarr/
RAWS,RAWS_HOTM8,s3://cadcat/histwxstns/RAWS/RAWS_HOTM8.zarr/
RAWS,RAWS_HPDC1,s3://cadcat/histwxstns/RAWS/RAWS_HPDC1.zarr/
RAWS,RAWS_HPFI1,s3://cadcat/histwxstns/RAWS/RAWS_HPFI1.zarr/
RAWS,RAWS_HRBC2,s3://cadcat/histwxstns/RAWS/RAWS_HRBC2.zarr/
RAWS,RAWS_HRKM8,s3://cadcat/histwxstns/RAWS/RAWS_HRKM8.zarr/
RAWS,RAWS_HRLO3,s3://cadcat/histwxstns/RAWS/RAWS_HRLO3.zarr/
RAWS,RAWS_HRMC1,s3://cadcat/histwxstns/RAWS/RAWS_HRMC1.zarr/
RAWS,RAWS_HRTM8,s3://cadcat/histwxstns/RAWS/RAWS_HRTM8.zarr/
RAWS,RAWS_HRWM8,s3://cadcat/histwxstns/RAWS/RAWS_HRWM8.zarr/
RAWS,RAWS_HSEC1,s3://cadcat/histwxstns/RAWS/RAWS_HSEC1.zarr/
RAWS,RAWS_HSFO3,s3://cadcat/histwxstns/RAWS/RAWS_HSFO3.zarr/
RAWS,RAWS_HSGC1,s3://cadcat/histwxstns/RAWS/RAWS_HSGC1.zarr/
RAWS,RAWS_HSPC1,s3://cadcat/histwxstns/RAWS/RAWS_HSPC1.zarr/
RAWS,RAWS_HSQC1,s3://cadcat/histwxstns/RAWS/RAWS_HSQC1.zarr/
RAWS,RAWS_HSRU1,s3://cadcat/histwxstns/RAWS/RAWS_HSRU1.zarr/
RAWS,RAWS_HTRC1,s3://cadcat/histwxstns/RAWS/RAWS_HTRC1.zarr/
RAWS,RAWS_HTSC1,s3://cadcat/histwxstns/RAWS/RAWS_HTSC1.zarr/
RAWS,RAWS_HUFW1,s3://cadcat/histwxstns/RAWS/RAWS_HUFW1.zarr/
RAWS,RAWS_HUKW1,s3://cadcat/histwxstns/RAWS/RAWS_HUKW1.zarr/
RAWS,RAWS_HUMC1,s3://cadcat/histwxstns/RAWS/RAWS_HUMC1.zarr/
RAWS,RAWS_HURW1,s3://cadcat/histwxstns/RAWS/RAWS_HURW1.zarr/
RAWS,RAWS_HWAU1,s3://cadcat/histwxstns/RAWS/RAWS_HWAU1.zarr/
RAWS,RAWS_HWKC1,s3://cadcat/histwxstns/RAWS/RAWS_HWKC1.zarr/
RAWS,RAWS_HYFC1,s3://cadcat/histwxstns/RAWS/RAWS_HYFC1.zarr/
RAWS,RAWS_HYFO3,s3://cadcat/histwxstns/RAWS/RAWS_HYFO3.zarr/
RAWS,RAWS_HYGM8,s3://cadcat/histwxstns/RAWS/RAWS_HYGM8.zarr/
RAWS,RAWS_HZCW1,s3://cadcat/histwxstns/RAWS/RAWS_HZCW1.zarr/
RAWS,RAWS_IDPC1,s3://cadcat/histwxstns/RAWS/RAWS_IDPC1.zarr/
RAWS,RAWS_IDWC1,s3://cadcat/histwxstns/RAWS/RAWS_IDWC1.zarr/
RAWS,RAWS_IMRC2,s3://cadcat/histwxstns/RAWS/RAWS_IMRC2.zarr/
RAWS,RAWS_IMTW1,s3://cadcat/histwxstns/RAWS/RAWS_IMTW1.zarr/
RAWS,RAWS_IMWN2,s3://cadcat/histwxstns/RAWS/RAWS_IMWN2.zarr/
RAWS,RAWS_INCM8,s3://cadcat/histwxstns/RAWS/RAWS_INCM8.zarr/
RAWS,RAWS_INDI1,s3://cadcat/histwxstns/RAWS/RAWS_INDI1.zarr/
RAWS,RAWS_INRC1,s3://cadcat/histwxstns/RAWS/RAWS_INRC1.zarr/
RAWS,RAWS_INTC1,s3://cadcat/histwxstns/RAWS/RAWS_INTC1.zarr/
RAWS,RAWS_IPFI1,s3://cadcat/histwxstns/RAWS/RAWS_IPFI1.zarr/
RAWS,RAWS_IRFO3,s3://cadcat/histwxstns/RAWS/RAWS_IRFO3.zarr/
RAWS,RAWS_ISCC1,s3://cadcat/histwxstns/RAWS/RAWS_ISCC1.zarr/
RAWS,RAWS_IWLC1,s3://cadcat/histwxstns/RAWS/RAWS_IWLC1.zarr/
RAWS,RAWS_JARN5,s3://cadcat/histwxstns/RAWS/RAWS_JARN5.zarr/
RAWS,RAWS_JAYC2,s3://cadcat/histwxstns/RAWS/RAWS_JAYC2.zarr/
RAWS,RAWS_JBGC1,s3://cadcat/histwxstns/RAWS/RAWS_JBGC1.zarr/
RAWS,RAWS_JCRC2,s3://cadcat/histwxstns/RAWS/RAWS_JCRC2.zarr/
RAWS,RAWS_JEFW1,s3://cadcat/histwxstns/RAWS/RAWS_JEFW1.zarr/
RAWS,RAWS_JESN5,s3://cadcat/histwxstns/RAWS/RAWS_JESN5.zarr/
RAWS,RAWS_JETM8,s3://cadcat/histwxstns/RAWS/RAWS_JETM8.zarr/
RAWS,RAWS_JFSC1,s3://cadcat/histwxstns/RAWS/RAWS_JFSC1.zarr/
RAWS,RAWS_JNSC2,s3://cadcat/histwxstns/RAWS/RAWS_JNSC2.zarr/
RAWS,RAWS_JPFC1,s3://cadcat/histwxstns/RAWS/RAWS_JPFC1.zarr/
RAWS,RAWS_JPKM8,s3://cadcat/histwxstns/RAWS/RAWS_JPKM8.zarr/
RAWS,RAWS_JPRC1,s3://cadcat/histwxstns/RAWS/RAWS_JPRC1.zarr/
RAWS,RAWS_JRFO3,s3://cadcat/histwxstns/RAWS/RAWS_JRFO3.zarr/
RAWS,RAWS_JSDC1,s3://cadcat/histwxstns/RAWS/RAWS_JSDC1.zarr/
RAWS,RAWS_JSNC1,s3://cadcat/histwxstns/RAWS/RAWS_JSNC1.zarr/
RAWS,RAWS_JSPN2,s3://cadcat/histwxstns/RAWS/RAWS_JSPN2.zarr/
RAWS,RAWS_JSPU1,s3://cadcat/histwxstns/RAWS/RAWS_JSPU1.zarr/
RAWS,RAWS_JTAC1,s3://cadcat/histwxstns/RAWS/RAWS_JTAC1.zarr/
RAWS,RAWS_JUFW1,s3://cadcat/histwxstns/RAWS/RAWS_JUFW1.zarr/
RAWS,RAWS_JULC1,s3://cadcat/histwxstns/RAWS/RAWS_JULC1.zarr/
RAWS,RAWS_JVAU1,s3://cadcat/histwxstns/RAWS/RAWS_JVAU1.zarr/
RAWS,RAWS_JWBC1,s3://cadcat/histwxstns/RAWS/RAWS_JWBC1.zarr/
RAWS,RAWS_KAGU1,s3://cadcat/histwxstns/RAWS/RAWS_KAGU1.zarr/
RAWS,RAWS_KBFO3,s3://cadcat/histwxstns/RAWS/RAWS_KBFO3.zarr/
RAWS,RAWS_KBNC1,s3://cadcat/histwxstns/RAWS/RAWS_KBNC1.zarr/
RAWS,RAWS_KCFW1,s3://cadcat/histwxstns/RAWS/RAWS_KCFW1.zarr/
RAWS,RAWS_KEEO3,s3://cadcat/histwxstns/RAWS/RAWS_KEEO3.zarr/
RAWS,RAWS_KELC1,s3://cadcat/histwxstns/RAWS/RAWS_KELC1.zarr/
RAWS,RAWS_KELI1,s3://cadcat/histwxstns/RAWS/RAWS_KELI1.zarr/
RAWS,RAWS_KIGM8,s3://cadcat/histwxstns/RAWS/RAWS_KIGM8.zarr/
RAWS,RAWS_KLOM8,s3://cadcat/histwxstns/RAWS/RAWS_KLOM8.zarr/
RAWS,RAWS_KLRI1,s3://cadcat/histwxstns/RAWS/RAWS_KLRI1.zarr/
RAWS,RAWS_KLXC1,s3://cadcat/histwxstns/RAWS/RAWS_KLXC1.zarr/
RAWS,RAWS_KLYW4,s3://cadcat/histwxstns/RAWS/RAWS_KLYW4.zarr/
RAWS,RAWS_KMFW1,s3://cadcat/histwxstns/RAWS/RAWS_KMFW1.zarr/
RAWS,RAWS_KMRO3,s3://cadcat/histwxstns/RAWS/RAWS_KMRO3.zarr/
RAWS,RAWS_KNLC1,s3://cadcat/histwxstns/RAWS/RAWS_KNLC1.zarr/
RAWS,RAWS_KNNC1,s3://cadcat/histwxstns/RAWS/RAWS_KNNC1.zarr/
RAWS,RAWS_KNSN2,s3://cadcat/histwxstns/RAWS/RAWS_KNSN2.zarr/
RAWS,RAWS_KNWC1,s3://cadcat/histwxstns/RAWS/RAWS_KNWC1.zarr/
RAWS,RAWS_KNXC1,s3://cadcat/histwxstns/RAWS/RAWS_KNXC1.zarr/
RAWS,RAWS_KNXN2,s3://cadcat/histwxstns/RAWS/RAWS_KNXN2.zarr/
RAWS,RAWS_KOSW1,s3://cadcat/histwxstns/RAWS/RAWS_KOSW1.zarr/
RAWS,RAWS_KOTC1,s3://cadcat/histwxstns/RAWS/RAWS_KOTC1.zarr/
RAWS,RAWS_KPRU1,s3://cadcat/histwxstns/RAWS/RAWS_KPRU1.zarr/
RAWS,RAWS_KRCI1,s3://cadcat/histwxstns/RAWS/RAWS_KRCI1.zarr/
RAWS,RAWS_KRNC1,s3://cadcat/histwxstns/RAWS/RAWS_KRNC1.zarr/
RAWS,RAWS_KRTC1,s3://cadcat/histwxstns/RAWS/RAWS_KRTC1.zarr/
RAWS,RAWS_KSEC2,s3://cadcat/histwxstns/RAWS/RAWS_KSEC2.zarr/
RAWS,RAWS_KSHC2,s3://cadcat/histwxstns/RAWS/RAWS_KSHC2.zarr/
RAWS,RAWS_KTFM8,s3://cadcat/histwxstns/RAWS/RAWS_KTFM8.zarr/
RAWS,RAWS_KTLC1,s3://cadcat/histwxstns/RAWS/RAWS_KTLC1.zarr/
RAWS,RAWS_KTLW1,s3://cadcat/histwxstns/RAWS/RAWS_KTLW1.zarr/
RAWS,RAWS_KWYC1,s3://cadcat/histwxstns/RAWS/RAWS_KWYC1.zarr/
RAWS,RAWS_KYCN2,s3://cadcat/histwxstns/RAWS/RAWS_KYCN2.zarr/
RAWS,RAWS_LAFC1,s3://cadcat/histwxstns/RAWS/RAWS_LAFC1.zarr/
RAWS,RAWS_LAGO3,s3://cadcat/histwxstns/RAWS/RAWS_LAGO3.zarr/
RAWS,RAWS_LAHC1,s3://cadcat/histwxstns/RAWS/RAWS_LAHC1.zarr/
RAWS,RAWS_LARU1,s3://cadcat/histwxstns/RAWS/RAWS_LARU1.zarr/
RAWS,RAWS_LAYC1,s3://cadcat/histwxstns/RAWS/RAWS_LAYC1.zarr/
RAWS,RAWS_LBBM8,s3://cadcat/histwxstns/RAWS/RAWS_LBBM8.zarr/
RAWS,RAWS_LBCM8,s3://cadcat/histwxstns/RAWS/RAWS_LBCM8.zarr/
RAWS,RAWS_LBFO3,s3://cadcat/histwxstns/RAWS/RAWS_LBFO3.zarr/
RAWS,RAWS_LBHM8,s3://cadcat/histwxstns/RAWS/RAWS_LBHM8.zarr/
RAWS,RAWS_LCBC1,s3://cadcat/histwxstns/RAWS/RAWS_LCBC1.zarr/
RAWS,RAWS_LCFM8,s3://cadcat/histwxstns/RAWS/RAWS_LCFM8.zarr/
RAWS,RAWS_LCFW1,s3://cadcat/histwxstns/RAWS/RAWS_LCFW1.zarr/
RAWS,RAWS_LCKI1,s3://cadcat/histwxstns/RAWS/RAWS_LCKI1.zarr/
RAWS,RAWS_LCRI1,s3://cadcat/histwxstns/RAWS/RAWS_LCRI1.zarr/
RAWS,RAWS_LCRS2,s3://cadcat/histwxstns/RAWS/RAWS_LCRS2.zarr/
RAWS,RAWS_LDEC1,s3://cadcat/histwxstns/RAWS/RAWS_LDEC1.zarr/
RAWS,RAWS_LDOI1,s3://cadcat/histwxstns/RAWS/RAWS_LDOI1.zarr/
RAWS,RAWS_LDRC1,s3://cadcat/histwxstns/RAWS/RAWS_LDRC1.zarr/
RAWS,RAWS_LDRC2,s3://cadcat/histwxstns/RAWS/RAWS_LDRC2.zarr/
RAWS,RAWS_LEFW1,s3://cadcat/histwxstns/RAWS/RAWS_LEFW1.zarr/
RAWS,RAWS_LEIW4,s3://cadcat/histwxstns/RAWS/RAWS_LEIW4.zarr/
RAWS,RAWS_LGFO3,s3://cadcat/histwxstns/RAWS/RAWS_LGFO3.zarr/
RAWS,RAWS_LGPO3,s3://cadcat/histwxstns/RAWS/RAWS_LGPO3.zarr/
RAWS,RAWS_LICC1,s3://cadcat/histwxstns/RAWS/RAWS_LICC1.zarr/
RAWS,RAWS_LKGC2,s3://cadcat/histwxstns/RAWS/RAWS_LKGC2.zarr/
RAWS,RAWS_LKNC1,s3://cadcat/histwxstns/RAWS/RAWS_LKNC1.zarr/
RAWS,RAWS_LKRC1,s3://cadcat/histwxstns/RAWS/RAWS_LKRC1.zarr/
RAWS,RAWS_LLAI1,s3://cadcat/histwxstns/RAWS/RAWS_LLAI1.zarr/
RAWS,RAWS_LLBI1,s3://cadcat/histwxstns/RAWS/RAWS_LLBI1.zarr/
RAWS,RAWS_LLCI1,s3://cadcat/histwxstns/RAWS/RAWS_LLCI1.zarr/
RAWS,RAWS_LLEI1,s3://cadcat/histwxstns/RAWS/RAWS_LLEI1.zarr/
RAWS,RAWS_LLFI1,s3://cadcat/histwxstns/RAWS/RAWS_LLFI1.zarr/
RAWS,RAWS_LLFW1,s3://cadcat/histwxstns/RAWS/RAWS_LLFW1.zarr/
RAWS,RAWS_LLGI1,s3://cadcat/histwxstns/RAWS/RAWS_LLGI1.zarr/
RAWS,RAWS_LLHO3,s3://cadcat/histwxstns/RAWS/RAWS_LLHO3.zarr/
RAWS,RAWS_LMCO3,s3://cadcat/histwxstns/RAWS/RAWS_LMCO3.zarr/
RAWS,RAWS_LMOC1,s3://cadcat/histwxstns/RAWS/RAWS_LMOC1.zarr/
RAWS,RAWS_LMRM8,s3://cadcat/histwxstns/RAWS/RAWS_LMRM8.zarr/
RAWS,RAWS_LNCM8,s3://cadcat/histwxstns/RAWS/RAWS_LNCM8.zarr/
RAWS,RAWS_LOAC1,s3://cadcat/histwxstns/RAWS/RAWS_LOAC1.zarr/
RAWS,RAWS_LODC2,s3://cadcat/histwxstns/RAWS/RAWS_LODC2.zarr/
RAWS,RAWS_LOFO3,s3://cadcat/histwxstns/RAWS/RAWS_LOFO3.zarr/
RAWS,RAWS_LOMN5,s3://cadcat/histwxstns/RAWS/RAWS_LOMN5.zarr/
RAWS,RAWS_LONN2,s3://cadcat/histwxstns/RAWS/RAWS_LONN2.zarr/
RAWS,RAWS_LOOC2,s3://cadcat/histwxstns/RAWS/RAWS_LOOC2.zarr/
RAWS,RAWS_LPDC1,s3://cadcat/histwxstns/RAWS/RAWS_LPDC1.zarr/
RAWS,RAWS_LPFC2,s3://cadcat/histwxstns/RAWS/RAWS_LPFC2.zarr/
RAWS,RAWS_LPFI1,s3://cadcat/histwxstns/RAWS/RAWS_LPFI1.zarr/
RAWS,RAWS_LPOC1,s3://cadcat/histwxstns/RAWS/RAWS_LPOC1.zarr/
RAWS,RAWS_LPOW1,s3://cadcat/histwxstns/RAWS/RAWS_LPOW1.zarr/
RAWS,RAWS_LPRC2,s3://cadcat/histwxstns/RAWS/RAWS_LPRC2.zarr/
RAWS,RAWS_LPRU1,s3://cadcat/histwxstns/RAWS/RAWS_LPRU1.zarr/
RAWS,RAWS_LPZC1,s3://cadcat/histwxstns/RAWS/RAWS_LPZC1.zarr/
RAWS,RAWS_LRAN5,s3://cadcat/histwxstns/RAWS/RAWS_LRAN5.zarr/
RAWS,RAWS_LRCM8,s3://cadcat/histwxstns/RAWS/RAWS_LRCM8.zarr/
RAWS,RAWS_LRLC1,s3://cadcat/histwxstns/RAWS/RAWS_LRLC1.zarr/
RAWS,RAWS_LRVC1,s3://cadcat/histwxstns/RAWS/RAWS_LRVC1.zarr/
RAWS,RAWS_LSCU1,s3://cadcat/histwxstns/RAWS/RAWS_LSCU1.zarr/
RAWS,RAWS_LSFC1,s3://cadcat/histwxstns/RAWS/RAWS_LSFC1.zarr/
RAWS,RAWS_LSFW1,s3://cadcat/histwxstns/RAWS/RAWS_LSFW1.zarr/
RAWS,RAWS_LSGC1,s3://cadcat/histwxstns/RAWS/RAWS_LSGC1.zarr/
RAWS,RAWS_LSNC1,s3://cadcat/histwxstns/RAWS/RAWS_LSNC1.zarr/
RAWS,RAWS_LSNM8,s3://cadcat/histwxstns/RAWS/RAWS_LSNM8.zarr/
RAWS,RAWS_LSTC2,s3://cadcat/histwxstns/RAWS/RAWS_LSTC2.zarr/
RAWS,RAWS_LTAI1,s3://cadcat/histwxstns/RAWS/RAWS_LTAI1.zarr/
RAWS,RAWS_LTHC1,s3://cadcat/histwxstns/RAWS/RAWS_LTHC1.zarr/
RAWS,RAWS_LTJC1,s3://cadcat/histwxstns/RAWS/RAWS_LTJC1.zarr/
RAWS,RAWS_LTLC1,s3://cadcat/histwxstns/RAWS/RAWS_LTLC1.zarr/
RAWS,RAWS_LTRC1,s3://cadcat/histwxstns/RAWS/RAWS_LTRC1.zarr/
RAWS,RAWS_LUAN5,s3://cadcat/histwxstns/RAWS/RAWS_LUAN5.zarr/
RAWS,RAWS_LUFI1,s3://cadcat/histwxstns/RAWS/RAWS_LUFI1.zarr/
RAWS,RAWS_LUJC2,s3://cadcat/histwxstns/RAWS/RAWS_LUJC2.zarr/
RAWS,RAWS_LVMC1,s3://cadcat/histwxstns/RAWS/RAWS_LVMC1.zarr/
RAWS,RAWS_LVPN5,s3://cadcat/histwxstns/RAWS/RAWS_LVPN5.zarr/
RAWS,RAWS_LVYN2,s3://cadcat/histwxstns/RAWS/RAWS_LVYN2.zarr/
RAWS,RAWS_LXSC1,s3://cadcat/histwxstns/RAWS/RAWS_LXSC1.zarr/
RAWS,RAWS_LYEC1,s3://cadcat/histwxstns/RAWS/RAWS_LYEC1.zarr/
RAWS,RAWS_LYQC1,s3://cadcat/histwxstns/RAWS/RAWS_LYQC1.zarr/
RAWS,RAWS_MAEI1,s3://cadcat/histwxstns/RAWS/RAWS_MAEI1.zarr/
RAWS,RAWS_MASC1,s3://cadcat/histwxstns/RAWS/RAWS_MASC1.zarr/
RAWS,RAWS_MAYN5,s3://cadcat/histwxstns/RAWS/RAWS_MAYN5.zarr/
RAWS,RAWS_MBCC1,s3://cadcat/histwxstns/RAWS/RAWS_MBCC1.zarr/
RAWS,RAWS_MBMW1,s3://cadcat/histwxstns/RAWS/RAWS_MBMW1.zarr/
RAWS,RAWS_MBRM8,s3://cadcat/histwxstns/RAWS/RAWS_MBRM8.zarr/
RAWS,RAWS_MBUC1,s3://cadcat/histwxstns/RAWS/RAWS_MBUC1.zarr/
RAWS,RAWS_MCCC1,s3://cadcat/histwxstns/RAWS/RAWS_MCCC1.zarr/
RAWS,RAWS_MCCM8,s3://cadcat/histwxstns/RAWS/RAWS_MCCM8.zarr/
RAWS,RAWS_MCDM8,s3://cadcat/histwxstns/RAWS/RAWS_MCDM8.zarr/
RAWS,RAWS_MCFC1,s3://cadcat/histwxstns/RAWS/RAWS_MCFC1.zarr/
RAWS,RAWS_MCGC1,s3://cadcat/histwxstns/RAWS/RAWS_MCGC1.zarr/
RAWS,RAWS_MCKU1,s3://cadcat/histwxstns/RAWS/RAWS_MCKU1.zarr/
RAWS,RAWS_MCLI1,s3://cadcat/histwxstns/RAWS/RAWS_MCLI1.zarr/
RAWS,RAWS_MCRN5,s3://cadcat/histwxstns/RAWS/RAWS_MCRN5.zarr/
RAWS,RAWS_MCRW4,s3://cadcat/histwxstns/RAWS/RAWS_MCRW4.zarr/
RAWS,RAWS_MCVN5,s3://cadcat/histwxstns/RAWS/RAWS_MCVN5.zarr/
RAWS,RAWS_MDAC1,s3://cadcat/histwxstns/RAWS/RAWS_MDAC1.zarr/
RAWS,RAWS_MDDC1,s3://cadcat/histwxstns/RAWS/RAWS_MDDC1.zarr/
RAWS,RAWS_MDEC1,s3://cadcat/histwxstns/RAWS/RAWS_MDEC1.zarr/
RAWS,RAWS_MDHC1,s3://cadcat/histwxstns/RAWS/RAWS_MDHC1.zarr/
RAWS,RAWS_MDRW1,s3://cadcat/histwxstns/RAWS/RAWS_MDRW1.zarr/
RAWS,RAWS_MEFO3,s3://cadcat/histwxstns/RAWS/RAWS_MEFO3.zarr/
RAWS,RAWS_MEFW1,s3://cadcat/histwxstns/RAWS/RAWS_MEFW1.zarr/
RAWS,RAWS_MGFO3,s3://cadcat/histwxstns/RAWS/RAWS_MGFO3.zarr/
RAWS,RAWS_MGLN5,s3://cadcat/histwxstns/RAWS/RAWS_MGLN5.zarr/
RAWS,RAWS_MGNN5,s3://cadcat/histwxstns/RAWS/RAWS_MGNN5.zarr/
RAWS,RAWS_MHEC1,s3://cadcat/histwxstns/RAWS/RAWS_MHEC1.zarr/
RAWS,RAWS_MIAC1,s3://cadcat/histwxstns/RAWS/RAWS_MIAC1.zarr/
RAWS,RAWS_MIGC1,s3://cadcat/histwxstns/RAWS/RAWS_MIGC1.zarr/
RAWS,RAWS_MILW1,s3://cadcat/histwxstns/RAWS/RAWS_MILW1.zarr/
RAWS,RAWS_MIPC1,s3://cadcat/histwxstns/RAWS/RAWS_MIPC1.zarr/
RAWS,RAWS_MIPW1,s3://cadcat/histwxstns/RAWS/RAWS_MIPW1.zarr/
RAWS,RAWS_MISI1,s3://cadcat/histwxstns/RAWS/RAWS_MISI1.zarr/
RAWS,RAWS_MITC2,s3://cadcat/histwxstns/RAWS/RAWS_MITC2.zarr/
RAWS,RAWS_MJBN2,s3://cadcat/histwxstns/RAWS/RAWS_MJBN2.zarr/
RAWS,RAWS_MKBI1,s3://cadcat/histwxstns/RAWS/RAWS_MKBI1.zarr/
RAWS,RAWS_MKEC1,s3://cadcat/histwxstns/RAWS/RAWS_MKEC1.zarr/
RAWS,RAWS_MKGC1,s3://cadcat/histwxstns/RAWS/RAWS_MKGC1.zarr/
RAWS,RAWS_MLCC1,s3://cadcat/histwxstns/RAWS/RAWS_MLCC1.zarr/
RAWS,RAWS_MLCN5,s3://cadcat/histwxstns/RAWS/RAWS_MLCN5.zarr/
RAWS,RAWS_MLFO3,s3://cadcat/histwxstns/RAWS/RAWS_MLFO3.zarr/
RAWS,RAWS_MLGC1,s3://cadcat/histwxstns/RAWS/RAWS_MLGC1.zarr/
RAWS,RAWS_MLKM8,s3://cadcat/histwxstns/RAWS/RAWS_MLKM8.zarr/
RAWS,RAWS_MLLO3,s3://cadcat/histwxstns/RAWS/RAWS_MLLO3.zarr/
RAWS,RAWS_MLXC1,s3://cadcat/histwxstns/RAWS/RAWS_MLXC1.zarr/
RAWS,RAWS_MMFO3,s3://cadcat/histwxstns/RAWS/RAWS_MMFO3.zarr/
RAWS,RAWS_MMKC1,s3://cadcat/histwxstns/RAWS/RAWS_MMKC1.zarr/
RAWS,RAWS_MMOC1,s3://cadcat/histwxstns/RAWS/RAWS_MMOC1.zarr/
RAWS,RAWS_MMRC2,s3://cadcat/histwxstns/RAWS/RAWS_MMRC2.zarr/
RAWS,RAWS_MMRO3,s3://cadcat/histwxstns/RAWS/RAWS_MMRO3.zarr/
RAWS,RAWS_MMTC1,s3://cadcat/histwxstns/RAWS/RAWS_MMTC1.zarr/
RAWS,RAWS_MNCC1,s3://cadcat/histwxstns/RAWS/RAWS_MNCC1.zarr/
RAWS,RAWS_MNLC1,s3://cadcat/histwxstns/RAWS/RAWS_MNLC1.zarr/
RAWS,RAWS_MNMC1,s3://cadcat/histwxstns/RAWS/RAWS_MNMC1.zarr/
RAWS,RAWS_MOFI1,s3://cadcat/histwxstns/RAWS/RAWS_MOFI1.zarr/
RAWS,RAWS_MOFW1,s3://cadcat/histwxstns/RAWS/RAWS_MOFW1.zarr/
RAWS,RAWS_MOIC1,s3://cadcat/histwxstns/RAWS/RAWS_MOIC1.zarr/
RAWS,RAWS_MOKC2,s3://cadcat/histwxstns/RAWS/RAWS_MOKC2.zarr/
RAWS,RAWS_MOLC1,s3://cadcat/histwxstns/RAWS/RAWS_MOLC1.zarr/
RAWS,RAWS_MOMM8,s3://cadcat/histwxstns/RAWS/RAWS_MOMM8.zarr/
RAWS,RAWS_MOOI1,s3://cadcat/histwxstns/RAWS/RAWS_MOOI1.zarr/
RAWS,RAWS_MORN2,s3://cadcat/histwxstns/RAWS/RAWS_MORN2.zarr/
RAWS,RAWS_MOUC1,s3://cadcat/histwxstns/RAWS/RAWS_MOUC1.zarr/
RAWS,RAWS_MOWC1,s3://cadcat/histwxstns/RAWS/RAWS_MOWC1.zarr/
RAWS,RAWS_MPAN5,s3://cadcat/histwxstns/RAWS/RAWS_MPAN5.zarr/
RAWS,RAWS_MPCC1,s3://cadcat/histwxstns/RAWS/RAWS_MPCC1.zarr/
RAWS,RAWS_MPEC1,s3://cadcat/histwxstns/RAWS/RAWS_MPEC1.zarr/
RAWS,RAWS_MPOC1,s3://cadcat/histwxstns/RAWS/RAWS_MPOC1.zarr/
RAWS,RAWS_MPRC2,s3://cadcat/histwxstns/RAWS/RAWS_MPRC2.zarr/
RAWS,RAWS_MPVN2,s3://cadcat/histwxstns/RAWS/RAWS_MPVN2.zarr/
RAWS,RAWS_MPWC1,s3://cadcat/histwxstns/RAWS/RAWS_MPWC1.zarr/
RAWS,RAWS_MRFC2,s3://cadcat/histwxstns/RAWS/RAWS_MRFC2.zarr/
RAWS,RAWS_MRHI1,s3://cadcat/histwxstns/RAWS/RAWS_MRHI1.zarr/
RAWS,RAWS_MRPC1,s3://cadcat/histwxstns/RAWS/RAWS_MRPC1.zarr/
RAWS,RAWS_MRQC1,s3://cadcat/histwxstns/RAWS/RAWS_MRQC1.zarr/
RAWS,RAWS_MRRN5,s3://cadcat/histwxstns/RAWS/RAWS_MRRN5.zarr/
RAWS,RAWS_MSAC1,s3://cadcat/histwxstns/RAWS/RAWS_MSAC1.zarr/
RAWS,RAWS_MSCN5,s3://cadcat/histwxstns/RAWS/RAWS_MSCN5.zarr/
RAWS,RAWS_MSFO3,s3://cadcat/histwxstns/RAWS/RAWS_MSFO3.zarr/
RAWS,RAWS_MSJC1,s3://cadcat/histwxstns/RAWS/RAWS_MSJC1.zarr/
RAWS,RAWS_MSKU1,s3://cadcat/histwxstns/RAWS/RAWS_MSKU1.zarr/
RAWS,RAWS_MSLM8,s3://cadcat/histwxstns/RAWS/RAWS_MSLM8.zarr/
RAWS,RAWS_MSRU1,s3://cadcat/histwxstns/RAWS/RAWS_MSRU1.zarr/
RAWS,RAWS_MSXC1,s3://cadcat/histwxstns/RAWS/RAWS_MSXC1.zarr/
RAWS,RAWS_MTHI1,s3://cadcat/histwxstns/RAWS/RAWS_MTHI1.zarr/
RAWS,RAWS_MTHN2,s3://cadcat/histwxstns/RAWS/RAWS_MTHN2.zarr/
RAWS,RAWS_MTIC1,s3://cadcat/histwxstns/RAWS/RAWS_MTIC1.zarr/
RAWS,RAWS_MTNN5,s3://cadcat/histwxstns/RAWS/RAWS_MTNN5.zarr/
RAWS,RAWS_MTQC1,s3://cadcat/histwxstns/RAWS/RAWS_MTQC1.zarr/
RAWS,RAWS_MTSN2,s3://cadcat/histwxstns/RAWS/RAWS_MTSN2.zarr/
RAWS,RAWS_MTTC1,s3://cadcat/histwxstns/RAWS/RAWS_MTTC1.zarr/
RAWS,RAWS_MTZC1,s3://cadcat/histwxstns/RAWS/RAWS_MTZC1.zarr/
RAWS,RAWS_MTZC2,s3://cadcat/histwxstns/RAWS/RAWS_MTZC2.zarr/
RAWS,RAWS_MUDW4,s3://cadcat/histwxstns/RAWS/RAWS_MUDW4.zarr/
RAWS,RAWS_MWKC1,s3://cadcat/histwxstns/RAWS/RAWS_MWKC1.zarr/
RAWS,RAWS_MYFI1,s3://cadcat/histwxstns/RAWS/RAWS_MYFI1.zarr/
RAWS,RAWS_MYRC1,s3://cadcat/histwxstns/RAWS/RAWS_MYRC1.zarr/
RAWS,RAWS_NBKO3,s3://cadcat/histwxstns/RAWS/RAWS_NBKO3.zarr/
RAWS,RAWS_NBRC1,s3://cadcat/histwxstns/RAWS/RAWS_NBRC1.zarr/
RAWS,RAWS_NCKC2,s3://cadcat/histwxstns/RAWS/RAWS_NCKC2.zarr/
RAWS,RAWS_NCRM8,s3://cadcat/histwxstns/RAWS/RAWS_NCRM8.zarr/
RAWS,RAWS_NCSW1,s3://cadcat/histwxstns/RAWS/RAWS_NCSW1.zarr/
RAWS,RAWS_NEFW1,s3://cadcat/histwxstns/RAWS/RAWS_NEFW1.zarr/
RAWS,RAWS_NFFI1,s3://cadcat/histwxstns/RAWS/RAWS_NFFI1.zarr/
RAWS,RAWS_NFRC1,s3://cadcat/histwxstns/RAWS/RAWS_NFRC1.zarr/
RAWS,RAWS_NHPC1,s3://cadcat/histwxstns/RAWS/RAWS_NHPC1.zarr/
RAWS,RAWS_NINM8,s3://cadcat/histwxstns/RAWS/RAWS_NINM8.zarr/
RAWS,RAWS_NLPU1,s3://cadcat/histwxstns/RAWS/RAWS_NLPU1.zarr/
RAWS,RAWS_NMOS2,s3://cadcat/histwxstns/RAWS/RAWS_NMOS2.zarr/
RAWS,RAWS_NPFO3,s3://cadcat/histwxstns/RAWS/RAWS_NPFO3.zarr/
RAWS,RAWS_NPSC1,s3://cadcat/histwxstns/RAWS/RAWS_NPSC1.zarr/
RAWS,RAWS_NPTI1,s3://cadcat/histwxstns/RAWS/RAWS_NPTI1.zarr/
RAWS,RAWS_NPXC1,s3://cadcat/histwxstns/RAWS/RAWS_NPXC1.zarr/
RAWS,RAWS_NSJW1,s3://cadcat/histwxstns/RAWS/RAWS_NSJW1.zarr/
RAWS,RAWS_NTCC1,s3://cadcat/histwxstns/RAWS/RAWS_NTCC1.zarr/
RAWS,RAWS_NUCC2,s3://cadcat/histwxstns/RAWS/RAWS_NUCC2.zarr/
RAWS,RAWS_NUCI1,s3://cadcat/histwxstns/RAWS/RAWS_NUCI1.zarr/
RAWS,RAWS_NVHC1,s3://cadcat/histwxstns/RAWS/RAWS_NVHC1.zarr/
RAWS,RAWS_NVRA3,s3://cadcat/histwxstns/RAWS/RAWS_NVRA3.zarr/
RAWS,RAWS_NWAI1,s3://cadcat/histwxstns/RAWS/RAWS_NWAI1.zarr/
RAWS,RAWS_NWQC1,s3://cadcat/histwxstns/RAWS/RAWS_NWQC1.zarr/
RAWS,RAWS_NWRC1,s3://cadcat/histwxstns/RAWS/RAWS_NWRC1.zarr/
RAWS,RAWS_NWRU1,s3://cadcat/histwxstns/RAWS/RAWS_NWRU1.zarr/
RAWS,RAWS_NZAC1,s3://cadcat/histwxstns/RAWS/RAWS_NZAC1.zarr/
RAWS,RAWS_OAAC1,s3://cadcat/histwxstns/RAWS/RAWS_OAAC1.zarr/
RAWS,RAWS_OBPC1,s3://cadcat/histwxstns/RAWS/RAWS_OBPC1.zarr/
RAWS,RAWS_OBRC1,s3://cadcat/histwxstns/RAWS/RAWS_OBRC1.zarr/
RAWS,RAWS_OBRM8,s3://cadcat/histwxstns/RAWS/RAWS_OBRM8.zarr/
RAWS,RAWS_OCFW1,s3://cadcat/histwxstns/RAWS/RAWS_OCFW1.zarr/
RAWS,RAWS_OGVC1,s3://cadcat/histwxstns/RAWS/RAWS_OGVC1.zarr/
RAWS,RAWS_OHAW1,s3://cadcat/histwxstns/RAWS/RAWS_OHAW1.zarr/
RAWS,RAWS_OHOI1,s3://cadcat/histwxstns/RAWS/RAWS_OHOI1.zarr/
RAWS,RAWS_OJIC1,s3://cadcat/histwxstns/RAWS/RAWS_OJIC1.zarr/
RAWS,RAWS_OKFO3,s3://cadcat/histwxstns/RAWS/RAWS_OKFO3.zarr/
RAWS,RAWS_OKNC1,s3://cadcat/histwxstns/RAWS/RAWS_OKNC1.zarr/
RAWS,RAWS_OKPC1,s3://cadcat/histwxstns/RAWS/RAWS_OKPC1.zarr/
RAWS,RAWS_OKPW1,s3://cadcat/histwxstns/RAWS/RAWS_OKPW1.zarr/
RAWS,RAWS_OKSC1,s3://cadcat/histwxstns/RAWS/RAWS_OKSC1.zarr/
RAWS,RAWS_OKWW1,s3://cadcat/histwxstns/RAWS/RAWS_OKWW1.zarr/
RAWS,RAWS_OLFW1,s3://cadcat/histwxstns/RAWS/RAWS_OLFW1.zarr/
RAWS,RAWS_OMFO3,s3://cadcat/histwxstns/RAWS/RAWS_OMFO3.zarr/
RAWS,RAWS_OMFW1,s3://cadcat/histwxstns/RAWS/RAWS_OMFW1.zarr/
RAWS,RAWS_OMTC1,s3://cadcat/histwxstns/RAWS/RAWS_OMTC1.zarr/
RAWS,RAWS_ONOC1,s3://cadcat/histwxstns/RAWS/RAWS_ONOC1.zarr/
RAWS,RAWS_ONYC1,s3://cadcat/histwxstns/RAWS/RAWS_ONYC1.zarr/
RAWS,RAWS_OOFO3,s3://cadcat/histwxstns/RAWS/RAWS_OOFO3.zarr/
RAWS,RAWS_OORC1,s3://cadcat/histwxstns/RAWS/RAWS_OORC1.zarr/
RAWS,RAWS_OPLC1,s3://cadcat/histwxstns/RAWS/RAWS_OPLC1.zarr/
RAWS,RAWS_OPWW1,s3://cadcat/histwxstns/RAWS/RAWS_OPWW1.zarr/
RAWS,RAWS_ORWN2,s3://cadcat/histwxstns/RAWS/RAWS_ORWN2.zarr/
RAWS,RAWS_OSCM8,s3://cadcat/histwxstns/RAWS/RAWS_OSCM8.zarr/
RAWS,RAWS_OSMC1,s3://cadcat/histwxstns/RAWS/RAWS_OSMC1.zarr/
RAWS,RAWS_OTMA3,s3://cadcat/histwxstns/RAWS/RAWS_OTMA3.zarr/
RAWS,RAWS_OTOW1,s3://cadcat/histwxstns/RAWS/RAWS_OTOW1.zarr/
RAWS,RAWS_OTRU1,s3://cadcat/histwxstns/RAWS/RAWS_OTRU1.zarr/
RAWS,RAWS_OTYC1,s3://cadcat/histwxstns/RAWS/RAWS_OTYC1.zarr/
RAWS,RAWS_OVDC1,s3://cadcat/histwxstns/RAWS/RAWS_OVDC1.zarr/
RAWS,RAWS_OVLW1,s3://cadcat/histwxstns/RAWS/RAWS_OVLW1.zarr/
RAWS,RAWS_OVRC1,s3://cadcat/histwxstns/RAWS/RAWS_OVRC1.zarr/
RAWS,RAWS_OVYC1,s3://cadcat/histwxstns/RAWS/RAWS_OVYC1.zarr/
RAWS,RAWS_OWFO3,s3://cadcat/histwxstns/RAWS/RAWS_OWFO3.zarr/
RAWS,RAWS_OWNC1,s3://cadcat/histwxstns/RAWS/RAWS_OWNC1.zarr/
RAWS,RAWS_OXRC1,s3://cadcat/histwxstns/RAWS/RAWS_OXRC1.zarr/
RAWS,RAWS_OYFO3,s3://cadcat/histwxstns/RAWS/RAWS_OYFO3.zarr/
RAWS,RAWS_OZNC1,s3://cadcat/histwxstns/RAWS/RAWS_OZNC1.zarr/
RAWS,RAWS_PAFO3,s3://cadcat/histwxstns/RAWS/RAWS_PAFO3.zarr/
RAWS,RAWS_PAMC1,s3://cadcat/histwxstns/RAWS/RAWS_PAMC1.zarr/
RAWS,RAWS_PANN2,s3://cadcat/histwxstns/RAWS/RAWS_PANN2.zarr/
RAWS,RAWS_PANO3,s3://cadcat/histwxstns/RAWS/RAWS_PANO3.zarr/
RAWS,RAWS_PBUI1,s3://cadcat/histwxstns/RAWS/RAWS_PBUI1.zarr/
RAWS,RAWS_PCEC1,s3://cadcat/histwxstns/RAWS/RAWS_PCEC1.zarr/
RAWS,RAWS_PCKI1,s3://cadcat/histwxstns/RAWS/RAWS_PCKI1.zarr/
RAWS,RAWS_PCLC1,s3://cadcat/histwxstns/RAWS/RAWS_PCLC1.zarr/
RAWS,RAWS_PCNI1,s3://cadcat/histwxstns/RAWS/RAWS_PCNI1.zarr/
RAWS,RAWS_PCPC2,s3://cadcat/histwxstns/RAWS/RAWS_PCPC2.zarr/
RAWS,RAWS_PCRI1,s3://cadcat/histwxstns/RAWS/RAWS_PCRI1.zarr/
RAWS,RAWS_PCRW4,s3://cadcat/histwxstns/RAWS/RAWS_PCRW4.zarr/
RAWS,RAWS_PEAC1,s3://cadcat/histwxstns/RAWS/RAWS_PEAC1.zarr/
RAWS,RAWS_PEFO3,s3://cadcat/histwxstns/RAWS/RAWS_PEFO3.zarr/
RAWS,RAWS_PEFW1,s3://cadcat/histwxstns/RAWS/RAWS_PEFW1.zarr/
RAWS,RAWS_PEOW1,s3://cadcat/histwxstns/RAWS/RAWS_PEOW1.zarr/
RAWS,RAWS_PEPC1,s3://cadcat/histwxstns/RAWS/RAWS_PEPC1.zarr/
RAWS,RAWS_PGRU1,s3://cadcat/histwxstns/RAWS/RAWS_PGRU1.zarr/
RAWS,RAWS_PHCC1,s3://cadcat/histwxstns/RAWS/RAWS_PHCC1.zarr/
RAWS,RAWS_PHGM8,s3://cadcat/histwxstns/RAWS/RAWS_PHGM8.zarr/
RAWS,RAWS_PHRC1,s3://cadcat/histwxstns/RAWS/RAWS_PHRC1.zarr/
RAWS,RAWS_PHYM8,s3://cadcat/histwxstns/RAWS/RAWS_PHYM8.zarr/
RAWS,RAWS_PIBC1,s3://cadcat/histwxstns/RAWS/RAWS_PIBC1.zarr/
RAWS,RAWS_PIEC1,s3://cadcat/histwxstns/RAWS/RAWS_PIEC1.zarr/
RAWS,RAWS_PIEI1,s3://cadcat/histwxstns/RAWS/RAWS_PIEI1.zarr/
RAWS,RAWS_PIFW1,s3://cadcat/histwxstns/RAWS/RAWS_PIFW1.zarr/
RAWS,RAWS_PIHC1,s3://cadcat/histwxstns/RAWS/RAWS_PIHC1.zarr/
RAWS,RAWS_PINS2,s3://cadcat/histwxstns/RAWS/RAWS_PINS2.zarr/
RAWS,RAWS_PIRC2,s3://cadcat/histwxstns/RAWS/RAWS_PIRC2.zarr/
RAWS,RAWS_PIVC1,s3://cadcat/histwxstns/RAWS/RAWS_PIVC1.zarr/
RAWS,RAWS_PKCC1,s3://cadcat/histwxstns/RAWS/RAWS_PKCC1.zarr/
RAWS,RAWS_PKFC1,s3://cadcat/histwxstns/RAWS/RAWS_PKFC1.zarr/
RAWS,RAWS_PKFO3,s3://cadcat/histwxstns/RAWS/RAWS_PKFO3.zarr/
RAWS,RAWS_PKLC2,s3://cadcat/histwxstns/RAWS/RAWS_PKLC2.zarr/
RAWS,RAWS_PLAM8,s3://cadcat/histwxstns/RAWS/RAWS_PLAM8.zarr/
RAWS,RAWS_PLEC1,s3://cadcat/histwxstns/RAWS/RAWS_PLEC1.zarr/
RAWS,RAWS_PLFI1,s3://cadcat/histwxstns/RAWS/RAWS_PLFI1.zarr/
RAWS,RAWS_PLIC1,s3://cadcat/histwxstns/RAWS/RAWS_PLIC1.zarr/
RAWS,RAWS_PLKI1,s3://cadcat/histwxstns/RAWS/RAWS_PLKI1.zarr/
RAWS,RAWS_PLTC1,s3://cadcat/histwxstns/RAWS/RAWS_PLTC1.zarr/
RAWS,RAWS_PMCC1,s3://cadcat/histwxstns/RAWS/RAWS_PMCC1.zarr/
RAWS,RAWS_PMFW1,s3://cadcat/histwxstns/RAWS/RAWS_PMFW1.zarr/
RAWS,RAWS_PMRM8,s3://cadcat/histwxstns/RAWS/RAWS_PMRM8.zarr/
RAWS,RAWS_PMTW4,s3://cadcat/histwxstns/RAWS/RAWS_PMTW4.zarr/
RAWS,RAWS_PNFI1,s3://cadcat/histwxstns/RAWS/RAWS_PNFI1.zarr/
RAWS,RAWS_PNHM8,s3://cadcat/histwxstns/RAWS/RAWS_PNHM8.zarr/
RAWS,RAWS_PNRC2,s3://cadcat/histwxstns/RAWS/RAWS_PNRC2.zarr/
RAWS,RAWS_PNTM8,s3://cadcat/histwxstns/RAWS/RAWS_PNTM8.zarr/
RAWS,RAWS_PNWC1,s3://cadcat/histwxstns/RAWS/RAWS_PNWC1.zarr/
RAWS,RAWS_POBC1,s3://cadcat/histwxstns/RAWS/RAWS_POBC1.zarr/
RAWS,RAWS_POCN2,s3://cadcat/histwxstns/RAWS/RAWS_POCN2.zarr/
RAWS,RAWS_POEM8,s3://cadcat/histwxstns/RAWS/RAWS_POEM8.zarr/
RAWS,RAWS_POJC1,s3://cadcat/histwxstns/RAWS/RAWS_POJC1.zarr/
RAWS,RAWS_POLC2,s3://cadcat/histwxstns/RAWS/RAWS_POLC2.zarr/
RAWS,RAWS_POPC1,s3://cadcat/histwxstns/RAWS/RAWS_POPC1.zarr/
RAWS,RAWS_POPM8,s3://cadcat/histwxstns/RAWS/RAWS_POPM8.zarr/
RAWS,RAWS_POPN8,s3://cadcat/histwxstns/RAWS/RAWS_POPN8.zarr/
RAWS,RAWS_POTC1,s3://cadcat/histwxstns/RAWS/RAWS_POTC1.zarr/
RAWS,RAWS_POTI1,s3://cadcat/histwxstns/RAWS/RAWS_POTI1.zarr/
RAWS,RAWS_POUC1,s3://cadcat/histwxstns/RAWS/RAWS_POUC1.zarr/
RAWS,RAWS_PPFO3,s3://cadcat/histwxstns/RAWS/RAWS_PPFO3.zarr/
RAWS,RAWS_PPPC1,s3://cadcat/histwxstns/RAWS/RAWS_PPPC1.zarr/
RAWS,RAWS_PPRC1,s3://cadcat/histwxstns/RAWS/RAWS_PPRC1.zarr/
RAWS,RAWS_PPSC1,s3://cadcat/histwxstns/RAWS/RAWS_PPSC1.zarr/
RAWS,RAWS_PRAN2,s3://cadcat/histwxstns/RAWS/RAWS_PRAN2.zarr/
RAWS,RAWS_PRDM8,s3://cadcat/histwxstns/RAWS/RAWS_PRDM8.zarr/
RAWS,RAWS_PRFO3,s3://cadcat/histwxstns/RAWS/RAWS_PRFO3.zarr/
RAWS,RAWS_PRGC1,s3://cadcat/histwxstns/RAWS/RAWS_PRGC1.zarr/
RAWS,RAWS_PRGS2,s3://cadcat/histwxstns/RAWS/RAWS_PRGS2.zarr/
RAWS,RAWS_PRHC1,s3://cadcat/histwxstns/RAWS/RAWS_PRHC1.zarr/
RAWS,RAWS_PSDW4,s3://cadcat/histwxstns/RAWS/RAWS_PSDW4.zarr/
RAWS,RAWS_PSQC1,s3://cadcat/histwxstns/RAWS/RAWS_PSQC1.zarr/
RAWS,RAWS_PSTM8,s3://cadcat/histwxstns/RAWS/RAWS_PSTM8.zarr/
RAWS,RAWS_PSWC1,s3://cadcat/histwxstns/RAWS/RAWS_PSWC1.zarr/
RAWS,RAWS_PTEC1,s3://cadcat/histwxstns/RAWS/RAWS_PTEC1.zarr/
RAWS,RAWS_PTFO3,s3://cadcat/histwxstns/RAWS/RAWS_PTFO3.zarr/
RAWS,RAWS_PUGC1,s3://cadcat/histwxstns/RAWS/RAWS_PUGC1.zarr/
RAWS,RAWS_PUSC1,s3://cadcat/histwxstns/RAWS/RAWS_PUSC1.zarr/
RAWS,RAWS_PWFO3,s3://cadcat/histwxstns/RAWS/RAWS_PWFO3.zarr/
RAWS,RAWS_PXWT2,s3://cadcat/histwxstns/RAWS/RAWS_PXWT2.zarr/
RAWS,RAWS_PYFO3,s3://cadcat/histwxstns/RAWS/RAWS_PYFO3.zarr/
RAWS,RAWS_PYNC1,s3://cadcat/histwxstns/RAWS/RAWS_PYNC1.zarr/
RAWS,RAWS_PZAC1,s3://cadcat/histwxstns/RAWS/RAWS_PZAC1.zarr/
RAWS,RAWS_QADW4,s3://cadcat/histwxstns/RAWS/RAWS_QADW4.zarr/
RAWS,RAWS_QBAA3,s3://cadcat/histwxstns/RAWS/RAWS_QBAA3.zarr/
RAWS,RAWS_QBHA3,s3://cadcat/histwxstns/RAWS/RAWS_QBHA3.zarr/
RAWS,RAWS_QBLA3,s3://cadcat/histwxstns/RAWS/RAWS_QBLA3.zarr/
RAWS,RAWS_QBMA3,s3://cadcat/histwxstns/RAWS/RAWS_QBMA3.zarr/
RAWS,RAWS_QBRA3,s3://cadcat/histwxstns/RAWS/RAWS_QBRA3.zarr/
RAWS,RAWS_QCAA3,s3://cadcat/histwxstns/RAWS/RAWS_QCAA3.zarr/
RAWS,RAWS_QCAC1,s3://cadcat/histwxstns/RAWS/RAWS_QCAC1.zarr/
RAWS,RAWS_QCGA3,s3://cadcat/histwxstns/RAWS/RAWS_QCGA3.zarr/
RAWS,RAWS_QCHA3,s3://cadcat/histwxstns/RAWS/RAWS_QCHA3.zarr/
RAWS,RAWS_QCKA3,s3://cadcat/histwxstns/RAWS/RAWS_QCKA3.zarr/
RAWS,RAWS_QCNA3,s3://cadcat/histwxstns/RAWS/RAWS_QCNA3.zarr/
RAWS,RAWS_QCNW1,s3://cadcat/histwxstns/RAWS/RAWS_QCNW1.zarr/
RAWS,RAWS_QCPA3,s3://cadcat/histwxstns/RAWS/RAWS_QCPA3.zarr/
RAWS,RAWS_QCZA3,s3://cadcat/histwxstns/RAWS/RAWS_QCZA3.zarr/
RAWS,RAWS_QDLA3,s3://cadcat/histwxstns/RAWS/RAWS_QDLA3.zarr/
RAWS,RAWS_QDPA3,s3://cadcat/histwxstns/RAWS/RAWS_QDPA3.zarr/
RAWS,RAWS_QDSA3,s3://cadcat/histwxstns/RAWS/RAWS_QDSA3.zarr/
RAWS,RAWS_QDUA3,s3://cadcat/histwxstns/RAWS/RAWS_QDUA3.zarr/
RAWS,RAWS_QEDA3,s3://cadcat/histwxstns/RAWS/RAWS_QEDA3.zarr/
RAWS,RAWS_QEMA3,s3://cadcat/histwxstns/RAWS/RAWS_QEMA3.zarr/
RAWS,RAWS_QENN5,s3://cadcat/histwxstns/RAWS/RAWS_QENN5.zarr/
RAWS,RAWS_QFLA3,s3://cadcat/histwxstns/RAWS/RAWS_QFLA3.zarr/
RAWS,RAWS_QFRA3,s3://cadcat/histwxstns/RAWS/RAWS_QFRA3.zarr/
RAWS,RAWS_QFSA3,s3://cadcat/histwxstns/RAWS/RAWS_QFSA3.zarr/
RAWS,RAWS_QGBA3,s3://cadcat/histwxstns/RAWS/RAWS_QGBA3.zarr/
RAWS,RAWS_QGDA3,s3://cadcat/histwxstns/RAWS/RAWS_QGDA3.zarr/
RAWS,RAWS_QGHA3,s3://cadcat/histwxstns/RAWS/RAWS_QGHA3.zarr/
RAWS,RAWS_QGLA3,s3://cadcat/histwxstns/RAWS/RAWS_QGLA3.zarr/
RAWS,RAWS_QGRA3,s3://cadcat/histwxstns/RAWS/RAWS_QGRA3.zarr/
RAWS,RAWS_QGSA3,s3://cadcat/histwxstns/RAWS/RAWS_QGSA3.zarr/
RAWS,RAWS_QGTA3,s3://cadcat/histwxstns/RAWS/RAWS_QGTA3.zarr/
RAWS,RAWS_QHAA3,s3://cadcat/histwxstns/RAWS/RAWS_QHAA3.zarr/
RAWS,RAWS_QHBA3,s3://cadcat/histwxstns/RAWS/RAWS_QHBA3.zarr/
RAWS,RAWS_QHEA3,s3://cadcat/histwxstns/RAWS/RAWS_QHEA3.zarr/
RAWS,RAWS_QHIA3,s3://cadcat/histwxstns/RAWS/RAWS_QHIA3.zarr/
RAWS,RAWS_QHJA3,s3://cadcat/histwxstns/RAWS/RAWS_QHJA3.zarr/
RAWS,RAWS_QHOA3,s3://cadcat/histwxstns/RAWS/RAWS_QHOA3.zarr/
RAWS,RAWS_QHPA3,s3://cadcat/histwxstns/RAWS/RAWS_QHPA3.zarr/
RAWS,RAWS_QHQA3,s3://cadcat/histwxstns/RAWS/RAWS_QHQA3.zarr/
RAWS,RAWS_QHRA3,s3://cadcat/histwxstns/RAWS/RAWS_QHRA3.zarr/
RAWS,RAWS_QHTA3,s3://cadcat/histwxstns/RAWS/RAWS_QHTA3.zarr/
RAWS,RAWS_QHUA3,s3://cadcat/histwxstns/RAWS/RAWS_QHUA3.zarr/
RAWS,RAWS_QHVA3,s3://cadcat/histwxstns/RAWS/RAWS_QHVA3.zarr/
RAWS,RAWS_QISA3,s3://cadcat/histwxstns/RAWS/RAWS_QISA3.zarr/
RAWS,RAWS_QJPA3,s3://cadcat/histwxstns/RAWS/RAWS_QJPA3.zarr/
RAWS,RAWS_QLBA3,s3://cadcat/histwxstns/RAWS/RAWS_QLBA3.zarr/
RAWS,RAWS_QLCA3,s3://cadcat/histwxstns/RAWS/RAWS_QLCA3.zarr/
RAWS,RAWS_QLKA3,s3://cadcat/histwxstns/RAWS/RAWS_QLKA3.zarr/
RAWS,RAWS_QLMA3,s3://cadcat/histwxstns/RAWS/RAWS_QLMA3.zarr/
RAWS,RAWS_QMBA3,s3://cadcat/histwxstns/RAWS/RAWS_QMBA3.zarr/
RAWS,RAWS_QMLA3,s3://cadcat/histwxstns/RAWS/RAWS_QMLA3.zarr/
RAWS,RAWS_QMMA3,s3://cadcat/histwxstns/RAWS/RAWS_QMMA3.zarr/
RAWS,RAWS_QMOA3,s3://cadcat/histwxstns/RAWS/RAWS_QMOA3.zarr/
RAWS,RAWS_QMRA3,s3://cadcat/histwxstns/RAWS/RAWS_QMRA3.zarr/
RAWS,RAWS_QNFA3,s3://cadcat/histwxstns/RAWS/RAWS_QNFA3.zarr/
RAWS,RAWS_QNMA3,s3://cadcat/histwxstns/RAWS/RAWS_QNMA3.zarr/
RAWS,RAWS_QNOA3,s3://cadcat/histwxstns/RAWS/RAWS_QNOA3.zarr/
RAWS,RAWS_QOCA3,s3://cadcat/histwxstns/RAWS/RAWS_QOCA3.zarr/
RAWS,RAWS_QOKA3,s3://cadcat/histwxstns/RAWS/RAWS_QOKA3.zarr/
RAWS,RAWS_QOSA3,s3://cadcat/histwxstns/RAWS/RAWS_QOSA3.zarr/
RAWS,RAWS_QPAA3,s3://cadcat/histwxstns/RAWS/RAWS_QPAA3.zarr/
RAWS,RAWS_QPEA3,s3://cadcat/histwxstns/RAWS/RAWS_QPEA3.zarr/
RAWS,RAWS_QPFO3,s3://cadcat/histwxstns/RAWS/RAWS_QPFO3.zarr/
RAWS,RAWS_QPHA3,s3://cadcat/histwxstns/RAWS/RAWS_QPHA3.zarr/
RAWS,RAWS_QPIA3,s3://cadcat/histwxstns/RAWS/RAWS_QPIA3.zarr/
RAWS,RAWS_QPNA3,s3://cadcat/histwxstns/RAWS/RAWS_QPNA3.zarr/
RAWS,RAWS_QPPA3,s3://cadcat/histwxstns/RAWS/RAWS_QPPA3.zarr/
RAWS,RAWS_QPRA3,s3://cadcat/histwxstns/RAWS/RAWS_QPRA3.zarr/
RAWS,RAWS_QPSA3,s3://cadcat/histwxstns/RAWS/RAWS_QPSA3.zarr/
RAWS,RAWS_QPTA3,s3://cadcat/histwxstns/RAWS/RAWS_QPTA3.zarr/
RAWS,RAWS_QPVA3,s3://cadcat/histwxstns/RAWS/RAWS_QPVA3.zarr/
RAWS,RAWS_QRCA3,s3://cadcat/histwxstns/RAWS/RAWS_QRCA3.zarr/
RAWS,RAWS_QRLA3,s3://cadcat/histwxstns/RAWS/RAWS_QRLA3.zarr/
RAWS,RAWS_QRTA3,s3://cadcat/histwxstns/RAWS/RAWS_QRTA3.zarr/
RAWS,RAWS_QSBA3,s3://cadcat/histwxstns/RAWS/RAWS_QSBA3.zarr/
RAWS,RAWS_QSCA3,s3://cadcat/histwxstns/RAWS/RAWS_QSCA3.zarr/
RAWS,RAWS_QSEA3,s3://cadcat/histwxstns/RAWS/RAWS_QSEA3.zarr/
RAWS,RAWS_QSGA3,s3://cadcat/histwxstns/RAWS/RAWS_QSGA3.zarr/
RAWS,RAWS_QSHA3,s3://cadcat/histwxstns/RAWS/RAWS_QSHA3.zarr/
RAWS,RAWS_QSLA3,s3://cadcat/histwxstns/RAWS/RAWS_QSLA3.zarr/
RAWS,RAWS_QSPA3,s3://cadcat/histwxstns/RAWS/RAWS_QSPA3.zarr/
RAWS,RAWS_QSRA3,s3://cadcat/histwxstns/RAWS/RAWS_QSRA3.zarr/
RAWS,RAWS_QSTA3,s3://cadcat/histwxstns/RAWS/RAWS_QSTA3.zarr/
RAWS,RAWS_QTCA3,s3://cadcat/histwxstns/RAWS/RAWS_QTCA3.zarr/
RAWS,RAWS_QTUA3,s3://cadcat/histwxstns/RAWS/RAWS_QTUA3.zarr/
RAWS,RAWS_QTWA3,s3://cadcat/histwxstns/RAWS/RAWS_QTWA3.zarr/
RAWS,RAWS_QTZC1,s3://cadcat/histwxstns/RAWS/RAWS_QTZC1.zarr/
RAWS,RAWS_QUPA3,s3://cadcat/histwxstns/RAWS/RAWS_QUPA3.zarr/
RAWS,RAWS_QVDA3,s3://cadcat/histwxstns/RAWS/RAWS_QVDA3.zarr/
RAWS,RAWS_QWSA3,s3://cadcat/histwxstns/RAWS/RAWS_QWSA3.zarr/
RAWS,RAWS_QYJA3,s3://cadcat/histwxstns/RAWS/RAWS_QYJA3.zarr/
RAWS,RAWS_QYRC1,s3://cadcat/histwxstns/RAWS/RAWS_QYRC1.zarr/
RAWS,RAWS_RASW4,s3://cadcat/histwxstns/RAWS/RAWS_RASW4.zarr/
RAWS,RAWS_RATW4,s3://cadcat/histwxstns/RAWS/RAWS_RATW4.zarr/
RAWS,RAWS_RBFO3,s3://cadcat/histwxstns/RAWS/RAWS_RBFO3.zarr/
RAWS,RAWS_RBTN2,s3://cadcat/histwxstns/RAWS/RAWS_RBTN2.zarr/
RAWS,RAWS_RBVN2,s3://cadcat/histwxstns/RAWS/RAWS_RBVN2.zarr/
RAWS,RAWS_RBYC1,s3://cadcat/histwxstns/RAWS/RAWS_RBYC1.zarr/
RAWS,RAWS_RCBM8,s3://cadcat/histwxstns/RAWS/RAWS_RCBM8.zarr/
RAWS,RAWS_RCEC1,s3://cadcat/histwxstns/RAWS/RAWS_RCEC1.zarr/
RAWS,RAWS_RCHC1,s3://cadcat/histwxstns/RAWS/RAWS_RCHC1.zarr/
RAWS,RAWS_RCKI1,s3://cadcat/histwxstns/RAWS/RAWS_RCKI1.zarr/
RAWS,RAWS_RCPC1,s3://cadcat/histwxstns/RAWS/RAWS_RCPC1.zarr/
RAWS,RAWS_RCRO3,s3://cadcat/histwxstns/RAWS/RAWS_RCRO3.zarr/
RAWS,RAWS_RDCS2,s3://cadcat/histwxstns/RAWS/RAWS_RDCS2.zarr/
RAWS,RAWS_RDDC2,s3://cadcat/histwxstns/RAWS/RAWS_RDDC2.zarr/
RAWS,RAWS_RDKC2,s3://cadcat/histwxstns/RAWS/RAWS_RDKC2.zarr/
RAWS,RAWS_RDKI1,s3://cadcat/histwxstns/RAWS/RAWS_RDKI1.zarr/
RAWS,RAWS_RDVC1,s3://cadcat/histwxstns/RAWS/RAWS_RDVC1.zarr/
RAWS,RAWS_REMN5,s3://cadcat/histwxstns/RAWS/RAWS_REMN5.zarr/
RAWS,RAWS_RESN5,s3://cadcat/histwxstns/RAWS/RAWS_RESN5.zarr/
RAWS,RAWS_RFEC2,s3://cadcat/histwxstns/RAWS/RAWS_RFEC2.zarr/
RAWS,RAWS_RFRC2,s3://cadcat/histwxstns/RAWS/RAWS_RFRC2.zarr/
RAWS,RAWS_RFTI1,s3://cadcat/histwxstns/RAWS/RAWS_RFTI1.zarr/
RAWS,RAWS_RGMN5,s3://cadcat/histwxstns/RAWS/RAWS_RGMN5.zarr/
RAWS,RAWS_RHKW4,s3://cadcat/histwxstns/RAWS/RAWS_RHKW4.zarr/
RAWS,RAWS_RHRS2,s3://cadcat/histwxstns/RAWS/RAWS_RHRS2.zarr/
RAWS,RAWS_RHWC1,s3://cadcat/histwxstns/RAWS/RAWS_RHWC1.zarr/
RAWS,RAWS_RJSC1,s3://cadcat/histwxstns/RAWS/RAWS_RJSC1.zarr/
RAWS,RAWS_RKHO3,s3://cadcat/histwxstns/RAWS/RAWS_RKHO3.zarr/
RAWS,RAWS_RLFO3,s3://cadcat/histwxstns/RAWS/RAWS_RLFO3.zarr/
RAWS,RAWS_RLKC1,s3://cadcat/histwxstns/RAWS/RAWS_RLKC1.zarr/
RAWS,RAWS_RLKN2,s3://cadcat/histwxstns/RAWS/RAWS_RLKN2.zarr/
RAWS,RAWS_RMAN5,s3://cadcat/histwxstns/RAWS/RAWS_RMAN5.zarr/
RAWS,RAWS_RMFO3,s3://cadcat/histwxstns/RAWS/RAWS_RMFO3.zarr/
RAWS,RAWS_RNDC1,s3://cadcat/histwxstns/RAWS/RAWS_RNDC1.zarr/
RAWS,RAWS_RNFO3,s3://cadcat/histwxstns/RAWS/RAWS_RNFO3.zarr/
RAWS,RAWS_RNYC1,s3://cadcat/histwxstns/RAWS/RAWS_RNYC1.zarr/
RAWS,RAWS_ROCI1,s3://cadcat/histwxstns/RAWS/RAWS_ROCI1.zarr/
RAWS,RAWS_RONI1,s3://cadcat/histwxstns/RAWS/RAWS_RONI1.zarr/
RAWS,RAWS_RONM8,s3://cadcat/histwxstns/RAWS/RAWS_RONM8.zarr/
RAWS,RAWS_ROVC1,s3://cadcat/histwxstns/RAWS/RAWS_ROVC1.zarr/
RAWS,RAWS_RRAC1,s3://cadcat/histwxstns/RAWS/RAWS_RRAC1.zarr/
RAWS,RAWS_RRAC2,s3://cadcat/histwxstns/RAWS/RAWS_RRAC2.zarr/
RAWS,RAWS_RRCC2,s3://cadcat/histwxstns/RAWS/RAWS_RRCC2.zarr/
RAWS,RAWS_RRDM8,s3://cadcat/histwxstns/RAWS/RAWS_RRDM8.zarr/
RAWS,RAWS_RRFI1,s3://cadcat/histwxstns/RAWS/RAWS_RRFI1.zarr/
RAWS,RAWS_RRKN2,s3://cadcat/histwxstns/RAWS/RAWS_RRKN2.zarr/
RAWS,RAWS_RRRC1,s3://cadcat/histwxstns/RAWS/RAWS_RRRC1.zarr/
RAWS,RAWS_RSAC1,s3://cadcat/histwxstns/RAWS/RAWS_RSAC1.zarr/
RAWS,RAWS_RSBU1,s3://cadcat/histwxstns/RAWS/RAWS_RSBU1.zarr/
RAWS,RAWS_RSCN2,s3://cadcat/histwxstns/RAWS/RAWS_RSCN2.zarr/
RAWS,RAWS_RSHC1,s3://cadcat/histwxstns/RAWS/RAWS_RSHC1.zarr/
RAWS,RAWS_RSNW4,s3://cadcat/histwxstns/RAWS/RAWS_RSNW4.zarr/
RAWS,RAWS_RSOC2,s3://cadcat/histwxstns/RAWS/RAWS_RSOC2.zarr/
RAWS,RAWS_RSPC1,s3://cadcat/histwxstns/RAWS/RAWS_RSPC1.zarr/
RAWS,RAWS_RSRU1,s3://cadcat/histwxstns/RAWS/RAWS_RSRU1.zarr/
RAWS,RAWS_RTFC1,s3://cadcat/histwxstns/RAWS/RAWS_RTFC1.zarr/
RAWS,RAWS_RTFO3,s3://cadcat/histwxstns/RAWS/RAWS_RTFO3.zarr/
RAWS,RAWS_RTGC1,s3://cadcat/histwxstns/RAWS/RAWS_RTGC1.zarr/
RAWS,RAWS_RVDC1,s3://cadcat/histwxstns/RAWS/RAWS_RVDC1.zarr/
RAWS,RAWS_RVFO3,s3://cadcat/histwxstns/RAWS/RAWS_RVFO3.zarr/
RAWS,RAWS_RVYC1,s3://cadcat/histwxstns/RAWS/RAWS_RVYC1.zarr/
RAWS,RAWS_RVZU1,s3://cadcat/histwxstns/RAWS/RAWS_RVZU1.zarr/
RAWS,RAWS_RWBC1,s3://cadcat/histwxstns/RAWS/RAWS_RWBC1.zarr/
RAWS,RAWS_RWES2,s3://cadcat/histwxstns/RAWS/RAWS_RWES2.zarr/
RAWS,RAWS_RXFO3,s3://cadcat/histwxstns/RAWS/RAWS_RXFO3.zarr/
RAWS,RAWS_SADI1,s3://cadcat/histwxstns/RAWS/RAWS_SADI1.zarr/
RAWS,RAWS_SAFO3,s3://cadcat/histwxstns/RAWS/RAWS_SAFO3.zarr/
RAWS,RAWS_SAUC1,s3://cadcat/histwxstns/RAWS/RAWS_SAUC1.zarr/
RAWS,RAWS_SAWC2,s3://cadcat/histwxstns/RAWS/RAWS_SAWC2.zarr/
RAWS,RAWS_SAWM8,s3://cadcat/histwxstns/RAWS/RAWS_SAWM8.zarr/
RAWS,RAWS_SAWW4,s3://cadcat/histwxstns/RAWS/RAWS_SAWW4.zarr/
RAWS,RAWS_SBFM8,s3://cadcat/histwxstns/RAWS/RAWS_SBFM8.zarr/
RAWS,RAWS_SBFO3,s3://cadcat/histwxstns/RAWS/RAWS_SBFO3.zarr/
RAWS,RAWS_SBIC1,s3://cadcat/histwxstns/RAWS/RAWS_SBIC1.zarr/
RAWS,RAWS_SBVC1,s3://cadcat/histwxstns/RAWS/RAWS_SBVC1.zarr/
RAWS,RAWS_SBWU1,s3://cadcat/histwxstns/RAWS/RAWS_SBWU1.zarr/
RAWS,RAWS_SBYM8,s3://cadcat/histwxstns/RAWS/RAWS_SBYM8.zarr/
RAWS,RAWS_SCFI1,s3://cadcat/histwxstns/RAWS/RAWS_SCFI1.zarr/
RAWS,RAWS_SCJC1,s3://cadcat/histwxstns/RAWS/RAWS_SCJC1.zarr/
RAWS,RAWS_SCNC1,s3://cadcat/histwxstns/RAWS/RAWS_SCNC1.zarr/
RAWS,RAWS_SCTI1,s3://cadcat/histwxstns/RAWS/RAWS_SCTI1.zarr/
RAWS,RAWS_SDAM8,s3://cadcat/histwxstns/RAWS/RAWS_SDAM8.zarr/
RAWS,RAWS_SDFO3,s3://cadcat/histwxstns/RAWS/RAWS_SDFO3.zarr/
RAWS,RAWS_SDLC1,s3://cadcat/histwxstns/RAWS/RAWS_SDLC1.zarr/
RAWS,RAWS_SDMW1,s3://cadcat/histwxstns/RAWS/RAWS_SDMW1.zarr/
RAWS,RAWS_SDNC2,s3://cadcat/histwxstns/RAWS/RAWS_SDNC2.zarr/
RAWS,RAWS_SDRC1,s3://cadcat/histwxstns/RAWS/RAWS_SDRC1.zarr/
RAWS,RAWS_SDSS2,s3://cadcat/histwxstns/RAWS/RAWS_SDSS2.zarr/
RAWS,RAWS_SDSW4,s3://cadcat/histwxstns/RAWS/RAWS_SDSW4.zarr/
RAWS,RAWS_SDVC2,s3://cadcat/histwxstns/RAWS/RAWS_SDVC2.zarr/
RAWS,RAWS_SEEM8,s3://cadcat/histwxstns/RAWS/RAWS_SEEM8.zarr/
RAWS,RAWS_SETC1,s3://cadcat/histwxstns/RAWS/RAWS_SETC1.zarr/
RAWS,RAWS_SEVN2,s3://cadcat/histwxstns/RAWS/RAWS_SEVN2.zarr/
RAWS,RAWS_SEVN5,s3://cadcat/histwxstns/RAWS/RAWS_SEVN5.zarr/
RAWS,RAWS_SEWC1,s3://cadcat/histwxstns/RAWS/RAWS_SEWC1.zarr/
RAWS,RAWS_SFFI1,s3://cadcat/histwxstns/RAWS/RAWS_SFFI1.zarr/
RAWS,RAWS_SFJM8,s3://cadcat/histwxstns/RAWS/RAWS_SFJM8.zarr/
RAWS,RAWS_SFKO3,s3://cadcat/histwxstns/RAWS/RAWS_SFKO3.zarr/
RAWS,RAWS_SFLU1,s3://cadcat/histwxstns/RAWS/RAWS_SFLU1.zarr/
RAWS,RAWS_SFRS2,s3://cadcat/histwxstns/RAWS/RAWS_SFRS2.zarr/
RAWS,RAWS_SFWN5,s3://cadcat/histwxstns/RAWS/RAWS_SFWN5.zarr/
RAWS,RAWS_SFXN5,s3://cadcat/histwxstns/RAWS/RAWS_SFXN5.zarr/
RAWS,RAWS_SGFO3,s3://cadcat/histwxstns/RAWS/RAWS_SGFO3.zarr/
RAWS,RAWS_SGNW1,s3://cadcat/histwxstns/RAWS/RAWS_SGNW1.zarr/
RAWS,RAWS_SGOM8,s3://cadcat/histwxstns/RAWS/RAWS_SGOM8.zarr/
RAWS,RAWS_SHCI1,s3://cadcat/histwxstns/RAWS/RAWS_SHCI1.zarr/
RAWS,RAWS_SHFO3,s3://cadcat/histwxstns/RAWS/RAWS_SHFO3.zarr/
RAWS,RAWS_SHPW4,s3://cadcat/histwxstns/RAWS/RAWS_SHPW4.zarr/
RAWS,RAWS_SHQC1,s3://cadcat/histwxstns/RAWS/RAWS_SHQC1.zarr/
RAWS,RAWS_SHUC1,s3://cadcat/histwxstns/RAWS/RAWS_SHUC1.zarr/
RAWS,RAWS_SHVC1,s3://cadcat/histwxstns/RAWS/RAWS_SHVC1.zarr/
RAWS,RAWS_SHXC1,s3://cadcat/histwxstns/RAWS/RAWS_SHXC1.zarr/
RAWS,RAWS_SIAN2,s3://cadcat/histwxstns/RAWS/RAWS_SIAN2.zarr/
RAWS,RAWS_SIDC2,s3://cadcat/histwxstns/RAWS/RAWS_SIDC2.zarr/
RAWS,RAWS_SIGN5,s3://cadcat/histwxstns/RAWS/RAWS_SIGN5.zarr/
RAWS,RAWS_SIGU1,s3://cadcat/histwxstns/RAWS/RAWS_SIGU1.zarr/
RAWS,RAWS_SIXC1,s3://cadcat/histwxstns/RAWS/RAWS_SIXC1.zarr/
RAWS,RAWS_SIZC1,s3://cadcat/histwxstns/RAWS/RAWS_SIZC1.zarr/
RAWS,RAWS_SKBC1,s3://cadcat/histwxstns/RAWS/RAWS_SKBC1.zarr/
RAWS,RAWS_SKFI1,s3://cadcat/histwxstns/RAWS/RAWS_SKFI1.zarr/
RAWS,RAWS_SKKW1,s3://cadcat/histwxstns/RAWS/RAWS_SKKW1.zarr/
RAWS,RAWS_SKYN2,s3://cadcat/histwxstns/RAWS/RAWS_SKYN2.zarr/
RAWS,RAWS_SLCM8,s3://cadcat/histwxstns/RAWS/RAWS_SLCM8.zarr/
RAWS,RAWS_SLEC1,s3://cadcat/histwxstns/RAWS/RAWS_SLEC1.zarr/
RAWS,RAWS_SLFC1,s3://cadcat/histwxstns/RAWS/RAWS_SLFC1.zarr/
RAWS,RAWS_SLFO3,s3://cadcat/histwxstns/RAWS/RAWS_SLFO3.zarr/
RAWS,RAWS_SLKO3,s3://cadcat/histwxstns/RAWS/RAWS_SLKO3.zarr/
RAWS,RAWS_SLMN5,s3://cadcat/histwxstns/RAWS/RAWS_SLMN5.zarr/
RAWS,RAWS_SLRC1,s3://cadcat/histwxstns/RAWS/RAWS_SLRC1.zarr/
RAWS,RAWS_SLTO3,s3://cadcat/histwxstns/RAWS/RAWS_SLTO3.zarr/
RAWS,RAWS_SLWC1,s3://cadcat/histwxstns/RAWS/RAWS_SLWC1.zarr/
RAWS,RAWS_SMBC1,s3://cadcat/histwxstns/RAWS/RAWS_SMBC1.zarr/
RAWS,RAWS_SMCO3,s3://cadcat/histwxstns/RAWS/RAWS_SMCO3.zarr/
RAWS,RAWS_SMDC1,s3://cadcat/histwxstns/RAWS/RAWS_SMDC1.zarr/
RAWS,RAWS_SMFO3,s3://cadcat/histwxstns/RAWS/RAWS_SMFO3.zarr/
RAWS,RAWS_SMFW1,s3://cadcat/histwxstns/RAWS/RAWS_SMFW1.zarr/
RAWS,RAWS_SMKC2,s3://cadcat/histwxstns/RAWS/RAWS_SMKC2.zarr/
RAWS,RAWS_SMOC1,s3://cadcat/histwxstns/RAWS/RAWS_SMOC1.zarr/
RAWS,RAWS_SMSC1,s3://cadcat/histwxstns/RAWS/RAWS_SMSC1.zarr/
RAWS,RAWS_SMTM8,s3://cadcat/histwxstns/RAWS/RAWS_SMTM8.zarr/
RAWS,RAWS_SMYI1,s3://cadcat/histwxstns/RAWS/RAWS_SMYI1.zarr/
RAWS,RAWS_SNCC1,s3://cadcat/histwxstns/RAWS/RAWS_SNCC1.zarr/
RAWS,RAWS_SNDN5,s3://cadcat/histwxstns/RAWS/RAWS_SNDN5.zarr/
RAWS,RAWS_SNLN5,s3://cadcat/histwxstns/RAWS/RAWS_SNLN5.zarr/
RAWS,RAWS_SNOM8,s3://cadcat/histwxstns/RAWS/RAWS_SNOM8.zarr/
RAWS,RAWS_SNOW4,s3://cadcat/histwxstns/RAWS/RAWS_SNOW4.zarr/
RAWS,RAWS_SNQC1,s3://cadcat/histwxstns/RAWS/RAWS_SNQC1.zarr/
RAWS,RAWS_SOAC1,s3://cadcat/histwxstns/RAWS/RAWS_SOAC1.zarr/
RAWS,RAWS_SODC2,s3://cadcat/histwxstns/RAWS/RAWS_SODC2.zarr/
RAWS,RAWS_SOPC2,s3://cadcat/histwxstns/RAWS/RAWS_SOPC2.zarr/
RAWS,RAWS_SOUI1,s3://cadcat/histwxstns/RAWS/RAWS_SOUI1.zarr/
RAWS,RAWS_SPAI1,s3://cadcat/histwxstns/RAWS/RAWS_SPAI1.zarr/
RAWS,RAWS_SPBM8,s3://cadcat/histwxstns/RAWS/RAWS_SPBM8.zarr/
RAWS,RAWS_SPCW1,s3://cadcat/histwxstns/RAWS/RAWS_SPCW1.zarr/
RAWS,RAWS_SPGN2,s3://cadcat/histwxstns/RAWS/RAWS_SPGN2.zarr/
RAWS,RAWS_SPKC2,s3://cadcat/histwxstns/RAWS/RAWS_SPKC2.zarr/
RAWS,RAWS_SPKW4,s3://cadcat/histwxstns/RAWS/RAWS_SPKW4.zarr/
RAWS,RAWS_SPLW4,s3://cadcat/histwxstns/RAWS/RAWS_SPLW4.zarr/
RAWS,RAWS_SPMN2,s3://cadcat/histwxstns/RAWS/RAWS_SPMN2.zarr/
RAWS,RAWS_SPOM8,s3://cadcat/histwxstns/RAWS/RAWS_SPOM8.zarr/
RAWS,RAWS_SQFO3,s3://cadcat/histwxstns/RAWS/RAWS_SQFO3.zarr/
RAWS,RAWS_SQSC1,s3://cadcat/histwxstns/RAWS/RAWS_SQSC1.zarr/
RAWS,RAWS_SRFI1,s3://cadcat/histwxstns/RAWS/RAWS_SRFI1.zarr/
RAWS,RAWS_SRFO3,s3://cadcat/histwxstns/RAWS/RAWS_SRFO3.zarr/
RAWS,RAWS_SRIC1,s3://cadcat/histwxstns/RAWS/RAWS_SRIC1.zarr/
RAWS,RAWS_SRRM8,s3://cadcat/histwxstns/RAWS/RAWS_SRRM8.zarr/
RAWS,RAWS_SRTC1,s3://cadcat/histwxstns/RAWS/RAWS_SRTC1.zarr/
RAWS,RAWS_SRUC1,s3://cadcat/histwxstns/RAWS/RAWS_SRUC1.zarr/
RAWS,RAWS_SRWW4,s3://cadcat/histwxstns/RAWS/RAWS_SRWW4.zarr/
RAWS,RAWS_SRXC1,s3://cadcat/histwxstns/RAWS/RAWS_SRXC1.zarr/
RAWS,RAWS_SRYM8,s3://cadcat/histwxstns/RAWS/RAWS_SRYM8.zarr/
RAWS,RAWS_SSMM8,s3://cadcat/histwxstns/RAWS/RAWS_SSMM8.zarr/
RAWS,RAWS_SSYC1,s3://cadcat/histwxstns/RAWS/RAWS_SSYC1.zarr/
RAWS,RAWS_STBM8,s3://cadcat/histwxstns/RAWS/RAWS_STBM8.zarr/
RAWS,RAWS_STFC1,s3://cadcat/histwxstns/RAWS/RAWS_STFC1.zarr/
RAWS,RAWS_STFO3,s3://cadcat/histwxstns/RAWS/RAWS_STFO3.zarr/
RAWS,RAWS_STGM8,s3://cadcat/histwxstns/RAWS/RAWS_STGM8.zarr/
RAWS,RAWS_STHC2,s3://cadcat/histwxstns/RAWS/RAWS_STHC2.zarr/
RAWS,RAWS_STKM8,s3://cadcat/histwxstns/RAWS/RAWS_STKM8.zarr/
RAWS,RAWS_STLN5,s3://cadcat/histwxstns/RAWS/RAWS_STLN5.zarr/
RAWS,RAWS_STMN2,s3://cadcat/histwxstns/RAWS/RAWS_STMN2.zarr/
RAWS,RAWS_STNI1,s3://cadcat/histwxstns/RAWS/RAWS_STNI1.zarr/
RAWS,RAWS_STOC2,s3://cadcat/histwxstns/RAWS/RAWS_STOC2.zarr/
RAWS,RAWS_STRW1,s3://cadcat/histwxstns/RAWS/RAWS_STRW1.zarr/
RAWS,RAWS_STUC1,s3://cadcat/histwxstns/RAWS/RAWS_STUC1.zarr/
RAWS,RAWS_STVM8,s3://cadcat/histwxstns/RAWS/RAWS_STVM8.zarr/
RAWS,RAWS_STWM8,s3://cadcat/histwxstns/RAWS/RAWS_STWM8.zarr/
RAWS,RAWS_SUAM8,s3://cadcat/histwxstns/RAWS/RAWS_SUAM8.zarr/
RAWS,RAWS_SURC2,s3://cadcat/histwxstns/RAWS/RAWS_SURC2.zarr/
RAWS,RAWS_SVFI1,s3://cadcat/histwxstns/RAWS/RAWS_SVFI1.zarr/
RAWS,RAWS_SVFO3,s3://cadcat/histwxstns/RAWS/RAWS_SVFO3.zarr/
RAWS,RAWS_SWBC1,s3://cadcat/histwxstns/RAWS/RAWS_SWBC1.zarr/
RAWS,RAWS_SWLC1,s3://cadcat/histwxstns/RAWS/RAWS_SWLC1.zarr/
RAWS,RAWS_SWNC1,s3://cadcat/histwxstns/RAWS/RAWS_SWNC1.zarr/
RAWS,RAWS_SWYW1,s3://cadcat/histwxstns/RAWS/RAWS_SWYW1.zarr/
RAWS,RAWS_SXWC1,s3://cadcat/histwxstns/RAWS/RAWS_SXWC1.zarr/
RAWS,RAWS_SYNO3,s3://cadcat/histwxstns/RAWS/RAWS_SYNO3.zarr/
RAWS,RAWS_SYRI1,s3://cadcat/histwxstns/RAWS/RAWS_SYRI1.zarr/
RAWS,RAWS_SYWC1,s3://cadcat/histwxstns/RAWS/RAWS_SYWC1.zarr/
RAWS,RAWS_TABC1,s3://cadcat/histwxstns/RAWS/RAWS_TABC1.zarr/
RAWS,RAWS_TADC1,s3://cadcat/histwxstns/RAWS/RAWS_TADC1.zarr/
RAWS,RAWS_TANC1,s3://cadcat/histwxstns/RAWS/RAWS_TANC1.zarr/
RAWS,RAWS_TAPC2,s3://cadcat/histwxstns/RAWS/RAWS_TAPC2.zarr/
RAWS,RAWS_TARO3,s3://cadcat/histwxstns/RAWS/RAWS_TARO3.zarr/
RAWS,RAWS_TBRC1,s3://cadcat/histwxstns/RAWS/RAWS_TBRC1.zarr/
RAWS,RAWS_TBSU1,s3://cadcat/histwxstns/RAWS/RAWS_TBSU1.zarr/
RAWS,RAWS_TCAC1,s3://cadcat/histwxstns/RAWS/RAWS_TCAC1.zarr/
RAWS,RAWS_TCFI1,s3://cadcat/histwxstns/RAWS/RAWS_TCFI1.zarr/
RAWS,RAWS_TCFO3,s3://cadcat/histwxstns/RAWS/RAWS_TCFO3.zarr/
RAWS,RAWS_TCFW1,s3://cadcat/histwxstns/RAWS/RAWS_TCFW1.zarr/
RAWS,RAWS_TCKC1,s3://cadcat/histwxstns/RAWS/RAWS_TCKC1.zarr/
RAWS,RAWS_TCLC1,s3://cadcat/histwxstns/RAWS/RAWS_TCLC1.zarr/
RAWS,RAWS_TCRA3,s3://cadcat/histwxstns/RAWS/RAWS_TCRA3.zarr/
RAWS,RAWS_TCTM8,s3://cadcat/histwxstns/RAWS/RAWS_TCTM8.zarr/
RAWS,RAWS_TEOC1,s3://cadcat/histwxstns/RAWS/RAWS_TEOC1.zarr/
RAWS,RAWS_TEPM8,s3://cadcat/histwxstns/RAWS/RAWS_TEPM8.zarr/
RAWS,RAWS_TEXN2,s3://cadcat/histwxstns/RAWS/RAWS_TEXN2.zarr/
RAWS,RAWS_TFRU1,s3://cadcat/histwxstns/RAWS/RAWS_TFRU1.zarr/
RAWS,RAWS_TGFI1,s3://cadcat/histwxstns/RAWS/RAWS_TGFI1.zarr/
RAWS,RAWS_THAM8,s3://cadcat/histwxstns/RAWS/RAWS_THAM8.zarr/
RAWS,RAWS_THDC1,s3://cadcat/histwxstns/RAWS/RAWS_THDC1.zarr/
RAWS,RAWS_THFI1,s3://cadcat/histwxstns/RAWS/RAWS_THFI1.zarr/
RAWS,RAWS_THHC1,s3://cadcat/histwxstns/RAWS/RAWS_THHC1.zarr/
RAWS,RAWS_THMI1,s3://cadcat/histwxstns/RAWS/RAWS_THMI1.zarr/
RAWS,RAWS_THRW4,s3://cadcat/histwxstns/RAWS/RAWS_THRW4.zarr/
RAWS,RAWS_TICU1,s3://cadcat/histwxstns/RAWS/RAWS_TICU1.zarr/
RAWS,RAWS_TJRN5,s3://cadcat/histwxstns/RAWS/RAWS_TJRN5.zarr/
RAWS,RAWS_TLGC1,s3://cadcat/histwxstns/RAWS/RAWS_TLGC1.zarr/
RAWS,RAWS_TMBN2,s3://cadcat/histwxstns/RAWS/RAWS_TMBN2.zarr/
RAWS,RAWS_TMEC1,s3://cadcat/histwxstns/RAWS/RAWS_TMEC1.zarr/
RAWS,RAWS_TMFO3,s3://cadcat/histwxstns/RAWS/RAWS_TMFO3.zarr/
RAWS,RAWS_TMKO3,s3://cadcat/histwxstns/RAWS/RAWS_TMKO3.zarr/
RAWS,RAWS_TMNC1,s3://cadcat/histwxstns/RAWS/RAWS_TMNC1.zarr/
RAWS,RAWS_TMRO3,s3://cadcat/histwxstns/RAWS/RAWS_TMRO3.zarr/
RAWS,RAWS_TMTC2,s3://cadcat/histwxstns/RAWS/RAWS_TMTC2.zarr/
RAWS,RAWS_TMTC9,s3://cadcat/histwxstns/RAWS/RAWS_TMTC9.zarr/
RAWS,RAWS_TNDM8,s3://cadcat/histwxstns/RAWS/RAWS_TNDM8.zarr/
RAWS,RAWS_TNRC1,s3://cadcat/histwxstns/RAWS/RAWS_TNRC1.zarr/
RAWS,RAWS_TNSC1,s3://cadcat/histwxstns/RAWS/RAWS_TNSC1.zarr/
RAWS,RAWS_TOFO3,s3://cadcat/histwxstns/RAWS/RAWS_TOFO3.zarr/
RAWS,RAWS_TOFW1,s3://cadcat/histwxstns/RAWS/RAWS_TOFW1.zarr/
RAWS,RAWS_TOGC1,s3://cadcat/histwxstns/RAWS/RAWS_TOGC1.zarr/
RAWS,RAWS_TPEO3,s3://cadcat/histwxstns/RAWS/RAWS_TPEO3.zarr/
RAWS,RAWS_TPFW1,s3://cadcat/histwxstns/RAWS/RAWS_TPFW1.zarr/
RAWS,RAWS_TPGC1,s3://cadcat/histwxstns/RAWS/RAWS_TPGC1.zarr/
RAWS,RAWS_TPHC1,s3://cadcat/histwxstns/RAWS/RAWS_TPHC1.zarr/
RAWS,RAWS_TQIN2,s3://cadcat/histwxstns/RAWS/RAWS_TQIN2.zarr/
RAWS,RAWS_TR048,s3://cadcat/histwxstns/RAWS/RAWS_TR048.zarr/
RAWS,RAWS_TR067,s3://cadcat/histwxstns/RAWS/RAWS_TR067.zarr/
RAWS,RAWS_TR069,s3://cadcat/histwxstns/RAWS/RAWS_TR069.zarr/
RAWS,RAWS_TR070,s3://cadcat/histwxstns/RAWS/RAWS_TR070.zarr/
RAWS,RAWS_TR072,s3://cadcat/histwxstns/RAWS/RAWS_TR072.zarr/
RAWS,RAWS_TR073,s3://cadcat/histwxstns/RAWS/RAWS_TR073.zarr/
RAWS,RAWS_TR075,s3://cadcat/histwxstns/RAWS/RAWS_TR075.zarr/
RAWS,RAWS_TR079,s3://cadcat/histwxstns/RAWS/RAWS_TR079.zarr/
RAWS,RAWS_TR087,s3://cadcat/histwxstns/RAWS/RAWS_TR087.zarr/
RAWS,RAWS_TR096,s3://cadcat/histwxstns/RAWS/RAWS_TR096.zarr/
RAWS,RAWS_TR098,s3://cadcat/histwxstns/RAWS/RAWS_TR098.zarr/
RAWS,RAWS_TR099,s3://cadcat/histwxstns/RAWS/RAWS_TR099.zarr/
RAWS,RAWS_TR101,s3://cadcat/histwxstns/RAWS/RAWS_TR101.zarr/
RAWS,RAWS_TR102,s3://cadcat/histwxstns/RAWS/RAWS_TR102.zarr/
RAWS,RAWS_TR103,s3://cadcat/histwxstns/RAWS/RAWS_TR103.zarr/
RAWS,RAWS_TR104,s3://cadcat/histwxstns/RAWS/RAWS_TR104.zarr/
RAWS,RAWS_TR106,s3://cadcat/histwxstns/RAWS/RAWS_TR106.zarr/
RAWS,RAWS_TR107,s3://cadcat/histwxstns/RAWS/RAWS_TR107.zarr/
RAWS,RAWS_TR108,s3://cadcat/histwxstns/RAWS/RAWS_TR108.zarr/
RAWS,RAWS_TR109,s3://cadcat/histwxstns/RAWS/RAWS_TR109.zarr/
RAWS,RAWS_TR110,s3://cadcat/histwxstns/RAWS/RAWS_TR110.zarr/
RAWS,RAWS_TR111,s3://cadcat/histwxstns/RAWS/RAWS_TR111.zarr/
RAWS,RAWS_TR112,s3://cadcat/histwxstns/RAWS/RAWS_TR112.zarr/
RAWS,RAWS_TR113,s3://cadcat/histwxstns/RAWS/RAWS_TR113.zarr/
RAWS,RAWS_TR114,s3://cadcat/histwxstns/RAWS/RAWS_TR114.zarr/
RAWS,RAWS_TR117,s3://cadcat/histwxstns/RAWS/RAWS_TR117.zarr/
RAWS,RAWS_TR118,s3://cadcat/histwxstns/RAWS/RAWS_TR118.zarr/
RAWS,RAWS_TR119,s3://cadcat/histwxstns/RAWS/RAWS_TR119.zarr/
RAWS,RAWS_TR120,s3://cadcat/histwxstns/RAWS/RAWS_TR120.zarr/
RAWS,RAWS_TR123,s3://cadcat/histwxstns/RAWS/RAWS_TR123.zarr/
RAWS,RAWS_TR127,s3://cadcat/histwxstns/RAWS/RAWS_TR127.zarr/
RAWS,RAWS_TR130,s3://cadcat/histwxstns/RAWS/RAWS_TR130.zarr/
RAWS,RAWS_TR131,s3://cadcat/histwxstns/RAWS/RAWS_TR131.zarr/
RAWS,RAWS_TR134,s3://cadcat/histwxstns/RAWS/RAWS_TR134.zarr/
RAWS,RAWS_TR138,s3://cadcat/histwxstns/RAWS/RAWS_TR138.zarr/
RAWS,RAWS_TR139,s3://cadcat/histwxstns/RAWS/RAWS_TR139.zarr/
RAWS,RAWS_TR143,s3://cadcat/histwxstns/RAWS/RAWS_TR143.zarr/
RAWS,RAWS_TR144,s3://cadcat/histwxstns/RAWS/RAWS_TR144.zarr/
RAWS,RAWS_TR145,s3://cadcat/histwxstns/RAWS/RAWS_TR145.zarr/
RAWS,RAWS_TR146,s3://cadcat/histwxstns/RAWS/RAWS_TR146.zarr/
RAWS,RAWS_TR147,s3://cadcat/histwxstns/RAWS/RAWS_TR147.zarr/
RAWS,RAWS_TR148,s3://cadcat/histwxstns/RAWS/RAWS_TR148.zarr/
RAWS,RAWS_TR149,s3://cadcat/histwxstns/RAWS/RAWS_TR149.zarr/
RAWS,RAWS_TR150,s3://cadcat/histwxstns/RAWS/RAWS_TR150.zarr/
RAWS,RAWS_TR152,s3://cadcat/histwxstns/RAWS/RAWS_TR152.zarr/
RAWS,RAWS_TR153,s3://cadcat/histwxstns/RAWS/RAWS_TR153.zarr/
RAWS,RAWS_TR154,s3://cadcat/histwxstns/RAWS/RAWS_TR154.zarr/
RAWS,RAWS_TR155,s3://cadcat/histwxstns/RAWS/RAWS_TR155.zarr/
RAWS,RAWS_TR156,s3://cadcat/histwxstns/RAWS/RAWS_TR156.zarr/
RAWS,RAWS_TR158,s3://cadcat/histwxstns/RAWS/RAWS_TR158.zarr/
RAWS,RAWS_TR161,s3://cadcat/histwxstns/RAWS/RAWS_TR161.zarr/
RAWS,RAWS_TR162,s3://cadcat/histwxstns/RAWS/RAWS_TR162.zarr/
RAWS,RAWS_TR163,s3://cadcat/histwxstns/RAWS/RAWS_TR163.zarr/
RAWS,RAWS_TR164,s3://cadcat/histwxstns/RAWS/RAWS_TR164.zarr/
RAWS,RAWS_TR165,s3://cadcat/histwxstns/RAWS/RAWS_TR165.zarr/
RAWS,RAWS_TR168,s3://cadcat/histwxstns/RAWS/RAWS_TR168.zarr/
RAWS,RAWS_TR169,s3://cadcat/histwxstns/RAWS/RAWS_TR169.zarr/
RAWS,RAWS_TR170,s3://cadcat/histwxstns/RAWS/RAWS_TR170.zarr/
RAWS,RAWS_TR171,s3://cadcat/histwxstns/RAWS/RAWS_TR171.zarr/
RAWS,RAWS_TR173,s3://cadcat/histwxstns/RAWS/RAWS_TR173.zarr/
RAWS,RAWS_TR179,s3://cadcat/histwxstns/RAWS/RAWS_TR179.zarr/
RAWS,RAWS_TR180,s3://cadcat/histwxstns/RAWS/RAWS_TR180.zarr/
RAWS,RAWS_TR181,s3://cadcat/histwxstns/RAWS/RAWS_TR181.zarr/
RAWS,RAWS_TR189,s3://cadcat/histwxstns/RAWS/RAWS_TR189.zarr/
RAWS,RAWS_TR191,s3://cadcat/histwxstns/RAWS/RAWS_TR191.zarr/
RAWS,RAWS_TR192,s3://cadcat/histwxstns/RAWS/RAWS_TR192.zarr/
RAWS,RAWS_TR197,s3://cadcat/histwxstns/RAWS/RAWS_TR197.zarr/
RAWS,RAWS_TR198,s3://cadcat/histwxstns/RAWS/RAWS_TR198.zarr/
RAWS,RAWS_TR200,s3://cadcat/histwxstns/RAWS/RAWS_TR200.zarr/
RAWS,RAWS_TR214,s3://cadcat/histwxstns/RAWS/RAWS_TR214.zarr/
RAWS,RAWS_TR216,s3://cadcat/histwxstns/RAWS/RAWS_TR216.zarr/
RAWS,RAWS_TR221,s3://cadcat/histwxstns/RAWS/RAWS_TR221.zarr/
RAWS,RAWS_TR223,s3://cadcat/histwxstns/RAWS/RAWS_TR223.zarr/
RAWS,RAWS_TR227,s3://cadcat/histwxstns/RAWS/RAWS_TR227.zarr/
RAWS,RAWS_TR228,s3://cadcat/histwxstns/RAWS/RAWS_TR228.zarr/
RAWS,RAWS_TR230,s3://cadcat/histwxstns/RAWS/RAWS_TR230.zarr/
RAWS,RAWS_TR231,s3://cadcat/histwxstns/RAWS/RAWS_TR231.zarr/
RAWS,RAWS_TR232,s3://cadcat/histwxstns/RAWS/RAWS_TR232.zarr/
RAWS,RAWS_TR233,s3://cadcat/histwxstns/RAWS/RAWS_TR233.zarr/
RAWS,RAWS_TR235,s3://cadcat/histwxstns/RAWS/RAWS_TR235.zarr/
RAWS,RAWS_TR236,s3://cadcat/histwxstns/RAWS/RAWS_TR236.zarr/
RAWS,RAWS_TR237,s3://cadcat/histwxstns/RAWS/RAWS_TR237.zarr/
RAWS,RAWS_TR246,s3://cadcat/histwxstns/RAWS/RAWS_TR246.zarr/
RAWS,RAWS_TR248,s3://cadcat/histwxstns/RAWS/RAWS_TR248.zarr/
RAWS,RAWS_TR252,s3://cadcat/histwxstns/RAWS/RAWS_TR252.zarr/
RAWS,RAWS_TR255,s3://cadcat/histwxstns/RAWS/RAWS_TR255.zarr/
RAWS,RAWS_TR256,s3://cadcat/histwxstns/RAWS/RAWS_TR256.zarr/
RAWS,RAWS_TR257,s3://cadcat/histwxstns/RAWS/RAWS_TR257.zarr/
RAWS,RAWS_TR258,s3://cadcat/histwxstns/RAWS/RAWS_TR258.zarr/
RAWS,RAWS_TR259,s3://cadcat/histwxstns/RAWS/RAWS_TR259.zarr/
RAWS,RAWS_TR262,s3://cadcat/histwxstns/RAWS/RAWS_TR262.zarr/
RAWS,RAWS_TR263,s3://cadcat/histwxstns/RAWS/RAWS_TR263.zarr/
RAWS,RAWS_TR267,s3://cadcat/histwxstns/RAWS/RAWS_TR267.zarr/
RAWS,RAWS_TR276,s3://cadcat/histwxstns/RAWS/RAWS_TR276.zarr/
RAWS,RAWS_TR278,s3://cadcat/histwxstns/RAWS/RAWS_TR278.zarr/
RAWS,RAWS_TR279,s3://cadcat/histwxstns/RAWS/RAWS_TR279.zarr/
RAWS,RAWS_TR283,s3://cadcat/histwxstns/RAWS/RAWS_TR283.zarr/
RAWS,RAWS_TR285,s3://cadcat/histwxstns/RAWS/RAWS_TR285.zarr/
RAWS,RAWS_TR286,s3://cadcat/histwxstns/RAWS/RAWS_TR286.zarr/
RAWS,RAWS_TR287,s3://cadcat/histwxstns/RAWS/RAWS_TR287.zarr/
RAWS,RAWS_TR289,s3://cadcat/histwxstns/RAWS/RAWS_TR289.zarr/
RAWS,RAWS_TR305,s3://cadcat/histwxstns/RAWS/RAWS_TR305.zarr/
RAWS,RAWS_TR309,s3://cadcat/histwxstns/RAWS/RAWS_TR309.zarr/
RAWS,RAWS_TR310,s3://cadcat/histwxstns/RAWS/RAWS_TR310.zarr/
RAWS,RAWS_TR315,s3://cadcat/histwxstns/RAWS/RAWS_TR315.zarr/
RAWS,RAWS_TR318,s3://cadcat/histwxstns/RAWS/RAWS_TR318.zarr/
RAWS,RAWS_TR319,s3://cadcat/histwxstns/RAWS/RAWS_TR319.zarr/
RAWS,RAWS_TR323,s3://cadcat/histwxstns/RAWS/RAWS_TR323.zarr/
RAWS,RAWS_TR327,s3://cadcat/histwxstns/RAWS/RAWS_TR327.zarr/
RAWS,RAWS_TR328,s3://cadcat/histwxstns/RAWS/RAWS_TR328.zarr/
RAWS,RAWS_TR329,s3://cadcat/histwxstns/RAWS/RAWS_TR329.zarr/
RAWS,RAWS_TR335,s3://cadcat/histwxstns/RAWS/RAWS_TR335.zarr/
RAWS,RAWS_TR336,s3://cadcat/histwxstns/RAWS/RAWS_TR336.zarr/
RAWS,RAWS_TR337,s3://cadcat/histwxstns/RAWS/RAWS_TR337.zarr/
RAWS,RAWS_TR338,s3://cadcat/histwxstns/RAWS/RAWS_TR338.zarr/
RAWS,RAWS_TR347,s3://cadcat/histwxstns/RAWS/RAWS_TR347.zarr/
RAWS,RAWS_TR348,s3://cadcat/histwxstns/RAWS/RAWS_TR348.zarr/
RAWS,RAWS_TR351,s3://cadcat/histwxstns/RAWS/RAWS_TR351.zarr/
RAWS,RAWS_TR356,s3://cadcat/histwxstns/RAWS/RAWS_TR356.zarr/
RAWS,RAWS_TR363,s3://cadcat/histwxstns/RAWS/RAWS_TR363.zarr/
RAWS,RAWS_TR365,s3://cadcat/histwxstns/RAWS/RAWS_TR365.zarr/
RAWS,RAWS_TR366,s3://cadcat/histwxstns/RAWS/RAWS_TR366.zarr/
RAWS,RAWS_TR367,s3://cadcat/histwxstns/RAWS/RAWS_TR367.zarr/
RAWS,RAWS_TR368,s3://cadcat/histwxstns/RAWS/RAWS_TR368.zarr/
RAWS,RAWS_TR369,s3://cadcat/histwxstns/RAWS/RAWS_TR369.zarr/
RAWS,RAWS_TR370,s3://cadcat/histwxstns/RAWS/RAWS_TR370.zarr/
RAWS,RAWS_TR371,s3://cadcat/histwxstns/RAWS/RAWS_TR371.zarr/
RAWS,RAWS_TR377,s3://cadcat/histwxstns/RAWS/RAWS_TR377.zarr/
RAWS,RAWS_TR381,s3://cadcat/histwxstns/RAWS/RAWS_TR381.zarr/
RAWS,RAWS_TR382,s3://cadcat/histwxstns/RAWS/RAWS_TR382.zarr/
RAWS,RAWS_TR383,s3://cadcat/histwxstns/RAWS/RAWS_TR383.zarr/
RAWS,RAWS_TR390,s3://cadcat/histwxstns/RAWS/RAWS_TR390.zarr/
RAWS,RAWS_TR391,s3://cadcat/histwxstns/RAWS/RAWS_TR391.zarr/
RAWS,RAWS_TR398,s3://cadcat/histwxstns/RAWS/RAWS_TR398.zarr/
RAWS,RAWS_TR408,s3://cadcat/histwxstns/RAWS/RAWS_TR408.zarr/
RAWS,RAWS_TR412,s3://cadcat/histwxstns/RAWS/RAWS_TR412.zarr/
RAWS,RAWS_TR416,s3://cadcat/histwxstns/RAWS/RAWS_TR416.zarr/
RAWS,RAWS_TR417,s3://cadcat/histwxstns/RAWS/RAWS_TR417.zarr/
RAWS,RAWS_TR418,s3://cadcat/histwxstns/RAWS/RAWS_TR418.zarr/
RAWS,RAWS_TR419,s3://cadcat/histwxstns/RAWS/RAWS_TR419.zarr/
RAWS,RAWS_TR420,s3://cadcat/histwxstns/RAWS/RAWS_TR420.zarr/
RAWS,RAWS_TR421,s3://cadcat/histwxstns/RAWS/RAWS_TR421.zarr/
RAWS,RAWS_TR427,s3://cadcat/histwxstns/RAWS/RAWS_TR427.zarr/
RAWS,RAWS_TR428,s3://cadcat/histwxstns/RAWS/RAWS_TR428.zarr/
RAWS,RAWS_TR461,s3://cadcat/histwxstns/RAWS/RAWS_TR461.zarr/
RAWS,RAWS_TR463,s3://cadcat/histwxstns/RAWS/RAWS_TR463.zarr/
RAWS,RAWS_TR464,s3://cadcat/histwxstns/RAWS/RAWS_TR464.zarr/
RAWS,RAWS_TR465,s3://cadcat/histwxstns/RAWS/RAWS_TR465.zarr/
RAWS,RAWS_TR485,s3://cadcat/histwxstns/RAWS/RAWS_TR485.zarr/
RAWS,RAWS_TR486,s3://cadcat/histwxstns/RAWS/RAWS_TR486.zarr/
RAWS,RAWS_TR487,s3://cadcat/histwxstns/RAWS/RAWS_TR487.zarr/
RAWS,RAWS_TR488,s3://cadcat/histwxstns/RAWS/RAWS_TR488.zarr/
RAWS,RAWS_TR489,s3://cadcat/histwxstns/RAWS/RAWS_TR489.zarr/
RAWS,RAWS_TR490,s3://cadcat/histwxstns/RAWS/RAWS_TR490.zarr/
RAWS,RAWS_TR491,s3://cadcat/histwxstns/RAWS/RAWS_TR491.zarr/
RAWS,RAWS_TR492,s3://cadcat/histwxstns/RAWS/RAWS_TR492.zarr/
RAWS,RAWS_TR496,s3://cadcat/histwxstns/RAWS/RAWS_TR496.zarr/
RAWS,RAWS_TR499,s3://cadcat/histwxstns/RAWS/RAWS_TR499.zarr/
RAWS,RAWS_TR502,s3://cadcat/histwxstns/RAWS/RAWS_TR502.zarr/
RAWS,RAWS_TR503,s3://cadcat/histwxstns/RAWS/RAWS_TR503.zarr/
RAWS,RAWS_TR505,s3://cadcat/histwxstns/RAWS/RAWS_TR505.zarr/
RAWS,RAWS_TR510,s3://cadcat/histwxstns/RAWS/RAWS_TR510.zarr/
RAWS,RAWS_TR511,s3://cadcat/histwxstns/RAWS/RAWS_TR511.zarr/
RAWS,RAWS_TR512,s3://cadcat/histwxstns/RAWS/RAWS_TR512.zarr/
RAWS,RAWS_TR513,s3://cadcat/histwxstns/RAWS/RAWS_TR513.zarr/
RAWS,RAWS_TR540,s3://cadcat/histwxstns/RAWS/RAWS_TR540.zarr/
RAWS,RAWS_TR544,s3://cadcat/histwxstns/RAWS/RAWS_TR544.zarr/
RAWS,RAWS_TR545,s3://cadcat/histwxstns/RAWS/RAWS_TR545.zarr/
RAWS,RAWS_TR546,s3://cadcat/histwxstns/RAWS/RAWS_TR546.zarr/
RAWS,RAWS_TR547,s3://cadcat/histwxstns/RAWS/RAWS_TR547.zarr/
RAWS,RAWS_TR550,s3://cadcat/histwxstns/RAWS/RAWS_TR550.zarr/
RAWS,RAWS_TR563,s3://cadcat/histwxstns/RAWS/RAWS_TR563.zarr/
RAWS,RAWS_TR576,s3://cadcat/histwxstns/RAWS/RAWS_TR576.zarr/
RAWS,RAWS_TR577,s3://cadcat/histwxstns/RAWS/RAWS_TR577.zarr/
RAWS,RAWS_TR587,s3://cadcat/histwxstns/RAWS/RAWS_TR587.zarr/
RAWS,RAWS_TR588,s3://cadcat/histwxstns/RAWS/RAWS_TR588.zarr/
RAWS,RAWS_TR589,s3://cadcat/histwxstns/RAWS/RAWS_TR589.zarr/
RAWS,RAWS_TR590,s3://cadcat/histwxstns/RAWS/RAWS_TR590.zarr/
RAWS,RAWS_TR593,s3://cadcat/histwxstns/RAWS/RAWS_TR593.zarr/
RAWS,RAWS_TR611,s3://cadcat/histwxstns/RAWS/RAWS_TR611.zarr/
RAWS,RAWS_TR644,s3://cadcat/histwxstns/RAWS/RAWS_TR644.zarr/
RAWS,RAWS_TR698,s3://cadcat/histwxstns/RAWS/RAWS_TR698.zarr/
RAWS,RAWS_TR713,s3://cadcat/histwxstns/RAWS/RAWS_TR713.zarr/
RAWS,RAWS_TR714,s3://cadcat/histwxstns/RAWS/RAWS_TR714.zarr/
RAWS,RAWS_TR715,s3://cadcat/histwxstns/RAWS/RAWS_TR715.zarr/
RAWS,RAWS_TR723,s3://cadcat/histwxstns/RAWS/RAWS_TR723.zarr/
RAWS,RAWS_TR724,s3://cadcat/histwxstns/RAWS/RAWS_TR724.zarr/
RAWS,RAWS_TR726,s3://cadcat/histwxstns/RAWS/RAWS_TR726.zarr/
RAWS,RAWS_TR739,s3://cadcat/histwxstns/RAWS/RAWS_TR739.zarr/
RAWS,RAWS_TR742,s3://cadcat/histwxstns/RAWS/RAWS_TR742.zarr/
RAWS,RAWS_TR743,s3://cadcat/histwxstns/RAWS/RAWS_TR743.zarr/
RAWS,RAWS_TR755,s3://cadcat/histwxstns/RAWS/RAWS_TR755.zarr/
RAWS,RAWS_TR757,s3://cadcat/histwxstns/RAWS/RAWS_TR757.zarr/
RAWS,RAWS_TR782,s3://cadcat/histwxstns/RAWS/RAWS_TR782.zarr/
RAWS,RAWS_TR818,s3://cadcat/histwxstns/RAWS/RAWS_TR818.zarr/
RAWS,RAWS_TR855,s3://cadcat/histwxstns/RAWS/RAWS_TR855.zarr/
RAWS,RAWS_TR868,s3://cadcat/histwxstns/RAWS/RAWS_TR868.zarr/
RAWS,RAWS_TR871,s3://cadcat/histwxstns/RAWS/RAWS_TR871.zarr/
RAWS,RAWS_TR881,s3://cadcat/histwxstns/RAWS/RAWS_TR881.zarr/
RAWS,RAWS_TR931,s3://cadcat/histwxstns/RAWS/RAWS_TR931.zarr/
RAWS,RAWS_TR937,s3://cadcat/histwxstns/RAWS/RAWS_TR937.zarr/
RAWS,RAWS_TR950,s3://cadcat/histwxstns/RAWS/RAWS_TR950.zarr/
RAWS,RAWS_TR951,s3://cadcat/histwxstns/RAWS/RAWS_TR951.zarr/
RAWS,RAWS_TR956,s3://cadcat/histwxstns/RAWS/RAWS_TR956.zarr/
RAWS,RAWS_TR970,s3://cadcat/histwxstns/RAWS/RAWS_TR970.zarr/
RAWS,RAWS_TR984,s3://cadcat/histwxstns/RAWS/RAWS_TR984.zarr/
RAWS,RAWS_TR986,s3://cadcat/histwxstns/RAWS/RAWS_TR986.zarr/
RAWS,RAWS_TR999,s3://cadcat/histwxstns/RAWS/RAWS_TR999.zarr/
RAWS,RAWS_TRCM8,s3://cadcat/histwxstns/RAWS/RAWS_TRCM8.zarr/
RAWS,RAWS_TRFO3,s3://cadcat/histwxstns/RAWS/RAWS_TRFO3.zarr/
RAWS,RAWS_TRII1,s3://cadcat/histwxstns/RAWS/RAWS_TRII1.zarr/
RAWS,RAWS_TRKW1,s3://cadcat/histwxstns/RAWS/RAWS_TRKW1.zarr/
RAWS,RAWS_TRMC1,s3://cadcat/histwxstns/RAWS/RAWS_TRMC1.zarr/
RAWS,RAWS_TROM8,s3://cadcat/histwxstns/RAWS/RAWS_TROM8.zarr/
RAWS,RAWS_TRUN5,s3://cadcat/histwxstns/RAWS/RAWS_TRUN5.zarr/
RAWS,RAWS_TS001,s3://cadcat/histwxstns/RAWS/RAWS_TS001.zarr/
RAWS,RAWS_TS002,s3://cadcat/histwxstns/RAWS/RAWS_TS002.zarr/
RAWS,RAWS_TS003,s3://cadcat/histwxstns/RAWS/RAWS_TS003.zarr/
RAWS,RAWS_TS004,s3://cadcat/histwxstns/RAWS/RAWS_TS004.zarr/
RAWS,RAWS_TS005,s3://cadcat/histwxstns/RAWS/RAWS_TS005.zarr/
RAWS,RAWS_TS006,s3://cadcat/histwxstns/RAWS/RAWS_TS006.zarr/
RAWS,RAWS_TS007,s3://cadcat/histwxstns/RAWS/RAWS_TS007.zarr/
RAWS,RAWS_TS010,s3://cadcat/histwxstns/RAWS/RAWS_TS010.zarr/
RAWS,RAWS_TS017,s3://cadcat/histwxstns/RAWS/RAWS_TS017.zarr/
RAWS,RAWS_TS018,s3://cadcat/histwxstns/RAWS/RAWS_TS018.zarr/
RAWS,RAWS_TS026,s3://cadcat/histwxstns/RAWS/RAWS_TS026.zarr/
RAWS,RAWS_TS037,s3://cadcat/histwxstns/RAWS/RAWS_TS037.zarr/
RAWS,RAWS_TS040,s3://cadcat/histwxstns/RAWS/RAWS_TS040.zarr/
RAWS,RAWS_TS041,s3://cadcat/histwxstns/RAWS/RAWS_TS041.zarr/
RAWS,RAWS_TS042,s3://cadcat/histwxstns/RAWS/RAWS_TS042.zarr/
RAWS,RAWS_TS043,s3://cadcat/histwxstns/RAWS/RAWS_TS043.zarr/
RAWS,RAWS_TS045,s3://cadcat/histwxstns/RAWS/RAWS_TS045.zarr/
RAWS,RAWS_TS049,s3://cadcat/histwxstns/RAWS/RAWS_TS049.zarr/
RAWS,RAWS_TS052,s3://cadcat/histwxstns/RAWS/RAWS_TS052.zarr/
RAWS,RAWS_TS053,s3://cadcat/histwxstns/RAWS/RAWS_TS053.zarr/
RAWS,RAWS_TS055,s3://cadcat/histwxstns/RAWS/RAWS_TS055.zarr/
RAWS,RAWS_TS067,s3://cadcat/histwxstns/RAWS/RAWS_TS067.zarr/
RAWS,RAWS_TS068,s3://cadcat/histwxstns/RAWS/RAWS_TS068.zarr/
RAWS,RAWS_TS089,s3://cadcat/histwxstns/RAWS/RAWS_TS089.zarr/
RAWS,RAWS_TS094,s3://cadcat/histwxstns/RAWS/RAWS_TS094.zarr/
RAWS,RAWS_TS096,s3://cadcat/histwxstns/RAWS/RAWS_TS096.zarr/
RAWS,RAWS_TS108,s3://cadcat/histwxstns/RAWS/RAWS_TS108.zarr/
RAWS,RAWS_TS113,s3://cadcat/histwxstns/RAWS/RAWS_TS113.zarr/
RAWS,RAWS_TS120,s3://cadcat/histwxstns/RAWS/RAWS_TS120.zarr/
RAWS,RAWS_TS122,s3://cadcat/histwxstns/RAWS/RAWS_TS122.zarr/
RAWS,RAWS_TS123,s3://cadcat/histwxstns/RAWS/RAWS_TS123.zarr/
RAWS,RAWS_TS155,s3://cadcat/histwxstns/RAWS/RAWS_TS155.zarr/
RAWS,RAWS_TS173,s3://cadcat/histwxstns/RAWS/RAWS_TS173.zarr/
RAWS,RAWS_TS174,s3://cadcat/histwxstns/RAWS/RAWS_TS174.zarr/
RAWS,RAWS_TS178,s3://cadcat/histwxstns/RAWS/RAWS_TS178.zarr/
RAWS,RAWS_TS216,s3://cadcat/histwxstns/RAWS/RAWS_TS216.zarr/
RAWS,RAWS_TS220,s3://cadcat/histwxstns/RAWS/RAWS_TS220.zarr/
RAWS,RAWS_TS228,s3://cadcat/histwxstns/RAWS/RAWS_TS228.zarr/
RAWS,RAWS_TS233,s3://cadcat/histwxstns/RAWS/RAWS_TS233.zarr/
RAWS,RAWS_TS256,s3://cadcat/histwxstns/RAWS/RAWS_TS256.zarr/
RAWS,RAWS_TS257,s3://cadcat/histwxstns/RAWS/RAWS_TS257.zarr/
RAWS,RAWS_TS286,s3://cadcat/histwxstns/RAWS/RAWS_TS286.zarr/
RAWS,RAWS_TS292,s3://cadcat/histwxstns/RAWS/RAWS_TS292.zarr/
RAWS,RAWS_TS297,s3://cadcat/histwxstns/RAWS/RAWS_TS297.zarr/
RAWS,RAWS_TS301,s3://cadcat/histwxstns/RAWS/RAWS_TS301.zarr/
RAWS,RAWS_TS302,s3://cadcat/histwxstns/RAWS/RAWS_TS302.zarr/
RAWS,RAWS_TS303,s3://cadcat/histwxstns/RAWS/RAWS_TS303.zarr/
RAWS,RAWS_TS304,s3://cadcat/histwxstns/RAWS/RAWS_TS304.zarr/
RAWS,RAWS_TS305,s3://cadcat/histwxstns/RAWS/RAWS_TS305.zarr/
RAWS,RAWS_TS319,s3://cadcat/histwxstns/RAWS/RAWS_TS319.zarr/
RAWS,RAWS_TS321,s3://cadcat/histwxstns/RAWS/RAWS_TS321.zarr/
RAWS,RAWS_TS322,s3://cadcat/histwxstns/RAWS/RAWS_TS322.zarr/
RAWS,RAWS_TS323,s3://cadcat/histwxstns/RAWS/RAWS_TS323.zarr/
RAWS,RAWS_TS324,s3://cadcat/histwxstns/RAWS/RAWS_TS324.zarr/
RAWS,RAWS_TS326,s3://cadcat/histwxstns/RAWS/RAWS_TS326.zarr/
RAWS,RAWS_TS327,s3://cadcat/histwxstns/RAWS/RAWS_TS327.zarr/
RAWS,RAWS_TS329,s3://cadcat/histwxstns/RAWS/RAWS_TS329.zarr/
RAWS,RAWS_TS343,s3://cadcat/histwxstns/RAWS/RAWS_TS343.zarr/
RAWS,RAWS_TS346,s3://cadcat/histwxstns/RAWS/RAWS_TS346.zarr/
RAWS,RAWS_TS347,s3://cadcat/histwxstns/RAWS/RAWS_TS347.zarr/
RAWS,RAWS_TS350,s3://cadcat/histwxstns/RAWS/RAWS_TS350.zarr/
RAWS,RAWS_TS372,s3://cadcat/histwxstns/RAWS/RAWS_TS372.zarr/
RAWS,RAWS_TS373,s3://cadcat/histwxstns/RAWS/RAWS_TS373.zarr/
RAWS,RAWS_TS378,s3://cadcat/histwxstns/RAWS/RAWS_TS378.zarr/
RAWS,RAWS_TS379,s3://cadcat/histwxstns/RAWS/RAWS_TS379.zarr/
RAWS,RAWS_TS380,s3://cadcat/histwxstns/RAWS/RAWS_TS380.zarr/
RAWS,RAWS_TS381,s3://cadcat/histwxstns/RAWS/RAWS_TS381.zarr/
RAWS,RAWS_TS388,s3://cadcat/histwxstns/RAWS/RAWS_TS388.zarr/
RAWS,RAWS_TS389,s3://cadcat/histwxstns/RAWS/RAWS_TS389.zarr/
RAWS,RAWS_TS391,s3://cadcat/histwxstns/RAWS/RAWS_TS391.zarr/
RAWS,RAWS_TS392,s3://cadcat/histwxstns/RAWS/RAWS_TS392.zarr/
RAWS,RAWS_TS395,s3://cadcat/histwxstns/RAWS/RAWS_TS395.zarr/
RAWS,RAWS_TS399,s3://cadcat/histwxstns/RAWS/RAWS_TS399.zarr/
RAWS,RAWS_TS400,s3://cadcat/histwxstns/RAWS/RAWS_TS400.zarr/
RAWS,RAWS_TS445,s3://cadcat/histwxstns/RAWS/RAWS_TS445.zarr/
RAWS,RAWS_TS469,s3://cadcat/histwxstns/RAWS/RAWS_TS469.zarr/
RAWS,RAWS_TS485,s3://cadcat/histwxstns/RAWS/RAWS_TS485.zarr/
RAWS,RAWS_TS495,s3://cadcat/histwxstns/RAWS/RAWS_TS495.zarr/
RAWS,RAWS_TS516,s3://cadcat/histwxstns/RAWS/RAWS_TS516.zarr/
RAWS,RAWS_TS517,s3://cadcat/histwxstns/RAWS/RAWS_TS517.zarr/
RAWS,RAWS_TS545,s3://cadcat/histwxstns/RAWS/RAWS_TS545.zarr/
RAWS,RAWS_TS549,s3://cadcat/histwxstns/RAWS/RAWS_TS549.zarr/
RAWS,RAWS_TS557,s3://cadcat/histwxstns/RAWS/RAWS_TS557.zarr/
RAWS,RAWS_TS558,s3://cadcat/histwxstns/RAWS/RAWS_TS558.zarr/
RAWS,RAWS_TS559,s3://cadcat/histwxstns/RAWS/RAWS_TS559.zarr/
RAWS,RAWS_TS560,s3://cadcat/histwxstns/RAWS/RAWS_TS560.zarr/
RAWS,RAWS_TS565,s3://cadcat/histwxstns/RAWS/RAWS_TS565.zarr/
RAWS,RAWS_TS566,s3://cadcat/histwxstns/RAWS/RAWS_TS566.zarr/
RAWS,RAWS_TS573,s3://cadcat/histwxstns/RAWS/RAWS_TS573.zarr/
RAWS,RAWS_TS575,s3://cadcat/histwxstns/RAWS/RAWS_TS575.zarr/
RAWS,RAWS_TS577,s3://cadcat/histwxstns/RAWS/RAWS_TS577.zarr/
RAWS,RAWS_TS578,s3://cadcat/histwxstns/RAWS/RAWS_TS578.zarr/
RAWS,RAWS_TS579,s3://cadcat/histwxstns/RAWS/RAWS_TS579.zarr/
RAWS,RAWS_TS582,s3://cadcat/histwxstns/RAWS/RAWS_TS582.zarr/
RAWS,RAWS_TS583,s3://cadcat/histwxstns/RAWS/RAWS_TS583.zarr/
RAWS,RAWS_TS584,s3://cadcat/histwxstns/RAWS/RAWS_TS584.zarr/
RAWS,RAWS_TS586,s3://cadcat/histwxstns/RAWS/RAWS_TS586.zarr/
RAWS,RAWS_TS587,s3://cadcat/histwxstns/RAWS/RAWS_TS587.zarr/
RAWS,RAWS_TS588,s3://cadcat/histwxstns/RAWS/RAWS_TS588.zarr/
RAWS,RAWS_TS589,s3://cadcat/histwxstns/RAWS/RAWS_TS589.zarr/
RAWS,RAWS_TS593,s3://cadcat/histwxstns/RAWS/RAWS_TS593.zarr/
RAWS,RAWS_TS597,s3://cadcat/histwxstns/RAWS/RAWS_TS597.zarr/
RAWS,RAWS_TS598,s3://cadcat/histwxstns/RAWS/RAWS_TS598.zarr/
RAWS,RAWS_TS601,s3://cadcat/histwxstns/RAWS/RAWS_TS601.zarr/
RAWS,RAWS_TS602,s3://cadcat/histwxstns/RAWS/RAWS_TS602.zarr/
RAWS,RAWS_TS603,s3://cadcat/histwxstns/RAWS/RAWS_TS603.zarr/
RAWS,RAWS_TS619,s3://cadcat/histwxstns/RAWS/RAWS_TS619.zarr/
RAWS,RAWS_TS623,s3://cadcat/histwxstns/RAWS/RAWS_TS623.zarr/
RAWS,RAWS_TS624,s3://cadcat/histwxstns/RAWS/RAWS_TS624.zarr/
RAWS,RAWS_TS625,s3://cadcat/histwxstns/RAWS/RAWS_TS625.zarr/
RAWS,RAWS_TS626,s3://cadcat/histwxstns/RAWS/RAWS_TS626.zarr/
RAWS,RAWS_TS627,s3://cadcat/histwxstns/RAWS/RAWS_TS627.zarr/
RAWS,RAWS_TS631,s3://cadcat/histwxstns/RAWS/RAWS_TS631.zarr/
RAWS,RAWS_TS636,s3://cadcat/histwxstns/RAWS/RAWS_TS636.zarr/
RAWS,RAWS_TS637,s3://cadcat/histwxstns/RAWS/RAWS_TS637.zarr/
RAWS,RAWS_TS640,s3://cadcat/histwxstns/RAWS/RAWS_TS640.zarr/
RAWS,RAWS_TS648,s3://cadcat/histwxstns/RAWS/RAWS_TS648.zarr/
RAWS,RAWS_TS654,s3://cadcat/histwxstns/RAWS/RAWS_TS654.zarr/
RAWS,RAWS_TS661,s3://cadcat/histwxstns/RAWS/RAWS_TS661.zarr/
RAWS,RAWS_TS662,s3://cadcat/histwxstns/RAWS/RAWS_TS662.zarr/
RAWS,RAWS_TS673,s3://cadcat/histwxstns/RAWS/RAWS_TS673.zarr/
RAWS,RAWS_TS674,s3://cadcat/histwxstns/RAWS/RAWS_TS674.zarr/
RAWS,RAWS_TS677,s3://cadcat/histwxstns/RAWS/RAWS_TS677.zarr/
RAWS,RAWS_TS678,s3://cadcat/histwxstns/RAWS/RAWS_TS678.zarr/
RAWS,RAWS_TS679,s3://cadcat/histwxstns/RAWS/RAWS_TS679.zarr/
RAWS,RAWS_TS682,s3://cadcat/histwxstns/RAWS/RAWS_TS682.zarr/
RAWS,RAWS_TS683,s3://cadcat/histwxstns/RAWS/RAWS_TS683.zarr/
RAWS,RAWS_TS684,s3://cadcat/histwxstns/RAWS/RAWS_TS684.zarr/
RAWS,RAWS_TS685,s3://cadcat/histwxstns/RAWS/RAWS_TS685.zarr/
RAWS,RAWS_TS687,s3://cadcat/histwxstns/RAWS/RAWS_TS687.zarr/
RAWS,RAWS_TS694,s3://cadcat/histwxstns/RAWS/RAWS_TS694.zarr/
RAWS,RAWS_TS696,s3://cadcat/histwxstns/RAWS/RAWS_TS696.zarr/
RAWS,RAWS_TS702,s3://cadcat/histwxstns/RAWS/RAWS_TS702.zarr/
RAWS,RAWS_TS705,s3://cadcat/histwxstns/RAWS/RAWS_TS705.zarr/
RAWS,RAWS_TS714,s3://cadcat/histwxstns/RAWS/RAWS_TS714.zarr/
RAWS,RAWS_TS715,s3://cadcat/histwxstns/RAWS/RAWS_TS715.zarr/
RAWS,RAWS_TS716,s3://cadcat/histwxstns/RAWS/RAWS_TS716.zarr/
RAWS,RAWS_TS718,s3://cadcat/histwxstns/RAWS/RAWS_TS718.zarr/
RAWS,RAWS_TS719,s3://cadcat/histwxstns/RAWS/RAWS_TS719.zarr/
RAWS,RAWS_TS723,s3://cadcat/histwxstns/RAWS/RAWS_TS723.zarr/
RAWS,RAWS_TS725,s3://cadcat/histwxstns/RAWS/RAWS_TS725.zarr/
RAWS,RAWS_TS730,s3://cadcat/histwxstns/RAWS/RAWS_TS730.zarr/
RAWS,RAWS_TS735,s3://cadcat/histwxstns/RAWS/RAWS_TS735.zarr/
RAWS,RAWS_TS741,s3://cadcat/histwxstns/RAWS/RAWS_TS741.zarr/
RAWS,RAWS_TS743,s3://cadcat/histwxstns/RAWS/RAWS_TS743.zarr/
RAWS,RAWS_TS748,s3://cadcat/histwxstns/RAWS/RAWS_TS748.zarr/
RAWS,RAWS_TS761,s3://cadcat/histwxstns/RAWS/RAWS_TS761.zarr/
RAWS,RAWS_TS762,s3://cadcat/histwxstns/RAWS/RAWS_TS762.zarr/
RAWS,RAWS_TS763,s3://cadcat/histwxstns/RAWS/RAWS_TS763.zarr/
RAWS,RAWS_TS764,s3://cadcat/histwxstns/RAWS/RAWS_TS764.zarr/
RAWS,RAWS_TS771,s3://cadcat/histwxstns/RAWS/RAWS_TS771.zarr/
RAWS,RAWS_TS772,s3://cadcat/histwxstns/RAWS/RAWS_TS772.zarr/
RAWS,RAWS_TS773,s3://cadcat/histwxstns/RAWS/RAWS_TS773.zarr/
RAWS,RAWS_TS774,s3://cadcat/histwxstns/RAWS/RAWS_TS774.zarr/
RAWS,RAWS_TS777,s3://cadcat/histwxstns/RAWS/RAWS_TS777.zarr/
RAWS,RAWS_TS798,s3://cadcat/histwxstns/RAWS/RAWS_TS798.zarr/
RAWS,RAWS_TS801,s3://cadcat/histwxstns/RAWS/RAWS_TS801.zarr/
RAWS,RAWS_TS802,s3://cadcat/histwxstns/RAWS/RAWS_TS802.zarr/
RAWS,RAWS_TS808,s3://cadcat/histwxstns/RAWS/RAWS_TS808.zarr/
RAWS,RAWS_TS815,s3://cadcat/histwxstns/RAWS/RAWS_TS815.zarr/
RAWS,RAWS_TS828,s3://cadcat/histwxstns/RAWS/RAWS_TS828.zarr/
RAWS,RAWS_TS846,s3://cadcat/histwxstns/RAWS/RAWS_TS846.zarr/
RAWS,RAWS_TS862,s3://cadcat/histwxstns/RAWS/RAWS_TS862.zarr/
RAWS,RAWS_TS871,s3://cadcat/histwxstns/RAWS/RAWS_TS871.zarr/
RAWS,RAWS_TS872,s3://cadcat/histwxstns/RAWS/RAWS_TS872.zarr/
RAWS,RAWS_TS874,s3://cadcat/histwxstns/RAWS/RAWS_TS874.zarr/
RAWS,RAWS_TS875,s3://cadcat/histwxstns/RAWS/RAWS_TS875.zarr/
RAWS,RAWS_TS876,s3://cadcat/histwxstns/RAWS/RAWS_TS876.zarr/
RAWS,RAWS_TS877,s3://cadcat/histwxstns/RAWS/RAWS_TS877.zarr/
RAWS,RAWS_TS894,s3://cadcat/histwxstns/RAWS/RAWS_TS894.zarr/
RAWS,RAWS_TS895,s3://cadcat/histwxstns/RAWS/RAWS_TS895.zarr/
RAWS,RAWS_TS897,s3://cadcat/histwxstns/RAWS/RAWS_TS897.zarr/
RAWS,RAWS_TS900,s3://cadcat/histwxstns/RAWS/RAWS_TS900.zarr/
RAWS,RAWS_TS901,s3://cadcat/histwxstns/RAWS/RAWS_TS901.zarr/
RAWS,RAWS_TS903,s3://cadcat/histwxstns/RAWS/RAWS_TS903.zarr/
RAWS,RAWS_TS910,s3://cadcat/histwxstns/RAWS/RAWS_TS910.zarr/
RAWS,RAWS_TS911,s3://cadcat/histwxstns/RAWS/RAWS_TS911.zarr/
RAWS,RAWS_TS924,s3://cadcat/histwxstns/RAWS/RAWS_TS924.zarr/
RAWS,RAWS_TS946,s3://cadcat/histwxstns/RAWS/RAWS_TS946.zarr/
RAWS,RAWS_TS949,s3://cadcat/histwxstns/RAWS/RAWS_TS949.zarr/
RAWS,RAWS_TS950,s3://cadcat/histwxstns/RAWS/RAWS_TS950.zarr/
RAWS,RAWS_TS951,s3://cadcat/histwxstns/RAWS/RAWS_TS951.zarr/
RAWS,RAWS_TS954,s3://cadcat/histwxstns/RAWS/RAWS_TS954.zarr/
RAWS,RAWS_TS960,s3://cadcat/histwxstns/RAWS/RAWS_TS960.zarr/
RAWS,RAWS_TS961,s3://cadcat/histwxstns/RAWS/RAWS_TS961.zarr/
RAWS,RAWS_TS962,s3://cadcat/histwxstns/RAWS/RAWS_TS962.zarr/
RAWS,RAWS_TS964,s3://cadcat/histwxstns/RAWS/RAWS_TS964.zarr/
RAWS,RAWS_TS967,s3://cadcat/histwxstns/RAWS/RAWS_TS967.zarr/
RAWS,RAWS_TS983,s3://cadcat/histwxstns/RAWS/RAWS_TS983.zarr/
RAWS,RAWS_TSCC1,s3://cadcat/histwxstns/RAWS/RAWS_TSCC1.zarr/
RAWS,RAWS_TSHC1,s3://cadcat/histwxstns/RAWS/RAWS_TSHC1.zarr/
RAWS,RAWS_TSOW1,s3://cadcat/histwxstns/RAWS/RAWS_TSOW1.zarr/
RAWS,RAWS_TSQC1,s3://cadcat/histwxstns/RAWS/RAWS_TSQC1.zarr/
RAWS,RAWS_TT005,s3://cadcat/histwxstns/RAWS/RAWS_TT005.zarr/
RAWS,RAWS_TT006,s3://cadcat/histwxstns/RAWS/RAWS_TT006.zarr/
RAWS,RAWS_TT008,s3://cadcat/histwxstns/RAWS/RAWS_TT008.zarr/
RAWS,RAWS_TT010,s3://cadcat/histwxstns/RAWS/RAWS_TT010.zarr/
RAWS,RAWS_TT011,s3://cadcat/histwxstns/RAWS/RAWS_TT011.zarr/
RAWS,RAWS_TT012,s3://cadcat/histwxstns/RAWS/RAWS_TT012.zarr/
RAWS,RAWS_TT013,s3://cadcat/histwxstns/RAWS/RAWS_TT013.zarr/
RAWS,RAWS_TT015,s3://cadcat/histwxstns/RAWS/RAWS_TT015.zarr/
RAWS,RAWS_TT016,s3://cadcat/histwxstns/RAWS/RAWS_TT016.zarr/
RAWS,RAWS_TT017,s3://cadcat/histwxstns/RAWS/RAWS_TT017.zarr/
RAWS,RAWS_TT018,s3://cadcat/histwxstns/RAWS/RAWS_TT018.zarr/
RAWS,RAWS_TT020,s3://cadcat/histwxstns/RAWS/RAWS_TT020.zarr/
RAWS,RAWS_TT021,s3://cadcat/histwxstns/RAWS/RAWS_TT021.zarr/
RAWS,RAWS_TT022,s3://cadcat/histwxstns/RAWS/RAWS_TT022.zarr/
RAWS,RAWS_TT023,s3://cadcat/histwxstns/RAWS/RAWS_TT023.zarr/
RAWS,RAWS_TT028,s3://cadcat/histwxstns/RAWS/RAWS_TT028.zarr/
RAWS,RAWS_TT029,s3://cadcat/histwxstns/RAWS/RAWS_TT029.zarr/
RAWS,RAWS_TT030,s3://cadcat/histwxstns/RAWS/RAWS_TT030.zarr/
RAWS,RAWS_TT031,s3://cadcat/histwxstns/RAWS/RAWS_TT031.zarr/
RAWS,RAWS_TT032,s3://cadcat/histwxstns/RAWS/RAWS_TT032.zarr/
RAWS,RAWS_TT033,s3://cadcat/histwxstns/RAWS/RAWS_TT033.zarr/
RAWS,RAWS_TT034,s3://cadcat/histwxstns/RAWS/RAWS_TT034.zarr/
RAWS,RAWS_TT036,s3://cadcat/histwxstns/RAWS/RAWS_TT036.zarr/
RAWS,RAWS_TT040,s3://cadcat/histwxstns/RAWS/RAWS_TT040.zarr/
RAWS,RAWS_TT041,s3://cadcat/histwxstns/RAWS/RAWS_TT041.zarr/
RAWS,RAWS_TT046,s3://cadcat/histwxstns/RAWS/RAWS_TT046.zarr/
RAWS,RAWS_TT047,s3://cadcat/histwxstns/RAWS/RAWS_TT047.zarr/
RAWS,RAWS_TT048,s3://cadcat/histwxstns/RAWS/RAWS_TT048.zarr/
RAWS,RAWS_TT049,s3://cadcat/histwxstns/RAWS/RAWS_TT049.zarr/
RAWS,RAWS_TT050,s3://cadcat/histwxstns/RAWS/RAWS_TT050.zarr/
RAWS,RAWS_TT051,s3://cadcat/histwxstns/RAWS/RAWS_TT051.zarr/
RAWS,RAWS_TT052,s3://cadcat/histwxstns/RAWS/RAWS_TT052.zarr/
RAWS,RAWS_TT053,s3://cadcat/histwxstns/RAWS/RAWS_TT053.zarr/
RAWS,RAWS_TT054,s3://cadcat/histwxstns/RAWS/RAWS_TT054.zarr/
RAWS,RAWS_TT055,s3://cadcat/histwxstns/RAWS/RAWS_TT055.zarr/
RAWS,RAWS_TT056,s3://cadcat/histwxstns/RAWS/RAWS_TT056.zarr/
RAWS,RAWS_TT058,s3://cadcat/histwxstns/RAWS/RAWS_TT058.zarr/
RAWS,RAWS_TT060,s3://cadcat/histwxstns/RAWS/RAWS_TT060.zarr/
RAWS,RAWS_TT064,s3://cadcat/histwxstns/RAWS/RAWS_TT064.zarr/
RAWS,RAWS_TT065,s3://cadcat/histwxstns/RAWS/RAWS_TT065.zarr/
RAWS,RAWS_TT074,s3://cadcat/histwxstns/RAWS/RAWS_TT074.zarr/
RAWS,RAWS_TT075,s3://cadcat/histwxstns/RAWS/RAWS_TT075.zarr/
RAWS,RAWS_TT076,s3://cadcat/histwxstns/RAWS/RAWS_TT076.zarr/
RAWS,RAWS_TT077,s3://cadcat/histwxstns/RAWS/RAWS_TT077.zarr/
RAWS,RAWS_TT078,s3://cadcat/histwxstns/RAWS/RAWS_TT078.zarr/
RAWS,RAWS_TT079,s3://cadcat/histwxstns/RAWS/RAWS_TT079.zarr/
RAWS,RAWS_TT080,s3://cadcat/histwxstns/RAWS/RAWS_TT080.zarr/
RAWS,RAWS_TT081,s3://cadcat/histwxstns/RAWS/RAWS_TT081.zarr/
RAWS,RAWS_TT082,s3://cadcat/histwxstns/RAWS/RAWS_TT082.zarr/
RAWS,RAWS_TT084,s3://cadcat/histwxstns/RAWS/RAWS_TT084.zarr/
RAWS,RAWS_TT086,s3://cadcat/histwxstns/RAWS/RAWS_TT086.zarr/
RAWS,RAWS_TT087,s3://cadcat/histwxstns/RAWS/RAWS_TT087.zarr/
RAWS,RAWS_TT088,s3://cadcat/histwxstns/RAWS/RAWS_TT088.zarr/
RAWS,RAWS_TT091,s3://cadcat/histwxstns/RAWS/RAWS_TT091.zarr/
RAWS,RAWS_TT092,s3://cadcat/histwxstns/RAWS/RAWS_TT092.zarr/
RAWS,RAWS_TT100,s3://cadcat/histwxstns/RAWS/RAWS_TT100.zarr/
RAWS,RAWS_TT101,s3://cadcat/histwxstns/RAWS/RAWS_TT101.zarr/
RAWS,RAWS_TT102,s3://cadcat/histwxstns/RAWS/RAWS_TT102.zarr/
RAWS,RAWS_TT103,s3://cadcat/histwxstns/RAWS/RAWS_TT103.zarr/
RAWS,RAWS_TT106,s3://cadcat/histwxstns/RAWS/RAWS_TT106.zarr/
RAWS,RAWS_TT109,s3://cadcat/histwxstns/RAWS/RAWS_TT109.zarr/
RAWS,RAWS_TT110,s3://cadcat/histwxstns/RAWS/RAWS_TT110.zarr/
RAWS,RAWS_TT118,s3://cadcat/histwxstns/RAWS/RAWS_TT118.zarr/
RAWS,RAWS_TT132,s3://cadcat/histwxstns/RAWS/RAWS_TT132.zarr/
RAWS,RAWS_TT142,s3://cadcat/histwxstns/RAWS/RAWS_TT142.zarr/
RAWS,RAWS_TT143,s3://cadcat/histwxstns/RAWS/RAWS_TT143.zarr/
RAWS,RAWS_TT156,s3://cadcat/histwxstns/RAWS/RAWS_TT156.zarr/
RAWS,RAWS_TT166,s3://cadcat/histwxstns/RAWS/RAWS_TT166.zarr/
RAWS,RAWS_TT171,s3://cadcat/histwxstns/RAWS/RAWS_TT171.zarr/
RAWS,RAWS_TT181,s3://cadcat/histwxstns/RAWS/RAWS_TT181.zarr/
RAWS,RAWS_TT207,s3://cadcat/histwxstns/RAWS/RAWS_TT207.zarr/
RAWS,RAWS_TT208,s3://cadcat/histwxstns/RAWS/RAWS_TT208.zarr/
RAWS,RAWS_TT209,s3://cadcat/histwxstns/RAWS/RAWS_TT209.zarr/
RAWS,RAWS_TT213,s3://cadcat/histwxstns/RAWS/RAWS_TT213.zarr/
RAWS,RAWS_TT220,s3://cadcat/histwxstns/RAWS/RAWS_TT220.zarr/
RAWS,RAWS_TT223,s3://cadcat/histwxstns/RAWS/RAWS_TT223.zarr/
RAWS,RAWS_TT230,s3://cadcat/histwxstns/RAWS/RAWS_TT230.zarr/
RAWS,RAWS_TT232,s3://cadcat/histwxstns/RAWS/RAWS_TT232.zarr/
RAWS,RAWS_TT234,s3://cadcat/histwxstns/RAWS/RAWS_TT234.zarr/
RAWS,RAWS_TT236,s3://cadcat/histwxstns/RAWS/RAWS_TT236.zarr/
RAWS,RAWS_TT240,s3://cadcat/histwxstns/RAWS/RAWS_TT240.zarr/
RAWS,RAWS_TT245,s3://cadcat/histwxstns/RAWS/RAWS_TT245.zarr/
RAWS,RAWS_TT246,s3://cadcat/histwxstns/RAWS/RAWS_TT246.zarr/
RAWS,RAWS_TT249,s3://cadcat/histwxstns/RAWS/RAWS_TT249.zarr/
RAWS,RAWS_TT255,s3://cadcat/histwxstns/RAWS/RAWS_TT255.zarr/
RAWS,RAWS_TT259,s3://cadcat/histwxstns/RAWS/RAWS_TT259.zarr/
RAWS,RAWS_TT260,s3://cadcat/histwxstns/RAWS/RAWS_TT260.zarr/
RAWS,RAWS_TT264,s3://cadcat/histwxstns/RAWS/RAWS_TT264.zarr/
RAWS,RAWS_TT283,s3://cadcat/histwxstns/RAWS/RAWS_TT283.zarr/
RAWS,RAWS_TT286,s3://cadcat/histwxstns/RAWS/RAWS_TT286.zarr/
RAWS,RAWS_TT288,s3://cadcat/histwxstns/RAWS/RAWS_TT288.zarr/
RAWS,RAWS_TT289,s3://cadcat/histwxstns/RAWS/RAWS_TT289.zarr/
RAWS,RAWS_TT290,s3://cadcat/histwxstns/RAWS/RAWS_TT290.zarr/
RAWS,RAWS_TT295,s3://cadcat/histwxstns/RAWS/RAWS_TT295.zarr/
RAWS,RAWS_TT296,s3://cadcat/histwxstns/RAWS/RAWS_TT296.zarr/
RAWS,RAWS_TT308,s3://cadcat/histwxstns/RAWS/RAWS_TT308.zarr/
RAWS,RAWS_TT309,s3://cadcat/histwxstns/RAWS/RAWS_TT309.zarr/
RAWS,RAWS_TT314,s3://cadcat/histwxstns/RAWS/RAWS_TT314.zarr/
RAWS,RAWS_TT316,s3://cadcat/histwxstns/RAWS/RAWS_TT316.zarr/
RAWS,RAWS_TT318,s3://cadcat/histwxstns/RAWS/RAWS_TT318.zarr/
RAWS,RAWS_TT319,s3://cadcat/histwxstns/RAWS/RAWS_TT319.zarr/
RAWS,RAWS_TT320,s3://cadcat/histwxstns/RAWS/RAWS_TT320.zarr/
RAWS,RAWS_TT321,s3://cadcat/histwxstns/RAWS/RAWS_TT321.zarr/
RAWS,RAWS_TT325,s3://cadcat/histwxstns/RAWS/RAWS_TT325.zarr/
RAWS,RAWS_TT326,s3://cadcat/histwxstns/RAWS/RAWS_TT326.zarr/
RAWS,RAWS_TT328,s3://cadcat/histwxstns/RAWS/RAWS_TT328.zarr/
RAWS,RAWS_TT329,s3://cadcat/histwxstns/RAWS/RAWS_TT329.zarr/
RAWS,RAWS_TT333,s3://cadcat/histwxstns/RAWS/RAWS_TT333.zarr/
RAWS,RAWS_TT339,s3://cadcat/histwxstns/RAWS/RAWS_TT339.zarr/
RAWS,RAWS_TT340,s3://cadcat/histwxstns/RAWS/RAWS_TT340.zarr/
RAWS,RAWS_TT341,s3://cadcat/histwxstns/RAWS/RAWS_TT341.zarr/
RAWS,RAWS_TT342,s3://cadcat/histwxstns/RAWS/RAWS_TT342.zarr/
RAWS,RAWS_TT343,s3://cadcat/histwxstns/RAWS/RAWS_TT343.zarr/
RAWS,RAWS_TT346,s3://cadcat/histwxstns/RAWS/RAWS_TT346.zarr/
RAWS,RAWS_TT347,s3://cadcat/histwxstns/RAWS/RAWS_TT347.zarr/
RAWS,RAWS_TT348,s3://cadcat/histwxstns/RAWS/RAWS_TT348.zarr/
RAWS,RAWS_TT350,s3://cadcat/histwxstns/RAWS/RAWS_TT350.zarr/
RAWS,RAWS_TT352,s3://cadcat/histwxstns/RAWS/RAWS_TT352.zarr/
RAWS,RAWS_TT353,s3://cadcat/histwxstns/RAWS/RAWS_TT353.zarr/
RAWS,RAWS_TT355,s3://cadcat/histwxstns/RAWS/RAWS_TT355.zarr/
RAWS,RAWS_TT364,s3://cadcat/histwxstns/RAWS/RAWS_TT364.zarr/
RAWS,RAWS_TT366,s3://cadcat/histwxstns/RAWS/RAWS_TT366.zarr/
RAWS,RAWS_TT367,s3://cadcat/histwxstns/RAWS/RAWS_TT367.zarr/
RAWS,RAWS_TT370,s3://cadcat/histwxstns/RAWS/RAWS_TT370.zarr/
RAWS,RAWS_TT371,s3://cadcat/histwxstns/RAWS/RAWS_TT371.zarr/
RAWS,RAWS_TT373,s3://cadcat/histwxstns/RAWS/RAWS_TT373.zarr/
RAWS,RAWS_TT374,s3://cadcat/histwxstns/RAWS/RAWS_TT374.zarr/
RAWS,RAWS_TT375,s3://cadcat/histwxstns/RAWS/RAWS_TT375.zarr/
RAWS,RAWS_TT376,s3://cadcat/histwxstns/RAWS/RAWS_TT376.zarr/
RAWS,RAWS_TT377,s3://cadcat/histwxstns/RAWS/RAWS_TT377.zarr/
RAWS,RAWS_TT378,s3://cadcat/histwxstns/RAWS/RAWS_TT378.zarr/
RAWS,RAWS_TT379,s3://cadcat/histwxstns/RAWS/RAWS_TT379.zarr/
RAWS,RAWS_TT380,s3://cadcat/histwxstns/RAWS/RAWS_TT380.zarr/
RAWS,RAWS_TT381,s3://cadcat/histwxstns/RAWS/RAWS_TT381.zarr/
RAWS,RAWS_TT382,s3://cadcat/histwxstns/RAWS/RAWS_TT382.zarr/
RAWS,RAWS_TT383,s3://cadcat/histwxstns/RAWS/RAWS_TT383.zarr/
RAWS,RAWS_TT389,s3://cadcat/histwxstns/RAWS/RAWS_TT389.zarr/
RAWS,RAWS_TT390,s3://cadcat/histwxstns/RAWS/RAWS_TT390.zarr/
RAWS,RAWS_TT391,s3://cadcat/histwxstns/RAWS/RAWS_TT391.zarr/
RAWS,RAWS_TT392,s3://cadcat/histwxstns/RAWS/RAWS_TT392.zarr/
RAWS,RAWS_TT394,s3://cadcat/histwxstns/RAWS/RAWS_TT394.zarr/
RAWS,RAWS_TT407,s3://cadcat/histwxstns/RAWS/RAWS_TT407.zarr/
RAWS,RAWS_TT412,s3://cadcat/histwxstns/RAWS/RAWS_TT412.zarr/
RAWS,RAWS_TT414,s3://cadcat/histwxstns/RAWS/RAWS_TT414.zarr/
RAWS,RAWS_TT417,s3://cadcat/histwxstns/RAWS/RAWS_TT417.zarr/
RAWS,RAWS_TT418,s3://cadcat/histwxstns/RAWS/RAWS_TT418.zarr/
RAWS,RAWS_TT419,s3://cadcat/histwxstns/RAWS/RAWS_TT419.zarr/
RAWS,RAWS_TT430,s3://cadcat/histwxstns/RAWS/RAWS_TT430.zarr/
RAWS,RAWS_TT431,s3://cadcat/histwxstns/RAWS/RAWS_TT431.zarr/
RAWS,RAWS_TT432,s3://cadcat/histwxstns/RAWS/RAWS_TT432.zarr/
RAWS,RAWS_TT433,s3://cadcat/histwxstns/RAWS/RAWS_TT433.zarr/
RAWS,RAWS_TT434,s3://cadcat/histwxstns/RAWS/RAWS_TT434.zarr/
RAWS,RAWS_TT435,s3://cadcat/histwxstns/RAWS/RAWS_TT435.zarr/
RAWS,RAWS_TT436,s3://cadcat/histwxstns/RAWS/RAWS_TT436.zarr/
RAWS,RAWS_TT437,s3://cadcat/histwxstns/RAWS/RAWS_TT437.zarr/
RAWS,RAWS_TT438,s3://cadcat/histwxstns/RAWS/RAWS_TT438.zarr/
RAWS,RAWS_TT439,s3://cadcat/histwxstns/RAWS/RAWS_TT439.zarr/
RAWS,RAWS_TT441,s3://cadcat/histwxstns/RAWS/RAWS_TT441.zarr/
RAWS,RAWS_TT442,s3://cadcat/histwxstns/RAWS/RAWS_TT442.zarr/
RAWS,RAWS_TT443,s3://cadcat/histwxstns/RAWS/RAWS_TT443.zarr/
RAWS,RAWS_TT444,s3://cadcat/histwxstns/RAWS/RAWS_TT444.zarr/
RAWS,RAWS_TT445,s3://cadcat/histwxstns/RAWS/RAWS_TT445.zarr/
RAWS,RAWS_TT446,s3://cadcat/histwxstns/RAWS/RAWS_TT446.zarr/
RAWS,RAWS_TT450,s3://cadcat/histwxstns/RAWS/RAWS_TT450.zarr/
RAWS,RAWS_TT451,s3://cadcat/histwxstns/RAWS/RAWS_TT451.zarr/
RAWS,RAWS_TT452,s3://cadcat/histwxstns/RAWS/RAWS_TT452.zarr/
RAWS,RAWS_TT453,s3://cadcat/histwxstns/RAWS/RAWS_TT453.zarr/
RAWS,RAWS_TT454,s3://cadcat/histwxstns/RAWS/RAWS_TT454.zarr/
RAWS,RAWS_TT455,s3://cadcat/histwxstns/RAWS/RAWS_TT455.zarr/
RAWS,RAWS_TT467,s3://cadcat/histwxstns/RAWS/RAWS_TT467.zarr/
RAWS,RAWS_TT468,s3://cadcat/histwxstns/RAWS/RAWS_TT468.zarr/
RAWS,RAWS_TT469,s3://cadcat/histwxstns/RAWS/RAWS_TT469.zarr/
RAWS,RAWS_TT470,s3://cadcat/histwxstns/RAWS/RAWS_TT470.zarr/
RAWS,RAWS_TT471,s3://cadcat/histwxstns/RAWS/RAWS_TT471.zarr/
RAWS,RAWS_TT472,s3://cadcat/histwxstns/RAWS/RAWS_TT472.zarr/
RAWS,RAWS_TT480,s3://cadcat/histwxstns/RAWS/RAWS_TT480.zarr/
RAWS,RAWS_TT481,s3://cadcat/histwxstns/RAWS/RAWS_TT481.zarr/
RAWS,RAWS_TT482,s3://cadcat/histwxstns/RAWS/RAWS_TT482.zarr/
RAWS,RAWS_TT483,s3://cadcat/histwxstns/RAWS/RAWS_TT483.zarr/
RAWS,RAWS_TT490,s3://cadcat/histwxstns/RAWS/RAWS_TT490.zarr/
RAWS,RAWS_TT491,s3://cadcat/histwxstns/RAWS/RAWS_TT491.zarr/
RAWS,RAWS_TT508,s3://cadcat/histwxstns/RAWS/RAWS_TT508.zarr/
RAWS,RAWS_TT509,s3://cadcat/histwxstns/RAWS/RAWS_TT509.zarr/
RAWS,RAWS_TT512,s3://cadcat/histwxstns/RAWS/RAWS_TT512.zarr/
RAWS,RAWS_TT513,s3://cadcat/histwxstns/RAWS/RAWS_TT513.zarr/
RAWS,RAWS_TT514,s3://cadcat/histwxstns/RAWS/RAWS_TT514.zarr/
RAWS,RAWS_TT517,s3://cadcat/histwxstns/RAWS/RAWS_TT517.zarr/
RAWS,RAWS_TT529,s3://cadcat/histwxstns/RAWS/RAWS_TT529.zarr/
RAWS,RAWS_TT532,s3://cadcat/histwxstns/RAWS/RAWS_TT532.zarr/
RAWS,RAWS_TT535,s3://cadcat/histwxstns/RAWS/RAWS_TT535.zarr/
RAWS,RAWS_TT539,s3://cadcat/histwxstns/RAWS/RAWS_TT539.zarr/
RAWS,RAWS_TT541,s3://cadcat/histwxstns/RAWS/RAWS_TT541.zarr/
RAWS,RAWS_TT560,s3://cadcat/histwxstns/RAWS/RAWS_TT560.zarr/
RAWS,RAWS_TT561,s3://cadcat/histwxstns/RAWS/RAWS_TT561.zarr/
RAWS,RAWS_TT562,s3://cadcat/histwxstns/RAWS/RAWS_TT562.zarr/
RAWS,RAWS_TT563,s3://cadcat/histwxstns/RAWS/RAWS_TT563.zarr/
RAWS,RAWS_TT564,s3://cadcat/histwxstns/RAWS/RAWS_TT564.zarr/
RAWS,RAWS_TT565,s3://cadcat/histwxstns/RAWS/RAWS_TT565.zarr/
RAWS,RAWS_TT566,s3://cadcat/histwxstns/RAWS/RAWS_TT566.zarr/
RAWS,RAWS_TT567,s3://cadcat/histwxstns/RAWS/RAWS_TT567.zarr/
RAWS,RAWS_TT568,s3://cadcat/histwxstns/RAWS/RAWS_TT568.zarr/
RAWS,RAWS_TT574,s3://cadcat/histwxstns/RAWS/RAWS_TT574.zarr/
RAWS,RAWS_TT577,s3://cadcat/histwxstns/RAWS/RAWS_TT577.zarr/
RAWS,RAWS_TT578,s3://cadcat/histwxstns/RAWS/RAWS_TT578.zarr/
RAWS,RAWS_TT582,s3://cadcat/histwxstns/RAWS/RAWS_TT582.zarr/
RAWS,RAWS_TT588,s3://cadcat/histwxstns/RAWS/RAWS_TT588.zarr/
RAWS,RAWS_TT590,s3://cadcat/histwxstns/RAWS/RAWS_TT590.zarr/
RAWS,RAWS_TT591,s3://cadcat/histwxstns/RAWS/RAWS_TT591.zarr/
RAWS,RAWS_TT594,s3://cadcat/histwxstns/RAWS/RAWS_TT594.zarr/
RAWS,RAWS_TT603,s3://cadcat/histwxstns/RAWS/RAWS_TT603.zarr/
RAWS,RAWS_TT604,s3://cadcat/histwxstns/RAWS/RAWS_TT604.zarr/
RAWS,RAWS_TT607,s3://cadcat/histwxstns/RAWS/RAWS_TT607.zarr/
RAWS,RAWS_TT610,s3://cadcat/histwxstns/RAWS/RAWS_TT610.zarr/
RAWS,RAWS_TT612,s3://cadcat/histwxstns/RAWS/RAWS_TT612.zarr/
RAWS,RAWS_TT614,s3://cadcat/histwxstns/RAWS/RAWS_TT614.zarr/
RAWS,RAWS_TT621,s3://cadcat/histwxstns/RAWS/RAWS_TT621.zarr/
RAWS,RAWS_TT622,s3://cadcat/histwxstns/RAWS/RAWS_TT622.zarr/
RAWS,RAWS_TT623,s3://cadcat/histwxstns/RAWS/RAWS_TT623.zarr/
RAWS,RAWS_TT624,s3://cadcat/histwxstns/RAWS/RAWS_TT624.zarr/
RAWS,RAWS_TT625,s3://cadcat/histwxstns/RAWS/RAWS_TT625.zarr/
RAWS,RAWS_TT626,s3://cadcat/histwxstns/RAWS/RAWS_TT626.zarr/
RAWS,RAWS_TT627,s3://cadcat/histwxstns/RAWS/RAWS_TT627.zarr/
RAWS,RAWS_TT631,s3://cadcat/histwxstns/RAWS/RAWS_TT631.zarr/
RAWS,RAWS_TT632,s3://cadcat/histwxstns/RAWS/RAWS_TT632.zarr/
RAWS,RAWS_TT633,s3://cadcat/histwxstns/RAWS/RAWS_TT633.zarr/
RAWS,RAWS_TT634,s3://cadcat/histwxstns/RAWS/RAWS_TT634.zarr/
RAWS,RAWS_TT635,s3://cadcat/histwxstns/RAWS/RAWS_TT635.zarr/
RAWS,RAWS_TT636,s3://cadcat/histwxstns/RAWS/RAWS_TT636.zarr/
RAWS,RAWS_TT638,s3://cadcat/histwxstns/RAWS/RAWS_TT638.zarr/
RAWS,RAWS_TT639,s3://cadcat/histwxstns/RAWS/RAWS_TT639.zarr/
RAWS,RAWS_TT640,s3://cadcat/histwxstns/RAWS/RAWS_TT640.zarr/
RAWS,RAWS_TT641,s3://cadcat/histwxstns/RAWS/RAWS_TT641.zarr/
RAWS,RAWS_TT646,s3://cadcat/histwxstns/RAWS/RAWS_TT646.zarr/
RAWS,RAWS_TT662,s3://cadcat/histwxstns/RAWS/RAWS_TT662.zarr/
RAWS,RAWS_TT663,s3://cadcat/histwxstns/RAWS/RAWS_TT663.zarr/
RAWS,RAWS_TT677,s3://cadcat/histwxstns/RAWS/RAWS_TT677.zarr/
RAWS,RAWS_TT678,s3://cadcat/histwxstns/RAWS/RAWS_TT678.zarr/
RAWS,RAWS_TT679,s3://cadcat/histwxstns/RAWS/RAWS_TT679.zarr/
RAWS,RAWS_TT681,s3://cadcat/histwxstns/RAWS/RAWS_TT681.zarr/
RAWS,RAWS_TT682,s3://cadcat/histwxstns/RAWS/RAWS_TT682.zarr/
RAWS,RAWS_TT689,s3://cadcat/histwxstns/RAWS/RAWS_TT689.zarr/
RAWS,RAWS_TT691,s3://cadcat/histwxstns/RAWS/RAWS_TT691.zarr/
RAWS,RAWS_TT692,s3://cadcat/histwxstns/RAWS/RAWS_TT692.zarr/
RAWS,RAWS_TT695,s3://cadcat/histwxstns/RAWS/RAWS_TT695.zarr/
RAWS,RAWS_TT696,s3://cadcat/histwxstns/RAWS/RAWS_TT696.zarr/
RAWS,RAWS_TT698,s3://cadcat/histwxstns/RAWS/RAWS_TT698.zarr/
RAWS,RAWS_TT701,s3://cadcat/histwxstns/RAWS/RAWS_TT701.zarr/
RAWS,RAWS_TT705,s3://cadcat/histwxstns/RAWS/RAWS_TT705.zarr/
RAWS,RAWS_TT709,s3://cadcat/histwxstns/RAWS/RAWS_TT709.zarr/
RAWS,RAWS_TT710,s3://cadcat/histwxstns/RAWS/RAWS_TT710.zarr/
RAWS,RAWS_TT712,s3://cadcat/histwxstns/RAWS/RAWS_TT712.zarr/
RAWS,RAWS_TT713,s3://cadcat/histwxstns/RAWS/RAWS_TT713.zarr/
RAWS,RAWS_TTBA3,s3://cadcat/histwxstns/RAWS/RAWS_TTBA3.zarr/
RAWS,RAWS_TTEC1,s3://cadcat/histwxstns/RAWS/RAWS_TTEC1.zarr/
RAWS,RAWS_TUFO3,s3://cadcat/histwxstns/RAWS/RAWS_TUFO3.zarr/
RAWS,RAWS_TVWU1,s3://cadcat/histwxstns/RAWS/RAWS_TVWU1.zarr/
RAWS,RAWS_TWBI1,s3://cadcat/histwxstns/RAWS/RAWS_TWBI1.zarr/
RAWS,RAWS_TWMC1,s3://cadcat/histwxstns/RAWS/RAWS_TWMC1.zarr/
RAWS,RAWS_TWRN5,s3://cadcat/histwxstns/RAWS/RAWS_TWRN5.zarr/
RAWS,RAWS_TWRO3,s3://cadcat/histwxstns/RAWS/RAWS_TWRO3.zarr/
RAWS,RAWS_TWRW1,s3://cadcat/histwxstns/RAWS/RAWS_TWRW1.zarr/
RAWS,RAWS_UCCC1,s3://cadcat/histwxstns/RAWS/RAWS_UCCC1.zarr/
RAWS,RAWS_UCNC2,s3://cadcat/histwxstns/RAWS/RAWS_UCNC2.zarr/
RAWS,RAWS_UDWC1,s3://cadcat/histwxstns/RAWS/RAWS_UDWC1.zarr/
RAWS,RAWS_UHLC1,s3://cadcat/histwxstns/RAWS/RAWS_UHLC1.zarr/
RAWS,RAWS_UINU1,s3://cadcat/histwxstns/RAWS/RAWS_UINU1.zarr/
RAWS,RAWS_ULBC1,s3://cadcat/histwxstns/RAWS/RAWS_ULBC1.zarr/
RAWS,RAWS_UMTO3,s3://cadcat/histwxstns/RAWS/RAWS_UMTO3.zarr/
RAWS,RAWS_UNDC1,s3://cadcat/histwxstns/RAWS/RAWS_UNDC1.zarr/
RAWS,RAWS_UPRU1,s3://cadcat/histwxstns/RAWS/RAWS_UPRU1.zarr/
RAWS,RAWS_USWU1,s3://cadcat/histwxstns/RAWS/RAWS_USWU1.zarr/
RAWS,RAWS_VABC1,s3://cadcat/histwxstns/RAWS/RAWS_VABC1.zarr/
RAWS,RAWS_VAQC1,s3://cadcat/histwxstns/RAWS/RAWS_VAQC1.zarr/
RAWS,RAWS_VCAN2,s3://cadcat/histwxstns/RAWS/RAWS_VCAN2.zarr/
RAWS,RAWS_VCFO3,s3://cadcat/histwxstns/RAWS/RAWS_VCFO3.zarr/
RAWS,RAWS_VDBC1,s3://cadcat/histwxstns/RAWS/RAWS_VDBC1.zarr/
RAWS,RAWS_VENU1,s3://cadcat/histwxstns/RAWS/RAWS_VENU1.zarr/
RAWS,RAWS_VGRC1,s3://cadcat/histwxstns/RAWS/RAWS_VGRC1.zarr/
RAWS,RAWS_VIOC1,s3://cadcat/histwxstns/RAWS/RAWS_VIOC1.zarr/
RAWS,RAWS_VLCC1,s3://cadcat/histwxstns/RAWS/RAWS_VLCC1.zarr/
RAWS,RAWS_VLRW4,s3://cadcat/histwxstns/RAWS/RAWS_VLRW4.zarr/
RAWS,RAWS_VLYC1,s3://cadcat/histwxstns/RAWS/RAWS_VLYC1.zarr/
RAWS,RAWS_VPFW1,s3://cadcat/histwxstns/RAWS/RAWS_VPFW1.zarr/
RAWS,RAWS_WAGI1,s3://cadcat/histwxstns/RAWS/RAWS_WAGI1.zarr/
RAWS,RAWS_WALC1,s3://cadcat/histwxstns/RAWS/RAWS_WALC1.zarr/
RAWS,RAWS_WAPC1,s3://cadcat/histwxstns/RAWS/RAWS_WAPC1.zarr/
RAWS,RAWS_WCAS2,s3://cadcat/histwxstns/RAWS/RAWS_WCAS2.zarr/
RAWS,RAWS_WCNW1,s3://cadcat/histwxstns/RAWS/RAWS_WCNW1.zarr/
RAWS,RAWS_WCRM8,s3://cadcat/histwxstns/RAWS/RAWS_WCRM8.zarr/
RAWS,RAWS_WCYC1,s3://cadcat/histwxstns/RAWS/RAWS_WCYC1.zarr/
RAWS,RAWS_WDAC1,s3://cadcat/histwxstns/RAWS/RAWS_WDAC1.zarr/
RAWS,RAWS_WDRN5,s3://cadcat/histwxstns/RAWS/RAWS_WDRN5.zarr/
RAWS,RAWS_WEDC1,s3://cadcat/histwxstns/RAWS/RAWS_WEDC1.zarr/
RAWS,RAWS_WEEC1,s3://cadcat/histwxstns/RAWS/RAWS_WEEC1.zarr/
RAWS,RAWS_WEFC1,s3://cadcat/histwxstns/RAWS/RAWS_WEFC1.zarr/
RAWS,RAWS_WEFI1,s3://cadcat/histwxstns/RAWS/RAWS_WEFI1.zarr/
RAWS,RAWS_WEFW1,s3://cadcat/histwxstns/RAWS/RAWS_WEFW1.zarr/
RAWS,RAWS_WFHC1,s3://cadcat/histwxstns/RAWS/RAWS_WFHC1.zarr/
RAWS,RAWS_WGRM8,s3://cadcat/histwxstns/RAWS/RAWS_WGRM8.zarr/
RAWS,RAWS_WHBU1,s3://cadcat/histwxstns/RAWS/RAWS_WHBU1.zarr/
RAWS,RAWS_WHHM8,s3://cadcat/histwxstns/RAWS/RAWS_WHHM8.zarr/
RAWS,RAWS_WICC2,s3://cadcat/histwxstns/RAWS/RAWS_WICC2.zarr/
RAWS,RAWS_WIRC1,s3://cadcat/histwxstns/RAWS/RAWS_WIRC1.zarr/
RAWS,RAWS_WISC1,s3://cadcat/histwxstns/RAWS/RAWS_WISC1.zarr/
RAWS,RAWS_WITC1,s3://cadcat/histwxstns/RAWS/RAWS_WITC1.zarr/
RAWS,RAWS_WKFO3,s3://cadcat/histwxstns/RAWS/RAWS_WKFO3.zarr/
RAWS,RAWS_WKPC1,s3://cadcat/histwxstns/RAWS/RAWS_WKPC1.zarr/
RAWS,RAWS_WLCC2,s3://cadcat/histwxstns/RAWS/RAWS_WLCC2.zarr/
RAWS,RAWS_WLYC1,s3://cadcat/histwxstns/RAWS/RAWS_WLYC1.zarr/
RAWS,RAWS_WMFO3,s3://cadcat/histwxstns/RAWS/RAWS_WMFO3.zarr/
RAWS,RAWS_WMSC1,s3://cadcat/histwxstns/RAWS/RAWS_WMSC1.zarr/
RAWS,RAWS_WNMA3,s3://cadcat/histwxstns/RAWS/RAWS_WNMA3.zarr/
RAWS,RAWS_WNTU1,s3://cadcat/histwxstns/RAWS/RAWS_WNTU1.zarr/
RAWS,RAWS_WOCC1,s3://cadcat/histwxstns/RAWS/RAWS_WOCC1.zarr/
RAWS,RAWS_WPFW1,s3://cadcat/histwxstns/RAWS/RAWS_WPFW1.zarr/
RAWS,RAWS_WPKO3,s3://cadcat/histwxstns/RAWS/RAWS_WPKO3.zarr/
RAWS,RAWS_WPKS2,s3://cadcat/histwxstns/RAWS/RAWS_WPKS2.zarr/
RAWS,RAWS_WPRW1,s3://cadcat/histwxstns/RAWS/RAWS_WPRW1.zarr/
RAWS,RAWS_WPRW4,s3://cadcat/histwxstns/RAWS/RAWS_WPRW4.zarr/
RAWS,RAWS_WPSN5,s3://cadcat/histwxstns/RAWS/RAWS_WPSN5.zarr/
RAWS,RAWS_WRRU1,s3://cadcat/histwxstns/RAWS/RAWS_WRRU1.zarr/
RAWS,RAWS_WRSM8,s3://cadcat/histwxstns/RAWS/RAWS_WRSM8.zarr/
RAWS,RAWS_WRVW4,s3://cadcat/histwxstns/RAWS/RAWS_WRVW4.zarr/
RAWS,RAWS_WSBN2,s3://cadcat/histwxstns/RAWS/RAWS_WSBN2.zarr/
RAWS,RAWS_WSBO3,s3://cadcat/histwxstns/RAWS/RAWS_WSBO3.zarr/
RAWS,RAWS_WSFM8,s3://cadcat/histwxstns/RAWS/RAWS_WSFM8.zarr/
RAWS,RAWS_WSFO3,s3://cadcat/histwxstns/RAWS/RAWS_WSFO3.zarr/
RAWS,RAWS_WSRM8,s3://cadcat/histwxstns/RAWS/RAWS_WSRM8.zarr/
RAWS,RAWS_WSRO3,s3://cadcat/histwxstns/RAWS/RAWS_WSRO3.zarr/
RAWS,RAWS_WTFO3,s3://cadcat/histwxstns/RAWS/RAWS_WTFO3.zarr/
RAWS,RAWS_WTHC1,s3://cadcat/histwxstns/RAWS/RAWS_WTHC1.zarr/
RAWS,RAWS_WTPC1,s3://cadcat/histwxstns/RAWS/RAWS_WTPC1.zarr/
RAWS,RAWS_WVTC1,s3://cadcat/histwxstns/RAWS/RAWS_WVTC1.zarr/
RAWS,RAWS_WWAC1,s3://cadcat/histwxstns/RAWS/RAWS_WWAC1.zarr/
RAWS,RAWS_WWCO3,s3://cadcat/histwxstns/RAWS/RAWS_WWCO3.zarr/
RAWS,RAWS_WWDC1,s3://cadcat/histwxstns/RAWS/RAWS_WWDC1.zarr/
RAWS,RAWS_WWMM8,s3://cadcat/histwxstns/RAWS/RAWS_WWMM8.zarr/
RAWS,RAWS_WWNC1,s3://cadcat/histwxstns/RAWS/RAWS_WWNC1.zarr/
RAWS,RAWS_WWRC1,s3://cadcat/histwxstns/RAWS/RAWS_WWRC1.zarr/
RAWS,RAWS_WYNI1,s3://cadcat/histwxstns/RAWS/RAWS_WYNI1.zarr/
RAWS,RAWS_XBKC1,s3://cadcat/histwxstns/RAWS/RAWS_XBKC1.zarr/
RAWS,RAWS_XCDC1,s3://cadcat/histwxstns/RAWS/RAWS_XCDC1.zarr/
RAWS,RAWS_XLLC1,s3://cadcat/histwxstns/RAWS/RAWS_XLLC1.zarr/
RAWS,RAWS_XMLC1,s3://cadcat/histwxstns/RAWS/RAWS_XMLC1.zarr/
RAWS,RAWS_YCGN2,s3://cadcat/histwxstns/RAWS/RAWS_YCGN2.zarr/
RAWS,RAWS_YEFO3,s3://cadcat/histwxstns/RAWS/RAWS_YEFO3.zarr/
RAWS,RAWS_YFFI1,s3://cadcat/histwxstns/RAWS/RAWS_YFFI1.zarr/
RAWS,RAWS_YKAM8,s3://cadcat/histwxstns/RAWS/RAWS_YKAM8.zarr/
RAWS,RAWS_YLPO3,s3://cadcat/histwxstns/RAWS/RAWS_YLPO3.zarr/
RAWS,RAWS_YLSU1,s3://cadcat/histwxstns/RAWS/RAWS_YLSU1.zarr/
RAWS,RAWS_YLWM8,s3://cadcat/histwxstns/RAWS/RAWS_YLWM8.zarr/
RAWS,RAWS_YNFO3,s3://cadcat/histwxstns/RAWS/RAWS_YNFO3.zarr/
RAWS,RAWS_YNKM8,s3://cadcat/histwxstns/RAWS/RAWS_YNKM8.zarr/
RAWS,RAWS_YNWC1,s3://cadcat/histwxstns/RAWS/RAWS_YNWC1.zarr/
RAWS,RAWS_YOBC1,s3://cadcat/histwxstns/RAWS/RAWS_YOBC1.zarr/
RAWS,RAWS_YTCW1,s3://cadcat/histwxstns/RAWS/RAWS_YTCW1.zarr/
RAWS,RAWS_ZIOU1,s3://cadcat/histwxstns/RAWS/RAWS_ZIOU1.zarr/
RAWS,RAWS_ZNRN5,s3://cadcat/histwxstns/RAWS/RAWS_ZNRN5.zarr/
RAWS,RAWS_ZONM8,s3://cadcat/histwxstns/RAWS/RAWS_ZONM8.zarr/
SCAN,SCAN_2015,s3://cadcat/histwxstns/SCAN/SCAN_2015.zarr/
SCAN,SCAN_2017,s3://cadcat/histwxstns/SCAN/SCAN_2017.zarr/
SCAN,SCAN_2018,s3://cadcat/histwxstns/SCAN/SCAN_2018.zarr/
SCAN,SCAN_2019,s3://cadcat/histwxstns/SCAN/SCAN_2019.zarr/
SCAN,SCAN_2021,s3://cadcat/histwxstns/SCAN/SCAN_2021.zarr/
SCAN,SCAN_2026,s3://cadcat/histwxstns/SCAN/SCAN_2026.zarr/
SCAN,SCAN_2074,s3://cadcat/histwxstns/SCAN/SCAN_2074.zarr/
SCAN,SCAN_2107,s3://cadcat/histwxstns/SCAN/SCAN_2107.zarr/
SCAN,SCAN_2108,s3://cadcat/histwxstns/SCAN/SCAN_2108.zarr/
SCAN,SCAN_2116,s3://cadcat/histwxstns/SCAN/SCAN_2116.zarr/
SCAN,SCAN_2117,s3://cadcat/histwxstns/SCAN/SCAN_2117.zarr/
SCAN,SCAN_2118,s3://cadcat/histwxstns/SCAN/SCAN_2118.zarr/
SCAN,SCAN_2119,s3://cadcat/histwxstns/SCAN/SCAN_2119.zarr/
SCAN,SCAN_2120,s3://cadcat/histwxstns/SCAN/SCAN_2120.zarr/
SCAN,SCAN_2121,s3://cadcat/histwxstns/SCAN/SCAN_2121.zarr/
SCAN,SCAN_2125,s3://cadcat/histwxstns/SCAN/SCAN_2125.zarr/
SCAN,SCAN_2126,s3://cadcat/histwxstns/SCAN/SCAN_2126.zarr/
SCAN,SCAN_2127,s3://cadcat/histwxstns/SCAN/SCAN_2127.zarr/
SCAN,SCAN_2128,s3://cadcat/histwxstns/SCAN/SCAN_2128.zarr/
SCAN,SCAN_2129,s3://cadcat/histwxstns/SCAN/SCAN_2129.zarr/
SCAN,SCAN_2130,s3://cadcat/histwxstns/SCAN/SCAN_2130.zarr/
SCAN,SCAN_2131,s3://cadcat/histwxstns/SCAN/SCAN_2131.zarr/
SCAN,SCAN_2132,s3://cadcat/histwxstns/SCAN/SCAN_2132.zarr/
SCAN,SCAN_2133,s3://cadcat/histwxstns/SCAN/SCAN_2133.zarr/
SCAN,SCAN_2134,s3://cadcat/histwxstns/SCAN/SCAN_2134.zarr/
SCAN,SCAN_2135,s3://cadcat/histwxstns/SCAN/SCAN_2135.zarr/
SCAN,SCAN_2136,s3://cadcat/histwxstns/SCAN/SCAN_2136.zarr/
SCAN,SCAN_2137,s3://cadcat/histwxstns/SCAN/SCAN_2137.zarr/
SCAN,SCAN_2138,s3://cadcat/histwxstns/SCAN/SCAN_2138.zarr/
SCAN,SCAN_2139,s3://cadcat/histwxstns/SCAN/SCAN_2139.zarr/
SCAN,SCAN_2140,s3://cadcat/histwxstns/SCAN/SCAN_2140.zarr/
SCAN,SCAN_2141,s3://cadcat/histwxstns/SCAN/SCAN_2141.zarr/
SCAN,SCAN_2142,s3://cadcat/histwxstns/SCAN/SCAN_2142.zarr/
SCAN,SCAN_2143,s3://cadcat/histwxstns/SCAN/SCAN_2143.zarr/
SCAN,SCAN_2144,s3://cadcat/histwxstns/SCAN/SCAN_2144.zarr/
SCAN,SCAN_2145,s3://cadcat/histwxstns/SCAN/SCAN_2145.zarr/
SCAN,SCAN_2146,s3://cadcat/histwxstns/SCAN/SCAN_2146.zarr/
SCAN,SCAN_2148,s3://cadcat/histwxstns/SCAN/SCAN_2148.zarr/
SCAN,SCAN_2149,s3://cadcat/histwxstns/SCAN/SCAN_2149.zarr/
SCAN,SCAN_2150,s3://cadcat/histwxstns/SCAN/SCAN_2150.zarr/
SCAN,SCAN_2151,s3://cadcat/histwxstns/SCAN/SCAN_2151.zarr/
SCAN,SCAN_2152,s3://cadcat/histwxstns/SCAN/SCAN_2152.zarr/
SCAN,SCAN_2153,s3://cadcat/histwxstns/SCAN/SCAN_2153.zarr/
SCAN,SCAN_2154,s3://cadcat/histwxstns/SCAN/SCAN_2154.zarr/
SCAN,SCAN_2155,s3://cadcat/histwxstns/SCAN/SCAN_2155.zarr/
SCAN,SCAN_2156,s3://cadcat/histwxstns/SCAN/SCAN_2156.zarr/
SCAN,SCAN_2157,s3://cadcat/histwxstns/SCAN/SCAN_2157.zarr/
SCAN,SCAN_2158,s3://cadcat/histwxstns/SCAN/SCAN_2158.zarr/
SCAN,SCAN_2159,s3://cadcat/histwxstns/SCAN/SCAN_2159.zarr/
SCAN,SCAN_2160,s3://cadcat/histwxstns/SCAN/SCAN_2160.zarr/
SCAN,SCAN_2161,s3://cadcat/histwxstns/SCAN/SCAN_2161.zarr/
SCAN,SCAN_2162,s3://cadcat/histwxstns/SCAN/SCAN_2162.zarr/
SCAN,SCAN_2163,s3://cadcat/histwxstns/SCAN/SCAN_2163.zarr/
SCAN,SCAN_2164,s3://cadcat/histwxstns/SCAN/SCAN_2164.zarr/
SCAN,SCAN_2165,s3://cadcat/histwxstns/SCAN/SCAN_2165.zarr/
SCAN,SCAN_2166,s3://cadcat/histwxstns/SCAN/SCAN_2166.zarr/
SCAN,SCAN_2167,s3://cadcat/histwxstns/SCAN/SCAN_2167.zarr/
SCAN,SCAN_2168,s3://cadcat/histwxstns/SCAN/SCAN_2168.zarr/
SCAN,SCAN_2169,s3://cadcat/histwxstns/SCAN/SCAN_2169.zarr/
SCAN,SCAN_2171,s3://cadcat/histwxstns/SCAN/SCAN_2171.zarr/
SCAN,SCAN_2172,s3://cadcat/histwxstns/SCAN/SCAN_2172.zarr/
SCAN,SCAN_2183,s3://cadcat/histwxstns/SCAN/SCAN_2183.zarr/
SCAN,SCAN_2184,s3://cadcat/histwxstns/SCAN/SCAN_2184.zarr/
SCAN,SCAN_2185,s3://cadcat/histwxstns/SCAN/SCAN_2185.zarr/
SCAN,SCAN_2186,s3://cadcat/histwxstns/SCAN/SCAN_2186.zarr/
SCAN,SCAN_2187,s3://cadcat/histwxstns/SCAN/SCAN_2187.zarr/
SCAN,SCAN_2189,s3://cadcat/histwxstns/SCAN/SCAN_2189.zarr/
SCAN,SCAN_2190,s3://cadcat/histwxstns/SCAN/SCAN_2190.zarr/
SCAN,SCAN_2191,s3://cadcat/histwxstns/SCAN/SCAN_2191.zarr/
SCAN,SCAN_2192,s3://cadcat/histwxstns/SCAN/SCAN_2192.zarr/
SCAN,SCAN_2197,s3://cadcat/histwxstns/SCAN/SCAN_2197.zarr/
SCAN,SCAN_2198,s3://cadcat/histwxstns/SCAN/SCAN_2198.zarr/
SCAN,SCAN_2214,s3://cadcat/histwxstns/SCAN/SCAN_2214.zarr/
SCAN,SCAN_2215,s3://cadcat/histwxstns/SCAN/SCAN_2215.zarr/
SCAN,SCAN_2216,s3://cadcat/histwxstns/SCAN/SCAN_2216.zarr/
SCAN,SCAN_2217,s3://cadcat/histwxstns/SCAN/SCAN_2217.zarr/
SCAN,SCAN_2218,s3://cadcat/histwxstns/SCAN/SCAN_2218.zarr/
SCAN,SCAN_2219,s3://cadcat/histwxstns/SCAN/SCAN_2219.zarr/
SCAN,SCAN_2229,s3://cadcat/histwxstns/SCAN/SCAN_2229.zarr/
SCAN,SCAN_2233,s3://cadcat/histwxstns/SCAN/SCAN_2233.zarr/
SCAN,SCAN_3051,s3://cadcat/histwxstns/SCAN/SCAN_3051.zarr/
SCAN,SCAN_3068,s3://cadcat/histwxstns/SCAN/SCAN_3068.zarr/
SCAN,SCAN_3069,s3://cadcat/histwxstns/SCAN/SCAN_3069.zarr/
SCAN,SCAN_581,s3://cadcat/histwxstns/SCAN/SCAN_581.zarr/
SCAN,SCAN_674,s3://cadcat/histwxstns/SCAN/SCAN_674.zarr/
SCAN,SCAN_808,s3://cadcat/histwxstns/SCAN/SCAN_808.zarr/
SGXWFO,SGXWFO_AP541,s3://cadcat/histwxstns/SGXWFO/SGXWFO_AP541.zarr/
SGXWFO,SGXWFO_AR684,s3://cadcat/histwxstns/SGXWFO/SGXWFO_AR684.zarr/
SGXWFO,SGXWFO_AT643,s3://cadcat/histwxstns/SGXWFO/SGXWFO_AT643.zarr/
SGXWFO,SGXWFO_AT654,s3://cadcat/histwxstns/SGXWFO/SGXWFO_AT654.zarr/
SGXWFO,SGXWFO_AU702,s3://cadcat/histwxstns/SGXWFO/SGXWFO_AU702.zarr/
SGXWFO,SGXWFO_AU707,s3://cadcat/histwxstns/SGXWFO/SGXWFO_AU707.zarr/
SGXWFO,SGXWFO_AU709,s3://cadcat/histwxstns/SGXWFO/SGXWFO_AU709.zarr/
SGXWFO,SGXWFO_C2285,s3://cadcat/histwxstns/SGXWFO/SGXWFO_C2285.zarr/
SGXWFO,SGXWFO_C2462,s3://cadcat/histwxstns/SGXWFO/SGXWFO_C2462.zarr/
SGXWFO,SGXWFO_C4878,s3://cadcat/histwxstns/SGXWFO/SGXWFO_C4878.zarr/
SGXWFO,SGXWFO_C5283,s3://cadcat/histwxstns/SGXWFO/SGXWFO_C5283.zarr/
SGXWFO,SGXWFO_C7445,s3://cadcat/histwxstns/SGXWFO/SGXWFO_C7445.zarr/
SGXWFO,SGXWFO_D1871,s3://cadcat/histwxstns/SGXWFO/SGXWFO_D1871.zarr/
SGXWFO,SGXWFO_D2585,s3://cadcat/histwxstns/SGXWFO/SGXWFO_D2585.zarr/
SGXWFO,SGXWFO_D3101,s3://cadcat/histwxstns/SGXWFO/SGXWFO_D3101.zarr/
SGXWFO,SGXWFO_D3973,s3://cadcat/histwxstns/SGXWFO/SGXWFO_D3973.zarr/
SGXWFO,SGXWFO_D5256,s3://cadcat/histwxstns/SGXWFO/SGXWFO_D5256.zarr/
SGXWFO,SGXWFO_D6637,s3://cadcat/histwxstns/SGXWFO/SGXWFO_D6637.zarr/
SGXWFO,SGXWFO_D9108,s3://cadcat/histwxstns/SGXWFO/SGXWFO_D9108.zarr/
SGXWFO,SGXWFO_E0436,s3://cadcat/histwxstns/SGXWFO/SGXWFO_E0436.zarr/
SGXWFO,SGXWFO_E0585,s3://cadcat/histwxstns/SGXWFO/SGXWFO_E0585.zarr/
SGXWFO,SGXWFO_E0772,s3://cadcat/histwxstns/SGXWFO/SGXWFO_E0772.zarr/
SGXWFO,SGXWFO_E1631,s3://cadcat/histwxstns/SGXWFO/SGXWFO_E1631.zarr/
SGXWFO,SGXWFO_E2652,s3://cadcat/histwxstns/SGXWFO/SGXWFO_E2652.zarr/
SGXWFO,SGXWFO_E3043,s3://cadcat/histwxstns/SGXWFO/SGXWFO_E3043.zarr/
SGXWFO,SGXWFO_E3055,s3://cadcat/histwxstns/SGXWFO/SGXWFO_E3055.zarr/
SGXWFO,SGXWFO_E3060,s3://cadcat/histwxstns/SGXWFO/SGXWFO_E3060.zarr/
SGXWFO,SGXWFO_E3063,s3://cadcat/histwxstns/SGXWFO/SGXWFO_E3063.zarr/
SGXWFO,SGXWFO_E3070,s3://cadcat/histwxstns/SGXWFO/SGXWFO_E3070.zarr/
SGXWFO,SGXWFO_E3081,s3://cadcat/histwxstns/SGXWFO/SGXWFO_E3081.zarr/
SGXWFO,SGXWFO_E3127,s3://cadcat/histwxstns/SGXWFO/SGXWFO_E3127.zarr/
SGXWFO,SGXWFO_E3128,s3://cadcat/histwxstns/SGXWFO/SGXWFO_E3128.zarr/
SGXWFO,SGXWFO_E3129,s3://cadcat/histwxstns/SGXWFO/SGXWFO_E3129.zarr/
SGXWFO,SGXWFO_E3130,s3://cadcat/histwxstns/SGXWFO/SGXWFO_E3130.zarr/
SGXWFO,SGXWFO_E3131,s3://cadcat/histwxstns/SGXWFO/SGXWFO_E3131.zarr/
SGXWFO,SGXWFO_E3141,s3://cadcat/histwxstns/SGXWFO/SGXWFO_E3141.zarr/
SGXWFO,SGXWFO_E3170,s3://cadcat/histwxstns/SGXWFO/SGXWFO_E3170.zarr/
SGXWFO,SGXWFO_E3172,s3://cadcat/histwxstns/SGXWFO/SGXWFO_E3172.zarr/
SGXWFO,SGXWFO_E3174,s3://cadcat/histwxstns/SGXWFO/SGXWFO_E3174.zarr/
SGXWFO,SGXWFO_E3181,s3://cadcat/histwxstns/SGXWFO/SGXWFO_E3181.zarr/
SGXWFO,SGXWFO_E3204,s3://cadcat/histwxstns/SGXWFO/SGXWFO_E3204.zarr/
SGXWFO,SGXWFO_E3218,s3://cadcat/histwxstns/SGXWFO/SGXWFO_E3218.zarr/
SGXWFO,SGXWFO_E3219,s3://cadcat/histwxstns/SGXWFO/SGXWFO_E3219.zarr/
SGXWFO,SGXWFO_E3225,s3://cadcat/histwxstns/SGXWFO/SGXWFO_E3225.zarr/
SGXWFO,SGXWFO_E3231,s3://cadcat/histwxstns/SGXWFO/SGXWFO_E3231.zarr/
SGXWFO,SGXWFO_E3236,s3://cadcat/histwxstns/SGXWFO/SGXWFO_E3236.zarr/
SGXWFO,SGXWFO_E3241,s3://cadcat/histwxstns/SGXWFO/SGXWFO_E3241.zarr/
SGXWFO,SGXWFO_E3263,s3://cadcat/histwxstns/SGXWFO/SGXWFO_E3263.zarr/
SGXWFO,SGXWFO_E3298,s3://cadcat/histwxstns/SGXWFO/SGXWFO_E3298.zarr/
SGXWFO,SGXWFO_E3309,s3://cadcat/histwxstns/SGXWFO/SGXWFO_E3309.zarr/
SGXWFO,SGXWFO_E3333,s3://cadcat/histwxstns/SGXWFO/SGXWFO_E3333.zarr/
SGXWFO,SGXWFO_E3500,s3://cadcat/histwxstns/SGXWFO/SGXWFO_E3500.zarr/
SGXWFO,SGXWFO_E3619,s3://cadcat/histwxstns/SGXWFO/SGXWFO_E3619.zarr/
SGXWFO,SGXWFO_E3680,s3://cadcat/histwxstns/SGXWFO/SGXWFO_E3680.zarr/
SGXWFO,SGXWFO_E4050,s3://cadcat/histwxstns/SGXWFO/SGXWFO_E4050.zarr/
SGXWFO,SGXWFO_E4858,s3://cadcat/histwxstns/SGXWFO/SGXWFO_E4858.zarr/
SGXWFO,SGXWFO_E5008,s3://cadcat/histwxstns/SGXWFO/SGXWFO_E5008.zarr/
SGXWFO,SGXWFO_E7809,s3://cadcat/histwxstns/SGXWFO/SGXWFO_E7809.zarr/
SGXWFO,SGXWFO_E9437,s3://cadcat/histwxstns/SGXWFO/SGXWFO_E9437.zarr/
SGXWFO,SGXWFO_E9869,s3://cadcat/histwxstns/SGXWFO/SGXWFO_E9869.zarr/
SGXWFO,SGXWFO_E9870,s3://cadcat/histwxstns/SGXWFO/SGXWFO_E9870.zarr/
SGXWFO,SGXWFO_E9873,s3://cadcat/histwxstns/SGXWFO/SGXWFO_E9873.zarr/
SGXWFO,SGXWFO_E9874,s3://cadcat/histwxstns/SGXWFO/SGXWFO_E9874.zarr/
SGXWFO,SGXWFO_E9887,s3://cadcat/histwxstns/SGXWFO/SGXWFO_E9887.zarr/
SGXWFO,SGXWFO_E9888,s3://cadcat/histwxstns/SGXWFO/SGXWFO_E9888.zarr/
SGXWFO,SGXWFO_E9911,s3://cadcat/histwxstns/SGXWFO/SGXWFO_E9911.zarr/
SGXWFO,SGXWFO_E9915,s3://cadcat/histwxstns/SGXWFO/SGXWFO_E9915.zarr/
SGXWFO,SGXWFO_E9929,s3://cadcat/histwxstns/SGXWFO/SGXWFO_E9929.zarr/
SGXWFO,SGXWFO_E9930,s3://cadcat/histwxstns/SGXWFO/SGXWFO_E9930.zarr/
SGXWFO,SGXWFO_E9931,s3://cadcat/histwxstns/SGXWFO/SGXWFO_E9931.zarr/
SGXWFO,SGXWFO_E9933,s3://cadcat/histwxstns/SGXWFO/SGXWFO_E9933.zarr/
SGXWFO,SGXWFO_E9934,s3://cadcat/histwxstns/SGXWFO/SGXWFO_E9934.zarr/
SGXWFO,SGXWFO_E9946,s3://cadcat/histwxstns/SGXWFO/SGXWFO_E9946.zarr/
SGXWFO,SGXWFO_E9951,s3://cadcat/histwxstns/SGXWFO/SGXWFO_E9951.zarr/
SGXWFO,SGXWFO_E9957,s3://cadcat/histwxstns/SGXWFO/SGXWFO_E9957.zarr/
SGXWFO,SGXWFO_E9961,s3://cadcat/histwxstns/SGXWFO/SGXWFO_E9961.zarr/
SGXWFO,SGXWFO_E9965,s3://cadcat/histwxstns/SGXWFO/SGXWFO_E9965.zarr/
SGXWFO,SGXWFO_E9975,s3://cadcat/histwxstns/SGXWFO/SGXWFO_E9975.zarr/
SGXWFO,SGXWFO_E9978,s3://cadcat/histwxstns/SGXWFO/SGXWFO_E9978.zarr/
SGXWFO,SGXWFO_E9979,s3://cadcat/histwxstns/SGXWFO/SGXWFO_E9979.zarr/
SGXWFO,SGXWFO_E9981,s3://cadcat/histwxstns/SGXWFO/SGXWFO_E9981.zarr/
SGXWFO,SGXWFO_E9983,s3://cadcat/histwxstns/SGXWFO/SGXWFO_E9983.zarr/
SGXWFO,SGXWFO_E9985,s3://cadcat/histwxstns/SGXWFO/SGXWFO_E9985.zarr/
SGXWFO,SGXWFO_F0019,s3://cadcat/histwxstns/SGXWFO/SGXWFO_F0019.zarr/
SGXWFO,SGXWFO_F0025,s3://cadcat/histwxstns/SGXWFO/SGXWFO_F0025.zarr/
SGXWFO,SGXWFO_F0058,s3://cadcat/histwxstns/SGXWFO/SGXWFO_F0058.zarr/
SGXWFO,SGXWFO_F0063,s3://cadcat/histwxstns/SGXWFO/SGXWFO_F0063.zarr/
SGXWFO,SGXWFO_F0107,s3://cadcat/histwxstns/SGXWFO/SGXWFO_F0107.zarr/
SGXWFO,SGXWFO_F0116,s3://cadcat/histwxstns/SGXWFO/SGXWFO_F0116.zarr/
SGXWFO,SGXWFO_F0119,s3://cadcat/histwxstns/SGXWFO/SGXWFO_F0119.zarr/
SGXWFO,SGXWFO_F0132,s3://cadcat/histwxstns/SGXWFO/SGXWFO_F0132.zarr/
SGXWFO,SGXWFO_F0381,s3://cadcat/histwxstns/SGXWFO/SGXWFO_F0381.zarr/
SGXWFO,SGXWFO_F0424,s3://cadcat/histwxstns/SGXWFO/SGXWFO_F0424.zarr/
SGXWFO,SGXWFO_F0490,s3://cadcat/histwxstns/SGXWFO/SGXWFO_F0490.zarr/
SGXWFO,SGXWFO_F0494,s3://cadcat/histwxstns/SGXWFO/SGXWFO_F0494.zarr/
SGXWFO,SGXWFO_F0495,s3://cadcat/histwxstns/SGXWFO/SGXWFO_F0495.zarr/
SGXWFO,SGXWFO_F0527,s3://cadcat/histwxstns/SGXWFO/SGXWFO_F0527.zarr/
SGXWFO,SGXWFO_F0551,s3://cadcat/histwxstns/SGXWFO/SGXWFO_F0551.zarr/
SGXWFO,SGXWFO_F1200,s3://cadcat/histwxstns/SGXWFO/SGXWFO_F1200.zarr/
SGXWFO,SGXWFO_F1327,s3://cadcat/histwxstns/SGXWFO/SGXWFO_F1327.zarr/
SGXWFO,SGXWFO_F1694,s3://cadcat/histwxstns/SGXWFO/SGXWFO_F1694.zarr/
SGXWFO,SGXWFO_F1895,s3://cadcat/histwxstns/SGXWFO/SGXWFO_F1895.zarr/
SGXWFO,SGXWFO_F1955,s3://cadcat/histwxstns/SGXWFO/SGXWFO_F1955.zarr/
SGXWFO,SGXWFO_F2732,s3://cadcat/histwxstns/SGXWFO/SGXWFO_F2732.zarr/
SGXWFO,SGXWFO_F3178,s3://cadcat/histwxstns/SGXWFO/SGXWFO_F3178.zarr/
SGXWFO,SGXWFO_F3842,s3://cadcat/histwxstns/SGXWFO/SGXWFO_F3842.zarr/
SGXWFO,SGXWFO_F4271,s3://cadcat/histwxstns/SGXWFO/SGXWFO_F4271.zarr/
SGXWFO,SGXWFO_F4319,s3://cadcat/histwxstns/SGXWFO/SGXWFO_F4319.zarr/
SGXWFO,SGXWFO_F6122,s3://cadcat/histwxstns/SGXWFO/SGXWFO_F6122.zarr/
SGXWFO,SGXWFO_F6215,s3://cadcat/histwxstns/SGXWFO/SGXWFO_F6215.zarr/
SGXWFO,SGXWFO_F6395,s3://cadcat/histwxstns/SGXWFO/SGXWFO_F6395.zarr/
SGXWFO,SGXWFO_F6688,s3://cadcat/histwxstns/SGXWFO/SGXWFO_F6688.zarr/
SGXWFO,SGXWFO_F6882,s3://cadcat/histwxstns/SGXWFO/SGXWFO_F6882.zarr/
SGXWFO,SGXWFO_F6883,s3://cadcat/histwxstns/SGXWFO/SGXWFO_F6883.zarr/
SGXWFO,SGXWFO_F6884,s3://cadcat/histwxstns/SGXWFO/SGXWFO_F6884.zarr/
SGXWFO,SGXWFO_F8322,s3://cadcat/histwxstns/SGXWFO/SGXWFO_F8322.zarr/
SGXWFO,SGXWFO_F8631,s3://cadcat/histwxstns/SGXWFO/SGXWFO_F8631.zarr/
SGXWFO,SGXWFO_F9926,s3://cadcat/histwxstns/SGXWFO/SGXWFO_F9926.zarr/
SGXWFO,SGXWFO_G0544,s3://cadcat/histwxstns/SGXWFO/SGXWFO_G0544.zarr/
SGXWFO,SGXWFO_G1387,s3://cadcat/histwxstns/SGXWFO/SGXWFO_G1387.zarr/
SGXWFO,SGXWFO_HESC1,s3://cadcat/histwxstns/SGXWFO/SGXWFO_HESC1.zarr/
SGXWFO,SGXWFO_SDAGU,s3://cadcat/histwxstns/SGXWFO/SGXWFO_SDAGU.zarr/
SGXWFO,SGXWFO_SDALP,s3://cadcat/histwxstns/SGXWFO/SGXWFO_SDALP.zarr/
SGXWFO,SGXWFO_SDANW,s3://cadcat/histwxstns/SGXWFO/SGXWFO_SDANW.zarr/
SGXWFO,SGXWFO_SDAOK,s3://cadcat/histwxstns/SGXWFO/SGXWFO_SDAOK.zarr/
SGXWFO,SGXWFO_SDAPL,s3://cadcat/histwxstns/SGXWFO/SGXWFO_SDAPL.zarr/
SGXWFO,SGXWFO_SDAPN,s3://cadcat/histwxstns/SGXWFO/SGXWFO_SDAPN.zarr/
SGXWFO,SGXWFO_SDARN,s3://cadcat/histwxstns/SGXWFO/SGXWFO_SDARN.zarr/
SGXWFO,SGXWFO_SDARW,s3://cadcat/histwxstns/SGXWFO/SGXWFO_SDARW.zarr/
SGXWFO,SGXWFO_SDAZE,s3://cadcat/histwxstns/SGXWFO/SGXWFO_SDAZE.zarr/
SGXWFO,SGXWFO_SDBBC,s3://cadcat/histwxstns/SGXWFO/SGXWFO_SDBBC.zarr/
SGXWFO,SGXWFO_SDBBL,s3://cadcat/histwxstns/SGXWFO/SGXWFO_SDBBL.zarr/
SGXWFO,SGXWFO_SDBDF,s3://cadcat/histwxstns/SGXWFO/SGXWFO_SDBDF.zarr/
SGXWFO,SGXWFO_SDBDN,s3://cadcat/histwxstns/SGXWFO/SGXWFO_SDBDN.zarr/
SGXWFO,SGXWFO_SDBLC,s3://cadcat/histwxstns/SGXWFO/SGXWFO_SDBLC.zarr/
SGXWFO,SGXWFO_SDBLR,s3://cadcat/histwxstns/SGXWFO/SGXWFO_SDBLR.zarr/
SGXWFO,SGXWFO_SDBSG,s3://cadcat/histwxstns/SGXWFO/SGXWFO_SDBSG.zarr/
SGXWFO,SGXWFO_SDCBK,s3://cadcat/histwxstns/SGXWFO/SGXWFO_SDCBK.zarr/
SGXWFO,SGXWFO_SDCDM,s3://cadcat/histwxstns/SGXWFO/SGXWFO_SDCDM.zarr/
SGXWFO,SGXWFO_SDCHC,s3://cadcat/histwxstns/SGXWFO/SGXWFO_SDCHC.zarr/
SGXWFO,SGXWFO_SDCHT,s3://cadcat/histwxstns/SGXWFO/SGXWFO_SDCHT.zarr/
SGXWFO,SGXWFO_SDCHU,s3://cadcat/histwxstns/SGXWFO/SGXWFO_SDCHU.zarr/
SGXWFO,SGXWFO_SDCMX,s3://cadcat/histwxstns/SGXWFO/SGXWFO_SDCMX.zarr/
SGXWFO,SGXWFO_SDCOA,s3://cadcat/histwxstns/SGXWFO/SGXWFO_SDCOA.zarr/
SGXWFO,SGXWFO_SDCOT,s3://cadcat/histwxstns/SGXWFO/SGXWFO_SDCOT.zarr/
SGXWFO,SGXWFO_SDCRR,s3://cadcat/histwxstns/SGXWFO/SGXWFO_SDCRR.zarr/
SGXWFO,SGXWFO_SDCRT,s3://cadcat/histwxstns/SGXWFO/SGXWFO_SDCRT.zarr/
SGXWFO,SGXWFO_SDCSB,s3://cadcat/histwxstns/SGXWFO/SGXWFO_SDCSB.zarr/
SGXWFO,SGXWFO_SDCSF,s3://cadcat/histwxstns/SGXWFO/SGXWFO_SDCSF.zarr/
SGXWFO,SGXWFO_SDCVE,s3://cadcat/histwxstns/SGXWFO/SGXWFO_SDCVE.zarr/
SGXWFO,SGXWFO_SDCYC,s3://cadcat/histwxstns/SGXWFO/SGXWFO_SDCYC.zarr/
SGXWFO,SGXWFO_SDDEZ,s3://cadcat/histwxstns/SGXWFO/SGXWFO_SDDEZ.zarr/
SGXWFO,SGXWFO_SDDHS,s3://cadcat/histwxstns/SGXWFO/SGXWFO_SDDHS.zarr/
SGXWFO,SGXWFO_SDDMB,s3://cadcat/histwxstns/SGXWFO/SGXWFO_SDDMB.zarr/
SGXWFO,SGXWFO_SDDPC,s3://cadcat/histwxstns/SGXWFO/SGXWFO_SDDPC.zarr/
SGXWFO,SGXWFO_SDDPT,s3://cadcat/histwxstns/SGXWFO/SGXWFO_SDDPT.zarr/
SGXWFO,SGXWFO_SDDUZ,s3://cadcat/histwxstns/SGXWFO/SGXWFO_SDDUZ.zarr/
SGXWFO,SGXWFO_SDEDO,s3://cadcat/histwxstns/SGXWFO/SGXWFO_SDEDO.zarr/
SGXWFO,SGXWFO_SDEFF,s3://cadcat/histwxstns/SGXWFO/SGXWFO_SDEFF.zarr/
SGXWFO,SGXWFO_SDEHM,s3://cadcat/histwxstns/SGXWFO/SGXWFO_SDEHM.zarr/
SGXWFO,SGXWFO_SDELJ,s3://cadcat/histwxstns/SGXWFO/SGXWFO_SDELJ.zarr/
SGXWFO,SGXWFO_SDEOR,s3://cadcat/histwxstns/SGXWFO/SGXWFO_SDEOR.zarr/
SGXWFO,SGXWFO_SDESC,s3://cadcat/histwxstns/SGXWFO/SGXWFO_SDESC.zarr/
SGXWFO,SGXWFO_SDESN,s3://cadcat/histwxstns/SGXWFO/SGXWFO_SDESN.zarr/
SGXWFO,SGXWFO_SDETS,s3://cadcat/histwxstns/SGXWFO/SGXWFO_SDETS.zarr/
SGXWFO,SGXWFO_SDFAL,s3://cadcat/histwxstns/SGXWFO/SGXWFO_SDFAL.zarr/
SGXWFO,SGXWFO_SDFBK,s3://cadcat/histwxstns/SGXWFO/SGXWFO_SDFBK.zarr/
SGXWFO,SGXWFO_SDFEL,s3://cadcat/histwxstns/SGXWFO/SGXWFO_SDFEL.zarr/
SGXWFO,SGXWFO_SDFRV,s3://cadcat/histwxstns/SGXWFO/SGXWFO_SDFRV.zarr/
SGXWFO,SGXWFO_SDGRV,s3://cadcat/histwxstns/SGXWFO/SGXWFO_SDGRV.zarr/
SGXWFO,SGXWFO_SDGUA,s3://cadcat/histwxstns/SGXWFO/SGXWFO_SDGUA.zarr/
SGXWFO,SGXWFO_SDGVC,s3://cadcat/histwxstns/SGXWFO/SGXWFO_SDGVC.zarr/
SGXWFO,SGXWFO_SDGVL,s3://cadcat/histwxstns/SGXWFO/SGXWFO_SDGVL.zarr/
SGXWFO,SGXWFO_SDHEM,s3://cadcat/histwxstns/SGXWFO/SGXWFO_SDHEM.zarr/
SGXWFO,SGXWFO_SDHEN,s3://cadcat/histwxstns/SGXWFO/SGXWFO_SDHEN.zarr/
SGXWFO,SGXWFO_SDHET,s3://cadcat/histwxstns/SGXWFO/SGXWFO_SDHET.zarr/
SGXWFO,SGXWFO_SDHLX,s3://cadcat/histwxstns/SGXWFO/SGXWFO_SDHLX.zarr/
SGXWFO,SGXWFO_SDHSL,s3://cadcat/histwxstns/SGXWFO/SGXWFO_SDHSL.zarr/
SGXWFO,SGXWFO_SDHSP,s3://cadcat/histwxstns/SGXWFO/SGXWFO_SDHSP.zarr/
SGXWFO,SGXWFO_SDHTB,s3://cadcat/histwxstns/SGXWFO/SGXWFO_SDHTB.zarr/
SGXWFO,SGXWFO_SDIBS,s3://cadcat/histwxstns/SGXWFO/SGXWFO_SDIBS.zarr/
SGXWFO,SGXWFO_SDIDL,s3://cadcat/histwxstns/SGXWFO/SGXWFO_SDIDL.zarr/
SGXWFO,SGXWFO_SDIDO,s3://cadcat/histwxstns/SGXWFO/SGXWFO_SDIDO.zarr/
SGXWFO,SGXWFO_SDIDW,s3://cadcat/histwxstns/SGXWFO/SGXWFO_SDIDW.zarr/
SGXWFO,SGXWFO_SDIDY,s3://cadcat/histwxstns/SGXWFO/SGXWFO_SDIDY.zarr/
SGXWFO,SGXWFO_SDIPR,s3://cadcat/histwxstns/SGXWFO/SGXWFO_SDIPR.zarr/
SGXWFO,SGXWFO_SDJAM,s3://cadcat/histwxstns/SGXWFO/SGXWFO_SDJAM.zarr/
SGXWFO,SGXWFO_SDJUR,s3://cadcat/histwxstns/SGXWFO/SGXWFO_SDJUR.zarr/
SGXWFO,SGXWFO_SDKTC,s3://cadcat/histwxstns/SGXWFO/SGXWFO_SDKTC.zarr/
SGXWFO,SGXWFO_SDL13,s3://cadcat/histwxstns/SGXWFO/SGXWFO_SDL13.zarr/
SGXWFO,SGXWFO_SDL34,s3://cadcat/histwxstns/SGXWFO/SGXWFO_SDL34.zarr/
SGXWFO,SGXWFO_SDLAE,s3://cadcat/histwxstns/SGXWFO/SGXWFO_SDLAE.zarr/
SGXWFO,SGXWFO_SDLAM,s3://cadcat/histwxstns/SGXWFO/SGXWFO_SDLAM.zarr/
SGXWFO,SGXWFO_SDLBE,s3://cadcat/histwxstns/SGXWFO/SGXWFO_SDLBE.zarr/
SGXWFO,SGXWFO_SDLBT,s3://cadcat/histwxstns/SGXWFO/SGXWFO_SDLBT.zarr/
SGXWFO,SGXWFO_SDLDV,s3://cadcat/histwxstns/SGXWFO/SGXWFO_SDLDV.zarr/
SGXWFO,SGXWFO_SDLEL,s3://cadcat/histwxstns/SGXWFO/SGXWFO_SDLEL.zarr/
SGXWFO,SGXWFO_SDLGH,s3://cadcat/histwxstns/SGXWFO/SGXWFO_SDLGH.zarr/
SGXWFO,SGXWFO_SDLJS,s3://cadcat/histwxstns/SGXWFO/SGXWFO_SDLJS.zarr/
SGXWFO,SGXWFO_SDLKA,s3://cadcat/histwxstns/SGXWFO/SGXWFO_SDLKA.zarr/
SGXWFO,SGXWFO_SDLKD,s3://cadcat/histwxstns/SGXWFO/SGXWFO_SDLKD.zarr/
SGXWFO,SGXWFO_SDLNB,s3://cadcat/histwxstns/SGXWFO/SGXWFO_SDLNB.zarr/
SGXWFO,SGXWFO_SDLNG,s3://cadcat/histwxstns/SGXWFO/SGXWFO_SDLNG.zarr/
SGXWFO,SGXWFO_SDLPK,s3://cadcat/histwxstns/SGXWFO/SGXWFO_SDLPK.zarr/
SGXWFO,SGXWFO_SDLUR,s3://cadcat/histwxstns/SGXWFO/SGXWFO_SDLUR.zarr/
SGXWFO,SGXWFO_SDMCR,s3://cadcat/histwxstns/SGXWFO/SGXWFO_SDMCR.zarr/
SGXWFO,SGXWFO_SDMDY,s3://cadcat/histwxstns/SGXWFO/SGXWFO_SDMDY.zarr/
SGXWFO,SGXWFO_SDMEA,s3://cadcat/histwxstns/SGXWFO/SGXWFO_SDMEA.zarr/
SGXWFO,SGXWFO_SDMGR,s3://cadcat/histwxstns/SGXWFO/SGXWFO_SDMGR.zarr/
SGXWFO,SGXWFO_SDMIB,s3://cadcat/histwxstns/SGXWFO/SGXWFO_SDMIB.zarr/
SGXWFO,SGXWFO_SDMLO,s3://cadcat/histwxstns/SGXWFO/SGXWFO_SDMLO.zarr/
SGXWFO,SGXWFO_SDMRO,s3://cadcat/histwxstns/SGXWFO/SGXWFO_SDMRO.zarr/
SGXWFO,SGXWFO_SDMSV,s3://cadcat/histwxstns/SGXWFO/SGXWFO_SDMSV.zarr/
SGXWFO,SGXWFO_SDNAC,s3://cadcat/histwxstns/SGXWFO/SGXWFO_SDNAC.zarr/
SGXWFO,SGXWFO_SDOCH,s3://cadcat/histwxstns/SGXWFO/SGXWFO_SDOCH.zarr/
SGXWFO,SGXWFO_SDOSN,s3://cadcat/histwxstns/SGXWFO/SGXWFO_SDOSN.zarr/
SGXWFO,SGXWFO_SDPAS,s3://cadcat/histwxstns/SGXWFO/SGXWFO_SDPAS.zarr/
SGXWFO,SGXWFO_SDPDS,s3://cadcat/histwxstns/SGXWFO/SGXWFO_SDPDS.zarr/
SGXWFO,SGXWFO_SDPMS,s3://cadcat/histwxstns/SGXWFO/SGXWFO_SDPMS.zarr/
SGXWFO,SGXWFO_SDPNN,s3://cadcat/histwxstns/SGXWFO/SGXWFO_SDPNN.zarr/
SGXWFO,SGXWFO_SDPON,s3://cadcat/histwxstns/SGXWFO/SGXWFO_SDPON.zarr/
SGXWFO,SGXWFO_SDPOY,s3://cadcat/histwxstns/SGXWFO/SGXWFO_SDPOY.zarr/
SGXWFO,SGXWFO_SDPRR,s3://cadcat/histwxstns/SGXWFO/SGXWFO_SDPRR.zarr/
SGXWFO,SGXWFO_SDPSC,s3://cadcat/histwxstns/SGXWFO/SGXWFO_SDPSC.zarr/
SGXWFO,SGXWFO_SDPSW,s3://cadcat/histwxstns/SGXWFO/SGXWFO_SDPSW.zarr/
SGXWFO,SGXWFO_SDPWE,s3://cadcat/histwxstns/SGXWFO/SGXWFO_SDPWE.zarr/
SGXWFO,SGXWFO_SDRFO,s3://cadcat/histwxstns/SGXWFO/SGXWFO_SDRFO.zarr/
SGXWFO,SGXWFO_SDRIN,s3://cadcat/histwxstns/SGXWFO/SGXWFO_SDRIN.zarr/
SGXWFO,SGXWFO_SDRLM,s3://cadcat/histwxstns/SGXWFO/SGXWFO_SDRLM.zarr/
SGXWFO,SGXWFO_SDRLT,s3://cadcat/histwxstns/SGXWFO/SGXWFO_SDRLT.zarr/
SGXWFO,SGXWFO_SDRNS,s3://cadcat/histwxstns/SGXWFO/SGXWFO_SDRNS.zarr/
SGXWFO,SGXWFO_SDRSC,s3://cadcat/histwxstns/SGXWFO/SGXWFO_SDRSC.zarr/
SGXWFO,SGXWFO_SDRSM,s3://cadcat/histwxstns/SGXWFO/SGXWFO_SDRSM.zarr/
SGXWFO,SGXWFO_SDRVP,s3://cadcat/histwxstns/SGXWFO/SGXWFO_SDRVP.zarr/
SGXWFO,SGXWFO_SDRVS,s3://cadcat/histwxstns/SGXWFO/SGXWFO_SDRVS.zarr/
SGXWFO,SGXWFO_SDSAA,s3://cadcat/histwxstns/SGXWFO/SGXWFO_SDSAA.zarr/
SGXWFO,SGXWFO_SDSAG,s3://cadcat/histwxstns/SGXWFO/SGXWFO_SDSAG.zarr/
SGXWFO,SGXWFO_SDSBO,s3://cadcat/histwxstns/SGXWFO/SGXWFO_SDSBO.zarr/
SGXWFO,SGXWFO_SDSCL,s3://cadcat/histwxstns/SGXWFO/SGXWFO_SDSCL.zarr/
SGXWFO,SGXWFO_SDSCP,s3://cadcat/histwxstns/SGXWFO/SGXWFO_SDSCP.zarr/
SGXWFO,SGXWFO_SDSCR,s3://cadcat/histwxstns/SGXWFO/SGXWFO_SDSCR.zarr/
SGXWFO,SGXWFO_SDSDU,s3://cadcat/histwxstns/SGXWFO/SGXWFO_SDSDU.zarr/
SGXWFO,SGXWFO_SDSGX,s3://cadcat/histwxstns/SGXWFO/SGXWFO_SDSGX.zarr/
SGXWFO,SGXWFO_SDSHI,s3://cadcat/histwxstns/SGXWFO/SGXWFO_SDSHI.zarr/
SGXWFO,SGXWFO_SDSIE,s3://cadcat/histwxstns/SGXWFO/SGXWFO_SDSIE.zarr/
SGXWFO,SGXWFO_SDSJA,s3://cadcat/histwxstns/SGXWFO/SGXWFO_SDSJA.zarr/
SGXWFO,SGXWFO_SDSKV,s3://cadcat/histwxstns/SGXWFO/SGXWFO_SDSKV.zarr/
SGXWFO,SGXWFO_SDSMN,s3://cadcat/histwxstns/SGXWFO/SGXWFO_SDSMN.zarr/
SGXWFO,SGXWFO_SDSMP,s3://cadcat/histwxstns/SGXWFO/SGXWFO_SDSMP.zarr/
SGXWFO,SGXWFO_SDSNL,s3://cadcat/histwxstns/SGXWFO/SGXWFO_SDSNL.zarr/
SGXWFO,SGXWFO_SDSNT,s3://cadcat/histwxstns/SGXWFO/SGXWFO_SDSNT.zarr/
SGXWFO,SGXWFO_SDSTA,s3://cadcat/histwxstns/SGXWFO/SGXWFO_SDSTA.zarr/
SGXWFO,SGXWFO_SDTDS,s3://cadcat/histwxstns/SGXWFO/SGXWFO_SDTDS.zarr/
SGXWFO,SGXWFO_SDTEC,s3://cadcat/histwxstns/SGXWFO/SGXWFO_SDTEC.zarr/
SGXWFO,SGXWFO_SDTSA,s3://cadcat/histwxstns/SGXWFO/SGXWFO_SDTSA.zarr/
SGXWFO,SGXWFO_SDTSR,s3://cadcat/histwxstns/SGXWFO/SGXWFO_SDTSR.zarr/
SGXWFO,SGXWFO_SDTYE,s3://cadcat/histwxstns/SGXWFO/SGXWFO_SDTYE.zarr/
SGXWFO,SGXWFO_SDUNC,s3://cadcat/histwxstns/SGXWFO/SGXWFO_SDUNC.zarr/
SGXWFO,SGXWFO_SDUSS,s3://cadcat/histwxstns/SGXWFO/SGXWFO_SDUSS.zarr/
SGXWFO,SGXWFO_SDVIC,s3://cadcat/histwxstns/SGXWFO/SGXWFO_SDVIC.zarr/
SGXWFO,SGXWFO_SDVIS,s3://cadcat/histwxstns/SGXWFO/SGXWFO_SDVIS.zarr/
SGXWFO,SGXWFO_SDVOL,s3://cadcat/histwxstns/SGXWFO/SGXWFO_SDVOL.zarr/
SGXWFO,SGXWFO_SDVTL,s3://cadcat/histwxstns/SGXWFO/SGXWFO_SDVTL.zarr/
SGXWFO,SGXWFO_SDWAR,s3://cadcat/histwxstns/SGXWFO/SGXWFO_SDWAR.zarr/
SGXWFO,SGXWFO_SDWDM,s3://cadcat/histwxstns/SGXWFO/SGXWFO_SDWDM.zarr/
SGXWFO,SGXWFO_SDWRE,s3://cadcat/histwxstns/SGXWFO/SGXWFO_SDWRE.zarr/
SGXWFO,SGXWFO_SDWRI,s3://cadcat/histwxstns/SGXWFO/SGXWFO_SDWRI.zarr/
SHASAVAL,SHASAVAL_MSACS,s3://cadcat/histwxstns/SHASAVAL/SHASAVAL_MSACS.zarr/
SHASAVAL,SHASAVAL_MSACW,s3://cadcat/histwxstns/SHASAVAL/SHASAVAL_MSACW.zarr/
SHASAVAL,SHASAVAL_MSCAS,s3://cadcat/histwxstns/SHASAVAL/SHASAVAL_MSCAS.zarr/
SHASAVAL,SHASAVAL_MSGRB,s3://cadcat/histwxstns/SHASAVAL/SHASAVAL_MSGRB.zarr/
SHASAVAL,SHASAVAL_MSMED,s3://cadcat/histwxstns/SHASAVAL/SHASAVAL_MSMED.zarr/
SHASAVAL,SHASAVAL_MSSKI,s3://cadcat/histwxstns/SHASAVAL/SHASAVAL_MSSKI.zarr/
SNOTEL,SNOTEL_1000,s3://cadcat/histwxstns/SNOTEL/SNOTEL_1000.zarr/
SNOTEL,SNOTEL_1005,s3://cadcat/histwxstns/SNOTEL/SNOTEL_1005.zarr/
SNOTEL,SNOTEL_1006,s3://cadcat/histwxstns/SNOTEL/SNOTEL_1006.zarr/
SNOTEL,SNOTEL_1008,s3://cadcat/histwxstns/SNOTEL/SNOTEL_1008.zarr/
SNOTEL,SNOTEL_1009,s3://cadcat/histwxstns/SNOTEL/SNOTEL_1009.zarr/
SNOTEL,SNOTEL_1010,s3://cadcat/histwxstns/SNOTEL/SNOTEL_1010.zarr/
SNOTEL,SNOTEL_1011,s3://cadcat/histwxstns/SNOTEL/SNOTEL_1011.zarr/
SNOTEL,SNOTEL_1012,s3://cadcat/histwxstns/SNOTEL/SNOTEL_1012.zarr/
SNOTEL,SNOTEL_1013,s3://cadcat/histwxstns/SNOTEL/SNOTEL_1013.zarr/
SNOTEL,SNOTEL_1014,s3://cadcat/histwxstns/SNOTEL/SNOTEL_1014.zarr/
SNOTEL,SNOTEL_1015,s3://cadcat/histwxstns/SNOTEL/SNOTEL_1015.zarr/
SNOTEL,SNOTEL_1016,s3://cadcat/histwxstns/SNOTEL/SNOTEL_1016.zarr/
SNOTEL,SNOTEL_1017,s3://cadcat/histwxstns/SNOTEL/SNOTEL_1017.zarr/
SNOTEL,SNOTEL_1030,s3://cadcat/histwxstns/SNOTEL/SNOTEL_1030.zarr/
SNOTEL,SNOTEL_1031,s3://cadcat/histwxstns/SNOTEL/SNOTEL_1031.zarr/
SNOTEL,SNOTEL_1032,s3://cadcat/histwxstns/SNOTEL/SNOTEL_1032.zarr/
SNOTEL,SNOTEL_1033,s3://cadcat/histwxstns/SNOTEL/SNOTEL_1033.zarr/
SNOTEL,SNOTEL_1034,s3://cadcat/histwxstns/SNOTEL/SNOTEL_1034.zarr/
SNOTEL,SNOTEL_1038,s3://cadcat/histwxstns/SNOTEL/SNOTEL_1038.zarr/
SNOTEL,SNOTEL_1039,s3://cadcat/histwxstns/SNOTEL/SNOTEL_1039.zarr/
SNOTEL,SNOTEL_1040,s3://cadcat/histwxstns/SNOTEL/SNOTEL_1040.zarr/
SNOTEL,SNOTEL_1041,s3://cadcat/histwxstns/SNOTEL/SNOTEL_1041.zarr/
SNOTEL,SNOTEL_1042,s3://cadcat/histwxstns/SNOTEL/SNOTEL_1042.zarr/
SNOTEL,SNOTEL_1043,s3://cadcat/histwxstns/SNOTEL/SNOTEL_1043.zarr/
SNOTEL,SNOTEL_1044,s3://cadcat/histwxstns/SNOTEL/SNOTEL_1044.zarr/
SNOTEL,SNOTEL_1045,s3://cadcat/histwxstns/SNOTEL/SNOTEL_1045.zarr/
SNOTEL,SNOTEL_1046,s3://cadcat/histwxstns/SNOTEL/SNOTEL_1046.zarr/
SNOTEL,SNOTEL_1047,s3://cadcat/histwxstns/SNOTEL/SNOTEL_1047.zarr/
SNOTEL,SNOTEL_1048,s3://cadcat/histwxstns/SNOTEL/SNOTEL_1048.zarr/
SNOTEL,SNOTEL_1049,s3://cadcat/histwxstns/SNOTEL/SNOTEL_1049.zarr/
SNOTEL,SNOTEL_1050,s3://cadcat/histwxstns/SNOTEL/SNOTEL_1050.zarr/
SNOTEL,SNOTEL_1051,s3://cadcat/histwxstns/SNOTEL/SNOTEL_1051.zarr/
SNOTEL,SNOTEL_1052,s3://cadcat/histwxstns/SNOTEL/SNOTEL_1052.zarr/
SNOTEL,SNOTEL_1053,s3://cadcat/histwxstns/SNOTEL/SNOTEL_1053.zarr/
SNOTEL,SNOTEL_1054,s3://cadcat/histwxstns/SNOTEL/SNOTEL_1054.zarr/
SNOTEL,SNOTEL_1056,s3://cadcat/histwxstns/SNOTEL/SNOTEL_1056.zarr/
SNOTEL,SNOTEL_1057,s3://cadcat/histwxstns/SNOTEL/SNOTEL_1057.zarr/
SNOTEL,SNOTEL_1058,s3://cadcat/histwxstns/SNOTEL/SNOTEL_1058.zarr/
SNOTEL,SNOTEL_1059,s3://cadcat/histwxstns/SNOTEL/SNOTEL_1059.zarr/
SNOTEL,SNOTEL_1060,s3://cadcat/histwxstns/SNOTEL/SNOTEL_1060.zarr/
SNOTEL,SNOTEL_1061,s3://cadcat/histwxstns/SNOTEL/SNOTEL_1061.zarr/
SNOTEL,SNOTEL_1065,s3://cadcat/histwxstns/SNOTEL/SNOTEL_1065.zarr/
SNOTEL,SNOTEL_1066,s3://cadcat/histwxstns/SNOTEL/SNOTEL_1066.zarr/
SNOTEL,SNOTEL_1067,s3://cadcat/histwxstns/SNOTEL/SNOTEL_1067.zarr/
SNOTEL,SNOTEL_1068,s3://cadcat/histwxstns/SNOTEL/SNOTEL_1068.zarr/
SNOTEL,SNOTEL_1069,s3://cadcat/histwxstns/SNOTEL/SNOTEL_1069.zarr/
SNOTEL,SNOTEL_1077,s3://cadcat/histwxstns/SNOTEL/SNOTEL_1077.zarr/
SNOTEL,SNOTEL_1078,s3://cadcat/histwxstns/SNOTEL/SNOTEL_1078.zarr/
SNOTEL,SNOTEL_1079,s3://cadcat/histwxstns/SNOTEL/SNOTEL_1079.zarr/
SNOTEL,SNOTEL_1080,s3://cadcat/histwxstns/SNOTEL/SNOTEL_1080.zarr/
SNOTEL,SNOTEL_1081,s3://cadcat/histwxstns/SNOTEL/SNOTEL_1081.zarr/
SNOTEL,SNOTEL_1082,s3://cadcat/histwxstns/SNOTEL/SNOTEL_1082.zarr/
SNOTEL,SNOTEL_1083,s3://cadcat/histwxstns/SNOTEL/SNOTEL_1083.zarr/
SNOTEL,SNOTEL_1084,s3://cadcat/histwxstns/SNOTEL/SNOTEL_1084.zarr/
SNOTEL,SNOTEL_1085,s3://cadcat/histwxstns/SNOTEL/SNOTEL_1085.zarr/
SNOTEL,SNOTEL_1097,s3://cadcat/histwxstns/SNOTEL/SNOTEL_1097.zarr/
SNOTEL,SNOTEL_1098,s3://cadcat/histwxstns/SNOTEL/SNOTEL_1098.zarr/
SNOTEL,SNOTEL_1099,s3://cadcat/histwxstns/SNOTEL/SNOTEL_1099.zarr/
SNOTEL,SNOTEL_1100,s3://cadcat/histwxstns/SNOTEL/SNOTEL_1100.zarr/
SNOTEL,SNOTEL_1101,s3://cadcat/histwxstns/SNOTEL/SNOTEL_1101.zarr/
SNOTEL,SNOTEL_1102,s3://cadcat/histwxstns/SNOTEL/SNOTEL_1102.zarr/
SNOTEL,SNOTEL_1104,s3://cadcat/histwxstns/SNOTEL/SNOTEL_1104.zarr/
SNOTEL,SNOTEL_1105,s3://cadcat/histwxstns/SNOTEL/SNOTEL_1105.zarr/
SNOTEL,SNOTEL_1106,s3://cadcat/histwxstns/SNOTEL/SNOTEL_1106.zarr/
SNOTEL,SNOTEL_1107,s3://cadcat/histwxstns/SNOTEL/SNOTEL_1107.zarr/
SNOTEL,SNOTEL_1109,s3://cadcat/histwxstns/SNOTEL/SNOTEL_1109.zarr/
SNOTEL,SNOTEL_1110,s3://cadcat/histwxstns/SNOTEL/SNOTEL_1110.zarr/
SNOTEL,SNOTEL_1111,s3://cadcat/histwxstns/SNOTEL/SNOTEL_1111.zarr/
SNOTEL,SNOTEL_1112,s3://cadcat/histwxstns/SNOTEL/SNOTEL_1112.zarr/
SNOTEL,SNOTEL_1113,s3://cadcat/histwxstns/SNOTEL/SNOTEL_1113.zarr/
SNOTEL,SNOTEL_1114,s3://cadcat/histwxstns/SNOTEL/SNOTEL_1114.zarr/
SNOTEL,SNOTEL_1115,s3://cadcat/histwxstns/SNOTEL/SNOTEL_1115.zarr/
SNOTEL,SNOTEL_1116,s3://cadcat/histwxstns/SNOTEL/SNOTEL_1116.zarr/
SNOTEL,SNOTEL_1117,s3://cadcat/histwxstns/SNOTEL/SNOTEL_1117.zarr/
SNOTEL,SNOTEL_1118,s3://cadcat/histwxstns/SNOTEL/SNOTEL_1118.zarr/
SNOTEL,SNOTEL_1119,s3://cadcat/histwxstns/SNOTEL/SNOTEL_1119.zarr/
SNOTEL,SNOTEL_1120,s3://cadcat/histwxstns/SNOTEL/SNOTEL_1120.zarr/
SNOTEL,SNOTEL_1121,s3://cadcat/histwxstns/SNOTEL/SNOTEL_1121.zarr/
SNOTEL,SNOTEL_1122,s3://cadcat/histwxstns/SNOTEL/SNOTEL_1122.zarr/
SNOTEL,SNOTEL_1123,s3://cadcat/histwxstns/SNOTEL/SNOTEL_1123.zarr/
SNOTEL,SNOTEL_1124,s3://cadcat/histwxstns/SNOTEL/SNOTEL_1124.zarr/
SNOTEL,SNOTEL_1125,s3://cadcat/histwxstns/SNOTEL/SNOTEL_1125.zarr/
SNOTEL,SNOTEL_1126,s3://cadcat/histwxstns/SNOTEL/SNOTEL_1126.zarr/
SNOTEL,SNOTEL_1127,s3://cadcat/histwxstns/SNOTEL/SNOTEL_1127.zarr/
SNOTEL,SNOTEL_1128,s3://cadcat/histwxstns/SNOTEL/SNOTEL_1128.zarr/
SNOTEL,SNOTEL_1129,s3://cadcat/histwxstns/SNOTEL/SNOTEL_1129.zarr/
SNOTEL,SNOTEL_1130,s3://cadcat/histwxstns/SNOTEL/SNOTEL_1130.zarr/
SNOTEL,SNOTEL_1131,s3://cadcat/histwxstns/SNOTEL/SNOTEL_1131.zarr/
SNOTEL,SNOTEL_1132,s3://cadcat/histwxstns/SNOTEL/SNOTEL_1132.zarr/
SNOTEL,SNOTEL_1133,s3://cadcat/histwxstns/SNOTEL/SNOTEL_1133.zarr/
SNOTEL,SNOTEL_1134,s3://cadcat/histwxstns/SNOTEL/SNOTEL_1134.zarr/
SNOTEL,SNOTEL_1135,s3://cadcat/histwxstns/SNOTEL/SNOTEL_1135.zarr/
SNOTEL,SNOTEL_1136,s3://cadcat/histwxstns/SNOTEL/SNOTEL_1136.zarr/
SNOTEL,SNOTEL_1137,s3://cadcat/histwxstns/SNOTEL/SNOTEL_1137.zarr/
SNOTEL,SNOTEL_1138,s3://cadcat/histwxstns/SNOTEL/SNOTEL_1138.zarr/
SNOTEL,SNOTEL_1139,s3://cadcat/histwxstns/SNOTEL/SNOTEL_1139.zarr/
SNOTEL,SNOTEL_1140,s3://cadcat/histwxstns/SNOTEL/SNOTEL_1140.zarr/
SNOTEL,SNOTEL_1141,s3://cadcat/histwxstns/SNOTEL/SNOTEL_1141.zarr/
SNOTEL,SNOTEL_1142,s3://cadcat/histwxstns/SNOTEL/SNOTEL_1142.zarr/
SNOTEL,SNOTEL_1143,s3://cadcat/histwxstns/SNOTEL/SNOTEL_1143.zarr/
SNOTEL,SNOTEL_1144,s3://cadcat/histwxstns/SNOTEL/SNOTEL_1144.zarr/
SNOTEL,SNOTEL_1145,s3://cadcat/histwxstns/SNOTEL/SNOTEL_1145.zarr/
SNOTEL,SNOTEL_1146,s3://cadcat/histwxstns/SNOTEL/SNOTEL_1146.zarr/
SNOTEL,SNOTEL_1147,s3://cadcat/histwxstns/SNOTEL/SNOTEL_1147.zarr/
SNOTEL,SNOTEL_1148,s3://cadcat/histwxstns/SNOTEL/SNOTEL_1148.zarr/
SNOTEL,SNOTEL_1149,s3://cadcat/histwxstns/SNOTEL/SNOTEL_1149.zarr/
SNOTEL,SNOTEL_1150,s3://cadcat/histwxstns/SNOTEL/SNOTEL_1150.zarr/
SNOTEL,SNOTEL_1151,s3://cadcat/histwxstns/SNOTEL/SNOTEL_1151.zarr/
SNOTEL,SNOTEL_1152,s3://cadcat/histwxstns/SNOTEL/SNOTEL_1152.zarr/
SNOTEL,SNOTEL_1153,s3://cadcat/histwxstns/SNOTEL/SNOTEL_1153.zarr/
SNOTEL,SNOTEL_1154,s3://cadcat/histwxstns/SNOTEL/SNOTEL_1154.zarr/
SNOTEL,SNOTEL_1155,s3://cadcat/histwxstns/SNOTEL/SNOTEL_1155.zarr/
SNOTEL,SNOTEL_1156,s3://cadcat/histwxstns/SNOTEL/SNOTEL_1156.zarr/
SNOTEL,SNOTEL_1158,s3://cadcat/histwxstns/SNOTEL/SNOTEL_1158.zarr/
SNOTEL,SNOTEL_1159,s3://cadcat/histwxstns/SNOTEL/SNOTEL_1159.zarr/
SNOTEL,SNOTEL_1160,s3://cadcat/histwxstns/SNOTEL/SNOTEL_1160.zarr/
SNOTEL,SNOTEL_1161,s3://cadcat/histwxstns/SNOTEL/SNOTEL_1161.zarr/
SNOTEL,SNOTEL_1162,s3://cadcat/histwxstns/SNOTEL/SNOTEL_1162.zarr/
SNOTEL,SNOTEL_1163,s3://cadcat/histwxstns/SNOTEL/SNOTEL_1163.zarr/
SNOTEL,SNOTEL_1164,s3://cadcat/histwxstns/SNOTEL/SNOTEL_1164.zarr/
SNOTEL,SNOTEL_1165,s3://cadcat/histwxstns/SNOTEL/SNOTEL_1165.zarr/
SNOTEL,SNOTEL_1166,s3://cadcat/histwxstns/SNOTEL/SNOTEL_1166.zarr/
SNOTEL,SNOTEL_1167,s3://cadcat/histwxstns/SNOTEL/SNOTEL_1167.zarr/
SNOTEL,SNOTEL_1168,s3://cadcat/histwxstns/SNOTEL/SNOTEL_1168.zarr/
SNOTEL,SNOTEL_1169,s3://cadcat/histwxstns/SNOTEL/SNOTEL_1169.zarr/
SNOTEL,SNOTEL_1170,s3://cadcat/histwxstns/SNOTEL/SNOTEL_1170.zarr/
SNOTEL,SNOTEL_1171,s3://cadcat/histwxstns/SNOTEL/SNOTEL_1171.zarr/
SNOTEL,SNOTEL_1172,s3://cadcat/histwxstns/SNOTEL/SNOTEL_1172.zarr/
SNOTEL,SNOTEL_1173,s3://cadcat/histwxstns/SNOTEL/SNOTEL_1173.zarr/
SNOTEL,SNOTEL_1184,s3://cadcat/histwxstns/SNOTEL/SNOTEL_1184.zarr/
SNOTEL,SNOTEL_1185,s3://cadcat/histwxstns/SNOTEL/SNOTEL_1185.zarr/
SNOTEL,SNOTEL_1186,s3://cadcat/histwxstns/SNOTEL/SNOTEL_1186.zarr/
SNOTEL,SNOTEL_1187,s3://cadcat/histwxstns/SNOTEL/SNOTEL_1187.zarr/
SNOTEL,SNOTEL_1188,s3://cadcat/histwxstns/SNOTEL/SNOTEL_1188.zarr/
SNOTEL,SNOTEL_1190,s3://cadcat/histwxstns/SNOTEL/SNOTEL_1190.zarr/
SNOTEL,SNOTEL_1192,s3://cadcat/histwxstns/SNOTEL/SNOTEL_1192.zarr/
SNOTEL,SNOTEL_1193,s3://cadcat/histwxstns/SNOTEL/SNOTEL_1193.zarr/
SNOTEL,SNOTEL_1194,s3://cadcat/histwxstns/SNOTEL/SNOTEL_1194.zarr/
SNOTEL,SNOTEL_1195,s3://cadcat/histwxstns/SNOTEL/SNOTEL_1195.zarr/
SNOTEL,SNOTEL_1196,s3://cadcat/histwxstns/SNOTEL/SNOTEL_1196.zarr/
SNOTEL,SNOTEL_1197,s3://cadcat/histwxstns/SNOTEL/SNOTEL_1197.zarr/
SNOTEL,SNOTEL_1198,s3://cadcat/histwxstns/SNOTEL/SNOTEL_1198.zarr/
SNOTEL,SNOTEL_1199,s3://cadcat/histwxstns/SNOTEL/SNOTEL_1199.zarr/
SNOTEL,SNOTEL_1200,s3://cadcat/histwxstns/SNOTEL/SNOTEL_1200.zarr/
SNOTEL,SNOTEL_1201,s3://cadcat/histwxstns/SNOTEL/SNOTEL_1201.zarr/
SNOTEL,SNOTEL_1202,s3://cadcat/histwxstns/SNOTEL/SNOTEL_1202.zarr/
SNOTEL,SNOTEL_1203,s3://cadcat/histwxstns/SNOTEL/SNOTEL_1203.zarr/
SNOTEL,SNOTEL_1204,s3://cadcat/histwxstns/SNOTEL/SNOTEL_1204.zarr/
SNOTEL,SNOTEL_1205,s3://cadcat/histwxstns/SNOTEL/SNOTEL_1205.zarr/
SNOTEL,SNOTEL_1206,s3://cadcat/histwxstns/SNOTEL/SNOTEL_1206.zarr/
SNOTEL,SNOTEL_1207,s3://cadcat/histwxstns/SNOTEL/SNOTEL_1207.zarr/
SNOTEL,SNOTEL_1208,s3://cadcat/histwxstns/SNOTEL/SNOTEL_1208.zarr/
SNOTEL,SNOTEL_1209,s3://cadcat/histwxstns/SNOTEL/SNOTEL_1209.zarr/
SNOTEL,SNOTEL_1210,s3://cadcat/histwxstns/SNOTEL/SNOTEL_1210.zarr/
SNOTEL,SNOTEL_1211,s3://cadcat/histwxstns/SNOTEL/SNOTEL_1211.zarr/
SNOTEL,SNOTEL_1212,s3://cadcat/histwxstns/SNOTEL/SNOTEL_1212.zarr/
SNOTEL,SNOTEL_1213,s3://cadcat/histwxstns/SNOTEL/SNOTEL_1213.zarr/
SNOTEL,SNOTEL_1214,s3://cadcat/histwxstns/SNOTEL/SNOTEL_1214.zarr/
SNOTEL,SNOTEL_1215,s3://cadcat/histwxstns/SNOTEL/SNOTEL_1215.zarr/
SNOTEL,SNOTEL_1216,s3://cadcat/histwxstns/SNOTEL/SNOTEL_1216.zarr/
SNOTEL,SNOTEL_1217,s3://cadcat/histwxstns/SNOTEL/SNOTEL_1217.zarr/
SNOTEL,SNOTEL_1218,s3://cadcat/histwxstns/SNOTEL/SNOTEL_1218.zarr/
SNOTEL,SNOTEL_1219,s3://cadcat/histwxstns/SNOTEL/SNOTEL_1219.zarr/
SNOTEL,SNOTEL_1220,s3://cadcat/histwxstns/SNOTEL/SNOTEL_1220.zarr/
SNOTEL,SNOTEL_1221,s3://cadcat/histwxstns/SNOTEL/SNOTEL_1221.zarr/
SNOTEL,SNOTEL_1222,s3://cadcat/histwxstns/SNOTEL/SNOTEL_1222.zarr/
SNOTEL,SNOTEL_1223,s3://cadcat/histwxstns/SNOTEL/SNOTEL_1223.zarr/
SNOTEL,SNOTEL_1224,s3://cadcat/histwxstns/SNOTEL/SNOTEL_1224.zarr/
SNOTEL,SNOTEL_1225,s3://cadcat/histwxstns/SNOTEL/SNOTEL_1225.zarr/
SNOTEL,SNOTEL_1226,s3://cadcat/histwxstns/SNOTEL/SNOTEL_1226.zarr/
SNOTEL,SNOTEL_1227,s3://cadcat/histwxstns/SNOTEL/SNOTEL_1227.zarr/
SNOTEL,SNOTEL_1228,s3://cadcat/histwxstns/SNOTEL/SNOTEL_1228.zarr/
SNOTEL,SNOTEL_1229,s3://cadcat/histwxstns/SNOTEL/SNOTEL_1229.zarr/
SNOTEL,SNOTEL_1230,s3://cadcat/histwxstns/SNOTEL/SNOTEL_1230.zarr/
SNOTEL,SNOTEL_1231,s3://cadcat/histwxstns/SNOTEL/SNOTEL_1231.zarr/
SNOTEL,SNOTEL_1235,s3://cadcat/histwxstns/SNOTEL/SNOTEL_1235.zarr/
SNOTEL,SNOTEL_1236,s3://cadcat/histwxstns/SNOTEL/SNOTEL_1236.zarr/
SNOTEL,SNOTEL_1237,s3://cadcat/histwxstns/SNOTEL/SNOTEL_1237.zarr/
SNOTEL,SNOTEL_1238,s3://cadcat/histwxstns/SNOTEL/SNOTEL_1238.zarr/
SNOTEL,SNOTEL_1239,s3://cadcat/histwxstns/SNOTEL/SNOTEL_1239.zarr/
SNOTEL,SNOTEL_1240,s3://cadcat/histwxstns/SNOTEL/SNOTEL_1240.zarr/
SNOTEL,SNOTEL_1241,s3://cadcat/histwxstns/SNOTEL/SNOTEL_1241.zarr/
SNOTEL,SNOTEL_1242,s3://cadcat/histwxstns/SNOTEL/SNOTEL_1242.zarr/
SNOTEL,SNOTEL_1243,s3://cadcat/histwxstns/SNOTEL/SNOTEL_1243.zarr/
SNOTEL,SNOTEL_1244,s3://cadcat/histwxstns/SNOTEL/SNOTEL_1244.zarr/
SNOTEL,SNOTEL_1245,s3://cadcat/histwxstns/SNOTEL/SNOTEL_1245.zarr/
SNOTEL,SNOTEL_1246,s3://cadcat/histwxstns/SNOTEL/SNOTEL_1246.zarr/
SNOTEL,SNOTEL_1247,s3://cadcat/histwxstns/SNOTEL/SNOTEL_1247.zarr/
SNOTEL,SNOTEL_1248,s3://cadcat/histwxstns/SNOTEL/SNOTEL_1248.zarr/
SNOTEL,SNOTEL_1249,s3://cadcat/histwxstns/SNOTEL/SNOTEL_1249.zarr/
SNOTEL,SNOTEL_1250,s3://cadcat/histwxstns/SNOTEL/SNOTEL_1250.zarr/
SNOTEL,SNOTEL_1251,s3://cadcat/histwxstns/SNOTEL/SNOTEL_1251.zarr/
SNOTEL,SNOTEL_1252,s3://cadcat/histwxstns/SNOTEL/SNOTEL_1252.zarr/
SNOTEL,SNOTEL_1253,s3://cadcat/histwxstns/SNOTEL/SNOTEL_1253.zarr/
SNOTEL,SNOTEL_1254,s3://cadcat/histwxstns/SNOTEL/SNOTEL_1254.zarr/
SNOTEL,SNOTEL_1255,s3://cadcat/histwxstns/SNOTEL/SNOTEL_1255.zarr/
SNOTEL,SNOTEL_1256,s3://cadcat/histwxstns/SNOTEL/SNOTEL_1256.zarr/
SNOTEL,SNOTEL_1257,s3://cadcat/histwxstns/SNOTEL/SNOTEL_1257.zarr/
SNOTEL,SNOTEL_1258,s3://cadcat/histwxstns/SNOTEL/SNOTEL_1258.zarr/
SNOTEL,SNOTEL_1259,s3://cadcat/histwxstns/SNOTEL/SNOTEL_1259.zarr/
SNOTEL,SNOTEL_1261,s3://cadcat/histwxstns/SNOTEL/SNOTEL_1261.zarr/
SNOTEL,SNOTEL_1262,s3://cadcat/histwxstns/SNOTEL/SNOTEL_1262.zarr/
SNOTEL,SNOTEL_1263,s3://cadcat/histwxstns/SNOTEL/SNOTEL_1263.zarr/
SNOTEL,SNOTEL_1269,s3://cadcat/histwxstns/SNOTEL/SNOTEL_1269.zarr/
SNOTEL,SNOTEL_1271,s3://cadcat/histwxstns/SNOTEL/SNOTEL_1271.zarr/
SNOTEL,SNOTEL_1272,s3://cadcat/histwxstns/SNOTEL/SNOTEL_1272.zarr/
SNOTEL,SNOTEL_1273,s3://cadcat/histwxstns/SNOTEL/SNOTEL_1273.zarr/
SNOTEL,SNOTEL_1274,s3://cadcat/histwxstns/SNOTEL/SNOTEL_1274.zarr/
SNOTEL,SNOTEL_1277,s3://cadcat/histwxstns/SNOTEL/SNOTEL_1277.zarr/
SNOTEL,SNOTEL_1278,s3://cadcat/histwxstns/SNOTEL/SNOTEL_1278.zarr/
SNOTEL,SNOTEL_1280,s3://cadcat/histwxstns/SNOTEL/SNOTEL_1280.zarr/
SNOTEL,SNOTEL_1281,s3://cadcat/histwxstns/SNOTEL/SNOTEL_1281.zarr/
SNOTEL,SNOTEL_1286,s3://cadcat/histwxstns/SNOTEL/SNOTEL_1286.zarr/
SNOTEL,SNOTEL_1287,s3://cadcat/histwxstns/SNOTEL/SNOTEL_1287.zarr/
SNOTEL,SNOTEL_1288,s3://cadcat/histwxstns/SNOTEL/SNOTEL_1288.zarr/
SNOTEL,SNOTEL_1289,s3://cadcat/histwxstns/SNOTEL/SNOTEL_1289.zarr/
SNOTEL,SNOTEL_1290,s3://cadcat/histwxstns/SNOTEL/SNOTEL_1290.zarr/
SNOTEL,SNOTEL_1291,s3://cadcat/histwxstns/SNOTEL/SNOTEL_1291.zarr/
SNOTEL,SNOTEL_1292,s3://cadcat/histwxstns/SNOTEL/SNOTEL_1292.zarr/
SNOTEL,SNOTEL_1293,s3://cadcat/histwxstns/SNOTEL/SNOTEL_1293.zarr/
SNOTEL,SNOTEL_1294,s3://cadcat/histwxstns/SNOTEL/SNOTEL_1294.zarr/
SNOTEL,SNOTEL_1295,s3://cadcat/histwxstns/SNOTEL/SNOTEL_1295.zarr/
SNOTEL,SNOTEL_1296,s3://cadcat/histwxstns/SNOTEL/SNOTEL_1296.zarr/
SNOTEL,SNOTEL_1297,s3://cadcat/histwxstns/SNOTEL/SNOTEL_1297.zarr/
SNOTEL,SNOTEL_1298,s3://cadcat/histwxstns/SNOTEL/SNOTEL_1298.zarr/
SNOTEL,SNOTEL_1299,s3://cadcat/histwxstns/SNOTEL/SNOTEL_1299.zarr/
SNOTEL,SNOTEL_1300,s3://cadcat/histwxstns/SNOTEL/SNOTEL_1300.zarr/
SNOTEL,SNOTEL_1304,s3://cadcat/histwxstns/SNOTEL/SNOTEL_1304.zarr/
SNOTEL,SNOTEL_1305,s3://cadcat/histwxstns/SNOTEL/SNOTEL_1305.zarr/
SNOTEL,SNOTEL_1306,s3://cadcat/histwxstns/SNOTEL/SNOTEL_1306.zarr/
SNOTEL,SNOTEL_1307,s3://cadcat/histwxstns/SNOTEL/SNOTEL_1307.zarr/
SNOTEL,SNOTEL_1308,s3://cadcat/histwxstns/SNOTEL/SNOTEL_1308.zarr/
SNOTEL,SNOTEL_1310,s3://cadcat/histwxstns/SNOTEL/SNOTEL_1310.zarr/
SNOTEL,SNOTEL_2029,s3://cadcat/histwxstns/SNOTEL/SNOTEL_2029.zarr/
SNOTEL,SNOTEL_2170,s3://cadcat/histwxstns/SNOTEL/SNOTEL_2170.zarr/
SNOTEL,SNOTEL_301,s3://cadcat/histwxstns/SNOTEL/SNOTEL_301.zarr/
SNOTEL,SNOTEL_302,s3://cadcat/histwxstns/SNOTEL/SNOTEL_302.zarr/
SNOTEL,SNOTEL_303,s3://cadcat/histwxstns/SNOTEL/SNOTEL_303.zarr/
SNOTEL,SNOTEL_304,s3://cadcat/histwxstns/SNOTEL/SNOTEL_304.zarr/
SNOTEL,SNOTEL_305,s3://cadcat/histwxstns/SNOTEL/SNOTEL_305.zarr/
SNOTEL,SNOTEL_306,s3://cadcat/histwxstns/SNOTEL/SNOTEL_306.zarr/
SNOTEL,SNOTEL_307,s3://cadcat/histwxstns/SNOTEL/SNOTEL_307.zarr/
SNOTEL,SNOTEL_308,s3://cadcat/histwxstns/SNOTEL/SNOTEL_308.zarr/
SNOTEL,SNOTEL_309,s3://cadcat/histwxstns/SNOTEL/SNOTEL_309.zarr/
SNOTEL,SNOTEL_310,s3://cadcat/histwxstns/SNOTEL/SNOTEL_310.zarr/
SNOTEL,SNOTEL_311,s3://cadcat/histwxstns/SNOTEL/SNOTEL_311.zarr/
SNOTEL,SNOTEL_312,s3://cadcat/histwxstns/SNOTEL/SNOTEL_312.zarr/
SNOTEL,SNOTEL_313,s3://cadcat/histwxstns/SNOTEL/SNOTEL_313.zarr/
SNOTEL,SNOTEL_314,s3://cadcat/histwxstns/SNOTEL/SNOTEL_314.zarr/
SNOTEL,SNOTEL_315,s3://cadcat/histwxstns/SNOTEL/SNOTEL_315.zarr/
SNOTEL,SNOTEL_316,s3://cadcat/histwxstns/SNOTEL/SNOTEL_316.zarr/
SNOTEL,SNOTEL_317,s3://cadcat/histwxstns/SNOTEL/SNOTEL_317.zarr/
SNOTEL,SNOTEL_318,s3://cadcat/histwxstns/SNOTEL/SNOTEL_318.zarr/
SNOTEL,SNOTEL_319,s3://cadcat/histwxstns/SNOTEL/SNOTEL_319.zarr/
SNOTEL,SNOTEL_320,s3://cadcat/histwxstns/SNOTEL/SNOTEL_320.zarr/
SNOTEL,SNOTEL_321,s3://cadcat/histwxstns/SNOTEL/SNOTEL_321.zarr/
SNOTEL,SNOTEL_322,s3://cadcat/histwxstns/SNOTEL/SNOTEL_322.zarr/
SNOTEL,SNOTEL_323,s3://cadcat/histwxstns/SNOTEL/SNOTEL_323.zarr/
SNOTEL,SNOTEL_324,s3://cadcat/histwxstns/SNOTEL/SNOTEL_324.zarr/
SNOTEL,SNOTEL_325,s3://cadcat/histwxstns/SNOTEL/SNOTEL_325.zarr/
SNOTEL,SNOTEL_326,s3://cadcat/histwxstns/SNOTEL/SNOTEL_326.zarr/
SNOTEL,SNOTEL_327,s3://cadcat/histwxstns/SNOTEL/SNOTEL_327.zarr/
SNOTEL,SNOTEL_328,s3://cadcat/histwxstns/SNOTEL/SNOTEL_328.zarr/
SNOTEL,SNOTEL_329,s3://cadcat/histwxstns/SNOTEL/SNOTEL_329.zarr/
SNOTEL,SNOTEL_330,s3://cadcat/histwxstns/SNOTEL/SNOTEL_330.zarr/
SNOTEL,SNOTEL_331,s3://cadcat/histwxstns/SNOTEL/SNOTEL_331.zarr/
SNOTEL,SNOTEL_332,s3://cadcat/histwxstns/SNOTEL/SNOTEL_332.zarr/
SNOTEL,SNOTEL_333,s3://cadcat/histwxstns/SNOTEL/SNOTEL_333.zarr/
SNOTEL,SNOTEL_334,s3://cadcat/histwxstns/SNOTEL/SNOTEL_334.zarr/
SNOTEL,SNOTEL_335,s3://cadcat/histwxstns/SNOTEL/SNOTEL_335.zarr/
SNOTEL,SNOTEL_336,s3://cadcat/histwxstns/SNOTEL/SNOTEL_336.zarr/
SNOTEL,SNOTEL_337,s3://cadcat/histwxstns/SNOTEL/SNOTEL_337.zarr/
SNOTEL,SNOTEL_338,s3://cadcat/histwxstns/SNOTEL/SNOTEL_338.zarr/
SNOTEL,SNOTEL_339,s3://cadcat/histwxstns/SNOTEL/SNOTEL_339.zarr/
SNOTEL,SNOTEL_340,s3://cadcat/histwxstns/SNOTEL/SNOTEL_340.zarr/
SNOTEL,SNOTEL_341,s3://cadcat/histwxstns/SNOTEL/SNOTEL_341.zarr/
SNOTEL,SNOTEL_342,s3://cadcat/histwxstns/SNOTEL/SNOTEL_342.zarr/
SNOTEL,SNOTEL_343,s3://cadcat/histwxstns/SNOTEL/SNOTEL_343.zarr/
SNOTEL,SNOTEL_344,s3://cadcat/histwxstns/SNOTEL/SNOTEL_344.zarr/
SNOTEL,SNOTEL_345,s3://cadcat/histwxstns/SNOTEL/SNOTEL_345.zarr/
SNOTEL,SNOTEL_346,s3://cadcat/histwxstns/SNOTEL/SNOTEL_346.zarr/
SNOTEL,SNOTEL_347,s3://cadcat/histwxstns/SNOTEL/SNOTEL_347.zarr/
SNOTEL,SNOTEL_348,s3://cadcat/histwxstns/SNOTEL/SNOTEL_348.zarr/
SNOTEL,SNOTEL_349,s3://cadcat/histwxstns/SNOTEL/SNOTEL_349.zarr/
SNOTEL,SNOTEL_350,s3://cadcat/histwxstns/SNOTEL/SNOTEL_350.zarr/
SNOTEL,SNOTEL_351,s3://cadcat/histwxstns/SNOTEL/SNOTEL_351.zarr/
SNOTEL,SNOTEL_352,s3://cadcat/histwxstns/SNOTEL/SNOTEL_352.zarr/
SNOTEL,SNOTEL_353,s3://cadcat/histwxstns/SNOTEL/SNOTEL_353.zarr/
SNOTEL,SNOTEL_354,s3://cadcat/histwxstns/SNOTEL/SNOTEL_354.zarr/
SNOTEL,SNOTEL_355,s3://cadcat/histwxstns/SNOTEL/SNOTEL_355.zarr/
SNOTEL,SNOTEL_356,s3://cadcat/histwxstns/SNOTEL/SNOTEL_356.zarr/
SNOTEL,SNOTEL_357,s3://cadcat/histwxstns/SNOTEL/SNOTEL_357.zarr/
SNOTEL,SNOTEL_358,s3://cadcat/histwxstns/SNOTEL/SNOTEL_358.zarr/
SNOTEL,SNOTEL_359,s3://cadcat/histwxstns/SNOTEL/SNOTEL_359.zarr/
SNOTEL,SNOTEL_360,s3://cadcat/histwxstns/SNOTEL/SNOTEL_360.zarr/
SNOTEL,SNOTEL_361,s3://cadcat/histwxstns/SNOTEL/SNOTEL_361.zarr/
SNOTEL,SNOTEL_362,s3://cadcat/histwxstns/SNOTEL/SNOTEL_362.zarr/
SNOTEL,SNOTEL_363,s3://cadcat/histwxstns/SNOTEL/SNOTEL_363.zarr/
SNOTEL,SNOTEL_364,s3://cadcat/histwxstns/SNOTEL/SNOTEL_364.zarr/
SNOTEL,SNOTEL_365,s3://cadcat/histwxstns/SNOTEL/SNOTEL_365.zarr/
SNOTEL,SNOTEL_366,s3://cadcat/histwxstns/SNOTEL/SNOTEL_366.zarr/
SNOTEL,SNOTEL_367,s3://cadcat/histwxstns/SNOTEL/SNOTEL_367.zarr/
SNOTEL,SNOTEL_368,s3://cadcat/histwxstns/SNOTEL/SNOTEL_368.zarr/
SNOTEL,SNOTEL_369,s3://cadcat/histwxstns/SNOTEL/SNOTEL_369.zarr/
SNOTEL,SNOTEL_370,s3://cadcat/histwxstns/SNOTEL/SNOTEL_370.zarr/
SNOTEL,SNOTEL_371,s3://cadcat/histwxstns/SNOTEL/SNOTEL_371.zarr/
SNOTEL,SNOTEL_373,s3://cadcat/histwxstns/SNOTEL/SNOTEL_373.zarr/
SNOTEL,SNOTEL_374,s3://cadcat/histwxstns/SNOTEL/SNOTEL_374.zarr/
SNOTEL,SNOTEL_375,s3://cadcat/histwxstns/SNOTEL/SNOTEL_375.zarr/
SNOTEL,SNOTEL_376,s3://cadcat/histwxstns/SNOTEL/SNOTEL_376.zarr/
SNOTEL,SNOTEL_377,s3://cadcat/histwxstns/SNOTEL/SNOTEL_377.zarr/
SNOTEL,SNOTEL_378,s3://cadcat/histwxstns/SNOTEL/SNOTEL_378.zarr/
SNOTEL,SNOTEL_379,s3://cadcat/histwxstns/SNOTEL/SNOTEL_379.zarr/
SNOTEL,SNOTEL_380,s3://cadcat/histwxstns/SNOTEL/SNOTEL_380.zarr/
SNOTEL,SNOTEL_381,s3://cadcat/histwxstns/SNOTEL/SNOTEL_381.zarr/
SNOTEL,SNOTEL_382,s3://cadcat/histwxstns/SNOTEL/SNOTEL_382.zarr/
SNOTEL,SNOTEL_383,s3://cadcat/histwxstns/SNOTEL/SNOTEL_383.zarr/
SNOTEL,SNOTEL_384,s3://cadcat/histwxstns/SNOTEL/SNOTEL_384.zarr/
SNOTEL,SNOTEL_385,s3://cadcat/histwxstns/SNOTEL/SNOTEL_385.zarr/
SNOTEL,SNOTEL_386,s3://cadcat/histwxstns/SNOTEL/SNOTEL_386.zarr/
SNOTEL,SNOTEL_387,s3://cadcat/histwxstns/SNOTEL/SNOTEL_387.zarr/
SNOTEL,SNOTEL_388,s3://cadcat/histwxstns/SNOTEL/SNOTEL_388.zarr/
SNOTEL,SNOTEL_389,s3://cadcat/histwxstns/SNOTEL/SNOTEL_389.zarr/
SNOTEL,SNOTEL_390,s3://cadcat/histwxstns/SNOTEL/SNOTEL_390.zarr/
SNOTEL,SNOTEL_391,s3://cadcat/histwxstns/SNOTEL/SNOTEL_391.zarr/
SNOTEL,SNOTEL_392,s3://cadcat/histwxstns/SNOTEL/SNOTEL_392.zarr/
SNOTEL,SNOTEL_393,s3://cadcat/histwxstns/SNOTEL/SNOTEL_393.zarr/
SNOTEL,SNOTEL_394,s3://cadcat/histwxstns/SNOTEL/SNOTEL_394.zarr/
SNOTEL,SNOTEL_395,s3://cadcat/histwxstns/SNOTEL/SNOTEL_395.zarr/
SNOTEL,SNOTEL_396,s3://cadcat/histwxstns/SNOTEL/SNOTEL_396.zarr/
SNOTEL,SNOTEL_398,s3://cadcat/histwxstns/SNOTEL/SNOTEL_398.zarr/
SNOTEL,SNOTEL_399,s3://cadcat/histwxstns/SNOTEL/SNOTEL_399.zarr/
SNOTEL,SNOTEL_400,s3://cadcat/histwxstns/SNOTEL/SNOTEL_400.zarr/
SNOTEL,SNOTEL_401,s3://cadcat/histwxstns/SNOTEL/SNOTEL_401.zarr/
SNOTEL,SNOTEL_402,s3://cadcat/histwxstns/SNOTEL/SNOTEL_402.zarr/
SNOTEL,SNOTEL_403,s3://cadcat/histwxstns/SNOTEL/SNOTEL_403.zarr/
SNOTEL,SNOTEL_405,s3://cadcat/histwxstns/SNOTEL/SNOTEL_405.zarr/
SNOTEL,SNOTEL_406,s3://cadcat/histwxstns/SNOTEL/SNOTEL_406.zarr/
SNOTEL,SNOTEL_407,s3://cadcat/histwxstns/SNOTEL/SNOTEL_407.zarr/
SNOTEL,SNOTEL_408,s3://cadcat/histwxstns/SNOTEL/SNOTEL_408.zarr/
SNOTEL,SNOTEL_409,s3://cadcat/histwxstns/SNOTEL/SNOTEL_409.zarr/
SNOTEL,SNOTEL_410,s3://cadcat/histwxstns/SNOTEL/SNOTEL_410.zarr/
SNOTEL,SNOTEL_411,s3://cadcat/histwxstns/SNOTEL/SNOTEL_411.zarr/
SNOTEL,SNOTEL_412,s3://cadcat/histwxstns/SNOTEL/SNOTEL_412.zarr/
SNOTEL,SNOTEL_413,s3://cadcat/histwxstns/SNOTEL/SNOTEL_413.zarr/
SNOTEL,SNOTEL_414,s3://cadcat/histwxstns/SNOTEL/SNOTEL_414.zarr/
SNOTEL,SNOTEL_415,s3://cadcat/histwxstns/SNOTEL/SNOTEL_415.zarr/
SNOTEL,SNOTEL_416,s3://cadcat/histwxstns/SNOTEL/SNOTEL_416.zarr/
SNOTEL,SNOTEL_417,s3://cadcat/histwxstns/SNOTEL/SNOTEL_417.zarr/
SNOTEL,SNOTEL_418,s3://cadcat/histwxstns/SNOTEL/SNOTEL_418.zarr/
SNOTEL,SNOTEL_419,s3://cadcat/histwxstns/SNOTEL/SNOTEL_419.zarr/
SNOTEL,SNOTEL_420,s3://cadcat/histwxstns/SNOTEL/SNOTEL_420.zarr/
SNOTEL,SNOTEL_422,s3://cadcat/histwxstns/SNOTEL/SNOTEL_422.zarr/
SNOTEL,SNOTEL_423,s3://cadcat/histwxstns/SNOTEL/SNOTEL_423.zarr/
SNOTEL,SNOTEL_424,s3://cadcat/histwxstns/SNOTEL/SNOTEL_424.zarr/
SNOTEL,SNOTEL_425,s3://cadcat/histwxstns/SNOTEL/SNOTEL_425.zarr/
SNOTEL,SNOTEL_426,s3://cadcat/histwxstns/SNOTEL/SNOTEL_426.zarr/
SNOTEL,SNOTEL_427,s3://cadcat/histwxstns/SNOTEL/SNOTEL_427.zarr/
SNOTEL,SNOTEL_428,s3://cadcat/histwxstns/SNOTEL/SNOTEL_428.zarr/
SNOTEL,SNOTEL_430,s3://cadcat/histwxstns/SNOTEL/SNOTEL_430.zarr/
SNOTEL,SNOTEL_431,s3://cadcat/histwxstns/SNOTEL/SNOTEL_431.zarr/
SNOTEL,SNOTEL_432,s3://cadcat/histwxstns/SNOTEL/SNOTEL_432.zarr/
SNOTEL,SNOTEL_433,s3://cadcat/histwxstns/SNOTEL/SNOTEL_433.zarr/
SNOTEL,SNOTEL_434,s3://cadcat/histwxstns/SNOTEL/SNOTEL_434.zarr/
SNOTEL,SNOTEL_435,s3://cadcat/histwxstns/SNOTEL/SNOTEL_435.zarr/
SNOTEL,SNOTEL_436,s3://cadcat/histwxstns/SNOTEL/SNOTEL_436.zarr/
SNOTEL,SNOTEL_437,s3://cadcat/histwxstns/SNOTEL/SNOTEL_437.zarr/
SNOTEL,SNOTEL_438,s3://cadcat/histwxstns/SNOTEL/SNOTEL_438.zarr/
SNOTEL,SNOTEL_439,s3://cadcat/histwxstns/SNOTEL/SNOTEL_439.zarr/
SNOTEL,SNOTEL_440,s3://cadcat/histwxstns/SNOTEL/SNOTEL_440.zarr/
SNOTEL,SNOTEL_442,s3://cadcat/histwxstns/SNOTEL/SNOTEL_442.zarr/
SNOTEL,SNOTEL_443,s3://cadcat/histwxstns/SNOTEL/SNOTEL_443.zarr/
SNOTEL,SNOTEL_444,s3://cadcat/histwxstns/SNOTEL/SNOTEL_444.zarr/
SNOTEL,SNOTEL_445,s3://cadcat/histwxstns/SNOTEL/SNOTEL_445.zarr/
SNOTEL,SNOTEL_446,s3://cadcat/histwxstns/SNOTEL/SNOTEL_446.zarr/
SNOTEL,SNOTEL_447,s3://cadcat/histwxstns/SNOTEL/SNOTEL_447.zarr/
SNOTEL,SNOTEL_448,s3://cadcat/histwxstns/SNOTEL/SNOTEL_448.zarr/
SNOTEL,SNOTEL_449,s3://cadcat/histwxstns/SNOTEL/SNOTEL_449.zarr/
SNOTEL,SNOTEL_450,s3://cadcat/histwxstns/SNOTEL/SNOTEL_450.zarr/
SNOTEL,SNOTEL_451,s3://cadcat/histwxstns/SNOTEL/SNOTEL_451.zarr/
SNOTEL,SNOTEL_452,s3://cadcat/histwxstns/SNOTEL/SNOTEL_452.zarr/
SNOTEL,SNOTEL_453,s3://cadcat/histwxstns/SNOTEL/SNOTEL_453.zarr/
SNOTEL,SNOTEL_454,s3://cadcat/histwxstns/SNOTEL/SNOTEL_454.zarr/
SNOTEL,SNOTEL_455,s3://cadcat/histwxstns/SNOTEL/SNOTEL_455.zarr/
SNOTEL,SNOTEL_456,s3://cadcat/histwxstns/SNOTEL/SNOTEL_456.zarr/
SNOTEL,SNOTEL_457,s3://cadcat/histwxstns/SNOTEL/SNOTEL_457.zarr/
SNOTEL,SNOTEL_458,s3://cadcat/histwxstns/SNOTEL/SNOTEL_458.zarr/
SNOTEL,SNOTEL_460,s3://cadcat/histwxstns/SNOTEL/SNOTEL_460.zarr/
SNOTEL,SNOTEL_461,s3://cadcat/histwxstns/SNOTEL/SNOTEL_461.zarr/
SNOTEL,SNOTEL_462,s3://cadcat/histwxstns/SNOTEL/SNOTEL_462.zarr/
SNOTEL,SNOTEL_463,s3://cadcat/histwxstns/SNOTEL/SNOTEL_463.zarr/
SNOTEL,SNOTEL_464,s3://cadcat/histwxstns/SNOTEL/SNOTEL_464.zarr/
SNOTEL,SNOTEL_465,s3://cadcat/histwxstns/SNOTEL/SNOTEL_465.zarr/
SNOTEL,SNOTEL_466,s3://cadcat/histwxstns/SNOTEL/SNOTEL_466.zarr/
SNOTEL,SNOTEL_467,s3://cadcat/histwxstns/SNOTEL/SNOTEL_467.zarr/
SNOTEL,SNOTEL_468,s3://cadcat/histwxstns/SNOTEL/SNOTEL_468.zarr/
SNOTEL,SNOTEL_469,s3://cadcat/histwxstns/SNOTEL/SNOTEL_469.zarr/
SNOTEL,SNOTEL_470,s3://cadcat/histwxstns/SNOTEL/SNOTEL_470.zarr/
SNOTEL,SNOTEL_471,s3://cadcat/histwxstns/SNOTEL/SNOTEL_471.zarr/
SNOTEL,SNOTEL_472,s3://cadcat/histwxstns/SNOTEL/SNOTEL_472.zarr/
SNOTEL,SNOTEL_473,s3://cadcat/histwxstns/SNOTEL/SNOTEL_473.zarr/
SNOTEL,SNOTEL_474,s3://cadcat/histwxstns/SNOTEL/SNOTEL_474.zarr/
SNOTEL,SNOTEL_475,s3://cadcat/histwxstns/SNOTEL/SNOTEL_475.zarr/
SNOTEL,SNOTEL_476,s3://cadcat/histwxstns/SNOTEL/SNOTEL_476.zarr/
SNOTEL,SNOTEL_477,s3://cadcat/histwxstns/SNOTEL/SNOTEL_477.zarr/
SNOTEL,SNOTEL_478,s3://cadcat/histwxstns/SNOTEL/SNOTEL_478.zarr/
SNOTEL,SNOTEL_479,s3://cadcat/histwxstns/SNOTEL/SNOTEL_479.zarr/
SNOTEL,SNOTEL_480,s3://cadcat/histwxstns/SNOTEL/SNOTEL_480.zarr/
SNOTEL,SNOTEL_481,s3://cadcat/histwxstns/SNOTEL/SNOTEL_481.zarr/
SNOTEL,SNOTEL_482,s3://cadcat/histwxstns/SNOTEL/SNOTEL_482.zarr/
SNOTEL,SNOTEL_483,s3://cadcat/histwxstns/SNOTEL/SNOTEL_483.zarr/
SNOTEL,SNOTEL_484,s3://cadcat/histwxstns/SNOTEL/SNOTEL_484.zarr/
SNOTEL,SNOTEL_485,s3://cadcat/histwxstns/SNOTEL/SNOTEL_485.zarr/
SNOTEL,SNOTEL_486,s3://cadcat/histwxstns/SNOTEL/SNOTEL_486.zarr/
SNOTEL,SNOTEL_487,s3://cadcat/histwxstns/SNOTEL/SNOTEL_487.zarr/
SNOTEL,SNOTEL_488,s3://cadcat/histwxstns/SNOTEL/SNOTEL_488.zarr/
SNOTEL,SNOTEL_489,s3://cadcat/histwxstns/SNOTEL/SNOTEL_489.zarr/
SNOTEL,SNOTEL_490,s3://cadcat/histwxstns/SNOTEL/SNOTEL_490.zarr/
SNOTEL,SNOTEL_491,s3://cadcat/histwxstns/SNOTEL/SNOTEL_491.zarr/
SNOTEL,SNOTEL_492,s3://cadcat/histwxstns/SNOTEL/SNOTEL_492.zarr/
SNOTEL,SNOTEL_493,s3://cadcat/histwxstns/SNOTEL/SNOTEL_493.zarr/
SNOTEL,SNOTEL_494,s3://cadcat/histwxstns/SNOTEL/SNOTEL_494.zarr/
SNOTEL,SNOTEL_495,s3://cadcat/histwxstns/SNOTEL/SNOTEL_495.zarr/
SNOTEL,SNOTEL_496,s3://cadcat/histwxstns/SNOTEL/SNOTEL_496.zarr/
SNOTEL,SNOTEL_497,s3://cadcat/histwxstns/SNOTEL/SNOTEL_497.zarr/
SNOTEL,SNOTEL_498,s3://cadcat/histwxstns/SNOTEL/SNOTEL_498.zarr/
SNOTEL,SNOTEL_499,s3://cadcat/histwxstns/SNOTEL/SNOTEL_499.zarr/
SNOTEL,SNOTEL_500,s3://cadcat/histwxstns/SNOTEL/SNOTEL_500.zarr/
SNOTEL,SNOTEL_501,s3://cadcat/histwxstns/SNOTEL/SNOTEL_501.zarr/
SNOTEL,SNOTEL_502,s3://cadcat/histwxstns/SNOTEL/SNOTEL_502.zarr/
SNOTEL,SNOTEL_503,s3://cadcat/histwxstns/SNOTEL/SNOTEL_503.zarr/
SNOTEL,SNOTEL_504,s3://cadcat/histwxstns/SNOTEL/SNOTEL_504.zarr/
SNOTEL,SNOTEL_505,s3://cadcat/histwxstns/SNOTEL/SNOTEL_505.zarr/
SNOTEL,SNOTEL_506,s3://cadcat/histwxstns/SNOTEL/SNOTEL_506.zarr/
SNOTEL,SNOTEL_507,s3://cadcat/histwxstns/SNOTEL/SNOTEL_507.zarr/
SNOTEL,SNOTEL_508,s3://cadcat/histwxstns/SNOTEL/SNOTEL_508.zarr/
SNOTEL,SNOTEL_509,s3://cadcat/histwxstns/SNOTEL/SNOTEL_509.zarr/
SNOTEL,SNOTEL_510,s3://cadcat/histwxstns/SNOTEL/SNOTEL_510.zarr/
SNOTEL,SNOTEL_511,s3://cadcat/histwxstns/SNOTEL/SNOTEL_511.zarr/
SNOTEL,SNOTEL_512,s3://cadcat/histwxstns/SNOTEL/SNOTEL_512.zarr/
SNOTEL,SNOTEL_513,s3://cadcat/histwxstns/SNOTEL/SNOTEL_513.zarr/
SNOTEL,SNOTEL_514,s3://cadcat/histwxstns/SNOTEL/SNOTEL_514.zarr/
SNOTEL,SNOTEL_515,s3://cadcat/histwxstns/SNOTEL/SNOTEL_515.zarr/
SNOTEL,SNOTEL_516,s3://cadcat/histwxstns/SNOTEL/SNOTEL_516.zarr/
SNOTEL,SNOTEL_517,s3://cadcat/histwxstns/SNOTEL/SNOTEL_517.zarr/
SNOTEL,SNOTEL_518,s3://cadcat/histwxstns/SNOTEL/SNOTEL_518.zarr/
SNOTEL,SNOTEL_519,s3://cadcat/histwxstns/SNOTEL/SNOTEL_519.zarr/
SNOTEL,SNOTEL_520,s3://cadcat/histwxstns/SNOTEL/SNOTEL_520.zarr/
SNOTEL,SNOTEL_521,s3://cadcat/histwxstns/SNOTEL/SNOTEL_521.zarr/
SNOTEL,SNOTEL_522,s3://cadcat/histwxstns/SNOTEL/SNOTEL_522.zarr/
SNOTEL,SNOTEL_523,s3://cadcat/histwxstns/SNOTEL/SNOTEL_523.zarr/
SNOTEL,SNOTEL_524,s3://cadcat/histwxstns/SNOTEL/SNOTEL_524.zarr/
SNOTEL,SNOTEL_525,s3://cadcat/histwxstns/SNOTEL/SNOTEL_525.zarr/
SNOTEL,SNOTEL_526,s3://cadcat/histwxstns/SNOTEL/SNOTEL_526.zarr/
SNOTEL,SNOTEL_527,s3://cadcat/histwxstns/SNOTEL/SNOTEL_527.zarr/
SNOTEL,SNOTEL_528,s3://cadcat/histwxstns/SNOTEL/SNOTEL_528.zarr/
SNOTEL,SNOTEL_529,s3://cadcat/histwxstns/SNOTEL/SNOTEL_529.zarr/
SNOTEL,SNOTEL_530,s3://cadcat/histwxstns/SNOTEL/SNOTEL_530.zarr/
SNOTEL,SNOTEL_531,s3://cadcat/histwxstns/SNOTEL/SNOTEL_531.zarr/
SNOTEL,SNOTEL_532,s3://cadcat/histwxstns/SNOTEL/SNOTEL_532.zarr/
SNOTEL,SNOTEL_533,s3://cadcat/histwxstns/SNOTEL/SNOTEL_533.zarr/
SNOTEL,SNOTEL_534,s3://cadcat/histwxstns/SNOTEL/SNOTEL_534.zarr/
SNOTEL,SNOTEL_535,s3://cadcat/histwxstns/SNOTEL/SNOTEL_535.zarr/
SNOTEL,SNOTEL_536,s3://cadcat/histwxstns/SNOTEL/SNOTEL_536.zarr/
SNOTEL,SNOTEL_537,s3://cadcat/histwxstns/SNOTEL/SNOTEL_537.zarr/
SNOTEL,SNOTEL_538,s3://cadcat/histwxstns/SNOTEL/SNOTEL_538.zarr/
SNOTEL,SNOTEL_539,s3://cadcat/histwxstns/SNOTEL/SNOTEL_539.zarr/
SNOTEL,SNOTEL_540,s3://cadcat/histwxstns/SNOTEL/SNOTEL_540.zarr/
SNOTEL,SNOTEL_541,s3://cadcat/histwxstns/SNOTEL/SNOTEL_541.zarr/
SNOTEL,SNOTEL_542,s3://cadcat/histwxstns/SNOTEL/SNOTEL_542.zarr/
SNOTEL,SNOTEL_543,s3://cadcat/histwxstns/SNOTEL/SNOTEL_543.zarr/
SNOTEL,SNOTEL_544,s3://cadcat/histwxstns/SNOTEL/SNOTEL_544.zarr/
SNOTEL,SNOTEL_545,s3://cadcat/histwxstns/SNOTEL/SNOTEL_545.zarr/
SNOTEL,SNOTEL_546,s3://cadcat/histwxstns/SNOTEL/SNOTEL_546.zarr/
SNOTEL,SNOTEL_547,s3://cadcat/histwxstns/SNOTEL/SNOTEL_547.zarr/
SNOTEL,SNOTEL_548,s3://cadcat/histwxstns/SNOTEL/SNOTEL_548.zarr/
SNOTEL,SNOTEL_549,s3://cadcat/histwxstns/SNOTEL/SNOTEL_549.zarr/
SNOTEL,SNOTEL_550,s3://cadcat/histwxstns/SNOTEL/SNOTEL_550.zarr/
SNOTEL,SNOTEL_551,s3://cadcat/histwxstns/SNOTEL/SNOTEL_551.zarr/
SNOTEL,SNOTEL_552,s3://cadcat/histwxstns/SNOTEL/SNOTEL_552.zarr/
SNOTEL,SNOTEL_553,s3://cadcat/histwxstns/SNOTEL/SNOTEL_553.zarr/
SNOTEL,SNOTEL_554,s3://cadcat/histwxstns/SNOTEL/SNOTEL_554.zarr/
SNOTEL,SNOTEL_555,s3://cadcat/histwxstns/SNOTEL/SNOTEL_555.zarr/
SNOTEL,SNOTEL_556,s3://cadcat/histwxstns/SNOTEL/SNOTEL_556.zarr/
SNOTEL,SNOTEL_557,s3://cadcat/histwxstns/SNOTEL/SNOTEL_557.zarr/
SNOTEL,SNOTEL_558,s3://cadcat/histwxstns/SNOTEL/SNOTEL_558.zarr/
SNOTEL,SNOTEL_559,s3://cadcat/histwxstns/SNOTEL/SNOTEL_559.zarr/
SNOTEL,SNOTEL_560,s3://cadcat/histwxstns/SNOTEL/SNOTEL_560.zarr/
SNOTEL,SNOTEL_561,s3://cadcat/histwxstns/SNOTEL/SNOTEL_561.zarr/
SNOTEL,SNOTEL_562,s3://cadcat/histwxstns/SNOTEL/SNOTEL_562.zarr/
SNOTEL,SNOTEL_563,s3://cadcat/histwxstns/SNOTEL/SNOTEL_563.zarr/
SNOTEL,SNOTEL_564,s3://cadcat/histwxstns/SNOTEL/SNOTEL_564.zarr/
SNOTEL,SNOTEL_565,s3://cadcat/histwxstns/SNOTEL/SNOTEL_565.zarr/
SNOTEL,SNOTEL_566,s3://cadcat/histwxstns/SNOTEL/SNOTEL_566.zarr/
SNOTEL,SNOTEL_568,s3://cadcat/histwxstns/SNOTEL/SNOTEL_568.zarr/
SNOTEL,SNOTEL_569,s3://cadcat/histwxstns/SNOTEL/SNOTEL_569.zarr/
SNOTEL,SNOTEL_570,s3://cadcat/histwxstns/SNOTEL/SNOTEL_570.zarr/
SNOTEL,SNOTEL_571,s3://cadcat/histwxstns/SNOTEL/SNOTEL_571.zarr/
SNOTEL,SNOTEL_572,s3://cadcat/histwxstns/SNOTEL/SNOTEL_572.zarr/
SNOTEL,SNOTEL_573,s3://cadcat/histwxstns/SNOTEL/SNOTEL_573.zarr/
SNOTEL,SNOTEL_574,s3://cadcat/histwxstns/SNOTEL/SNOTEL_574.zarr/
SNOTEL,SNOTEL_575,s3://cadcat/histwxstns/SNOTEL/SNOTEL_575.zarr/
SNOTEL,SNOTEL_576,s3://cadcat/histwxstns/SNOTEL/SNOTEL_576.zarr/
SNOTEL,SNOTEL_577,s3://cadcat/histwxstns/SNOTEL/SNOTEL_577.zarr/
SNOTEL,SNOTEL_578,s3://cadcat/histwxstns/SNOTEL/SNOTEL_578.zarr/
SNOTEL,SNOTEL_579,s3://cadcat/histwxstns/SNOTEL/SNOTEL_579.zarr/
SNOTEL,SNOTEL_580,s3://cadcat/histwxstns/SNOTEL/SNOTEL_580.zarr/
SNOTEL,SNOTEL_582,s3://cadcat/histwxstns/SNOTEL/SNOTEL_582.zarr/
SNOTEL,SNOTEL_583,s3://cadcat/histwxstns/SNOTEL/SNOTEL_583.zarr/
SNOTEL,SNOTEL_584,s3://cadcat/histwxstns/SNOTEL/SNOTEL_584.zarr/
SNOTEL,SNOTEL_585,s3://cadcat/histwxstns/SNOTEL/SNOTEL_585.zarr/
SNOTEL,SNOTEL_586,s3://cadcat/histwxstns/SNOTEL/SNOTEL_586.zarr/
SNOTEL,SNOTEL_587,s3://cadcat/histwxstns/SNOTEL/SNOTEL_587.zarr/
SNOTEL,SNOTEL_588,s3://cadcat/histwxstns/SNOTEL/SNOTEL_588.zarr/
SNOTEL,SNOTEL_589,s3://cadcat/histwxstns/SNOTEL/SNOTEL_589.zarr/
SNOTEL,SNOTEL_590,s3://cadcat/histwxstns/SNOTEL/SNOTEL_590.zarr/
SNOTEL,SNOTEL_591,s3://cadcat/histwxstns/SNOTEL/SNOTEL_591.zarr/
SNOTEL,SNOTEL_592,s3://cadcat/histwxstns/SNOTEL/SNOTEL_592.zarr/
SNOTEL,SNOTEL_593,s3://cadcat/histwxstns/SNOTEL/SNOTEL_593.zarr/
SNOTEL,SNOTEL_594,s3://cadcat/histwxstns/SNOTEL/SNOTEL_594.zarr/
SNOTEL,SNOTEL_595,s3://cadcat/histwxstns/SNOTEL/SNOTEL_595.zarr/
SNOTEL,SNOTEL_596,s3://cadcat/histwxstns/SNOTEL/SNOTEL_596.zarr/
SNOTEL,SNOTEL_597,s3://cadcat/histwxstns/SNOTEL/SNOTEL_597.zarr/
SNOTEL,SNOTEL_599,s3://cadcat/histwxstns/SNOTEL/SNOTEL_599.zarr/
SNOTEL,SNOTEL_600,s3://cadcat/histwxstns/SNOTEL/SNOTEL_600.zarr/
SNOTEL,SNOTEL_601,s3://cadcat/histwxstns/SNOTEL/SNOTEL_601.zarr/
SNOTEL,SNOTEL_602,s3://cadcat/histwxstns/SNOTEL/SNOTEL_602.zarr/
SNOTEL,SNOTEL_603,s3://cadcat/histwxstns/SNOTEL/SNOTEL_603.zarr/
SNOTEL,SNOTEL_604,s3://cadcat/histwxstns/SNOTEL/SNOTEL_604.zarr/
SNOTEL,SNOTEL_605,s3://cadcat/histwxstns/SNOTEL/SNOTEL_605.zarr/
SNOTEL,SNOTEL_606,s3://cadcat/histwxstns/SNOTEL/SNOTEL_606.zarr/
SNOTEL,SNOTEL_607,s3://cadcat/histwxstns/SNOTEL/SNOTEL_607.zarr/
SNOTEL,SNOTEL_608,s3://cadcat/histwxstns/SNOTEL/SNOTEL_608.zarr/
SNOTEL,SNOTEL_609,s3://cadcat/histwxstns/SNOTEL/SNOTEL_609.zarr/
SNOTEL,SNOTEL_610,s3://cadcat/histwxstns/SNOTEL/SNOTEL_610.zarr/
SNOTEL,SNOTEL_612,s3://cadcat/histwxstns/SNOTEL/SNOTEL_612.zarr/
SNOTEL,SNOTEL_613,s3://cadcat/histwxstns/SNOTEL/SNOTEL_613.zarr/
SNOTEL,SNOTEL_614,s3://cadcat/histwxstns/SNOTEL/SNOTEL_614.zarr/
SNOTEL,SNOTEL_615,s3://cadcat/histwxstns/SNOTEL/SNOTEL_615.zarr/
SNOTEL,SNOTEL_616,s3://cadcat/histwxstns/SNOTEL/SNOTEL_616.zarr/
SNOTEL,SNOTEL_617,s3://cadcat/histwxstns/SNOTEL/SNOTEL_617.zarr/
SNOTEL,SNOTEL_618,s3://cadcat/histwxstns/SNOTEL/SNOTEL_618.zarr/
SNOTEL,SNOTEL_619,s3://cadcat/histwxstns/SNOTEL/SNOTEL_619.zarr/
SNOTEL,SNOTEL_620,s3://cadcat/histwxstns/SNOTEL/SNOTEL_620.zarr/
SNOTEL,SNOTEL_621,s3://cadcat/histwxstns/SNOTEL/SNOTEL_621.zarr/
SNOTEL,SNOTEL_622,s3://cadcat/histwxstns/SNOTEL/SNOTEL_622.zarr/
SNOTEL,SNOTEL_623,s3://cadcat/histwxstns/SNOTEL/SNOTEL_623.zarr/
SNOTEL,SNOTEL_624,s3://cadcat/histwxstns/SNOTEL/SNOTEL_624.zarr/
SNOTEL,SNOTEL_625,s3://cadcat/histwxstns/SNOTEL/SNOTEL_625.zarr/
SNOTEL,SNOTEL_626,s3://cadcat/histwxstns/SNOTEL/SNOTEL_626.zarr/
SNOTEL,SNOTEL_627,s3://cadcat/histwxstns/SNOTEL/SNOTEL_627.zarr/
SNOTEL,SNOTEL_628,s3://cadcat/histwxstns/SNOTEL/SNOTEL_628.zarr/
SNOTEL,SNOTEL_629,s3://cadcat/histwxstns/SNOTEL/SNOTEL_629.zarr/
SNOTEL,SNOTEL_631,s3://cadcat/histwxstns/SNOTEL/SNOTEL_631.zarr/
SNOTEL,SNOTEL_632,s3://cadcat/histwxstns/SNOTEL/SNOTEL_632.zarr/
SNOTEL,SNOTEL_633,s3://cadcat/histwxstns/SNOTEL/SNOTEL_633.zarr/
SNOTEL,SNOTEL_634,s3://cadcat/histwxstns/SNOTEL/SNOTEL_634.zarr/
SNOTEL,SNOTEL_635,s3://cadcat/histwxstns/SNOTEL/SNOTEL_635.zarr/
SNOTEL,SNOTEL_636,s3://cadcat/histwxstns/SNOTEL/SNOTEL_636.zarr/
SNOTEL,SNOTEL_637,s3://cadcat/histwxstns/SNOTEL/SNOTEL_637.zarr/
SNOTEL,SNOTEL_638,s3://cadcat/histwxstns/SNOTEL/SNOTEL_638.zarr/
SNOTEL,SNOTEL_639,s3://cadcat/histwxstns/SNOTEL/SNOTEL_639.zarr/
SNOTEL,SNOTEL_640,s3://cadcat/histwxstns/SNOTEL/SNOTEL_640.zarr/
SNOTEL,SNOTEL_642,s3://cadcat/histwxstns/SNOTEL/SNOTEL_642.zarr/
SNOTEL,SNOTEL_643,s3://cadcat/histwxstns/SNOTEL/SNOTEL_643.zarr/
SNOTEL,SNOTEL_644,s3://cadcat/histwxstns/SNOTEL/SNOTEL_644.zarr/
SNOTEL,SNOTEL_645,s3://cadcat/histwxstns/SNOTEL/SNOTEL_645.zarr/
SNOTEL,SNOTEL_646,s3://cadcat/histwxstns/SNOTEL/SNOTEL_646.zarr/
SNOTEL,SNOTEL_647,s3://cadcat/histwxstns/SNOTEL/SNOTEL_647.zarr/
SNOTEL,SNOTEL_648,s3://cadcat/histwxstns/SNOTEL/SNOTEL_648.zarr/
SNOTEL,SNOTEL_649,s3://cadcat/histwxstns/SNOTEL/SNOTEL_649.zarr/
SNOTEL,SNOTEL_650,s3://cadcat/histwxstns/SNOTEL/SNOTEL_650.zarr/
SNOTEL,SNOTEL_651,s3://cadcat/histwxstns/SNOTEL/SNOTEL_651.zarr/
SNOTEL,SNOTEL_652,s3://cadcat/histwxstns/SNOTEL/SNOTEL_652.zarr/
SNOTEL,SNOTEL_653,s3://cadcat/histwxstns/SNOTEL/SNOTEL_653.zarr/
SNOTEL,SNOTEL_654,s3://cadcat/histwxstns/SNOTEL/SNOTEL_654.zarr/
SNOTEL,SNOTEL_655,s3://cadcat/histwxstns/SNOTEL/SNOTEL_655.zarr/
SNOTEL,SNOTEL_656,s3://cadcat/histwxstns/SNOTEL/SNOTEL_656.zarr/
SNOTEL,SNOTEL_657,s3://cadcat/histwxstns/SNOTEL/SNOTEL_657.zarr/
SNOTEL,SNOTEL_658,s3://cadcat/histwxstns/SNOTEL/SNOTEL_658.zarr/
SNOTEL,SNOTEL_660,s3://cadcat/histwxstns/SNOTEL/SNOTEL_660.zarr/
SNOTEL,SNOTEL_661,s3://cadcat/histwxstns/SNOTEL/SNOTEL_661.zarr/
SNOTEL,SNOTEL_662,s3://cadcat/histwxstns/SNOTEL/SNOTEL_662.zarr/
SNOTEL,SNOTEL_663,s3://cadcat/histwxstns/SNOTEL/SNOTEL_663.zarr/
SNOTEL,SNOTEL_664,s3://cadcat/histwxstns/SNOTEL/SNOTEL_664.zarr/
SNOTEL,SNOTEL_665,s3://cadcat/histwxstns/SNOTEL/SNOTEL_665.zarr/
SNOTEL,SNOTEL_666,s3://cadcat/histwxstns/SNOTEL/SNOTEL_666.zarr/
SNOTEL,SNOTEL_667,s3://cadcat/histwxstns/SNOTEL/SNOTEL_667.zarr/
SNOTEL,SNOTEL_668,s3://cadcat/histwxstns/SNOTEL/SNOTEL_668.zarr/
SNOTEL,SNOTEL_669,s3://cadcat/histwxstns/SNOTEL/SNOTEL_669.zarr/
SNOTEL,SNOTEL_670,s3://cadcat/histwxstns/SNOTEL/SNOTEL_670.zarr/
SNOTEL,SNOTEL_671,s3://cadcat/histwxstns/SNOTEL/SNOTEL_671.zarr/
SNOTEL,SNOTEL_672,s3://cadcat/histwxstns/SNOTEL/SNOTEL_672.zarr/
SNOTEL,SNOTEL_673,s3://cadcat/histwxstns/SNOTEL/SNOTEL_673.zarr/
SNOTEL,SNOTEL_675,s3://cadcat/histwxstns/SNOTEL/SNOTEL_675.zarr/
SNOTEL,SNOTEL_676,s3://cadcat/histwxstns/SNOTEL/SNOTEL_676.zarr/
SNOTEL,SNOTEL_677,s3://cadcat/histwxstns/SNOTEL/SNOTEL_677.zarr/
SNOTEL,SNOTEL_679,s3://cadcat/histwxstns/SNOTEL/SNOTEL_679.zarr/
SNOTEL,SNOTEL_680,s3://cadcat/histwxstns/SNOTEL/SNOTEL_680.zarr/
SNOTEL,SNOTEL_681,s3://cadcat/histwxstns/SNOTEL/SNOTEL_681.zarr/
SNOTEL,SNOTEL_682,s3://cadcat/histwxstns/SNOTEL/SNOTEL_682.zarr/
SNOTEL,SNOTEL_683,s3://cadcat/histwxstns/SNOTEL/SNOTEL_683.zarr/
SNOTEL,SNOTEL_684,s3://cadcat/histwxstns/SNOTEL/SNOTEL_684.zarr/
SNOTEL,SNOTEL_686,s3://cadcat/histwxstns/SNOTEL/SNOTEL_686.zarr/
SNOTEL,SNOTEL_687,s3://cadcat/histwxstns/SNOTEL/SNOTEL_687.zarr/
SNOTEL,SNOTEL_688,s3://cadcat/histwxstns/SNOTEL/SNOTEL_688.zarr/
SNOTEL,SNOTEL_689,s3://cadcat/histwxstns/SNOTEL/SNOTEL_689.zarr/
SNOTEL,SNOTEL_690,s3://cadcat/histwxstns/SNOTEL/SNOTEL_690.zarr/
SNOTEL,SNOTEL_691,s3://cadcat/histwxstns/SNOTEL/SNOTEL_691.zarr/
SNOTEL,SNOTEL_692,s3://cadcat/histwxstns/SNOTEL/SNOTEL_692.zarr/
SNOTEL,SNOTEL_693,s3://cadcat/histwxstns/SNOTEL/SNOTEL_693.zarr/
SNOTEL,SNOTEL_694,s3://cadcat/histwxstns/SNOTEL/SNOTEL_694.zarr/
SNOTEL,SNOTEL_695,s3://cadcat/histwxstns/SNOTEL/SNOTEL_695.zarr/
SNOTEL,SNOTEL_696,s3://cadcat/histwxstns/SNOTEL/SNOTEL_696.zarr/
SNOTEL,SNOTEL_697,s3://cadcat/histwxstns/SNOTEL/SNOTEL_697.zarr/
SNOTEL,SNOTEL_698,s3://cadcat/histwxstns/SNOTEL/SNOTEL_698.zarr/
SNOTEL,SNOTEL_699,s3://cadcat/histwxstns/SNOTEL/SNOTEL_699.zarr/
SNOTEL,SNOTEL_700,s3://cadcat/histwxstns/SNOTEL/SNOTEL_700.zarr/
SNOTEL,SNOTEL_701,s3://cadcat/histwxstns/SNOTEL/SNOTEL_701.zarr/
SNOTEL,SNOTEL_702,s3://cadcat/histwxstns/SNOTEL/SNOTEL_702.zarr/
SNOTEL,SNOTEL_703,s3://cadcat/histwxstns/SNOTEL/SNOTEL_703.zarr/
SNOTEL,SNOTEL_704,s3://cadcat/histwxstns/SNOTEL/SNOTEL_704.zarr/
SNOTEL,SNOTEL_705,s3://cadcat/histwxstns/SNOTEL/SNOTEL_705.zarr/
SNOTEL,SNOTEL_706,s3://cadcat/histwxstns/SNOTEL/SNOTEL_706.zarr/
SNOTEL,SNOTEL_707,s3://cadcat/histwxstns/SNOTEL/SNOTEL_707.zarr/
SNOTEL,SNOTEL_708,s3://cadcat/histwxstns/SNOTEL/SNOTEL_708.zarr/
SNOTEL,SNOTEL_709,s3://cadcat/histwxstns/SNOTEL/SNOTEL_709.zarr/
SNOTEL,SNOTEL_710,s3://cadcat/histwxstns/SNOTEL/SNOTEL_710.zarr/
SNOTEL,SNOTEL_711,s3://cadcat/histwxstns/SNOTEL/SNOTEL_711.zarr/
SNOTEL,SNOTEL_712,s3://cadcat/histwxstns/SNOTEL/SNOTEL_712.zarr/
SNOTEL,SNOTEL_713,s3://cadcat/histwxstns/SNOTEL/SNOTEL_713.zarr/
SNOTEL,SNOTEL_714,s3://cadcat/histwxstns/SNOTEL/SNOTEL_714.zarr/
SNOTEL,SNOTEL_715,s3://cadcat/histwxstns/SNOTEL/SNOTEL_715.zarr/
SNOTEL,SNOTEL_716,s3://cadcat/histwxstns/SNOTEL/SNOTEL_716.zarr/
SNOTEL,SNOTEL_717,s3://cadcat/histwxstns/SNOTEL/SNOTEL_717.zarr/
SNOTEL,SNOTEL_718,s3://cadcat/histwxstns/SNOTEL/SNOTEL_718.zarr/
SNOTEL,SNOTEL_719,s3://cadcat/histwxstns/SNOTEL/SNOTEL_719.zarr/
SNOTEL,SNOTEL_720,s3://cadcat/histwxstns/SNOTEL/SNOTEL_720.zarr/
SNOTEL,SNOTEL_721,s3://cadcat/histwxstns/SNOTEL/SNOTEL_721.zarr/
SNOTEL,SNOTEL_722,s3://cadcat/histwxstns/SNOTEL/SNOTEL_722.zarr/
SNOTEL,SNOTEL_723,s3://cadcat/histwxstns/SNOTEL/SNOTEL_723.zarr/
SNOTEL,SNOTEL_724,s3://cadcat/histwxstns/SNOTEL/SNOTEL_724.zarr/
SNOTEL,SNOTEL_725,s3://cadcat/histwxstns/SNOTEL/SNOTEL_725.zarr/
SNOTEL,SNOTEL_726,s3://cadcat/histwxstns/SNOTEL/SNOTEL_726.zarr/
SNOTEL,SNOTEL_727,s3://cadcat/histwxstns/SNOTEL/SNOTEL_727.zarr/
SNOTEL,SNOTEL_728,s3://cadcat/histwxstns/SNOTEL/SNOTEL_728.zarr/
SNOTEL,SNOTEL_729,s3://cadcat/histwxstns/SNOTEL/SNOTEL_729.zarr/
SNOTEL,SNOTEL_730,s3://cadcat/histwxstns/SNOTEL/SNOTEL_730.zarr/
SNOTEL,SNOTEL_731,s3://cadcat/histwxstns/SNOTEL/SNOTEL_731.zarr/
SNOTEL,SNOTEL_732,s3://cadcat/histwxstns/SNOTEL/SNOTEL_732.zarr/
SNOTEL,SNOTEL_733,s3://cadcat/histwxstns/SNOTEL/SNOTEL_733.zarr/
SNOTEL,SNOTEL_734,s3://cadcat/histwxstns/SNOTEL/SNOTEL_734.zarr/
SNOTEL,SNOTEL_735,s3://cadcat/histwxstns/SNOTEL/SNOTEL_735.zarr/
SNOTEL,SNOTEL_736,s3://cadcat/histwxstns/SNOTEL/SNOTEL_736.zarr/
SNOTEL,SNOTEL_737,s3://cadcat/histwxstns/SNOTEL/SNOTEL_737.zarr/
SNOTEL,SNOTEL_738,s3://cadcat/histwxstns/SNOTEL/SNOTEL_738.zarr/
SNOTEL,SNOTEL_739,s3://cadcat/histwxstns/SNOTEL/SNOTEL_739.zarr/
SNOTEL,SNOTEL_740,s3://cadcat/histwxstns/SNOTEL/SNOTEL_740.zarr/
SNOTEL,SNOTEL_741,s3://cadcat/histwxstns/SNOTEL/SNOTEL_741.zarr/
SNOTEL,SNOTEL_742,s3://cadcat/histwxstns/SNOTEL/SNOTEL_742.zarr/
SNOTEL,SNOTEL_743,s3://cadcat/histwxstns/SNOTEL/SNOTEL_743.zarr/
SNOTEL,SNOTEL_744,s3://cadcat/histwxstns/SNOTEL/SNOTEL_744.zarr/
SNOTEL,SNOTEL_745,s3://cadcat/histwxstns/SNOTEL/SNOTEL_745.zarr/
SNOTEL,SNOTEL_746,s3://cadcat/histwxstns/SNOTEL/SNOTEL_746.zarr/
SNOTEL,SNOTEL_747,s3://cadcat/histwxstns/SNOTEL/SNOTEL_747.zarr/
SNOTEL,SNOTEL_748,s3://cadcat/histwxstns/SNOTEL/SNOTEL_748.zarr/
SNOTEL,SNOTEL_749,s3://cadcat/histwxstns/SNOTEL/SNOTEL_749.zarr/
SNOTEL,SNOTEL_750,s3://cadcat/histwxstns/SNOTEL/SNOTEL_750.zarr/
SNOTEL,SNOTEL_751,s3://cadcat/histwxstns/SNOTEL/SNOTEL_751.zarr/
SNOTEL,SNOTEL_752,s3://cadcat/histwxstns/SNOTEL/SNOTEL_752.zarr/
SNOTEL,SNOTEL_753,s3://cadcat/histwxstns/SNOTEL/SNOTEL_753.zarr/
SNOTEL,SNOTEL_754,s3://cadcat/histwxstns/SNOTEL/SNOTEL_754.zarr/
SNOTEL,SNOTEL_755,s3://cadcat/histwxstns/SNOTEL/SNOTEL_755.zarr/
SNOTEL,SNOTEL_756,s3://cadcat/histwxstns/SNOTEL/SNOTEL_756.zarr/
SNOTEL,SNOTEL_757,s3://cadcat/histwxstns/SNOTEL/SNOTEL_757.zarr/
SNOTEL,SNOTEL_759,s3://cadcat/histwxstns/SNOTEL/SNOTEL_759.zarr/
SNOTEL,SNOTEL_760,s3://cadcat/histwxstns/SNOTEL/SNOTEL_760.zarr/
SNOTEL,SNOTEL_761,s3://cadcat/histwxstns/SNOTEL/SNOTEL_761.zarr/
SNOTEL,SNOTEL_762,s3://cadcat/histwxstns/SNOTEL/SNOTEL_762.zarr/
SNOTEL,SNOTEL_763,s3://cadcat/histwxstns/SNOTEL/SNOTEL_763.zarr/
SNOTEL,SNOTEL_764,s3://cadcat/histwxstns/SNOTEL/SNOTEL_764.zarr/
SNOTEL,SNOTEL_765,s3://cadcat/histwxstns/SNOTEL/SNOTEL_765.zarr/
SNOTEL,SNOTEL_766,s3://cadcat/histwxstns/SNOTEL/SNOTEL_766.zarr/
SNOTEL,SNOTEL_767,s3://cadcat/histwxstns/SNOTEL/SNOTEL_767.zarr/
SNOTEL,SNOTEL_769,s3://cadcat/histwxstns/SNOTEL/SNOTEL_769.zarr/
SNOTEL,SNOTEL_770,s3://cadcat/histwxstns/SNOTEL/SNOTEL_770.zarr/
SNOTEL,SNOTEL_771,s3://cadcat/histwxstns/SNOTEL/SNOTEL_771.zarr/
SNOTEL,SNOTEL_772,s3://cadcat/histwxstns/SNOTEL/SNOTEL_772.zarr/
SNOTEL,SNOTEL_773,s3://cadcat/histwxstns/SNOTEL/SNOTEL_773.zarr/
SNOTEL,SNOTEL_774,s3://cadcat/histwxstns/SNOTEL/SNOTEL_774.zarr/
SNOTEL,SNOTEL_775,s3://cadcat/histwxstns/SNOTEL/SNOTEL_775.zarr/
SNOTEL,SNOTEL_776,s3://cadcat/histwxstns/SNOTEL/SNOTEL_776.zarr/
SNOTEL,SNOTEL_777,s3://cadcat/histwxstns/SNOTEL/SNOTEL_777.zarr/
SNOTEL,SNOTEL_778,s3://cadcat/histwxstns/SNOTEL/SNOTEL_778.zarr/
SNOTEL,SNOTEL_779,s3://cadcat/histwxstns/SNOTEL/SNOTEL_779.zarr/
SNOTEL,SNOTEL_780,s3://cadcat/histwxstns/SNOTEL/SNOTEL_780.zarr/
SNOTEL,SNOTEL_781,s3://cadcat/histwxstns/SNOTEL/SNOTEL_781.zarr/
SNOTEL,SNOTEL_782,s3://cadcat/histwxstns/SNOTEL/SNOTEL_782.zarr/
SNOTEL,SNOTEL_783,s3://cadcat/histwxstns/SNOTEL/SNOTEL_783.zarr/
SNOTEL,SNOTEL_784,s3://cadcat/histwxstns/SNOTEL/SNOTEL_784.zarr/
SNOTEL,SNOTEL_786,s3://cadcat/histwxstns/SNOTEL/SNOTEL_786.zarr/
SNOTEL,SNOTEL_787,s3://cadcat/histwxstns/SNOTEL/SNOTEL_787.zarr/
SNOTEL,SNOTEL_788,s3://cadcat/histwxstns/SNOTEL/SNOTEL_788.zarr/
SNOTEL,SNOTEL_789,s3://cadcat/histwxstns/SNOTEL/SNOTEL_789.zarr/
SNOTEL,SNOTEL_790,s3://cadcat/histwxstns/SNOTEL/SNOTEL_790.zarr/
SNOTEL,SNOTEL_791,s3://cadcat/histwxstns/SNOTEL/SNOTEL_791.zarr/
SNOTEL,SNOTEL_792,s3://cadcat/histwxstns/SNOTEL/SNOTEL_792.zarr/
SNOTEL,SNOTEL_793,s3://cadcat/histwxstns/SNOTEL/SNOTEL_793.zarr/
SNOTEL,SNOTEL_794,s3://cadcat/histwxstns/SNOTEL/SNOTEL_794.zarr/
SNOTEL,SNOTEL_795,s3://cadcat/histwxstns/SNOTEL/SNOTEL_795.zarr/
SNOTEL,SNOTEL_797,s3://cadcat/histwxstns/SNOTEL/SNOTEL_797.zarr/
SNOTEL,SNOTEL_798,s3://cadcat/histwxstns/SNOTEL/SNOTEL_798.zarr/
SNOTEL,SNOTEL_800,s3://cadcat/histwxstns/SNOTEL/SNOTEL_800.zarr/
SNOTEL,SNOTEL_801,s3://cadcat/histwxstns/SNOTEL/SNOTEL_801.zarr/
SNOTEL,SNOTEL_802,s3://cadcat/histwxstns/SNOTEL/SNOTEL_802.zarr/
SNOTEL,SNOTEL_803,s3://cadcat/histwxstns/SNOTEL/SNOTEL_803.zarr/
SNOTEL,SNOTEL_804,s3://cadcat/histwxstns/SNOTEL/SNOTEL_804.zarr/
SNOTEL,SNOTEL_805,s3://cadcat/histwxstns/SNOTEL/SNOTEL_805.zarr/
SNOTEL,SNOTEL_806,s3://cadcat/histwxstns/SNOTEL/SNOTEL_806.zarr/
SNOTEL,SNOTEL_807,s3://cadcat/histwxstns/SNOTEL/SNOTEL_807.zarr/
SNOTEL,SNOTEL_809,s3://cadcat/histwxstns/SNOTEL/SNOTEL_809.zarr/
SNOTEL,SNOTEL_810,s3://cadcat/histwxstns/SNOTEL/SNOTEL_810.zarr/
SNOTEL,SNOTEL_811,s3://cadcat/histwxstns/SNOTEL/SNOTEL_811.zarr/
SNOTEL,SNOTEL_812,s3://cadcat/histwxstns/SNOTEL/SNOTEL_812.zarr/
SNOTEL,SNOTEL_813,s3://cadcat/histwxstns/SNOTEL/SNOTEL_813.zarr/
SNOTEL,SNOTEL_814,s3://cadcat/histwxstns/SNOTEL/SNOTEL_814.zarr/
SNOTEL,SNOTEL_815,s3://cadcat/histwxstns/SNOTEL/SNOTEL_815.zarr/
SNOTEL,SNOTEL_816,s3://cadcat/histwxstns/SNOTEL/SNOTEL_816.zarr/
SNOTEL,SNOTEL_817,s3://cadcat/histwxstns/SNOTEL/SNOTEL_817.zarr/
SNOTEL,SNOTEL_818,s3://cadcat/histwxstns/SNOTEL/SNOTEL_818.zarr/
SNOTEL,SNOTEL_819,s3://cadcat/histwxstns/SNOTEL/SNOTEL_819.zarr/
SNOTEL,SNOTEL_820,s3://cadcat/histwxstns/SNOTEL/SNOTEL_820.zarr/
SNOTEL,SNOTEL_821,s3://cadcat/histwxstns/SNOTEL/SNOTEL_821.zarr/
SNOTEL,SNOTEL_822,s3://cadcat/histwxstns/SNOTEL/SNOTEL_822.zarr/
SNOTEL,SNOTEL_823,s3://cadcat/histwxstns/SNOTEL/SNOTEL_823.zarr/
SNOTEL,SNOTEL_824,s3://cadcat/histwxstns/SNOTEL/SNOTEL_824.zarr/
SNOTEL,SNOTEL_825,s3://cadcat/histwxstns/SNOTEL/SNOTEL_825.zarr/
SNOTEL,SNOTEL_826,s3://cadcat/histwxstns/SNOTEL/SNOTEL_826.zarr/
SNOTEL,SNOTEL_827,s3://cadcat/histwxstns/SNOTEL/SNOTEL_827.zarr/
SNOTEL,SNOTEL_828,s3://cadcat/histwxstns/SNOTEL/SNOTEL_828.zarr/
SNOTEL,SNOTEL_829,s3://cadcat/histwxstns/SNOTEL/SNOTEL_829.zarr/
SNOTEL,SNOTEL_830,s3://cadcat/histwxstns/SNOTEL/SNOTEL_830.zarr/
SNOTEL,SNOTEL_831,s3://cadcat/histwxstns/SNOTEL/SNOTEL_831.zarr/
SNOTEL,SNOTEL_832,s3://cadcat/histwxstns/SNOTEL/SNOTEL_832.zarr/
SNOTEL,SNOTEL_833,s3://cadcat/histwxstns/SNOTEL/SNOTEL_833.zarr/
SNOTEL,SNOTEL_834,s3://cadcat/histwxstns/SNOTEL/SNOTEL_834.zarr/
SNOTEL,SNOTEL_835,s3://cadcat/histwxstns/SNOTEL/SNOTEL_835.zarr/
SNOTEL,SNOTEL_836,s3://cadcat/histwxstns/SNOTEL/SNOTEL_836.zarr/
SNOTEL,SNOTEL_837,s3://cadcat/histwxstns/SNOTEL/SNOTEL_837.zarr/
SNOTEL,SNOTEL_838,s3://cadcat/histwxstns/SNOTEL/SNOTEL_838.zarr/
SNOTEL,SNOTEL_839,s3://cadcat/histwxstns/SNOTEL/SNOTEL_839.zarr/
SNOTEL,SNOTEL_840,s3://cadcat/histwxstns/SNOTEL/SNOTEL_840.zarr/
SNOTEL,SNOTEL_841,s3://cadcat/histwxstns/SNOTEL/SNOTEL_841.zarr/
SNOTEL,SNOTEL_842,s3://cadcat/histwxstns/SNOTEL/SNOTEL_842.zarr/
SNOTEL,SNOTEL_843,s3://cadcat/histwxstns/SNOTEL/SNOTEL_843.zarr/
SNOTEL,SNOTEL_844,s3://cadcat/histwxstns/SNOTEL/SNOTEL_844.zarr/
SNOTEL,SNOTEL_845,s3://cadcat/histwxstns/SNOTEL/SNOTEL_845.zarr/
SNOTEL,SNOTEL_846,s3://cadcat/histwxstns/SNOTEL/SNOTEL_846.zarr/
SNOTEL,SNOTEL_847,s3://cadcat/histwxstns/SNOTEL/SNOTEL_847.zarr/
SNOTEL,SNOTEL_848,s3://cadcat/histwxstns/SNOTEL/SNOTEL_848.zarr/
SNOTEL,SNOTEL_849,s3://cadcat/histwxstns/SNOTEL/SNOTEL_849.zarr/
SNOTEL,SNOTEL_850,s3://cadcat/histwxstns/SNOTEL/SNOTEL_850.zarr/
SNOTEL,SNOTEL_852,s3://cadcat/histwxstns/SNOTEL/SNOTEL_852.zarr/
SNOTEL,SNOTEL_853,s3://cadcat/histwxstns/SNOTEL/SNOTEL_853.zarr/
SNOTEL,SNOTEL_854,s3://cadcat/histwxstns/SNOTEL/SNOTEL_854.zarr/
SNOTEL,SNOTEL_855,s3://cadcat/histwxstns/SNOTEL/SNOTEL_855.zarr/
SNOTEL,SNOTEL_856,s3://cadcat/histwxstns/SNOTEL/SNOTEL_856.zarr/
SNOTEL,SNOTEL_857,s3://cadcat/histwxstns/SNOTEL/SNOTEL_857.zarr/
SNOTEL,SNOTEL_858,s3://cadcat/histwxstns/SNOTEL/SNOTEL_858.zarr/
SNOTEL,SNOTEL_859,s3://cadcat/histwxstns/SNOTEL/SNOTEL_859.zarr/
SNOTEL,SNOTEL_860,s3://cadcat/histwxstns/SNOTEL/SNOTEL_860.zarr/
SNOTEL,SNOTEL_861,s3://cadcat/histwxstns/SNOTEL/SNOTEL_861.zarr/
SNOTEL,SNOTEL_862,s3://cadcat/histwxstns/SNOTEL/SNOTEL_862.zarr/
SNOTEL,SNOTEL_863,s3://cadcat/histwxstns/SNOTEL/SNOTEL_863.zarr/
SNOTEL,SNOTEL_864,s3://cadcat/histwxstns/SNOTEL/SNOTEL_864.zarr/
SNOTEL,SNOTEL_865,s3://cadcat/histwxstns/SNOTEL/SNOTEL_865.zarr/
SNOTEL,SNOTEL_866,s3://cadcat/histwxstns/SNOTEL/SNOTEL_866.zarr/
SNOTEL,SNOTEL_867,s3://cadcat/histwxstns/SNOTEL/SNOTEL_867.zarr/
SNOTEL,SNOTEL_868,s3://cadcat/histwxstns/SNOTEL/SNOTEL_868.zarr/
SNOTEL,SNOTEL_869,s3://cadcat/histwxstns/SNOTEL/SNOTEL_869.zarr/
SNOTEL,SNOTEL_870,s3://cadcat/histwxstns/SNOTEL/SNOTEL_870.zarr/
SNOTEL,SNOTEL_871,s3://cadcat/histwxstns/SNOTEL/SNOTEL_871.zarr/
SNOTEL,SNOTEL_872,s3://cadcat/histwxstns/SNOTEL/SNOTEL_872.zarr/
SNOTEL,SNOTEL_873,s3://cadcat/histwxstns/SNOTEL/SNOTEL_873.zarr/
SNOTEL,SNOTEL_874,s3://cadcat/histwxstns/SNOTEL/SNOTEL_874.zarr/
SNOTEL,SNOTEL_875,s3://cadcat/histwxstns/SNOTEL/SNOTEL_875.zarr/
SNOTEL,SNOTEL_876,s3://cadcat/histwxstns/SNOTEL/SNOTEL_876.zarr/
SNOTEL,SNOTEL_877,s3://cadcat/histwxstns/SNOTEL/SNOTEL_877.zarr/
SNOTEL,SNOTEL_878,s3://cadcat/histwxstns/SNOTEL/SNOTEL_878.zarr/
SNOTEL,SNOTEL_893,s3://cadcat/histwxstns/SNOTEL/SNOTEL_893.zarr/
SNOTEL,SNOTEL_895,s3://cadcat/histwxstns/SNOTEL/SNOTEL_895.zarr/
SNOTEL,SNOTEL_896,s3://cadcat/histwxstns/SNOTEL/SNOTEL_896.zarr/
SNOTEL,SNOTEL_897,s3://cadcat/histwxstns/SNOTEL/SNOTEL_897.zarr/
SNOTEL,SNOTEL_898,s3://cadcat/histwxstns/SNOTEL/SNOTEL_898.zarr/
SNOTEL,SNOTEL_899,s3://cadcat/histwxstns/SNOTEL/SNOTEL_899.zarr/
SNOTEL,SNOTEL_901,s3://cadcat/histwxstns/SNOTEL/SNOTEL_901.zarr/
SNOTEL,SNOTEL_902,s3://cadcat/histwxstns/SNOTEL/SNOTEL_902.zarr/
SNOTEL,SNOTEL_903,s3://cadcat/histwxstns/SNOTEL/SNOTEL_903.zarr/
SNOTEL,SNOTEL_904,s3://cadcat/histwxstns/SNOTEL/SNOTEL_904.zarr/
SNOTEL,SNOTEL_905,s3://cadcat/histwxstns/SNOTEL/SNOTEL_905.zarr/
SNOTEL,SNOTEL_906,s3://cadcat/histwxstns/SNOTEL/SNOTEL_906.zarr/
SNOTEL,SNOTEL_907,s3://cadcat/histwxstns/SNOTEL/SNOTEL_907.zarr/
SNOTEL,SNOTEL_908,s3://cadcat/histwxstns/SNOTEL/SNOTEL_908.zarr/
SNOTEL,SNOTEL_909,s3://cadcat/histwxstns/SNOTEL/SNOTEL_909.zarr/
SNOTEL,SNOTEL_910,s3://cadcat/histwxstns/SNOTEL/SNOTEL_910.zarr/
SNOTEL,SNOTEL_911,s3://cadcat/histwxstns/SNOTEL/SNOTEL_911.zarr/
SNOTEL,SNOTEL_912,s3://cadcat/histwxstns/SNOTEL/SNOTEL_912.zarr/
SNOTEL,SNOTEL_913,s3://cadcat/histwxstns/SNOTEL/SNOTEL_913.zarr/
SNOTEL,SNOTEL_914,s3://cadcat/histwxstns/SNOTEL/SNOTEL_914.zarr/
SNOTEL,SNOTEL_915,s3://cadcat/histwxstns/SNOTEL/SNOTEL_915.zarr/
SNOTEL,SNOTEL_916,s3://cadcat/histwxstns/SNOTEL/SNOTEL_916.zarr/
SNOTEL,SNOTEL_917,s3://cadcat/histwxstns/SNOTEL/SNOTEL_917.zarr/
SNOTEL,SNOTEL_918,s3://cadcat/histwxstns/SNOTEL/SNOTEL_918.zarr/
SNOTEL,SNOTEL_919,s3://cadcat/histwxstns/SNOTEL/SNOTEL_919.zarr/
SNOTEL,SNOTEL_920,s3://cadcat/histwxstns/SNOTEL/SNOTEL_920.zarr/
SNOTEL,SNOTEL_921,s3://cadcat/histwxstns/SNOTEL/SNOTEL_921.zarr/
SNOTEL,SNOTEL_922,s3://cadcat/histwxstns/SNOTEL/SNOTEL_922.zarr/
SNOTEL,SNOTEL_923,s3://cadcat/histwxstns/SNOTEL/SNOTEL_923.zarr/
SNOTEL,SNOTEL_924,s3://cadcat/histwxstns/SNOTEL/SNOTEL_924.zarr/
SNOTEL,SNOTEL_925,s3://cadcat/histwxstns/SNOTEL/SNOTEL_925.zarr/
SNOTEL,SNOTEL_926,s3://cadcat/histwxstns/SNOTEL/SNOTEL_926.zarr/
SNOTEL,SNOTEL_927,s3://cadcat/histwxstns/SNOTEL/SNOTEL_927.zarr/
SNOTEL,SNOTEL_928,s3://cadcat/histwxstns/SNOTEL/SNOTEL_928.zarr/
SNOTEL,SNOTEL_929,s3://cadcat/histwxstns/SNOTEL/SNOTEL_929.zarr/
SNOTEL,SNOTEL_930,s3://cadcat/histwxstns/SNOTEL/SNOTEL_930.zarr/
SNOTEL,SNOTEL_931,s3://cadcat/histwxstns/SNOTEL/SNOTEL_931.zarr/
SNOTEL,SNOTEL_932,s3://cadcat/histwxstns/SNOTEL/SNOTEL_932.zarr/
SNOTEL,SNOTEL_933,s3://cadcat/histwxstns/SNOTEL/SNOTEL_933.zarr/
SNOTEL,SNOTEL_934,s3://cadcat/histwxstns/SNOTEL/SNOTEL_934.zarr/
SNOTEL,SNOTEL_935,s3://cadcat/histwxstns/SNOTEL/SNOTEL_935.zarr/
SNOTEL,SNOTEL_936,s3://cadcat/histwxstns/SNOTEL/SNOTEL_936.zarr/
SNOTEL,SNOTEL_937,s3://cadcat/histwxstns/SNOTEL/SNOTEL_937.zarr/
SNOTEL,SNOTEL_938,s3://cadcat/histwxstns/SNOTEL/SNOTEL_938.zarr/
SNOTEL,SNOTEL_939,s3://cadcat/histwxstns/SNOTEL/SNOTEL_939.zarr/
SNOTEL,SNOTEL_940,s3://cadcat/histwxstns/SNOTEL/SNOTEL_940.zarr/
SNOTEL,SNOTEL_941,s3://cadcat/histwxstns/SNOTEL/SNOTEL_941.zarr/
SNOTEL,SNOTEL_942,s3://cadcat/histwxstns/SNOTEL/SNOTEL_942.zarr/
SNOTEL,SNOTEL_943,s3://cadcat/histwxstns/SNOTEL/SNOTEL_943.zarr/
SNOTEL,SNOTEL_944,s3://cadcat/histwxstns/SNOTEL/SNOTEL_944.zarr/
SNOTEL,SNOTEL_945,s3://cadcat/histwxstns/SNOTEL/SNOTEL_945.zarr/
SNOTEL,SNOTEL_969,s3://cadcat/histwxstns/SNOTEL/SNOTEL_969.zarr/
SNOTEL,SNOTEL_970,s3://cadcat/histwxstns/SNOTEL/SNOTEL_970.zarr/
SNOTEL,SNOTEL_971,s3://cadcat/histwxstns/SNOTEL/SNOTEL_971.zarr/
SNOTEL,SNOTEL_972,s3://cadcat/histwxstns/SNOTEL/SNOTEL_972.zarr/
SNOTEL,SNOTEL_974,s3://cadcat/histwxstns/SNOTEL/SNOTEL_974.zarr/
SNOTEL,SNOTEL_975,s3://cadcat/histwxstns/SNOTEL/SNOTEL_975.zarr/
SNOTEL,SNOTEL_977,s3://cadcat/histwxstns/SNOTEL/SNOTEL_977.zarr/
SNOTEL,SNOTEL_978,s3://cadcat/histwxstns/SNOTEL/SNOTEL_978.zarr/
SNOTEL,SNOTEL_979,s3://cadcat/histwxstns/SNOTEL/SNOTEL_979.zarr/
SNOTEL,SNOTEL_981,s3://cadcat/histwxstns/SNOTEL/SNOTEL_981.zarr/
SNOTEL,SNOTEL_982,s3://cadcat/histwxstns/SNOTEL/SNOTEL_982.zarr/
SNOTEL,SNOTEL_983,s3://cadcat/histwxstns/SNOTEL/SNOTEL_983.zarr/
SNOTEL,SNOTEL_984,s3://cadcat/histwxstns/SNOTEL/SNOTEL_984.zarr/
SNOTEL,SNOTEL_985,s3://cadcat/histwxstns/SNOTEL/SNOTEL_985.zarr/
SNOTEL,SNOTEL_988,s3://cadcat/histwxstns/SNOTEL/SNOTEL_988.zarr/
SNOTEL,SNOTEL_989,s3://cadcat/histwxstns/SNOTEL/SNOTEL_989.zarr/
SNOTEL,SNOTEL_990,s3://cadcat/histwxstns/SNOTEL/SNOTEL_990.zarr/
SNOTEL,SNOTEL_991,s3://cadcat/histwxstns/SNOTEL/SNOTEL_991.zarr/
SNOTEL,SNOTEL_992,s3://cadcat/histwxstns/SNOTEL/SNOTEL_992.zarr/
SNOTEL,SNOTEL_993,s3://cadcat/histwxstns/SNOTEL/SNOTEL_993.zarr/
SNOTEL,SNOTEL_998,s3://cadcat/histwxstns/SNOTEL/SNOTEL_998.zarr/
SNOTEL,SNOTEL_999,s3://cadcat/histwxstns/SNOTEL/SNOTEL_999.zarr/
VALLEYWATER,VALLEYWATER_6001,s3://cadcat/histwxstns/VALLEYWATER/VALLEYWATER_6001.zarr/
VALLEYWATER,VALLEYWATER_6004,s3://cadcat/histwxstns/VALLEYWATER/VALLEYWATER_6004.zarr/
VALLEYWATER,VALLEYWATER_6008,s3://cadcat/histwxstns/VALLEYWATER/VALLEYWATER_6008.zarr/
VALLEYWATER,VALLEYWATER_6015,s3://cadcat/histwxstns/VALLEYWATER/VALLEYWATER_6015.zarr/
VALLEYWATER,VALLEYWATER_6016,s3://cadcat/histwxstns/VALLEYWATER/VALLEYWATER_6016.zarr/
VALLEYWATER,VALLEYWATER_6017,s3://cadcat/histwxstns/VALLEYWATER/VALLEYWATER_6017.zarr/
VALLEYWATER,VALLEYWATER_6018,s3://cadcat/histwxstns/VALLEYWATER/VALLEYWATER_6018.zarr/
VALLEYWATER,VALLEYWATER_6021,s3://cadcat/histwxstns/VALLEYWATER/VALLEYWATER_6021.zarr/
VALLEYWATER,VALLEYWATER_6023,s3://cadcat/histwxstns/VALLEYWATER/VALLEYWATER_6023.zarr/
VALLEYWATER,VALLEYWATER_6034,s3://cadcat/histwxstns/VALLEYWATER/VALLEYWATER_6034.zarr/
VALLEYWATER,VALLEYWATER_6036,s3://cadcat/histwxstns/VALLEYWATER/VALLEYWATER_6036.zarr/
VALLEYWATER,VALLEYWATER_6041,s3://cadcat/histwxstns/VALLEYWATER/VALLEYWATER_6041.zarr/
VALLEYWATER,VALLEYWATER_6044,s3://cadcat/histwxstns/VALLEYWATER/VALLEYWATER_6044.zarr/
VALLEYWATER,VALLEYWATER_6048,s3://cadcat/histwxstns/VALLEYWATER/VALLEYWATER_6048.zarr/
VALLEYWATER,VALLEYWATER_6067,s3://cadcat/histwxstns/VALLEYWATER/VALLEYWATER_6067.zarr/
VALLEYWATER,VALLEYWATER_6069,s3://cadcat/histwxstns/VALLEYWATER/VALLEYWATER_6069.zarr/
VALLEYWATER,VALLEYWATER_6077,s3://cadcat/histwxstns/VALLEYWATER/VALLEYWATER_6077.zarr/
VALLEYWATER,VALLEYWATER_6079,s3://cadcat/histwxstns/VALLEYWATER/VALLEYWATER_6079.zarr/
VALLEYWATER,VALLEYWATER_6098,s3://cadcat/histwxstns/VALLEYWATER/VALLEYWATER_6098.zarr/
VALLEYWATER,VALLEYWATER_6099,s3://cadcat/histwxstns/VALLEYWATER/VALLEYWATER_6099.zarr/
VALLEYWATER,VALLEYWATER_6100,s3://cadcat/histwxstns/VALLEYWATER/VALLEYWATER_6100.zarr/
VALLEYWATER,VALLEYWATER_6102,s3://cadcat/histwxstns/VALLEYWATER/VALLEYWATER_6102.zarr/
VALLEYWATER,VALLEYWATER_6104,s3://cadcat/histwxstns/VALLEYWATER/VALLEYWATER_6104.zarr/
VALLEYWATER,VALLEYWATER_6108,s3://cadcat/histwxstns/VALLEYWATER/VALLEYWATER_6108.zarr/
VALLEYWATER,VALLEYWATER_6121,s3://cadcat/histwxstns/VALLEYWATER/VALLEYWATER_6121.zarr/
VALLEYWATER,VALLEYWATER_6123,s3://cadcat/histwxstns/VALLEYWATER/VALLEYWATER_6123.zarr/
VALLEYWATER,VALLEYWATER_6125,s3://cadcat/histwxstns/VALLEYWATER/VALLEYWATER_6125.zarr/
VALLEYWATER,VALLEYWATER_6127,s3://cadcat/histwxstns/VALLEYWATER/VALLEYWATER_6127.zarr/
VALLEYWATER,VALLEYWATER_6128,s3://cadcat/histwxstns/VALLEYWATER/VALLEYWATER_6128.zarr/
VALLEYWATER,VALLEYWATER_6129,s3://cadcat/histwxstns/VALLEYWATER/VALLEYWATER_6129.zarr/
VALLEYWATER,VALLEYWATER_6131,s3://cadcat/histwxstns/VALLEYWATER/VALLEYWATER_6131.zarr/
VALLEYWATER,VALLEYWATER_6132,s3://cadcat/histwxstns/VALLEYWATER/VALLEYWATER_6132.zarr/
VALLEYWATER,VALLEYWATER_6134,s3://cadcat/histwxstns/VALLEYWATER/VALLEYWATER_6134.zarr/
VALLEYWATER,VALLEYWATER_6135,s3://cadcat/histwxstns/VALLEYWATER/VALLEYWATER_6135.zarr/
VALLEYWATER,VALLEYWATER_6138,s3://cadcat/histwxstns/VALLEYWATER/VALLEYWATER_6138.zarr/
VALLEYWATER,VALLEYWATER_6139,s3://cadcat/histwxstns/VALLEYWATER/VALLEYWATER_6139.zarr/
VALLEYWATER,VALLEYWATER_6140,s3://cadcat/histwxstns/VALLEYWATER/VALLEYWATER_6140.zarr/
VALLEYWATER,VALLEYWATER_6141,s3://cadcat/histwxstns/VALLEYWATER/VALLEYWATER_6141.zarr/
VALLEYWATER,VALLEYWATER_6142,s3://cadcat/histwxstns/VALLEYWATER/VALLEYWATER_6142.zarr/
VALLEYWATER,VALLEYWATER_6143,s3://cadcat/histwxstns/VALLEYWATER/VALLEYWATER_6143.zarr/
VALLEYWATER,VALLEYWATER_6144,s3://cadcat/histwxstns/VALLEYWATER/VALLEYWATER_6144.zarr/
VALLEYWATER,VALLEYWATER_6145,s3://cadcat/histwxstns/VALLEYWATER/VALLEYWATER_6145.zarr/
VALLEYWATER,VALLEYWATER_6146,s3://cadcat/histwxstns/VALLEYWATER/VALLEYWATER_6146.zarr/
VALLEYWATER,VALLEYWATER_6147,s3://cadcat/histwxstns/VALLEYWATER/VALLEYWATER_6147.zarr/
VALLEYWATER,VALLEYWATER_6148,s3://cadcat/histwxstns/VALLEYWATER/VALLEYWATER_6148.zarr/
VALLEYWATER,VALLEYWATER_6149,s3://cadcat/histwxstns/VALLEYWATER/VALLEYWATER_6149.zarr/
VALLEYWATER,VALLEYWATER_6150,s3://cadcat/histwxstns/VALLEYWATER/VALLEYWATER_6150.zarr/
VALLEYWATER,VALLEYWATER_6151,s3://cadcat/histwxstns/VALLEYWATER/VALLEYWATER_6151.zarr/
VALLEYWATER,VALLEYWATER_CSC,s3://cadcat/histwxstns/VALLEYWATER/VALLEYWATER_CSC.zarr/
VALLEYWATER,VALLEYWATER_PUL,s3://cadcat/histwxstns/VALLEYWATER/VALLEYWATER_PUL.zarr/
VALLEYWATER,VALLEYWATER_RHL,s3://cadcat/histwxstns/VALLEYWATER/VALLEYWATER_RHL.zarr/
VALLEYWATER,VALLEYWATER_RSS,s3://cadcat/histwxstns/VALLEYWATER/VALLEYWATER_RSS.zarr/
VALLEYWATER,VALLEYWATER_SVA,s3://cadcat/histwxstns/VALLEYWATER/VALLEYWATER_SVA.zarr/
VALLEYWATER,VALLEYWATER_USC00048351,s3://cadcat/histwxstns/VALLEYWATER/VALLEYWATER_USC00048351.zarr/
VALLEYWATER,VALLEYWATER_USW00023275,s3://cadcat/histwxstns/VALLEYWATER/VALLEYWATER_USW00023275.zarr/
VCAPCD,VCAPCD_ER,s3://cadcat/histwxstns/VCAPCD/VCAPCD_ER.zarr/
VCAPCD,VCAPCD_OJ,s3://cadcat/histwxstns/VCAPCD/VCAPCD_OJ.zarr/
VCAPCD,VCAPCD_PU,s3://cadcat/histwxstns/VCAPCD/VCAPCD_PU.zarr/
VCAPCD,VCAPCD_SU,s3://cadcat/histwxstns/VCAPCD/VCAPCD_SU.zarr/
VCAPCD,VCAPCD_SV,s3://cadcat/histwxstns/VCAPCD/VCAPCD_SV.zarr/
VCAPCD,VCAPCD_TO,s3://cadcat/histwxstns/VCAPCD/VCAPCD_TO.zarr/
